{"id":"AD","name":"Andorra","month":"2015-03","access_date":"2015-04-20","data":{"firefox":{"2":0,"3":0.007354,"3.5":0,"3.6":0.058832,"4":0.007354,"5":0.058832,"6":0,"7":0,"8":0.007354,"9":0.007354,"10":0.007354,"11":0.007354,"12":0.014708,"13":0.051478,"14":0,"15":0.014708,"16":0.051478,"17":0.014708,"18":0.014708,"19":0.007354,"20":0.007354,"21":0.264744,"22":0.014708,"23":0.014708,"24":0.022062,"25":0.007354,"26":0.03677,"27":0.007354,"28":0.007354,"29":0.007354,"30":0.022062,"31":0.426532,"32":0.352992,"33":0.07354,"34":0.272098,"35":1.500216,"36":8.545348,"37":0.022062,"38":0.014708,"39":0,"40":0},"chrome":{"4":0,"5":0,"6":0,"7":0,"8":0,"9":0,"10":0,"11":0.058832,"12":0.03677,"13":0,"14":0,"15":0,"16":0.007354,"17":0.007354,"18":0,"19":0,"20":0,"21":0.014708,"22":0.044124,"23":0,"24":0.058832,"25":0.007354,"26":0.007354,"27":0.051478,"28":0.044124,"29":0.051478,"30":0,"31":0.102956,"32":0.03677,"33":0.095602,"34":0.095602,"35":0.18385,"36":0.926604,"37":0.669214,"38":0.25739,"39":0.544196,"40":9.494014,"41":16.69358,"42":0.066186,"43":0.029416,"44":0},"opera":{"9":0,"9.5-9.6":0,"10.0-10.1":0,"10.5":0,"10.6":0,"11":0,"11.1":0.022062,"11.5":0.03677,"11.6":0.014708,"12":0.022062,"12.1":0.080894,"15":0,"16":0.007354,"17":0,"18":0,"19":0,"20":0,"21":0,"22":0,"23":0,"24":0,"25":0.007354,"26":0,"27":0.117664,"28":0.235328,"29":0},"safari":{"3.1":0,"3.2":0,"4":0.022062,"5":0.352992,"5.1":0.84571,"6":0.080894,"6.1":0.44124,"7":0.603028,"7.1":1.06633,"8":2.46359},"android":{"2.1":0,"2.2":0,"2.3":0.138355330179,"3":0,"4":0.306672961162,"4.1":1.06013670195,"4.2-4.3":1.83739403455,"4.4":3.14868531676,"4.4.3-4.4.4":1.51838365541,"40":null},"ios_saf":{"3.2":0,"4.0-4.1":0,"4.2-4.3":0,"5.0-5.1":0.0392762714932,"6.0-6.1":0.099083321267,"7.0-7.1":1.56658764706,"8":0.314210171946,"8.1-8.3":6.85817258824},"op_mob":{"10":0,"11":0,"11.1":0,"11.5":0,"12":2.07660759494e-5,"12.1":8.30643037975e-5,"0":0.000519151898734},"ie":{"5.5":0,"6":0.00742933978372,"7":0.0445760387023,"8":1.46357993739,"9":0.780080677291,"10":0.705787279454,"11":10.0444673876,"0":null},"ie_mob":{"10":0.1166592,"11":0.2934708},"bb":{"7":0.007938,"10":null},"and_uc":{"0":0.031752},"op_mini":{"5.0-8.0":0.0814030177215},"and_chr":{"0":12.445658},"and_ff":{"0":0.17199}},"total":91.0378066602}