{"id":"AD","name":"Andorra","month":"2018-02","access_date":"2018-03-05","data":{"chrome":{"4":0,"5":0,"6":0,"7":0,"8":0,"9":0,"10":0,"11":0.005673,"12":0,"13":0,"14":0,"15":0,"16":0,"17":0,"18":0,"19":0,"20":0,"21":0,"22":0,"23":0,"24":0,"25":0,"26":0,"27":0,"28":0,"29":0,"30":0,"31":0,"32":0,"33":0,"34":0,"35":0,"36":0,"37":0,"38":0.005673,"39":0.079422,"40":0.005673,"41":0,"42":0,"43":0.011346,"44":0,"45":0,"46":0,"47":0,"48":0,"49":0.697779,"50":0.022692,"51":0.005673,"52":0.017019,"53":0,"54":0,"55":0.005673,"56":0.005673,"57":0.017019,"58":0.039711,"59":0.005673,"60":0.017019,"61":0.034038,"62":0.158844,"63":7.647204,"64":6.790581,"65":0.034038,"66":0.005673,"67":0},"firefox":{"2":0,"3":0,"3.5":0,"3.6":0,"4":0,"5":0,"6":0,"7":0,"8":0,"9":0,"10":0,"11":0,"12":0,"13":0,"14":0,"15":0,"16":0,"17":0,"18":0,"19":0,"20":0,"21":0,"22":0,"23":0,"24":0,"25":0,"26":0,"27":0,"28":0,"29":0,"30":0,"31":0,"32":0,"33":0,"34":0,"35":0,"36":0,"37":0,"38":0,"39":0,"40":0,"41":0,"42":0,"43":0,"44":0,"45":0.005673,"46":0,"47":0.011346,"48":0.096441,"49":0.068076,"50":0.005673,"51":0.005673,"52":0.130479,"53":0,"54":0.005673,"55":0.011346,"56":0.005673,"57":0.28365,"58":3.00669,"59":0.005673,"60":0,"61":0},"opera":{"9":0,"9.5-9.6":0,"10.0-10.1":0,"10.5":0,"10.6":0,"11":0,"11.1":0,"11.5":0,"11.6":0,"12":0,"12.1":0,"15":0,"16":0,"17":0,"18":0,"19":0,"20":0,"21":0,"22":0,"23":0,"24":0,"25":0,"26":0,"27":0,"28":0,"29":0,"30":0,"31":0,"32":0,"33":0,"34":0,"35":0,"36":0.011346,"37":0,"38":0,"39":0,"40":0.005673,"41":0,"42":0,"43":0,"44":0,"45":0.005673,"46":0.005673,"47":0,"48":0,"49":0.005673,"50":0.090768,"51":0.028365,"52":0},"safari":{"3.1":0,"3.2":0,"4":0.017019,"5":0.039711,"5.1":0.05673,"6":0,"6.1":0.017019,"7":0,"7.1":0,"8":0.011346,"9":0.232593,"9.1":0.431148,"10":0.051057,"10.1":0.873642,"11":3.880332,"11.1":0.005673,"0":null},"ios_saf":{"3.2":0.00262311443433,"4.0-4.1":0,"4.2-4.3":0.023608029909,"5.0-5.1":0.039346716515,"6.0-6.1":0.023608029909,"7.0-7.1":0.115417035111,"8":0.0577085175553,"8.1-8.4":0.220341612484,"9.0-9.2":0.186241124837,"9.3":1.03350708713,"10.0-10.2":1.34041147594,"10.3":2.93001882315,"11.0-11.2":20.250443433,"11.3":null},"android":{"2.1":0,"2.2":0,"2.3":0,"3":0,"4":0,"4.1":0.0379095665188,"4.2-4.3":0.110012075388,"4.4":0.323346302661,"4.4.3-4.4.4":0.199211055432,"62":null},"op_mob":{"10":null,"11":null,"11.1":null,"11.5":null,"12":null,"12.1":null,"0":null},"ie":{"5.5":0,"6":0.005673,"7":0,"8":0.034038,"9":0.017019,"10":0.034038,"11":1.877763},"edge":{"12":0.005673,"13":0.017019,"14":0.147498,"15":0.198555,"16":1.128927,"17":0},"samsung":{"4":1.20747563551,"5":0.087025271028,"6.2":2.19738809346},"bb":{"7":0.0008654,"10":0.0034616},"ie_mob":{"10":0,"11":0.090867},"op_mini":{"0":0.0204826202749},"and_chr":{"0":38.636111},"baidu":{"0":null},"and_ff":{"0":0.116829},"and_qq":{"1.2":null},"and_uc":{"0":0.004327}},"total":97.7483926203}