{"id":"AE","name":"United Arab Emirates","month":"2021-05","access_date":"2021-06-04","data":{"firefox":{"2":null,"3":null,"3.5":null,"3.6":null,"4":null,"5":null,"6":null,"7":null,"8":null,"9":null,"10":null,"11":null,"12":null,"13":null,"14":null,"15":null,"16":null,"17":null,"18":null,"19":null,"20":null,"21":null,"22":null,"23":null,"24":null,"25":null,"26":null,"27":null,"28":null,"29":null,"30":null,"31":null,"32":null,"33":null,"34":null,"35":null,"36":null,"37":null,"38":null,"39":null,"40":null,"41":null,"42":null,"43":null,"44":null,"45":null,"46":null,"47":null,"48":null,"49":null,"50":null,"51":null,"52":0.00826,"53":null,"54":null,"55":null,"56":null,"57":null,"58":null,"59":null,"60":null,"61":null,"62":null,"63":null,"64":null,"65":null,"66":null,"67":null,"68":0.00826,"69":null,"70":null,"71":null,"72":null,"73":null,"74":null,"75":null,"76":null,"77":0.00413,"78":0.02478,"79":null,"80":0.00413,"81":null,"82":null,"83":null,"84":0.01652,"85":0.01239,"86":0.01652,"87":0.02891,"88":0.96229,"89":0.01239,"90":0.00826,"91":null},"chrome":{"4":null,"5":null,"6":null,"7":null,"8":null,"9":null,"10":null,"11":null,"12":null,"13":null,"14":null,"15":null,"16":null,"17":null,"18":null,"19":null,"20":null,"21":null,"22":0.00413,"23":null,"24":null,"25":null,"26":null,"27":null,"28":null,"29":null,"30":null,"31":null,"32":null,"33":null,"34":0.00826,"35":0.56168,"36":null,"37":null,"38":0.02891,"39":null,"40":null,"41":null,"42":null,"43":null,"44":null,"45":null,"46":null,"47":0.00826,"48":null,"49":0.22715,"50":null,"51":null,"52":null,"53":0.00826,"54":null,"55":null,"56":0.01652,"57":null,"58":null,"59":null,"60":null,"61":null,"62":null,"63":0.00826,"64":0.00826,"65":0.02065,"66":0.00413,"67":0.02065,"68":0.01652,"69":0.01652,"70":0.01239,"71":0.02065,"72":0.02065,"73":0.01239,"74":0.01239,"75":0.03304,"76":0.0413,"77":0.01239,"78":0.01652,"79":0.07021,"80":0.03717,"81":0.02478,"83":0.06195,"84":0.03304,"85":0.04543,"86":0.08673,"87":0.69797,"88":0.23128,"89":0.90447,"90":24.94933,"91":1.03663,"92":0.02891,"93":null,"94":null},"opera":{"9":null,"9.5-9.6":null,"10.0-10.1":0,"10.5":null,"10.6":null,"11":null,"11.1":null,"11.5":null,"11.6":null,"12":null,"12.1":null,"15":null,"16":null,"17":null,"18":null,"19":null,"20":null,"21":null,"22":null,"23":null,"24":null,"25":null,"26":null,"27":null,"28":null,"29":null,"30":null,"31":null,"32":null,"33":null,"34":null,"35":null,"36":0.00413,"37":null,"38":null,"39":null,"40":null,"41":null,"42":null,"43":null,"44":null,"45":null,"46":0.00413,"47":null,"48":null,"49":null,"50":null,"51":null,"52":null,"53":null,"54":null,"55":null,"56":null,"57":null,"58":null,"60":null,"62":null,"63":null,"64":null,"65":null,"66":0.00413,"67":null,"68":null,"69":null,"70":null,"71":null,"72":null,"73":0.0826,"74":0.00826,"75":0.32627,"76":0.33866},"ios_saf":{"3.2":0,"4.0-4.1":0,"4.2-4.3":0,"5.0-5.1":0.01461,"6.0-6.1":0,"7.0-7.1":0.03068,"8":0.00146,"8.1-8.4":0.00584,"9.0-9.2":0.00438,"9.3":0.16947,"10.0-10.2":0.02776,"10.3":0.09642,"11.0-11.2":0.11687,"11.3-11.4":0.05113,"12.0-12.1":0.03506,"12.2-12.4":0.20161,"13.0-13.1":0.05113,"13.2":0.02337,"13.3":0.1271,"13.4-13.7":0.43243,"14.0-14.4":9.90935,"14.5-14.6":2.68953},"safari":{"3.1":null,"3.2":null,"4":0,"5":null,"5.1":0.02478,"6":null,"6.1":null,"7":null,"7.1":null,"8":null,"9":null,"9.1":null,"10":null,"10.1":0.01652,"11":0.01239,"11.1":0.03717,"12":0.01239,"12.1":0.09086,"13":0.07847,"13.1":0.46669,"14":2.75471,"14.1":0.81774,"0":null},"edge":{"12":null,"13":0.00413,"14":0.00826,"15":0.01239,"16":0.01239,"17":0.01652,"18":0.07847,"79":null,"80":null,"81":null,"83":null,"84":0.01239,"85":0.00826,"86":0.00413,"87":null,"88":0.01239,"89":0.05782,"90":2.53582,"91":0.2065},"samsung":{"4":0.18507,"5.0-5.4":0.01052,"6.2-6.4":0.09153,"7.2-7.4":0.03085,"8.2":0.02034,"9.2":0.03085,"10.1":0.06169,"11.1-11.2":0.14394,"12.0":0.07197,"13.0":0.29817,"14.0":2.44705},"android":{"2.1":0,"2.2":0,"2.3":0,"3":0,"4":0.00168,"4.1":0.00168,"4.2-4.3":0.00419,"4.4":0,"4.4.3-4.4.4":0.05115,"0":0},"op_mob":{"10":null,"11":null,"11.1":null,"11.5":null,"12":null,"12.1":null,"0":null},"ie":{"5.5":null,"6":null,"7":null,"8":null,"9":null,"10":null,"11":0.44604},"bb":{"7":0,"10":0.01174},"ie_mob":{"10":0.01297,"11":0.01825},"kaios":{"2.5":0},"baidu":{"0":null},"and_ff":{"0":0.11153},"and_qq":{"10.4":0.02348},"and_uc":{"0":5.72325},"op_mini":{"0":1.30042},"and_chr":{"0":36.01123}},"total":99.60178}