{"id":"AE","name":"United Arab Emirates","month":"2016-03","access_date":"2016-04-02","data":{"firefox":{"2":0,"3":0.032452,"3.5":0,"3.6":0.009272,"4":0.004636,"5":0,"6":0.009272,"7":0,"8":0,"9":0,"10":0.004636,"11":0.004636,"12":0.004636,"13":0.004636,"14":0,"15":0.004636,"16":0.004636,"17":0,"18":0,"19":0.004636,"20":0,"21":0.004636,"22":0,"23":0.004636,"24":0,"25":0.004636,"26":0.004636,"27":0.004636,"28":0.009272,"29":0.009272,"30":0.004636,"31":0.009272,"32":0.009272,"33":0.009272,"34":0.013908,"35":0.013908,"36":0.013908,"37":0.02318,"38":0.060268,"39":0.037088,"40":0.037088,"41":0.037088,"42":0.041724,"43":0.143716,"44":1.520608,"45":1.149728,"46":0.1159,"47":0,"48":0.004636},"chrome":{"4":0,"5":0,"6":0,"7":0.004636,"8":0,"9":0,"10":0.009272,"11":0.013908,"12":0.009272,"13":0,"14":0.004636,"15":0,"16":0.004636,"17":0,"18":0.004636,"19":0,"20":0,"21":0.009272,"22":0.037088,"23":0,"24":0.004636,"25":0.009272,"26":0.02318,"27":0.009272,"28":0.004636,"29":0.245708,"30":0.009272,"31":0.064904,"32":0.009272,"33":0.078812,"34":0.04636,"35":0.027816,"36":0.032452,"37":0.027816,"38":0.050996,"39":0.101992,"40":0.050996,"41":0.04636,"42":0.050996,"43":0.426512,"44":0.166896,"45":0.361608,"46":0.176168,"47":0.27816,"48":12.438388,"49":14.065624,"50":0.203984,"51":0.129808,"52":0},"opera":{"9":0,"9.5-9.6":0,"10.0-10.1":0,"10.5":0,"10.6":0,"11":0,"11.1":0,"11.5":0,"11.6":0,"12":0,"12.1":0.013908,"15":0,"16":0,"17":0,"18":0,"19":0,"20":0,"21":0,"22":0,"23":0,"24":0,"25":0,"26":0,"27":0,"28":0.004636,"29":0,"30":0.004636,"31":0.004636,"32":0.004636,"33":0.004636,"34":0.027816,"35":0.329156,"36":0.241072,"37":0,"38":0},"safari":{"3.1":0,"3.2":0,"4":0.004636,"5":0.018544,"5.1":0.060268,"6":0.02318,"6.1":0.050996,"7":0.060268,"7.1":0.041724,"8":0.3477,"9":1.57624,"9.1":0.1159,"0":null},"android":{"2.1":0,"2.2":0,"2.3":0.0177981949112,"3":0,"4":0.101449710994,"4.1":0.344395071531,"4.2-4.3":0.776001298128,"4.4":1.60717700048,"4.4.3-4.4.4":0.860542723956,"47":null},"ios_saf":{"3.2":0,"4.0-4.1":0,"4.2-4.3":0,"5.0-5.1":0,"6.0-6.1":0.0319758259285,"7.0-7.1":0.386078490841,"8":0.0248700868333,"8.1-8.4":1.03388503836,"9.0-9.2":8.18581143771,"9.3":2.03934712033},"op_mob":{"10":0,"11":0,"11.1":0,"11.5":0,"12":0,"12.1":0.000209125248045,"0":0.0079467594257},"ie":{"5.5":0,"6":0.0093292345679,"7":0.0139938518519,"8":0.40115708642,"9":0.387163234568,"10":0.429144790123,"11":3.28855518519},"ie_mob":{"10":0.073755,"11":0.355365},"edge":{"12":0.176168,"13":0.704672,"14":0},"bb":{"7":0.083142,"10":null},"and_uc":{"0":18.929556},"op_mini":{"5.0-8.0":2.67920811533},"and_chr":{"0":17.196556},"and_ff":{"0":0.021456}},"total":95.7155573827}