{"id":"AF","name":"Afghanistan","month":"2016-08","access_date":"2016-09-04","data":{"chrome":{"4":0.003582,"5":null,"6":null,"7":null,"8":null,"9":null,"10":0.010746,"11":0.064476,"12":0.010746,"13":null,"14":null,"15":null,"16":0.028656,"17":0.046566,"18":0.007164,"19":0.021492,"20":0.003582,"21":0.021492,"22":0.010746,"23":0.042984,"24":0.050148,"25":0.111042,"26":0.007164,"27":0.021492,"28":0.078804,"29":0.01791,"30":0.032238,"31":0.050148,"32":0.01791,"33":0.075222,"34":0.028656,"35":0.032238,"36":0.039402,"37":0.03582,"38":0.01791,"39":0.03582,"40":0.025074,"41":0.050148,"42":0.014328,"43":0.32238,"44":0.042984,"45":0.078804,"46":0.12537,"47":0.279396,"48":0.082386,"49":0.39402,"50":0.16119,"51":3.736026,"52":11.67732,"53":0.068058,"54":0.068058,"55":null},"firefox":{"2":null,"3":0.01791,"3.5":0.007164,"3.6":0.010746,"4":0.046566,"5":0.010746,"6":0.014328,"7":0.007164,"8":0.007164,"9":0.03582,"10":0.032238,"11":0.014328,"12":0.060894,"13":0.010746,"14":0.028656,"15":0.028656,"16":0.025074,"17":0.021492,"18":0.032238,"19":0.014328,"20":0.01791,"21":0.064476,"22":0.032238,"23":0.014328,"24":0.121788,"25":0.042984,"26":0.021492,"27":0.014328,"28":0.028656,"29":0.07164,"30":0.164772,"31":0.060894,"32":0.021492,"33":0.10746,"34":0.064476,"35":0.046566,"36":0.064476,"37":0.03582,"38":0.118206,"39":0.093132,"40":0.093132,"41":0.07164,"42":0.093132,"43":0.712818,"44":0.229248,"45":0.139698,"46":0.333126,"47":3.166488,"48":1.658466,"49":0.351036,"50":null,"51":null},"opera":{"9":null,"9.5-9.6":null,"10.0-10.1":0,"10.5":null,"10.6":null,"11":0.014328,"11.1":0.007164,"11.5":0.010746,"11.6":0.007164,"12":0.010746,"12.1":0.025074,"15":0.014328,"16":null,"17":null,"18":0.007164,"19":null,"20":null,"21":null,"22":0.007164,"23":null,"24":null,"25":null,"26":null,"27":null,"28":null,"29":0.021492,"30":0.007164,"31":null,"32":null,"33":0.010746,"34":0.010746,"35":0.039402,"36":0.032238,"37":0.05373,"38":0.114624,"39":0.415512,"40":null,"41":null},"safari":{"3.1":null,"3.2":null,"4":0,"5":0.014328,"5.1":0.014328,"6":null,"6.1":0.007164,"7":0.010746,"7.1":null,"8":0.042984,"9":0.08955,"9.1":0.444168,"10":0.032238,"0":null},"ios_saf":{"3.2":0,"4.0-4.1":0,"4.2-4.3":0,"5.0-5.1":0,"6.0-6.1":0,"7.0-7.1":0.125643258893,"8":0,"8.1-8.4":0.292158421281,"9.0-9.2":0.404934599443,"9.3":6.51831172038},"android":{"2.1":0,"2.2":0,"2.3":0.0185850024516,"3":0,"4":0.139387518387,"4.1":0.51108756742,"4.2-4.3":1.27074954263,"4.4":3.52418108989,"4.4.3-4.4.4":3.06420227922,"51":null},"op_mob":{"10":0,"11":0,"11.1":0,"11.5":0,"12":0,"12.1":0.00975029958621,"0":0.380261683862},"ie":{"5.5":null,"6":0.0968596536145,"7":0.0932722590361,"8":0.602682289157,"9":0.419725165663,"10":0.261879804217,"11":3.28605343373},"edge":{"12":0.132534,"13":0.354618,"14":0.032238},"bb":{"7":0.012834,"10":null},"ie_mob":{"10":0.040455,"11":0.145638},"and_ff":{"0":0.070587},"samsung":{"0":4.74858},"and_uc":{"0":6.975279},"op_mini":{"0":5.15427601655},"and_chr":{"0":31.391433}},"total":98.0751096054}