{"id":"AF","name":"Afghanistan","month":"2018-03","access_date":"2018-04-03","data":{"chrome":{"4":0,"5":0,"6":0,"7":0,"8":0,"9":0,"10":0,"11":0.010735,"12":0,"13":0,"14":0,"15":0,"16":0,"17":0.002147,"18":0,"19":0,"20":0,"21":0.004294,"22":0,"23":0,"24":0.002147,"25":0,"26":0,"27":0,"28":0,"29":0,"30":0.004294,"31":0.015029,"32":0,"33":0.006441,"34":0.002147,"35":0,"36":0.002147,"37":0,"38":0.004294,"39":0,"40":0.010735,"41":0,"42":0,"43":0.019323,"44":0.002147,"45":0.004294,"46":0.015029,"47":0.002147,"48":0.004294,"49":0.034352,"50":0,"51":0.004294,"52":0.004294,"53":0.002147,"54":0.002147,"55":0.010735,"56":0.002147,"57":0.017176,"58":0.012882,"59":0.02147,"60":0.027911,"61":0.017176,"62":0.027911,"63":0.06441,"64":1.468548,"65":0.820154,"66":0.008588,"67":0.006441,"68":0},"firefox":{"2":0,"3":0,"3.5":0,"3.6":0,"4":0,"5":0,"6":0,"7":0,"8":0,"9":0,"10":0,"11":0,"12":0,"13":0,"14":0,"15":0,"16":0.002147,"17":0,"18":0,"19":0.002147,"20":0,"21":0,"22":0,"23":0,"24":0.002147,"25":0,"26":0,"27":0,"28":0,"29":0.004294,"30":0.002147,"31":0,"32":0.002147,"33":0.010735,"34":0.002147,"35":0,"36":0.002147,"37":0.002147,"38":0.004294,"39":0,"40":0,"41":0.004294,"42":0.015029,"43":0.010735,"44":0.004294,"45":0.002147,"46":0.002147,"47":0.02147,"48":0.015029,"49":0.008588,"50":0.004294,"51":0,"52":0.017176,"53":0.066557,"54":0.010735,"55":0.008588,"56":0.012882,"57":0.038646,"58":0.287698,"59":0.210406,"60":0.015029,"61":0},"opera":{"9":0,"9.5-9.6":0,"10.0-10.1":0,"10.5":0,"10.6":0,"11":0,"11.1":0,"11.5":0,"11.6":0,"12":0,"12.1":0.002147,"15":0.002147,"16":0,"17":0,"18":0.002147,"19":0,"20":0,"21":0,"22":0.002147,"23":0,"24":0,"25":0,"26":0,"27":0,"28":0,"29":0,"30":0.002147,"31":0,"32":0,"33":0,"34":0,"35":0,"36":0,"37":0.004294,"38":0,"39":0,"40":0,"41":0.002147,"42":0.002147,"43":0.002147,"44":0,"45":0.006441,"46":0,"47":0,"48":0.002147,"49":0.002147,"50":0.006441,"51":0.118085,"52":0.002147},"safari":{"3.1":0,"3.2":0,"4":0,"5":0,"5.1":0,"6":0,"6.1":0,"7":0,"7.1":0,"8":0,"9":0,"9.1":0.008588,"10":0.004294,"10.1":0.008588,"11":0.049381,"11.1":0,"0":null},"ios_saf":{"3.2":0.000393190133093,"4.0-4.1":0,"4.2-4.3":0.000393190133093,"5.0-5.1":0.00707742239568,"6.0-6.1":0.0055046618633,"7.0-7.1":0.0192663165216,"8":0.0055046618633,"8.1-8.4":0.0290960698489,"9.0-9.2":0.0220186474532,"9.3":0.15766924337,"10.0-10.2":0.157276053237,"10.3":0.364487253377,"11.0-11.2":3.1604622898,"11.3":null},"android":{"2.1":0,"2.2":0,"2.3":0,"3":0,"4":0,"4.1":0.54210307767,"4.2-4.3":1.64987893204,"4.4":4.65501555825,"4.4.3-4.4.4":2.86371843204,"62":null},"ie":{"5.5":0,"6":0.006441,"7":0.010735,"8":0.062263,"9":0.025764,"10":0.027911,"11":0.399342},"op_mob":{"10":null,"11":null,"11.1":null,"11.5":null,"12":null,"12.1":null,"0":null},"edge":{"12":0.010735,"13":0.008588,"14":0.02147,"15":0.015029,"16":0.081586,"17":0},"samsung":{"4":2.62803366337,"5":0.636792772277,"6.2":0.818733564356},"bb":{"7":0.0109942,"10":0.0439768},"ie_mob":{"10":0.0251296,"11":0.0376944},"and_ff":{"0":0.117795},"and_qq":{"1.2":null},"and_uc":{"0":3.965765},"op_mini":{"0":1.54642031615},"and_chr":{"0":69.481299},"baidu":{"0":null}},"total":97.3087623162}