{"id":"AF","name":"Afghanistan","month":"2014-12","access_date":"2015-01-01","data":{"chrome":{"4":0.04507,"5":0.009014,"6":0.018028,"7":null,"8":0.031549,"9":0.009014,"10":0.076619,"11":0.153238,"12":0.058591,"13":0.018028,"14":0.040563,"15":0.067605,"16":0.031549,"17":0.004507,"18":0.040563,"19":0.027042,"20":0.027042,"21":0.018028,"22":0.004507,"23":0.031549,"24":0.04507,"25":0.108168,"26":0.040563,"27":0.040563,"28":0.076619,"29":0.103661,"30":0.103661,"31":0.121689,"32":0.036056,"33":0.338025,"34":0.108168,"35":0.157745,"36":0.612952,"37":0.220843,"38":0.49577,"39":14.219585,"40":0.094647,"41":0.374081,"42":null},"firefox":{"2":0.009014,"3":0.076619,"3.5":0.054084,"3.6":0.126196,"4":0.216336,"5":0.085633,"6":0.058591,"7":0.040563,"8":0.094647,"9":0.207322,"10":0.18028,"11":0.117182,"12":0.189294,"13":0.076619,"14":0.081126,"15":0.094647,"16":0.031549,"17":0.117182,"18":0.139717,"19":0.063098,"20":0.081126,"21":0.058591,"22":0.148731,"23":0.076619,"24":0.40563,"25":0.153238,"26":0.162252,"27":0.09014,"28":0.067605,"29":0.378588,"30":0.63098,"31":0.536333,"32":0.468728,"33":2.830396,"34":5.255162,"35":0.914921,"36":0.004507,"37":null},"opera":{"9":null,"9.5-9.6":null,"10.0-10.1":0.004507,"10.5":null,"10.6":0.009014,"11":0.018028,"11.1":0.130703,"11.5":0.009014,"11.6":0.049577,"12":0.018028,"12.1":0.099154,"15":0.013521,"16":0.018028,"17":0.013521,"18":0.027042,"19":0.013521,"20":0.031549,"21":null,"22":0.013521,"23":0.013521,"24":0.013521,"25":0.067605,"26":0.973512,"27":null,"28":null},"android":{"2.1":0,"2.2":0.00949811274258,"2.3":0.267134420885,"3":0,"4":0.55089053907,"4.1":1.68828953999,"4.2-4.3":2.68915317024,"4.4":4.51279081682,"4.4.3-4.4.4":1.84500840025,"37":0},"safari":{"3.1":null,"3.2":null,"4":0.009014,"5":0.027042,"5.1":0.171266,"6":0.018028,"6.1":0.085633,"7":0.252392,"7.1":0.216336,"8":0.342532},"ios_saf":{"3.2":0,"4.0-4.1":0,"4.2-4.3":0,"5.0-5.1":0.0319307147587,"6.0-6.1":0.132052447477,"7.0-7.1":1.56406382462,"8":0.443241616735,"8.1":3.22283739641},"op_mob":{"10":0,"11":0,"11.1":0,"11.5":0,"12":0.0155390570388,"12.1":0.0776952851942,"0":null},"ie":{"5.5":null,"6":0.0360908872762,"7":0.0812044963716,"8":1.87221477746,"9":1.23611288921,"10":1.50228318287,"11":4.55647451863,"0":null},"bb":{"7":0.01235925,"10":null},"ie_mob":{"10":0.25130475,"11":null},"op_mini":{"5.0-8.0":10.8817796578},"and_chr":{"0":9.347251},"and_ff":{"0":0.390003},"and_uc":{"0":9.354579}},"total":91.5641307518}