{"id":"AF","name":"Afghanistan","month":"2020-09","access_date":"2020-10-03","data":{"firefox":{"2":0,"3":0,"3.5":0,"3.6":0,"4":0,"5":0,"6":0,"7":0,"8":0,"9":0,"10":0,"11":0,"12":0,"13":0,"14":0,"15":0,"16":0,"17":0,"18":0,"19":0,"20":0,"21":0,"22":0,"23":0,"24":0,"25":0.00307,"26":0,"27":0,"28":0,"29":0.00307,"30":0.00307,"31":0,"32":0,"33":0.00307,"34":0,"35":0,"36":0,"37":0,"38":0.03986,"39":0,"40":0,"41":0,"42":0,"43":0.00307,"44":0.00307,"45":0,"46":0,"47":0.00613,"48":0.0092,"49":0.00307,"50":0.00307,"51":0,"52":0.00307,"53":0,"54":0,"55":0,"56":0.00613,"57":0.00307,"58":0.00307,"59":0,"60":0.00307,"61":0,"62":0,"63":0,"64":0.00613,"65":0,"66":0.00307,"67":0,"68":0.02146,"69":0,"70":0.00307,"71":0,"72":0.01226,"73":0,"74":0,"75":0,"76":0.00307,"77":0.00307,"78":0.01533,"79":0.01533,"80":0.56721,"81":0.12877,"82":0.0092,"83":0},"chrome":{"4":0,"5":0,"6":0,"7":0,"8":0,"9":0,"10":0,"11":0.00307,"12":0,"13":0.07665,"14":0,"15":0,"16":0,"17":0,"18":0,"19":0,"20":0,"21":0,"22":0,"23":0,"24":0,"25":0,"26":0,"27":0,"28":0,"29":0,"30":0.00307,"31":0.00307,"32":0,"33":0.00613,"34":0,"35":0,"36":0.00307,"37":0,"38":0,"39":0.00307,"40":0.0092,"41":0,"42":0.00307,"43":0.0092,"44":0.00307,"45":0,"46":0.00613,"47":0.00307,"48":0.00307,"49":0.0092,"50":0.00307,"51":0.00307,"52":0.00307,"53":0.0092,"54":0,"55":0.00307,"56":0,"57":0.0092,"58":0.0092,"59":0,"60":0.00307,"61":0.00307,"62":0.01226,"63":0.01226,"64":0.00307,"65":0.00307,"66":0.00613,"67":0.0092,"68":0.00307,"69":0.01226,"70":0.02453,"71":0.0184,"72":0.04906,"73":0.0092,"74":0.03373,"75":0.00613,"76":0.0092,"77":0.01533,"78":0.01226,"79":0.05519,"80":0.11344,"81":0.02759,"83":0.07972,"84":0.69905,"85":5.60465,"86":0.00613,"87":0.00307,"88":0},"opera":{"9":0,"9.5-9.6":0,"10.0-10.1":0,"10.5":0,"10.6":0,"11":0,"11.1":0,"11.5":0,"11.6":0,"12":0,"12.1":0.00307,"15":0,"16":0,"17":0,"18":0,"19":0,"20":0,"21":0,"22":0,"23":0,"24":0,"25":0,"26":0,"27":0,"28":0,"29":0,"30":0,"31":0,"32":0,"33":0,"34":0,"35":0,"36":0,"37":0,"38":0,"39":0,"40":0,"41":0,"42":0,"43":0,"44":0,"45":0,"46":0,"47":0.00307,"48":0,"49":0,"50":0.00613,"51":0.02453,"52":0,"53":0,"54":0,"55":0,"56":0,"57":0,"58":0,"60":0.01533,"62":0,"63":0,"64":0,"65":0,"66":0.00307,"67":0,"68":0.00613,"69":0.00307,"70":0.23302,"71":0.01533},"ios_saf":{"3.2":0.01348,"4.0-4.1":0.02247,"4.2-4.3":0,"5.0-5.1":0.00449,"6.0-6.1":0.00225,"7.0-7.1":0.00899,"8":0,"8.1-8.4":0.01573,"9.0-9.2":0.01124,"9.3":0.13034,"10.0-10.2":0.03596,"10.3":0.1708,"11.0-11.2":0.10562,"11.3-11.4":0.15731,"12.0-12.1":0.2472,"12.2-12.4":1.54391,"13.0-13.1":0.23597,"13.2":0.1236,"13.3":0.90117,"13.4-13.7":2.40463,"14":2.5979},"safari":{"3.1":0,"3.2":0,"4":0,"5":0,"5.1":0.01533,"6":0,"6.1":0,"7":0,"7.1":0,"8":0,"9":0,"9.1":0,"10":0,"10.1":0.00307,"11":0.00307,"11.1":0.00613,"12":0.00307,"12.1":0.00613,"13":0.03373,"13.1":0.07665,"14":0.03066,"0":null},"edge":{"12":0.0092,"13":0.01226,"14":0.0092,"15":0.00613,"16":0.01226,"17":0.0184,"18":0.15943,"79":0,"80":0,"81":0.00307,"83":0.00307,"84":0.01533,"85":0.1717},"android":{"2.1":0,"2.2":0,"2.3":0.00167,"3":0,"4":0.0719,"4.1":0.09363,"4.2-4.3":0.03511,"4.4":0,"4.4.3-4.4.4":0.2274,"81":null},"samsung":{"4":1.72662,"5.0-5.4":1.04001,"6.2-6.4":0.27262,"7.2-7.4":0.68661,"8.2":0.18175,"9.2":0.53515,"10.1":0.3433,"11.1-11.2":0.80778,"12.0":2.23148},"ie":{"5.5":0,"6":0,"7":0,"8":0.019,"9":0.019,"10":0,"11":0.25328},"op_mob":{"10":null,"11":null,"11.1":null,"11.5":null,"12":null,"12.1":null,"0":null},"bb":{"7":0,"10":0},"ie_mob":{"10":0,"11":0},"and_ff":{"0":0.08321},"and_qq":{"10.4":0.0208},"and_uc":{"0":2.32982},"op_mini":{"0":1.12912},"and_chr":{"0":66.67792},"kaios":{"2.5":0},"baidu":{"0":null}},"total":96.33517}