{"id":"AF","name":"Afghanistan","month":"2017-06","access_date":"2017-07-11","data":{"chrome":{"4":0.003308,"5":0,"6":0,"7":0,"8":0.003308,"9":0.023156,"10":0,"11":0.036388,"12":0,"13":0,"14":0.003308,"15":0.003308,"16":0.006616,"17":0.003308,"18":0.003308,"19":0,"20":0.013232,"21":0,"22":0.01654,"23":0.036388,"24":0.03308,"25":0.0827,"26":0.009924,"27":0.003308,"28":0.013232,"29":0.013232,"30":0.01654,"31":0.168708,"32":0.003308,"33":0.023156,"34":0.023156,"35":0.006616,"36":0.013232,"37":0.006616,"38":0.013232,"39":0.013232,"40":0.043004,"41":0.006616,"42":0.013232,"43":0.31426,"44":0.019848,"45":0.105856,"46":0.046312,"47":0.01654,"48":0.039696,"49":0.205096,"50":0.03308,"51":0.155476,"52":0.036388,"53":0.056236,"54":0.056236,"55":0.320876,"56":0.2481,"57":0.291104,"58":12.616712,"59":2.080732,"60":0.062852,"61":0.026464,"62":0},"firefox":{"2":0.003308,"3":0.013232,"3.5":0,"3.6":0.006616,"4":0.023156,"5":0.009924,"6":0.006616,"7":0.003308,"8":0.003308,"9":0.013232,"10":0.006616,"11":0.003308,"12":0.03308,"13":0.006616,"14":0.009924,"15":0.006616,"16":0.003308,"17":0.026464,"18":0.013232,"19":0.003308,"20":0.009924,"21":0.019848,"22":0.009924,"23":0.006616,"24":0.03308,"25":0.039696,"26":0.013232,"27":0.003308,"28":0.013232,"29":0.145552,"30":0.036388,"31":0.003308,"32":0.009924,"33":0.06616,"34":0.089316,"35":0.026464,"36":0.009924,"37":0.01654,"38":0.056236,"39":0.062852,"40":0.019848,"41":0.076084,"42":0.059544,"43":0.34734,"44":0.095932,"45":0.109164,"46":0.026464,"47":0.224944,"48":0.152168,"49":0.135628,"50":0.069468,"51":0.04962,"52":0.234868,"53":3.122752,"54":1.217344,"55":0.03308,"56":0.009924,"57":0},"opera":{"9":0,"9.5-9.6":0,"10.0-10.1":0,"10.5":0,"10.6":0,"11":0,"11.1":0,"11.5":0,"11.6":0.006616,"12":0.003308,"12.1":0.013232,"15":0,"16":0.003308,"17":0,"18":0.003308,"19":0.003308,"20":0.003308,"21":0,"22":0,"23":0.023156,"24":0,"25":0,"26":0,"27":0,"28":0,"29":0.003308,"30":0.003308,"31":0.003308,"32":0,"33":0.003308,"34":0.006616,"35":0.006616,"36":0.013232,"37":0.003308,"38":0.003308,"39":0,"40":0.003308,"41":0.026464,"42":0.036388,"43":0.026464,"44":0.009924,"45":0.489584,"46":0.009924,"47":0,"48":0},"safari":{"3.1":0,"3.2":0,"4":0,"5":0,"5.1":0.006616,"6":0,"6.1":0.003308,"7":0.003308,"7.1":0,"8":0.013232,"9":0.013232,"9.1":0.09924,"10":0.092624,"10.1":0.555744,"11":0,"0":null},"ios_saf":{"3.2":0,"4.0-4.1":0,"4.2-4.3":0,"5.0-5.1":0,"6.0-6.1":0,"7.0-7.1":0.043002528169,"8":0,"8.1-8.4":0.0328842862469,"9.0-9.2":0.0252956048053,"9.3":0.46206638111,"10.0-10.2":1.57591617937,"10.3":6.0026470203,"11":null},"android":{"2.1":0,"2.2":0,"2.3":0,"3":0,"4":0,"4.1":0.409797618482,"4.2-4.3":1.05995730165,"4.4":2.84888152079,"4.4.3-4.4.4":1.65101155908,"56":null},"op_mob":{"10":0,"11":0,"11.1":0,"11.5":0,"12":0,"12.1":0,"0":0.0238300487805},"ie":{"5.5":0,"6":0.0264879927471,"7":0.00993299728015,"8":0.456917874887,"9":0.178793951043,"10":0.198659945603,"11":2.78123923844},"edge":{"12":0.102548,"13":0.14886,"14":0.423424,"15":null,"16":null},"bb":{"7":0.006692,"10":null},"samsung":{"4":6.330632,"5":null},"ie_mob":{"10":0.0175021538462,"11":0.0962618461538},"op_mini":{"0":5.34984595122},"and_chr":{"0":34.654604},"baidu":{"0":null},"and_ff":{"0":0.046844},"and_qq":{"1.2":null},"and_uc":{"0":7.976864}},"total":98.67764}