{"id":"AF","name":"Afghanistan","month":"2014-10","access_date":"2014-11-01","data":{"chrome":{"4":0.04148,"5":0.02074,"6":0.02074,"7":0.005185,"8":0.088145,"9":null,"10":0.1037,"11":0.316285,"12":0.15555,"13":0.036295,"14":0.02074,"15":0.036295,"16":0.02074,"17":0.02074,"18":0.02074,"19":0.02074,"20":0.025925,"21":0.015555,"22":0.01037,"23":0.046665,"24":0.036295,"25":0.09333,"26":0.06222,"27":0.067405,"28":0.09333,"29":0.07259,"30":0.098515,"31":0.14518,"32":0.046665,"33":0.78812,"34":0.171105,"35":0.25925,"36":0.534055,"37":8.830055,"38":7.35233,"39":0.16592,"40":0.233325,"41":null},"firefox":{"2":0.015555,"3":0.098515,"3.5":0.06222,"3.6":0.150365,"4":0.2074,"5":0.067405,"6":0.06222,"7":0.02074,"8":0.295545,"9":0.243695,"10":0.2074,"11":0.139995,"12":0.29036,"13":0.088145,"14":0.12444,"15":0.160735,"16":0.06222,"17":0.11407,"18":0.14518,"19":0.07259,"20":0.09333,"21":0.088145,"22":0.150365,"23":0.07259,"24":0.430355,"25":0.18666,"26":0.22814,"27":0.1037,"28":0.108885,"29":0.440725,"30":0.97478,"31":0.617015,"32":8.187115,"33":2.110295,"34":0.409615,"35":0.01037,"36":0.005185},"opera":{"9":null,"9.5-9.6":null,"10.0-10.1":0,"10.5":null,"10.6":0.015555,"11":0.025925,"11.1":0.015555,"11.5":0.01037,"11.6":0.05185,"12":0.046665,"12.1":0.119255,"15":0.015555,"16":0.015555,"17":0.015555,"18":0.01037,"19":null,"20":0.077775,"21":0.03111,"22":0.02074,"23":0.02074,"24":0.4148,"25":0.482205,"26":null,"27":null},"safari":{"3.1":null,"3.2":null,"4":0.01037,"5":0.04148,"5.1":0.274805,"6":0.046665,"6.1":0.23851,"7":0.47702,"7.1":0.316285,"8":0.088145},"android":{"2.1":0,"2.2":0.0127759165154,"2.3":0.293846079855,"3":0.00958193738657,"4":0.648377763158,"4.1":1.90787019964,"4.2-4.3":2.85861132033,"4.4":3.64007154719,"4.4.3-4.4.4":1.18816023593,"37":0},"ios_saf":{"3.2":0,"4.0-4.1":0,"4.2-4.3":0,"5.0-5.1":0.0428602816901,"6.0-6.1":0.192258977867,"7.0-7.1":2.659174334,"8":2.33710993159,"8.1":0.854756474849},"op_mob":{"10":0,"11":0,"11.1":0,"11.5":0,"12":0.0294781960227,"12.1":0.132651882102,"0":null},"ie":{"5.5":null,"6":0.0259606766055,"7":0.051921353211,"8":2.30011594725,"9":1.23572820642,"10":2.00416423394,"11":5.69058031193},"bb":{"7":0.01805625,"10":null},"and_ff":{"0":0.32742},"ie_mob":{"10":0.21441195},"and_uc":{"0":4.9113},"op_mini":{"5.0-8.0":10.2141949219},"and_chr":{"0":8.145855}},"total":91.7525389294}