{"id":"AG","name":"Antigua and Barbuda","month":"2014-07","access_date":"2014-08-01","data":{"chrome":{"4":null,"5":null,"6":null,"7":null,"8":null,"9":null,"10":null,"11":0.08456,"12":0.025368,"13":null,"14":null,"15":null,"16":null,"17":null,"18":0.08456,"19":null,"20":0.04228,"21":0.12684,"22":0.04228,"23":null,"24":0.219856,"25":0.016912,"26":0.093016,"27":1.073912,"28":0.279048,"29":0.642656,"30":0.093016,"31":0.811776,"32":0.59192,"33":2.037896,"34":0.777952,"35":24.894464,"36":14.113064,"37":0.152208,"38":0.059192,"39":null},"firefox":{"2":0.025368,"3":0.016912,"3.5":null,"3.6":0.04228,"4":0.033824,"5":0.008456,"6":null,"7":null,"8":null,"9":0.008456,"10":0.025368,"11":0.033824,"12":0.025368,"13":0.025368,"14":0.059192,"15":0.067648,"16":0.101472,"17":0.135296,"18":0.067648,"19":0.033824,"20":0.025368,"21":0.76104,"22":0.101472,"23":0.101472,"24":0.050736,"25":0.04228,"26":0.481992,"27":0.033824,"28":0.067648,"29":0.194488,"30":7.711872,"31":1.090824,"32":0.04228,"33":0.008456,"34":null},"opera":{"9":null,"9.5-9.6":null,"10.0-10.1":0,"10.5":null,"10.6":null,"11":null,"11.1":0.067648,"11.5":0.12684,"11.6":0.04228,"12":0.093016,"12.1":0.329784,"15":null,"16":null,"17":null,"18":0.008456,"19":null,"20":null,"21":0.016912,"22":0.329784,"23":0.093016,"24":null},"safari":{"3.1":null,"3.2":null,"4":0.025368,"5":0.152208,"5.1":0.67648,"6":0.4228,"6.1":0.786408,"7":2.976512,"8":0.033824},"android":{"2.1":0.014731884347,"2.2":0.0343743968096,"2.3":0.662934795613,"3":0,"4":0.559811605184,"4.1":1.36515461615,"4.2-4.3":1.40935026919,"4.4":0.879002432702,"4.4.3":null},"op_mob":{"10":0,"11":0,"11.1":0,"11.5":0,"12":0.00279742264753,"12.1":0.0125884019139,"0":null},"ie":{"5.5":null,"6":0.0169909609508,"7":0.0764593242784,"8":2.20032944312,"9":1.70759157555,"10":3.06686845161,"11":12.9471122445},"ios_saf":{"3.2":0.00339649150849,"4.0-4.1":0.00679298301698,"4.2-4.3":0.0203789490509,"5.0-5.1":0.0951017622378,"6.0-6.1":0.373614065934,"7.0-7.1":2.90060374825,"8":0},"bb":{"7":0.297992,"10":null},"and_ff":{"0":0.132784},"ie_mob":{"10":0.29385408},"op_mini":{"5.0-7.0":1.08085417544},"and_chr":{"0":3.750376}},"total":97.78001408}