{"id":"AG","name":"Antigua and Barbuda","month":"2021-10","access_date":"2021-11-04","data":{"firefox":{"2":null,"3":null,"3.5":null,"3.6":null,"4":null,"5":null,"6":null,"7":null,"8":null,"9":null,"10":null,"11":null,"12":null,"13":null,"14":null,"15":null,"16":null,"17":null,"18":null,"19":null,"20":null,"21":null,"22":null,"23":null,"24":null,"25":null,"26":null,"27":null,"28":null,"29":null,"30":null,"31":null,"32":null,"33":null,"34":null,"35":null,"36":null,"37":null,"38":null,"39":null,"40":null,"41":null,"42":null,"43":null,"44":null,"45":null,"46":null,"47":null,"48":null,"49":null,"50":null,"51":null,"52":0.00915,"53":null,"54":null,"55":null,"56":null,"57":null,"58":null,"59":null,"60":null,"61":null,"62":null,"63":null,"64":null,"65":null,"66":null,"67":null,"68":null,"69":null,"70":null,"71":null,"72":null,"73":null,"74":null,"75":null,"76":null,"77":null,"78":0.02288,"79":null,"80":null,"81":null,"82":null,"83":null,"84":null,"85":null,"86":null,"87":null,"88":0.00458,"89":0.03203,"90":null,"91":0.0183,"92":0.57658,"93":1.0479,"94":null,"95":null},"chrome":{"4":null,"5":null,"6":null,"7":null,"8":null,"9":null,"10":null,"11":null,"12":null,"13":null,"14":null,"15":null,"16":null,"17":null,"18":null,"19":null,"20":null,"21":null,"22":null,"23":null,"24":null,"25":null,"26":null,"27":null,"28":null,"29":null,"30":null,"31":null,"32":null,"33":null,"34":null,"35":null,"36":null,"37":null,"38":0.01373,"39":null,"40":null,"41":null,"42":null,"43":null,"44":null,"45":null,"46":null,"47":null,"48":null,"49":0.06864,"50":null,"51":null,"52":null,"53":null,"54":null,"55":null,"56":null,"57":null,"58":null,"59":null,"60":null,"61":null,"62":null,"63":null,"64":null,"65":0.00458,"66":null,"67":0.00458,"68":null,"69":null,"70":null,"71":null,"72":null,"73":null,"74":0.07322,"75":0.04118,"76":0.08694,"77":0.03661,"78":0.28371,"79":0.02746,"80":0.03661,"81":0.02288,"83":0.01373,"84":0.0183,"85":0.04118,"86":0.01373,"87":0.0961,"88":0.03203,"89":0.42557,"90":0.15558,"91":0.0961,"92":0.32032,"93":1.84413,"94":19.88272,"95":5.63306,"96":0.02746,"97":0.00458,"98":null},"opera":{"9":null,"9.5-9.6":null,"10.0-10.1":0,"10.5":null,"10.6":null,"11":null,"11.1":null,"11.5":null,"11.6":null,"12":null,"12.1":null,"15":null,"16":null,"17":null,"18":null,"19":null,"20":null,"21":null,"22":null,"23":null,"24":null,"25":null,"26":null,"27":null,"28":null,"29":null,"30":null,"31":null,"32":null,"33":null,"34":null,"35":null,"36":null,"37":null,"38":null,"39":null,"40":null,"41":null,"42":null,"43":null,"44":null,"45":null,"46":null,"47":null,"48":null,"49":null,"50":null,"51":null,"52":null,"53":null,"54":null,"55":null,"56":null,"57":null,"58":null,"60":null,"62":null,"63":null,"64":null,"65":null,"66":null,"67":null,"68":null,"69":null,"70":null,"71":null,"72":null,"73":null,"74":null,"75":null,"76":null,"77":null,"78":0.60403,"79":0.572,"80":0.20592},"ios_saf":{"3.2":0,"4.0-4.1":0,"4.2-4.3":0,"5.0-5.1":0.01921,"6.0-6.1":0,"7.0-7.1":0.0072,"8":0,"8.1-8.4":0.0048,"9.0-9.2":0.0012,"9.3":0.01681,"10.0-10.2":0.0024,"10.3":0.03602,"11.0-11.2":0.0084,"11.3-11.4":0.03361,"12.0-12.1":0.0096,"12.2-12.5":0.55944,"13.0-13.1":0.02281,"13.2":0.0036,"13.3":0.05522,"13.4-13.7":0.37336,"14.0-14.4":0.6987,"14.5-14.8":7.13343,"15":3.01208},"edge":{"12":null,"13":null,"14":null,"15":0.00458,"16":0.0183,"17":0.02288,"18":0.05491,"79":null,"80":null,"81":null,"83":null,"84":0.03661,"85":0.0183,"86":null,"87":null,"88":null,"89":0.01373,"90":null,"91":0.00915,"92":0.05034,"93":0.3615,"94":4.89174,"95":1.78922},"safari":{"3.1":null,"3.2":null,"4":0,"5":null,"5.1":0.00458,"6":null,"6.1":null,"7":null,"7.1":null,"8":null,"9":null,"9.1":0.18304,"10":null,"10.1":0.00458,"11":null,"11.1":0.00915,"12":null,"12.1":0.0183,"13":0.0183,"13.1":0.1327,"14":0.13728,"14.1":1.69312,"15":0.83741,"0":null},"samsung":{"4":0.23101,"5.0-5.4":0.09425,"6.2-6.4":0.02088,"7.2-7.4":0.18901,"8.2":0.01044,"9.2":0.063,"10.1":0.10472,"11.1-11.2":0.29401,"12.0":0.0525,"13.0":0.25201,"14.0":0.28351,"15.0":4.02167},"android":{"2.1":0,"2.2":0,"2.3":0,"3":0,"4":0,"4.1":0,"4.2-4.3":0.00533,"4.4":0,"4.4.3-4.4.4":0.05434,"0":0},"op_mob":{"10":null,"11":null,"11.1":null,"11.5":null,"12":null,"12.1":null,"0":null},"ie":{"5.5":null,"6":null,"7":null,"8":null,"9":null,"10":null,"11":0.14186},"bb":{"7":0,"10":0},"ie_mob":{"10":null,"11":null},"baidu":{"0":null},"and_ff":{"0":0.43392},"and_qq":{"10.4":0},"and_uc":{"0":0.09763},"op_mini":{"0":0.21567},"and_chr":{"0":38.24149},"kaios":{"2.5":0}},"total":99.51296}