{"id":"AG","name":"Antigua and Barbuda","month":"2021-06","access_date":"2021-07-04","data":{"firefox":{"2":null,"3":null,"3.5":null,"3.6":null,"4":null,"5":null,"6":null,"7":null,"8":null,"9":null,"10":null,"11":null,"12":null,"13":null,"14":null,"15":null,"16":null,"17":null,"18":null,"19":null,"20":null,"21":null,"22":null,"23":null,"24":null,"25":null,"26":null,"27":null,"28":null,"29":null,"30":null,"31":null,"32":null,"33":null,"34":null,"35":null,"36":null,"37":null,"38":null,"39":null,"40":null,"41":null,"42":null,"43":null,"44":null,"45":null,"46":null,"47":null,"48":null,"49":null,"50":0.01003,"51":null,"52":0.01003,"53":null,"54":null,"55":null,"56":null,"57":null,"58":null,"59":null,"60":null,"61":null,"62":null,"63":null,"64":null,"65":null,"66":null,"67":null,"68":null,"69":null,"70":null,"71":null,"72":null,"73":null,"74":null,"75":null,"76":null,"77":null,"78":0.02005,"79":null,"80":0.03342,"81":null,"82":null,"83":null,"84":null,"85":0.01003,"86":0.01003,"87":0.01337,"88":0.18047,"89":0.90902,"90":null,"91":null},"chrome":{"4":null,"5":null,"6":null,"7":null,"8":null,"9":null,"10":null,"11":null,"12":null,"13":null,"14":null,"15":null,"16":null,"17":null,"18":null,"19":null,"20":null,"21":null,"22":null,"23":null,"24":null,"25":null,"26":null,"27":null,"28":null,"29":null,"30":null,"31":null,"32":null,"33":null,"34":null,"35":null,"36":null,"37":null,"38":null,"39":null,"40":null,"41":null,"42":null,"43":null,"44":null,"45":null,"46":null,"47":null,"48":null,"49":0.03008,"50":null,"51":null,"52":null,"53":null,"54":null,"55":null,"56":null,"57":null,"58":0.00334,"59":null,"60":null,"61":null,"62":0.00334,"63":0.07018,"64":null,"65":0.06684,"66":null,"67":0.02005,"68":0.00668,"69":0.00668,"70":null,"71":null,"72":0.02005,"73":null,"74":0.60824,"75":0.01337,"76":0.02674,"77":0.02005,"78":0.01003,"79":0.03008,"80":0.01003,"81":0.02005,"83":0.02005,"84":0.07352,"85":0.0401,"86":0.03008,"87":0.09023,"88":0.04679,"89":0.35759,"90":3.15151,"91":16.12849,"92":0.13702,"93":0.02339,"94":null},"opera":{"9":null,"9.5-9.6":null,"10.0-10.1":0,"10.5":null,"10.6":null,"11":null,"11.1":null,"11.5":null,"11.6":null,"12":null,"12.1":null,"15":null,"16":null,"17":null,"18":null,"19":null,"20":null,"21":null,"22":null,"23":null,"24":null,"25":null,"26":null,"27":null,"28":0.00668,"29":null,"30":null,"31":null,"32":null,"33":0.00668,"34":null,"35":null,"36":null,"37":null,"38":null,"39":null,"40":null,"41":null,"42":null,"43":null,"44":null,"45":null,"46":null,"47":null,"48":null,"49":null,"50":null,"51":null,"52":null,"53":null,"54":null,"55":null,"56":null,"57":null,"58":null,"60":null,"62":null,"63":null,"64":null,"65":null,"66":null,"67":null,"68":null,"69":null,"70":null,"71":null,"72":null,"73":null,"74":null,"75":0.03342,"76":0.39436,"77":0.04345},"safari":{"3.1":null,"3.2":null,"4":0,"5":null,"5.1":0.1036,"6":null,"6.1":null,"7":null,"7.1":null,"8":null,"9":null,"9.1":0.27404,"10":null,"10.1":0.00668,"11":null,"11.1":0.01671,"12":0.02674,"12.1":0.03342,"13":0.03008,"13.1":0.33086,"14":1.14631,"14.1":0.77534,"15":0.02005,"0":null},"ios_saf":{"3.2":0,"4.0-4.1":0,"4.2-4.3":0,"5.0-5.1":0.00282,"6.0-6.1":0,"7.0-7.1":0.01551,"8":0,"8.1-8.4":0.00564,"9.0-9.2":0,"9.3":0.04935,"10.0-10.2":0.00564,"10.3":0.06063,"11.0-11.2":0.00846,"11.3-11.4":0.02397,"12.0-12.1":0.01974,"12.2-12.4":0.10997,"13.0-13.1":0.00987,"13.2":0.00705,"13.3":0.07332,"13.4-13.7":0.38208,"14.0-14.4":5.32944,"14.5-14.7":7.29908},"edge":{"12":0.00334,"13":0.03008,"14":0.01671,"15":0.00334,"16":0.00334,"17":0.01003,"18":0.08021,"79":null,"80":0.00668,"81":null,"83":null,"84":0.05013,"85":0.00334,"86":null,"87":0.02339,"88":0.01337,"89":0.04679,"90":0.12031,"91":4.10398},"samsung":{"4":0.25708,"5.0-5.4":0.01016,"6.2-6.4":0.02032,"7.2-7.4":0.27764,"8.2":0.0302,"9.2":0.07198,"10.1":0.04064,"11.1-11.2":0.28793,"12.0":0.1234,"13.0":0.54501,"14.0":5.14157},"android":{"2.1":0,"2.2":0,"2.3":0,"3":0,"4":0.0014,"4.1":0.00421,"4.2-4.3":0.0021,"4.4":0,"4.4.3-4.4.4":0.01892,"0":0},"op_mob":{"10":null,"11":null,"11.1":null,"11.5":null,"12":null,"12.1":null,"0":null},"ie":{"5.5":null,"6":null,"7":null,"8":null,"9":null,"10":0.00339,"11":0.22052},"ie_mob":{"10":null,"11":null},"bb":{"7":0,"10":0.01997},"and_uc":{"0":0.08655},"op_mini":{"0":0.10085},"and_chr":{"0":48.48054},"kaios":{"2.5":0},"baidu":{"0":null},"and_ff":{"0":0.27298},"and_qq":{"10.4":0}},"total":99.44444}