{"id":"AG","name":"Antigua and Barbuda","month":"2017-06","access_date":"2017-07-03","data":{"chrome":{"4":null,"5":null,"6":null,"7":null,"8":null,"9":null,"10":null,"11":0.014964,"12":null,"13":null,"14":null,"15":null,"16":null,"17":null,"18":null,"19":null,"20":null,"21":null,"22":0.014964,"23":null,"24":null,"25":null,"26":null,"27":0.069832,"28":0.019952,"29":0.029928,"30":0.039904,"31":0.029928,"32":0.089784,"33":0.159616,"34":0.02494,"35":0.034916,"36":1.261964,"37":0.528728,"38":0.019952,"39":0.044892,"40":null,"41":0.244412,"42":0.079808,"43":0.02494,"44":0.029928,"45":0.029928,"46":0.004988,"47":0.009976,"48":0.054868,"49":0.718272,"50":0.064844,"51":0.009976,"52":0.009976,"53":0.019952,"54":0.109736,"55":0.209496,"56":0.094772,"57":0.2494,"58":22.879956,"59":4.194908,"60":0.129688,"61":0.044892,"62":null},"firefox":{"2":null,"3":0.009976,"3.5":null,"3.6":null,"4":null,"5":null,"6":null,"7":null,"8":null,"9":null,"10":null,"11":0.039904,"12":null,"13":0.009976,"14":0.009976,"15":null,"16":0.004988,"17":null,"18":null,"19":null,"20":null,"21":0.144652,"22":0.02494,"23":0.019952,"24":0.02494,"25":0.029928,"26":0.019952,"27":0.009976,"28":0.009976,"29":0.02494,"30":0.009976,"31":0.029928,"32":null,"33":0.014964,"34":null,"35":0.004988,"36":0.009976,"37":0.1247,"38":null,"39":null,"40":null,"41":0.054868,"42":null,"43":0.009976,"44":null,"45":0.014964,"46":0.009976,"47":0.02494,"48":0.034916,"49":0.004988,"50":0.054868,"51":0.009976,"52":0.32422,"53":2.184744,"54":1.17218,"55":0.014964,"56":null,"57":null},"opera":{"9":null,"9.5-9.6":null,"10.0-10.1":0,"10.5":null,"10.6":null,"11":null,"11.1":null,"11.5":null,"11.6":0.019952,"12":0.029928,"12.1":0.059856,"15":null,"16":null,"17":null,"18":null,"19":null,"20":null,"21":null,"22":null,"23":null,"24":null,"25":null,"26":null,"27":null,"28":0.19952,"29":null,"30":null,"31":null,"32":null,"33":null,"34":null,"35":null,"36":0.014964,"37":null,"38":null,"39":null,"40":null,"41":null,"42":null,"43":null,"44":null,"45":0.44892,"46":0.014964,"47":null,"48":null},"safari":{"3.1":null,"3.2":null,"4":0,"5":0.034916,"5.1":0.014964,"6":null,"6.1":0.029928,"7":0.019952,"7.1":null,"8":0.029928,"9":0.084796,"9.1":0.34916,"10":0.4988,"10.1":1.880476,"11":null,"0":null},"ios_saf":{"3.2":0,"4.0-4.1":0,"4.2-4.3":0,"5.0-5.1":0,"6.0-6.1":0,"7.0-7.1":0.050286443662,"8":0,"8.1-8.4":0.0384543392709,"9.0-9.2":0.0295802609776,"9.3":0.540332767191,"10.0-10.2":1.84285025891,"10.3":7.01939592999,"11":null},"android":{"2.1":0,"2.2":0,"2.3":0,"3":0,"4":0,"4.1":0.165114930693,"4.2-4.3":0.427076118812,"4.4":1.14786629703,"4.4.3-4.4.4":0.665222653465,"56":null},"op_mob":{"10":0,"11":0,"11.1":0,"11.5":0,"12":0,"12.1":0,"0":0.00495544567627},"ie":{"5.5":null,"6":null,"7":0.0050133519695,"8":0.0952536874206,"9":0.285761062262,"10":0.155413911055,"11":3.40406598729},"edge":{"12":0.364124,"13":0.359136,"14":2.234624,"15":null,"16":null},"bb":{"7":0.065143,"10":null},"samsung":{"4":7.070521,"5":null},"ie_mob":{"10":0.080176,"11":0.440968},"op_mini":{"0":1.11249755432},"and_chr":{"0":30.348197},"baidu":{"0":null},"and_ff":{"0":0.020044},"and_qq":{"1.2":null},"and_uc":{"0":0.461012}},"total":98.257278}