{"id":"AG","name":"Antigua and Barbuda","month":"2021-01","access_date":"2021-02-05","data":{"firefox":{"2":0,"3":0,"3.5":0,"3.6":0,"4":0,"5":0,"6":0,"7":0,"8":0,"9":0,"10":0,"11":0,"12":0,"13":0,"14":0,"15":0,"16":0,"17":0,"18":0,"19":0,"20":0,"21":0,"22":0,"23":0,"24":0,"25":0,"26":0,"27":0,"28":0,"29":0,"30":0.01183,"31":0,"32":0,"33":0,"34":0,"35":0,"36":0,"37":0,"38":0,"39":0,"40":0,"41":0,"42":0,"43":0,"44":0,"45":0,"46":0,"47":0,"48":0,"49":0,"50":0.00394,"51":0,"52":0.01183,"53":0,"54":0.00394,"55":0.00394,"56":0.00394,"57":0,"58":0.00789,"59":0.00394,"60":0.00394,"61":0.00394,"62":0.00394,"63":0,"64":0,"65":0,"66":0,"67":0,"68":0,"69":0,"70":0,"71":0,"72":0,"73":0.00394,"74":0,"75":0,"76":0,"77":0,"78":0.01183,"79":0,"80":0.00789,"81":0,"82":0,"83":0.02366,"84":0.57977,"85":0.01578,"86":0,"87":0},"chrome":{"4":0,"5":0,"6":0,"7":0,"8":0,"9":0,"10":0,"11":0,"12":0,"13":0,"14":0,"15":0,"16":0,"17":0,"18":0.00394,"19":0,"20":0,"21":0,"22":0,"23":0,"24":0.00394,"25":0,"26":0,"27":0,"28":0,"29":0,"30":0,"31":0,"32":0,"33":0,"34":0,"35":0,"36":0,"37":0,"38":0.00789,"39":0,"40":0,"41":0.01578,"42":0,"43":0,"44":0,"45":0,"46":0.00394,"47":0,"48":0,"49":0.15382,"50":0,"51":0,"52":0.00394,"53":0.01578,"54":0,"55":0,"56":0,"57":0,"58":0,"59":0,"60":0,"61":0,"62":0,"63":0.01183,"64":0.00394,"65":0.01578,"66":0.00394,"67":0.00394,"68":0,"69":0.00394,"70":0.00394,"71":0.00789,"72":0.00394,"73":0,"74":0.07494,"75":0.01183,"76":0.01578,"77":0.00394,"78":0.00789,"79":0.01183,"80":0.0631,"81":0.02366,"83":0.01183,"84":0.10254,"85":0.01578,"86":0.2327,"87":6.56676,"88":1.15559,"89":0.00789,"90":0,"91":0},"opera":{"9":0,"9.5-9.6":0,"10.0-10.1":0,"10.5":0,"10.6":0,"11":0,"11.1":0,"11.5":0,"11.6":0,"12":0,"12.1":0,"15":0,"16":0,"17":0,"18":0,"19":0,"20":0,"21":0,"22":0,"23":0,"24":0,"25":0,"26":0,"27":0,"28":0,"29":0,"30":0,"31":0,"32":0,"33":0,"34":0,"35":0,"36":0,"37":0,"38":0,"39":0,"40":0,"41":0,"42":0,"43":0,"44":0,"45":0,"46":0,"47":0,"48":0,"49":0,"50":0,"51":0,"52":0,"53":0,"54":0,"55":0,"56":0,"57":0,"58":0,"60":0,"62":0,"63":0,"64":0,"65":0,"66":0,"67":0,"68":0,"69":0,"70":0,"71":0,"72":0.02366},"ios_saf":{"3.2":0,"4.0-4.1":0,"4.2-4.3":0,"5.0-5.1":0.00569,"6.0-6.1":0.00759,"7.0-7.1":0.06829,"8":0,"8.1-8.4":0.01897,"9.0-9.2":0,"9.3":0.05121,"10.0-10.2":0.01328,"10.3":0.14226,"11.0-11.2":0.00948,"11.3-11.4":0.06639,"12.0-12.1":0.05311,"12.2-12.4":1.18361,"13.0-13.1":0.05311,"13.2":0.02276,"13.3":0.28642,"13.4-13.7":2.18513,"14.0-14.4":14.54854},"safari":{"3.1":0,"3.2":0,"4":0,"5":0,"5.1":0,"6":0,"6.1":0,"7":0,"7.1":0,"8":0,"9":0,"9.1":0,"10":0.00394,"10.1":0,"11":0.00394,"11.1":0.01972,"12":0.00394,"12.1":0.03155,"13":0.09466,"13.1":0.50878,"14":1.32913,"0":null},"edge":{"12":0.00394,"13":0.00789,"14":0.01578,"15":0.01972,"16":0.04338,"17":0.01578,"18":0.0986,"79":0,"80":0.00394,"81":0.00394,"83":0,"84":0.00789,"85":0.00394,"86":0.02366,"87":1.35279,"88":0.42595},"android":{"2.1":0,"2.2":0,"2.3":0,"3":0,"4":0.01393,"4.1":0.01393,"4.2-4.3":0,"4.4":0,"4.4.3-4.4.4":0.8777,"81":0},"samsung":{"4":0.126,"5.0-5.4":0,"6.2-6.4":0.0105,"7.2-7.4":0.57751,"8.2":0,"9.2":0.1365,"10.1":0.0105,"11.1-11.2":0.35701,"12.0":0.57751,"13.0":4.87211},"op_mob":{"10":null,"11":null,"11.1":null,"11.5":null,"12":null,"12.1":null,"0":null},"ie":{"5.5":0,"6":0,"7":0,"8":0,"9":0,"10":0.00394,"11":0.18537},"bb":{"7":0,"10":0},"ie_mob":{"10":0,"11":0},"and_chr":{"0":56.54196},"kaios":{"2.5":0.01211},"baidu":{"0":null},"and_ff":{"0":0.27858},"and_qq":{"10.4":0},"and_uc":{"0":0.14534},"op_mini":{"0":0.086}},"total":96.86903}