{"id":"AG","name":"Antigua and Barbuda","month":"2016-09","access_date":"2016-10-02","data":{"firefox":{"2":0.00556,"3":0.02224,"3.5":0.02224,"3.6":0.02224,"4":0.0278,"5":0.01668,"6":0.01112,"7":0.01112,"8":null,"9":null,"10":0.01112,"11":0.04448,"12":0.00556,"13":null,"14":0.02224,"15":null,"16":0.0278,"17":0.01112,"18":0.01668,"19":0.01668,"20":0.01668,"21":0.1668,"22":0.03336,"23":0.01668,"24":0.02224,"25":0.01668,"26":0.01668,"27":0.00556,"28":0.00556,"29":0.03892,"30":null,"31":0.0278,"32":null,"33":0.01112,"34":0.04448,"35":null,"36":0.01112,"37":0.08896,"38":0.01668,"39":0.01112,"40":0.17236,"41":0.07784,"42":0.01112,"43":0.0834,"44":0.01112,"45":0.0556,"46":0.11676,"47":0.6672,"48":3.7252,"49":0.82844,"50":0.01112,"51":null,"52":null},"chrome":{"4":0.02224,"5":0.01112,"6":null,"7":0.00556,"8":null,"9":0.01112,"10":0.01112,"11":0.01112,"12":null,"13":0.01668,"14":0.01112,"15":null,"16":0.01112,"17":null,"18":0.01112,"19":0.01668,"20":0.01668,"21":null,"22":0.01668,"23":null,"24":0.03336,"25":null,"26":0.01668,"27":0.0834,"28":0.04448,"29":0.11676,"30":0.06672,"31":0.58936,"32":0.06116,"33":0.03892,"34":0.01668,"35":0.04448,"36":0.11676,"37":0.33916,"38":0.04448,"39":0.0278,"40":0.03336,"41":0.13344,"42":0.06116,"43":0.06672,"44":0.07228,"45":0.17792,"46":0.34472,"47":0.05004,"48":0.139,"49":1.23988,"50":0.08896,"51":0.70612,"52":12.39324,"53":11.4814,"54":0.278,"55":0.06672,"56":null},"opera":{"9":0.00556,"9.5-9.6":0.00556,"10.0-10.1":0.00556,"10.5":null,"10.6":null,"11":0.01668,"11.1":0.01668,"11.5":0.03336,"11.6":0.03336,"12":0.06116,"12.1":0.08896,"15":null,"16":null,"17":null,"18":null,"19":null,"20":null,"21":null,"22":null,"23":null,"24":null,"25":null,"26":null,"27":0.04448,"28":0.139,"29":0.16124,"30":null,"31":null,"32":null,"33":0.03892,"34":null,"35":0.01668,"36":0.00556,"37":0.3058,"38":0.06116,"39":0.25576,"40":0.07228,"41":null},"safari":{"3.1":null,"3.2":null,"4":0.01112,"5":0.05004,"5.1":0.0834,"6":null,"6.1":0.0556,"7":0.0278,"7.1":0.01112,"8":0.45036,"9":0.35028,"9.1":2.06832,"10":0.42812,"0":null},"ios_saf":{"3.2":0,"4.0-4.1":0,"4.2-4.3":0,"5.0-5.1":0,"6.0-6.1":0,"7.0-7.1":0.134885215794,"8":0,"8.1-8.4":0.282359718396,"9.0-9.2":0.338112274258,"9.3":5.60493033364,"10":2.45311245791},"android":{"2.1":0,"2.2":0,"2.3":0.0148839716312,"3":0,"4":0.107908794326,"4.1":0.386983262411,"4.2-4.3":0.963737163121,"4.4":2.28096865248,"4.4.3-4.4.4":2.54143815603,"52":null},"ie":{"5.5":0.01112,"6":0.00556,"7":0.01112,"8":0.3892,"9":0.32804,"10":0.26132,"11":4.18112},"op_mob":{"10":0,"11":0,"11.1":0,"11.5":0,"12":0,"12.1":0.00106073222591,"0":0.0445507534884},"edge":{"12":0.278,"13":2.40748,"14":0.56712},"ie_mob":{"10":0.16872,"11":0.62604},"bb":{"7":0.14874,"10":null},"samsung":{"0":4.33788},"and_uc":{"0":0.67932},"op_mini":{"0":0.633708514286},"and_chr":{"0":27.18224},"and_ff":{"0":0.03108}},"total":98.05746}