{"id":"AI","name":"Anguilla","month":"2014-11","access_date":"2014-12-01","data":{"chrome":{"4":null,"5":null,"6":null,"7":null,"8":null,"9":null,"10":null,"11":0.100296,"12":0.025074,"13":null,"14":null,"15":null,"16":null,"17":null,"18":null,"19":null,"20":0.008358,"21":null,"22":null,"23":0.033432,"24":null,"25":null,"26":0.033432,"27":0.351036,"28":null,"29":0.259098,"30":null,"31":0.225666,"32":0.183876,"33":0.618492,"34":0.108654,"35":0.509838,"36":1.445934,"37":0.676998,"38":24.15462,"39":8.625456,"40":0.401184,"41":0.150444,"42":null},"firefox":{"2":0.12537,"3":null,"3.5":null,"3.6":null,"4":0.016716,"5":null,"6":null,"7":null,"8":null,"9":null,"10":null,"11":null,"12":null,"13":null,"14":null,"15":null,"16":0.008358,"17":null,"18":null,"19":0.008358,"20":0.025074,"21":null,"22":null,"23":null,"24":0.066864,"25":null,"26":null,"27":0.008358,"28":null,"29":null,"30":0.050148,"31":0.37611,"32":1.863834,"33":8.466654,"34":0.342678,"35":null,"36":null},"opera":{"9":null,"9.5-9.6":null,"10.0-10.1":0,"10.5":null,"10.6":null,"11":null,"11.1":null,"11.5":null,"11.6":null,"12":null,"12.1":0.033432,"15":null,"16":null,"17":null,"18":null,"19":null,"20":null,"21":null,"22":null,"23":null,"24":null,"25":0.20895,"26":0.175518,"27":null,"28":null},"android":{"2.1":0,"2.2":0.00741499406976,"2.3":0.103809916977,"3":0.00329555291989,"4":0.214210939793,"4.1":0.700304995477,"4.2-4.3":0.977955328978,"4.4":1.50647962851,"4.4.3-4.4.4":0.584960643281,"37":0},"safari":{"3.1":null,"3.2":0.075222,"4":0.08358,"5":0.777294,"5.1":0.401184,"6":0.16716,"6.1":1.069824,"7":2.5074,"7.1":1.412502,"8":3.502002},"ios_saf":{"3.2":0,"4.0-4.1":0,"4.2-4.3":0,"5.0-5.1":0.0272310821382,"6.0-6.1":0.122749339485,"7.0-7.1":1.48220874777,"8":0.562636050948,"8.1":1.98242277966},"op_mob":{"10":0,"11":0,"11.1":0,"11.5":0,"12":0.000174415781487,"12.1":0.000872078907436,"0":null},"ie":{"5.5":null,"6":null,"7":0.075222,"8":2.682918,"9":1.053108,"10":4.028556,"11":15.236634},"bb":{"7":0.2762665,"10":null},"ie_mob":{"10":0.10717334,"11":null},"and_chr":{"0":6.013258},"and_ff":{"0":0.269288},"and_uc":{"0":0.019704},"op_mini":{"5.0-8.0":0.0482135053111}},"total":97.77154584}