{"id":"AI","name":"Anguilla","month":"2020-10","access_date":"2020-11-03","data":{"firefox":{"2":0,"3":0,"3.5":0,"3.6":0,"4":0,"5":0,"6":0,"7":0,"8":0,"9":0,"10":0,"11":0,"12":0,"13":0,"14":0,"15":0,"16":0,"17":0,"18":0,"19":0,"20":0,"21":0,"22":0,"23":0,"24":0,"25":0,"26":0,"27":0,"28":0,"29":0,"30":0,"31":0,"32":0,"33":0,"34":0,"35":0,"36":0,"37":0,"38":0,"39":0,"40":0,"41":0,"42":0,"43":0,"44":0,"45":0,"46":0,"47":0,"48":0,"49":0,"50":0,"51":0,"52":0,"53":0,"54":0,"55":0,"56":0,"57":0,"58":0,"59":0,"60":0,"61":0,"62":0,"63":0,"64":0,"65":0,"66":0,"67":0,"68":0.01354,"69":0,"70":0,"71":0.00902,"72":0,"73":0,"74":0,"75":0,"76":0,"77":0.00451,"78":0.01805,"79":0,"80":0.02256,"81":0.78509,"82":0.01354,"83":0,"84":0},"chrome":{"4":0,"5":0,"6":0,"7":0,"8":0,"9":0,"10":0,"11":0,"12":0,"13":0,"14":0,"15":0,"16":0,"17":0,"18":0,"19":0,"20":0,"21":0,"22":0,"23":0,"24":0,"25":0,"26":0,"27":0,"28":0,"29":0,"30":0,"31":0,"32":0,"33":0,"34":0,"35":0,"36":0.00451,"37":0,"38":0.00902,"39":0,"40":0,"41":0,"42":0.00451,"43":0,"44":0,"45":0,"46":0,"47":0,"48":0,"49":0.00902,"50":0,"51":0,"52":0,"53":0.00902,"54":0,"55":0,"56":0,"57":0,"58":0.05414,"59":0,"60":0,"61":0,"62":0,"63":0.00451,"64":0,"65":0.00451,"66":0.00902,"67":0.00902,"68":0,"69":0,"70":0.00451,"71":0.00451,"72":0,"73":0.16243,"74":0,"75":0.02707,"76":0.00902,"77":0.01354,"78":0,"79":0.01805,"80":0.01354,"81":0.18048,"83":0.00902,"84":0.09926,"85":4.66541,"86":6.16339,"87":0.00902,"88":0,"89":0},"opera":{"9":0,"9.5-9.6":0,"10.0-10.1":0,"10.5":0,"10.6":0,"11":0,"11.1":0,"11.5":0,"11.6":0,"12":0,"12.1":0,"15":0,"16":0,"17":0,"18":0,"19":0,"20":0,"21":0,"22":0,"23":0,"24":0,"25":0,"26":0,"27":0,"28":0,"29":0,"30":0,"31":0,"32":0,"33":0,"34":0,"35":0,"36":0,"37":0,"38":0,"39":0,"40":0,"41":0,"42":0,"43":0,"44":0,"45":0,"46":0,"47":0,"48":0,"49":0,"50":0,"51":0,"52":0,"53":0,"54":0,"55":0,"56":0,"57":0,"58":0,"60":0,"62":0,"63":0,"64":0,"65":0,"66":0,"67":0,"68":0,"69":0,"70":0.04512,"71":0.20755,"72":0},"ios_saf":{"3.2":0.01827,"4.0-4.1":0.01566,"4.2-4.3":0.00261,"5.0-5.1":0.01305,"6.0-6.1":0.00783,"7.0-7.1":0.01827,"8":0,"8.1-8.4":0.06003,"9.0-9.2":0.03393,"9.3":0.43329,"10.0-10.2":0.07309,"10.3":0.40197,"11.0-11.2":0.15139,"11.3-11.4":0.25841,"12.0-12.1":0.26363,"12.2-12.4":2.62846,"13.0-13.1":0.21665,"13.2":0.10702,"13.3":0.81438,"13.4-13.7":4.33814,"14":7.62698},"safari":{"3.1":0,"3.2":0,"4":0,"5":0,"5.1":0,"6":0,"6.1":0,"7":0,"7.1":0,"8":0,"9":0,"9.1":0.20304,"10":0,"10.1":0,"11":0,"11.1":0.01354,"12":0.00902,"12.1":0.10378,"13":0.06317,"13.1":0.87984,"14":0.64973,"0":null},"edge":{"12":0.00902,"13":0.01354,"14":0.00902,"15":0.00451,"16":0.01354,"17":0.01354,"18":0.21206,"79":0,"80":0,"81":0.00451,"83":0,"84":0.01354,"85":1.04678,"86":1.39872},"android":{"2.1":0,"2.2":0,"2.3":0.0015,"3":0,"4":0.18713,"4.1":0.09431,"4.2-4.3":0.04192,"4.4":0,"4.4.3-4.4.4":0.34133,"81":null},"samsung":{"4":0.11396,"5.0-5.4":0,"6.2-6.4":0.01036,"7.2-7.4":1.35718,"8.2":0,"9.2":0.37297,"10.1":0.21756,"11.1-11.2":0.29009,"12.0":3.90579},"op_mob":{"10":null,"11":null,"11.1":null,"11.5":null,"12":null,"12.1":null,"0":null},"ie":{"5.5":0,"6":0,"7":0,"8":0,"9":0,"10":0,"11":0.28426},"bb":{"7":0,"10":0.72442},"ie_mob":{"10":0,"11":0},"kaios":{"2.5":0},"baidu":{"0":null},"and_ff":{"0":0.06586},"and_qq":{"10.4":0},"and_uc":{"0":0.03842},"op_mini":{"0":0.10911},"and_chr":{"0":53.81883}},"total":96.73447}