{"id":"AL","name":"Albania","month":"2014-08","access_date":"2014-09-01","data":{"chrome":{"4":0.022434,"5":0.097214,"6":0.044868,"7":0.022434,"8":0.082258,"9":0.03739,"10":0.104692,"11":0.11217,"12":0.07478,"13":0.067302,"14":0.11217,"15":0.03739,"16":0.097214,"17":0.022434,"18":0.022434,"19":null,"20":0.014956,"21":0.044868,"22":0.07478,"23":0.059824,"24":0.052346,"25":0.03739,"26":0.104692,"27":0.239296,"28":0.194428,"29":0.119648,"30":0.11217,"31":0.52346,"32":0.403812,"33":1.151612,"34":0.93475,"35":2.004104,"36":41.861844,"37":1.60777,"38":0.231818,"39":0.022434,"40":null},"firefox":{"2":0.014956,"3":0.07478,"3.5":0.044868,"3.6":0.463636,"4":0.059824,"5":0.022434,"6":0.03739,"7":0.03739,"8":0.052346,"9":0.03739,"10":0.059824,"11":0.082258,"12":0.127126,"13":0.03739,"14":0.089736,"15":0.07478,"16":0.059824,"17":0.052346,"18":0.067302,"19":0.052346,"20":0.097214,"21":0.14956,"22":0.082258,"23":0.07478,"24":0.11217,"25":0.11217,"26":0.157038,"27":0.179472,"28":0.254252,"29":0.329032,"30":0.67302,"31":12.391046,"32":0.52346,"33":0.014956,"34":null},"opera":{"9":null,"9.5-9.6":null,"10.0-10.1":0,"10.5":null,"10.6":null,"11":null,"11.1":null,"11.5":null,"11.6":null,"12":null,"12.1":0.104692,"15":0.014956,"16":null,"17":0.044868,"18":0.014956,"19":null,"20":0.022434,"21":0.014956,"22":0.029912,"23":0.538416,"24":0.007478,"25":null},"safari":{"3.1":null,"3.2":null,"4":0.029912,"5":0.097214,"5.1":0.14956,"6":0.097214,"6.1":0.157038,"7":0.396334,"8":null},"android":{"2.1":0.00586535064935,"2.2":0.0410574545455,"2.3":0.797687688312,"3":0,"4":0.621727168831,"4.1":1.55431792208,"4.2-4.3":1.62470212987,"4.4":1.22585828571,"4.4.3":null},"op_mob":{"10":0,"11":0,"11.1":0,"11.5":0,"12":0.00602214320988,"12.1":0.0331217876543,"0":null},"ie":{"5.5":null,"6":0.0453950837004,"7":0.0453950837004,"8":1.40724759471,"9":0.960862604993,"10":0.612833629956,"11":2.07304215565},"ios_saf":{"3.2":0,"4.0-4.1":0,"4.2-4.3":0,"5.0-5.1":0.0685713276836,"6.0-6.1":0.345655468119,"7.0-7.1":6.5212732042,"8":0},"bb":{"7":0.1179035,"10":null},"and_ff":{"0":0.108446},"ie_mob":{"10":0.61075274},"op_mini":{"5.0-7.0":2.22561206914},"and_chr":{"0":6.680778}},"total":96.9056283927}