{"id":"AL","name":"Albania","month":"2020-11","access_date":"2020-12-04","data":{"firefox":{"2":0,"3":0,"3.5":0,"3.6":0,"4":0,"5":0,"6":0,"7":0,"8":0,"9":0,"10":0,"11":0,"12":0,"13":0,"14":0,"15":0,"16":0,"17":0,"18":0,"19":0,"20":0,"21":0,"22":0,"23":0,"24":0,"25":0,"26":0,"27":0,"28":0,"29":0.0018,"30":0,"31":0,"32":0,"33":0,"34":0,"35":0,"36":0,"37":0,"38":0,"39":0,"40":0,"41":0,"42":0,"43":0,"44":0,"45":0,"46":0,"47":0,"48":0,"49":0,"50":0,"51":0,"52":0.00539,"53":0,"54":0,"55":0.0018,"56":0.0018,"57":0.0018,"58":0,"59":0,"60":0.0018,"61":0,"62":0,"63":0.0018,"64":0.00359,"65":0.0018,"66":0.00539,"67":0,"68":0.0018,"69":0,"70":0,"71":0,"72":0.0018,"73":0,"74":0,"75":0,"76":0,"77":0,"78":0.00359,"79":0,"80":0.00359,"81":0.01078,"82":0.10243,"83":0.04852,"84":0,"85":0},"chrome":{"4":0,"5":0,"6":0,"7":0,"8":0,"9":0,"10":0,"11":0,"12":0,"13":0,"14":0,"15":0,"16":0,"17":0,"18":0,"19":0,"20":0,"21":0,"22":0,"23":0,"24":0,"25":0,"26":0,"27":0,"28":0,"29":0,"30":0,"31":0,"32":0,"33":0,"34":0,"35":0,"36":0,"37":0,"38":0.00359,"39":0,"40":0,"41":0,"42":0,"43":0,"44":0,"45":0,"46":0.0018,"47":0,"48":0,"49":0.06649,"50":0,"51":0,"52":0,"53":0.00899,"54":0,"55":0.0018,"56":0.0018,"57":0,"58":0.0018,"59":0,"60":0,"61":0.00719,"62":0,"63":0.0018,"64":0,"65":0.0018,"66":0.0018,"67":0.0018,"68":0.0018,"69":0.0018,"70":0.01617,"71":0.01078,"72":0.01078,"73":0.00359,"74":0.00359,"75":0.0018,"76":0.00359,"77":0.0018,"78":0.00539,"79":0.00719,"80":0.00539,"81":0.01078,"83":0.00539,"84":0.02156,"85":0.03594,"86":1.93717,"87":0.36839,"88":0.0018,"89":0,"90":0},"opera":{"9":0,"9.5-9.6":0,"10.0-10.1":0,"10.5":0,"10.6":0,"11":0,"11.1":0,"11.5":0,"11.6":0,"12":0,"12.1":0,"15":0,"16":0,"17":0,"18":0,"19":0,"20":0,"21":0,"22":0,"23":0,"24":0,"25":0,"26":0,"27":0,"28":0,"29":0,"30":0,"31":0,"32":0,"33":0,"34":0,"35":0,"36":0,"37":0,"38":0,"39":0,"40":0.0018,"41":0,"42":0,"43":0,"44":0,"45":0,"46":0,"47":0,"48":0,"49":0,"50":0,"51":0.0018,"52":0,"53":0,"54":0,"55":0,"56":0,"57":0.0018,"58":0,"60":0,"62":0,"63":0,"64":0,"65":0,"66":0,"67":0,"68":0,"69":0,"70":0,"71":0.01617,"72":0.0575},"ios_saf":{"3.2":0.09381,"4.0-4.1":0.10553,"4.2-4.3":0,"5.0-5.1":0.01563,"6.0-6.1":0,"7.0-7.1":0.02736,"8":0,"8.1-8.4":0.05472,"9.0-9.2":0.02736,"9.3":0.56284,"10.0-10.2":0.08208,"10.3":0.5902,"11.0-11.2":0.23061,"11.3-11.4":0.34396,"12.0-12.1":0.43777,"12.2-12.4":3.49822,"13.0-13.1":0.28533,"13.2":0.12898,"13.3":1.00061,"13.4-13.7":4.54182,"14.0-14.2":23.38139},"safari":{"3.1":0,"3.2":0,"4":0,"5":0,"5.1":0.0018,"6":0,"6.1":0,"7":0,"7.1":0,"8":0,"9":0,"9.1":0,"10":0,"10.1":0.0018,"11":0,"11.1":0.0018,"12":0,"12.1":0.0018,"13":0.00539,"13.1":0.02516,"14":0.05211,"0":null},"edge":{"12":0,"13":0,"14":0.0018,"15":0.0018,"16":0,"17":0.00539,"18":0.00899,"79":0,"80":0,"81":0,"83":0,"84":0,"85":0,"86":0.08985,"87":0.03414},"samsung":{"4":0.27137,"5.0-5.4":0.01005,"6.2-6.4":0,"7.2-7.4":0.09046,"8.2":0.03015,"9.2":0.14071,"10.1":0.12061,"11.1-11.2":0.24122,"12.0":3.30672,"13.0":0.56285},"android":{"2.1":0,"2.2":0,"2.3":0.0004,"3":0,"4":0.02058,"4.1":0.03008,"4.2-4.3":0.00752,"4.4":0,"4.4.3-4.4.4":0.07479,"81":null},"op_mob":{"10":null,"11":null,"11.1":null,"11.5":null,"12":null,"12.1":null,"0":null},"ie":{"5.5":0,"6":0,"7":0,"8":0.00359,"9":0.0018,"10":0,"11":0.01438},"bb":{"7":0,"10":0.0082},"ie_mob":{"10":0,"11":0.01641},"kaios":{"2.5":0},"baidu":{"0":null},"and_ff":{"0":0.12305},"and_qq":{"10.4":0},"and_uc":{"0":0.04102},"op_mini":{"0":0.11649},"and_chr":{"0":54.59962}},"total":98.30603}