{"id":"oc","name":"Oceania","month":"2020-09","access_date":"2020-10-03","data":{"firefox":{"2":null,"3":null,"3.5":null,"3.6":null,"4":null,"5":null,"6":null,"7":null,"8":null,"9":null,"10":null,"11":null,"12":null,"13":null,"14":null,"15":null,"16":null,"17":null,"18":null,"19":null,"20":null,"21":null,"22":null,"23":null,"24":null,"25":null,"26":null,"27":null,"28":null,"29":null,"30":null,"31":null,"32":null,"33":null,"34":null,"35":null,"36":null,"37":null,"38":null,"39":null,"40":null,"41":null,"42":null,"43":null,"44":null,"45":null,"46":null,"47":null,"48":0.01594,"49":null,"50":null,"51":null,"52":0.05312,"53":null,"54":0.00531,"55":null,"56":0.01062,"57":null,"58":null,"59":null,"60":0.01062,"61":null,"62":null,"63":0.01062,"64":0.01594,"65":0.01594,"66":0.02125,"67":0.00531,"68":0.05843,"69":0.00531,"70":null,"71":0.00531,"72":0.02125,"73":null,"74":0.01062,"75":0.01062,"76":0.03187,"77":0.02656,"78":0.1328,"79":0.12749,"80":2.27885,"81":0.47277,"82":0.00531,"83":null},"chrome":{"4":null,"5":null,"6":null,"7":null,"8":null,"9":null,"10":null,"11":null,"12":null,"13":null,"14":null,"15":null,"16":null,"17":null,"18":null,"19":null,"20":null,"21":null,"22":null,"23":null,"24":null,"25":null,"26":0.01062,"27":null,"28":null,"29":null,"30":null,"31":null,"32":null,"33":null,"34":0.01062,"35":null,"36":null,"37":null,"38":0.04781,"39":null,"40":0.02125,"41":null,"42":null,"43":0.00531,"44":null,"45":null,"46":0.01594,"47":null,"48":0.01062,"49":0.31872,"50":null,"51":null,"52":null,"53":0.05843,"54":0.01062,"55":0.01062,"56":0.01594,"57":0.02125,"58":0.01062,"59":0.02125,"60":0.01062,"61":0.02656,"62":0.01062,"63":0.02656,"64":0.02125,"65":0.07437,"66":0.02125,"67":0.11155,"68":0.04781,"69":0.07968,"70":0.13811,"71":0.11155,"72":0.11686,"73":0.18061,"74":0.1328,"75":0.10624,"76":0.11686,"77":0.09562,"78":0.1753,"79":0.20186,"80":0.43558,"81":0.31872,"83":0.89773,"84":4.57363,"85":24.46176,"86":0.03718,"87":0.01594,"88":null},"opera":{"9":null,"9.5-9.6":null,"10.0-10.1":0,"10.5":null,"10.6":null,"11":null,"11.1":null,"11.5":null,"11.6":null,"12":null,"12.1":null,"15":null,"16":null,"17":null,"18":null,"19":null,"20":null,"21":null,"22":null,"23":null,"24":null,"25":null,"26":null,"27":null,"28":null,"29":null,"30":null,"31":null,"32":null,"33":null,"34":null,"35":null,"36":null,"37":null,"38":null,"39":null,"40":null,"41":null,"42":null,"43":null,"44":null,"45":null,"46":null,"47":null,"48":null,"49":null,"50":null,"51":null,"52":null,"53":null,"54":null,"55":null,"56":null,"57":null,"58":0.01594,"60":null,"62":null,"63":null,"64":null,"65":null,"66":null,"67":null,"68":0.03187,"69":null,"70":0.27622,"71":0.02125},"ios_saf":{"3.2":0.03322,"4.0-4.1":0.05537,"4.2-4.3":0,"5.0-5.1":0.01107,"6.0-6.1":0.00554,"7.0-7.1":0.02215,"8":0,"8.1-8.4":0.03876,"9.0-9.2":0.02769,"9.3":0.32116,"10.0-10.2":0.0886,"10.3":0.42083,"11.0-11.2":0.26025,"11.3-11.4":0.38761,"12.0-12.1":0.6091,"12.2-12.4":3.80412,"13.0-13.1":0.58142,"13.2":0.30455,"13.3":2.22045,"13.4-13.7":5.9249,"14":6.40111},"safari":{"3.1":null,"3.2":null,"4":0,"5":null,"5.1":0.01062,"6":null,"6.1":null,"7":null,"7.1":null,"8":0.01062,"9":0.00531,"9.1":0.03187,"10":0.01062,"10.1":0.10093,"11":0.03718,"11.1":0.20717,"12":0.07968,"12.1":0.33997,"13":0.52058,"13.1":6.53907,"14":0.8393,"0":null},"edge":{"12":0.00531,"13":null,"14":0.01062,"15":0.01062,"16":0.02656,"17":0.06906,"18":0.52589,"79":null,"80":0.00531,"81":0.01594,"83":0.01062,"84":0.15405,"85":3.63341},"android":{"2.1":0,"2.2":0,"2.3":0.00053,"3":0,"4":0.02275,"4.1":0.02962,"4.2-4.3":0.01111,"4.4":0,"4.4.3-4.4.4":0.07194,"81":null},"samsung":{"4":0.17649,"5.0-5.4":0.01058,"6.2-6.4":0.0206,"7.2-7.4":0.01103,"8.2":0.01103,"9.2":0.07721,"10.1":0.07721,"11.1-11.2":0.15443,"12.0":3.24299},"ie":{"5.5":null,"6":null,"7":null,"8":0.00871,"9":0.01742,"10":null,"11":1.7162},"op_mob":{"10":null,"11":null,"11.1":null,"11.5":null,"12":null,"12.1":null,"0":null},"bb":{"7":0,"10":0},"ie_mob":{"10":0,"11":0},"and_ff":{"0":0.36098},"and_qq":{"10.4":0.1172},"and_uc":{"0":0.23909},"op_mini":{"0":0.2663},"and_chr":{"0":20.93554},"kaios":{"2.5":0},"baidu":{"0":null}},"total":99.13055}