{"id":"af","name":"Africa","month":"2019-06","access_date":"2019-07-05","data":{"chrome":{"4":null,"5":null,"6":null,"7":null,"8":null,"9":null,"10":null,"11":0.012348,"12":null,"13":null,"14":null,"15":null,"16":null,"17":null,"18":null,"19":0.049392,"20":null,"21":null,"22":0.004116,"23":null,"24":0.152292,"25":null,"26":0.028812,"27":null,"28":0.008232,"29":0.049392,"30":0.053508,"31":0.024696,"32":0.008232,"33":0.107016,"34":0.008232,"35":0.107016,"36":null,"37":0.004116,"38":0.012348,"39":0.004116,"40":0.045276,"41":0.016464,"42":null,"43":0.304584,"44":0.008232,"45":0.008232,"46":0.016464,"47":0.02058,"48":0.012348,"49":0.440412,"50":0.016464,"51":0.016464,"52":0.008232,"53":0.016464,"54":0.053508,"55":0.074088,"56":0.24696,"57":0.012348,"58":0.057624,"59":0.012348,"60":0.024696,"61":0.218148,"62":0.024696,"63":0.14406,"64":0.032928,"65":0.16464,"66":0.037044,"67":0.08232,"68":0.04116,"69":0.090552,"70":0.148176,"71":0.242844,"72":0.218148,"73":0.419832,"74":12.603192,"75":8.968764,"76":0.049392,"77":0.02058,"78":null},"firefox":{"2":0.049392,"3":0.008232,"3.5":null,"3.6":null,"4":null,"5":null,"6":null,"7":null,"8":null,"9":null,"10":null,"11":null,"12":null,"13":null,"14":null,"15":0.06174,"16":null,"17":null,"18":0.049392,"19":null,"20":null,"21":0.053508,"22":null,"23":0.049392,"24":null,"25":0.094668,"26":null,"27":null,"28":null,"29":null,"30":0.057624,"31":null,"32":null,"33":null,"34":0.008232,"35":0.008232,"36":0.004116,"37":0.004116,"38":0.008232,"39":0.004116,"40":0.008232,"41":0.008232,"42":0.008232,"43":0.045276,"44":0.012348,"45":0.016464,"46":0.004116,"47":0.053508,"48":0.069972,"49":0.012348,"50":0.012348,"51":0.049392,"52":0.2058,"53":0.008232,"54":0.008232,"55":0.008232,"56":0.032928,"57":0.016464,"58":0.012348,"59":0.008232,"60":0.098784,"61":0.016464,"62":0.024696,"63":0.024696,"64":0.028812,"65":0.04116,"66":0.201684,"67":3.091116,"68":0.197568,"69":null},"opera":{"9":null,"9.5-9.6":null,"10.0-10.1":0.045276,"10.5":null,"10.6":null,"11":null,"11.1":null,"11.5":null,"11.6":null,"12":null,"12.1":0.012348,"15":null,"16":null,"17":null,"18":null,"19":null,"20":null,"21":null,"22":null,"23":null,"24":null,"25":null,"26":null,"27":null,"28":null,"29":null,"30":null,"31":null,"32":null,"33":null,"34":null,"35":null,"36":0.012348,"37":null,"38":null,"39":null,"40":null,"41":null,"42":0.004116,"43":0.04116,"44":null,"45":null,"46":null,"47":null,"48":null,"49":null,"50":null,"51":null,"52":null,"53":null,"54":null,"55":null,"56":0.012348,"57":0.008232,"58":0.06174},"safari":{"3.1":null,"3.2":null,"4":0,"5":0.049392,"5.1":0.526848,"6":null,"6.1":null,"7":null,"7.1":null,"8":0.024696,"9":0.016464,"9.1":0.024696,"10":0.024696,"10.1":0.069972,"11":0.04116,"11.1":0.115248,"12":0.197568,"12.1":0.63798,"13":null,"0":null},"ios_saf":{"3.2":0.0064148506115901,"4.0-4.1":0.0078403729697213,"4.2-4.3":0.00071276117906557,"5.0-5.1":0.0078403729697213,"6.0-6.1":0.0021382835371967,"7.0-7.1":0.009978656506918,"8":0.00071276117906557,"8.1-8.4":0.01924455183477,"9.0-9.2":0.011404178865049,"9.3":0.11831835572488,"10.0-10.2":0.054169849608983,"10.3":0.14326499699218,"11.0-11.2":0.16322231000602,"11.3-11.4":0.3271573811911,"12.0-12.1":0.78189901343493,"12.2":5.4547613033888,"13":null},"android":{"2.1":0.0098242818428184,"2.2":0.023742014453478,"2.3":0.0032747606142728,"3":0.010642971996387,"4":0.14327077687444,"4.1":0.060583071364047,"4.2-4.3":0.3192891598916,"4.4":0,"4.4.3-4.4.4":0.33566296296296,"67":null},"edge":{"12":0.053508,"13":0.045276,"14":0.04116,"15":0.045276,"16":0.078204,"17":0.625632,"18":0.353976,"76":null},"op_mob":{"10":null,"11":null,"11.1":null,"11.5":null,"12":null,"12.1":null,"0":null},"ie":{"5.5":null,"6":0.0042367038123167,"7":0.021183519061584,"8":0.29233256304985,"9":0.13133781818182,"10":0.16099474486804,"11":0.83463065102639},"samsung":{"4":0.84149494897959,"5.0-5.4":0.083110612244898,"6.2-6.4":0.10388826530612,"7.2-7.4":0.32205362244898,"8.2":0.24933183673469,"9.2":2.4725407142857},"ie_mob":{"10":0.02354,"11":0.16478},"bb":{"7":0,"10":0.088275},"baidu":{"0":null},"and_ff":{"0":0.21186},"and_uc":{"0":1.68311},"and_qq":{"1.2":0.017655},"op_mini":{"0":9.5217581013746},"and_chr":{"0":38.131475},"kaios":{"2.5":0.01177}},"total":96.895085101375}