{"id":"sa","name":"South America","month":"2015-03","access_date":"2015-04-23","data":{"chrome":{"4":null,"5":0.007391,"6":0.014782,"7":null,"8":null,"9":null,"10":0.007391,"11":0.044346,"12":0.022173,"13":0.014782,"14":0.007391,"15":null,"16":null,"17":null,"18":0.036955,"19":null,"20":0.007391,"21":0.014782,"22":0.096083,"23":0.014782,"24":0.022173,"25":0.036955,"26":0.059128,"27":0.051737,"28":0.036955,"29":0.044346,"30":0.044346,"31":0.169993,"32":0.081301,"33":0.236512,"34":0.206948,"35":0.354768,"36":0.805619,"37":0.650408,"38":0.650408,"39":1.603847,"40":16.725833,"41":27.753205,"42":0.206948,"43":0.118256,"44":null,"45":null},"firefox":{"2":0.007391,"3":0.029564,"3.5":0.014782,"3.6":0.07391,"4":0.014782,"5":null,"6":0.007391,"7":null,"8":0.066519,"9":0.007391,"10":0.014782,"11":0.014782,"12":0.044346,"13":0.014782,"14":0.022173,"15":0.029564,"16":0.029564,"17":0.029564,"18":0.014782,"19":0.022173,"20":0.036955,"21":0.044346,"22":0.022173,"23":0.029564,"24":0.029564,"25":0.029564,"26":0.029564,"27":0.029564,"28":0.029564,"29":0.051737,"30":0.081301,"31":0.280858,"32":0.177384,"33":0.118256,"34":0.133038,"35":1.389508,"36":6.592772,"37":0.103474,"38":0.014782,"39":null,"40":null},"opera":{"9":null,"9.5-9.6":null,"10.0-10.1":0,"10.5":null,"10.6":null,"11":null,"11.1":null,"11.5":0.007391,"11.6":null,"12":0.007391,"12.1":0.051737,"15":null,"16":null,"17":null,"18":null,"19":null,"20":null,"21":null,"22":null,"23":null,"24":null,"25":0.007391,"26":0.007391,"27":0.192166,"28":0.376941,"29":null},"safari":{"3.1":null,"3.2":null,"4":0.014782,"5":0.036955,"5.1":0.096083,"6":0.029564,"6.1":0.066519,"7":0.184775,"7.1":0.169993,"8":0.51737},"android":{"2.1":0,"2.2":0,"2.3":0.1173541921,"3":0,"4":0.26012266784,"4.1":0.899217153482,"4.2-4.3":1.55849357025,"4.4":2.67074221895,"4.4.3-4.4.4":1.28790619738,"40":null},"ios_saf":{"3.2":0,"4.0-4.1":0,"4.2-4.3":0,"5.0-5.1":0.0103195197587,"6.0-6.1":0.0260333339367,"7.0-7.1":0.411608117647,"8":0.0825561580694,"8.1-8.3":1.80192887059},"op_mob":{"10":0,"11":0,"11.1":0,"11.5":0,"12":0.000347426329114,"12.1":0.00138970531646,"0":0.00868565822785},"ie":{"5.5":null,"6":0.0449368860759,"7":0.0674053291139,"8":2.20190741772,"9":1.16835903797,"10":1.09346422785,"11":6.65814862025,"0":null},"ie_mob":{"10":0.348052195556,"11":0.875568804444},"bb":{"7":0.0665295,"10":null},"and_uc":{"0":0.506146},"op_mini":{"5.0-8.0":1.36191121013},"and_chr":{"0":13.098833},"and_ff":{"0":0.151322}},"total":98.375883019}