{"id":"na","name":"North America","month":"2015-03","access_date":"2015-04-20","data":{"firefox":{"2":0.007169,"3":0.050183,"3.5":0.007169,"3.6":0.114704,"4":0.007169,"5":null,"6":0.050183,"7":null,"8":null,"9":null,"10":0.014338,"11":0.021507,"12":0.021507,"13":0.007169,"14":0.014338,"15":0.014338,"16":0.050183,"17":0.028676,"18":0.014338,"19":0.021507,"20":0.021507,"21":0.086028,"22":0.035845,"23":0.035845,"24":0.07169,"25":0.021507,"26":0.043014,"27":0.329774,"28":0.035845,"29":0.050183,"30":0.057352,"31":1.462476,"32":0.910463,"33":0.100366,"34":0.186394,"35":1.254575,"36":6.982606,"37":0.093197,"38":0.007169,"39":null,"40":null},"chrome":{"4":0.007169,"5":null,"6":null,"7":null,"8":null,"9":null,"10":0.043014,"11":0.064521,"12":0.014338,"13":0.014338,"14":0.014338,"15":0.007169,"16":null,"17":null,"18":0.028676,"19":null,"20":0.007169,"21":0.157718,"22":0.064521,"23":0.035845,"24":0.057352,"25":0.014338,"26":0.021507,"27":0.057352,"28":0.064521,"29":0.136211,"30":0.043014,"31":0.164887,"32":0.064521,"33":0.093197,"34":0.207901,"35":0.853111,"36":1.641701,"37":2.243897,"38":0.351281,"39":0.996491,"40":8.717504,"41":14.596084,"42":0.093197,"43":0.064521,"44":null},"opera":{"9":null,"9.5-9.6":null,"10.0-10.1":0.021507,"10.5":null,"10.6":null,"11":null,"11.1":0.014338,"11.5":0.021507,"11.6":0.007169,"12":0.014338,"12.1":0.086028,"15":null,"16":null,"17":null,"18":null,"19":null,"20":null,"21":null,"22":null,"23":null,"24":null,"25":null,"26":0.007169,"27":0.078859,"28":0.14338,"29":null},"safari":{"3.1":null,"3.2":null,"4":0.100366,"5":0.186394,"5.1":0.652379,"6":0.114704,"6.1":0.559182,"7":1.36211,"7.1":1.333434,"8":2.666868},"android":{"2.1":0,"2.2":0,"2.3":0.0581929508197,"3":0,"4":0.128988196721,"4.1":0.445898852459,"4.2-4.3":0.772817213115,"4.4":1.32435295082,"4.4.3-4.4.4":0.638639836066,"40":null},"ios_saf":{"3.2":0,"4.0-4.1":0,"4.2-4.3":0,"5.0-5.1":0.0575036022122,"6.0-6.1":0.145065905581,"7.0-7.1":2.29360958824,"8":0.460028817697,"8.1-8.3":10.0409130863},"op_mob":{"10":0,"11":0,"11.1":0,"11.5":0,"12":8.60050632911e-5,"12.1":0.000344020253165,"0":0.00215012658228},"ie":{"5.5":null,"6":0.0744524653947,"7":0.111678698092,"8":3.09722256042,"9":2.44204086495,"10":1.92087360718,"11":12.2325400643,"0":null},"ie_mob":{"10":0.143336675556,"11":0.360581324444},"bb":{"7":0.0580355,"10":null},"and_uc":{"0":0.234973},"op_mini":{"5.0-8.0":0.337139848101},"and_chr":{"0":10.654797},"and_ff":{"0":0.121733}},"total":98.6994457604}