{"id":"eu","name":"Europe","month":"2020-10","access_date":"2020-11-03","data":{"firefox":{"2":null,"3":null,"3.5":null,"3.6":null,"4":null,"5":null,"6":null,"7":null,"8":null,"9":null,"10":null,"11":null,"12":null,"13":null,"14":null,"15":null,"16":null,"17":null,"18":null,"19":null,"20":null,"21":null,"22":null,"23":null,"24":null,"25":null,"26":null,"27":null,"28":null,"29":null,"30":null,"31":null,"32":null,"33":null,"34":null,"35":null,"36":null,"37":null,"38":0.00561,"39":null,"40":null,"41":null,"42":null,"43":0.00561,"44":0.00561,"45":0.01682,"46":null,"47":0.01121,"48":0.02803,"49":0.00561,"50":0.01121,"51":0.01121,"52":0.16255,"53":0.00561,"54":0.00561,"55":0.00561,"56":0.03363,"57":0.01121,"58":0.00561,"59":0.01121,"60":0.02803,"61":0.00561,"62":0.01121,"63":0.01682,"64":0.01682,"65":0.01682,"66":0.02242,"67":0.01121,"68":0.07847,"69":0.01121,"70":0.01121,"71":0.00561,"72":0.03363,"73":0.01121,"74":0.01121,"75":0.01121,"76":0.01682,"77":0.03363,"78":0.25223,"79":0.05045,"80":0.18497,"81":4.35509,"82":0.65579,"83":0.01121,"84":null},"chrome":{"4":null,"5":null,"6":null,"7":null,"8":null,"9":null,"10":null,"11":null,"12":null,"13":null,"14":null,"15":null,"16":null,"17":null,"18":null,"19":null,"20":null,"21":null,"22":0.01682,"23":null,"24":null,"25":null,"26":null,"27":null,"28":null,"29":null,"30":null,"31":null,"32":null,"33":null,"34":0.00561,"35":null,"36":null,"37":null,"38":0.01682,"39":null,"40":0.01682,"41":null,"42":null,"43":0.00561,"44":null,"45":null,"46":0.00561,"47":0.01121,"48":0.01682,"49":0.37554,"50":0.01121,"51":0.01121,"52":0.01682,"53":0.02803,"54":0.03924,"55":0.00561,"56":0.01121,"57":0.01121,"58":0.01682,"59":0.01121,"60":0.02803,"61":0.05045,"62":0.01121,"63":0.02803,"64":0.02242,"65":0.04484,"66":0.03924,"67":0.03924,"68":0.02242,"69":0.10089,"70":0.10089,"71":0.13452,"72":0.11771,"73":0.06726,"74":0.06726,"75":0.07287,"76":0.07287,"77":0.06166,"78":0.08968,"79":0.14573,"80":0.2242,"81":0.14573,"83":0.27465,"84":0.46522,"85":13.25583,"86":18.98974,"87":0.02242,"88":0.01121,"89":null},"opera":{"9":null,"9.5-9.6":null,"10.0-10.1":0,"10.5":null,"10.6":null,"11":null,"11.1":null,"11.5":null,"11.6":null,"12":null,"12.1":0.01121,"15":null,"16":null,"17":null,"18":null,"19":null,"20":null,"21":null,"22":null,"23":null,"24":null,"25":null,"26":null,"27":null,"28":null,"29":null,"30":null,"31":null,"32":null,"33":null,"34":null,"35":null,"36":0.01682,"37":null,"38":null,"39":null,"40":0.00561,"41":null,"42":null,"43":null,"44":null,"45":null,"46":null,"47":null,"48":null,"49":null,"50":null,"51":null,"52":null,"53":null,"54":null,"55":null,"56":null,"57":null,"58":0.00561,"60":null,"62":null,"63":null,"64":null,"65":null,"66":null,"67":null,"68":0.01682,"69":null,"70":0.20739,"71":1.68711,"72":0.03363},"ios_saf":{"3.2":0.01371,"4.0-4.1":0.01175,"4.2-4.3":0.00196,"5.0-5.1":0.00979,"6.0-6.1":0.00587,"7.0-7.1":0.01371,"8":0,"8.1-8.4":0.04503,"9.0-9.2":0.02545,"9.3":0.32503,"10.0-10.2":0.05482,"10.3":0.30153,"11.0-11.2":0.11356,"11.3-11.4":0.19384,"12.0-12.1":0.19776,"12.2-12.4":1.97171,"13.0-13.1":0.16251,"13.2":0.08028,"13.3":0.6109,"13.4-13.7":3.2542,"14":5.72127},"safari":{"3.1":null,"3.2":null,"4":0,"5":null,"5.1":0.05605,"6":null,"6.1":null,"7":null,"7.1":null,"8":0.00561,"9":0.00561,"9.1":0.01682,"10":0.01121,"10.1":0.04484,"11":0.02242,"11.1":0.14573,"12":0.05605,"12.1":0.24662,"13":0.31388,"13.1":2.43257,"14":2.15793,"0":null},"edge":{"12":0.01121,"13":0.00561,"14":0.01121,"15":0.01121,"16":0.02242,"17":0.06166,"18":0.43159,"79":null,"80":null,"81":0.00561,"83":0.00561,"84":0.02242,"85":1.17705,"86":2.25882},"android":{"2.1":0,"2.2":0,"2.3":0.00024,"3":0,"4":0.02963,"4.1":0.01493,"4.2-4.3":0.00664,"4.4":0,"4.4.3-4.4.4":0.05404,"81":null},"samsung":{"4":0.12714,"5.0-5.4":0.02054,"6.2-6.4":0.02054,"7.2-7.4":0.0106,"8.2":0.0106,"9.2":0.07417,"10.1":0.05298,"11.1-11.2":0.13774,"12.0":3.32693},"op_mob":{"10":null,"11":null,"11.1":null,"11.5":null,"12":null,"12.1":null,"0":null},"ie":{"5.5":null,"6":0.03652,"7":0.01217,"8":0.0487,"9":0.02435,"10":0.01826,"11":0.99221},"bb":{"7":0,"10":0},"ie_mob":{"10":0,"11":0},"kaios":{"2.5":0},"baidu":{"0":null},"and_ff":{"0":0.29447},"and_qq":{"10.4":0.01319},"and_uc":{"0":0.14504},"op_mini":{"0":0.32871},"and_chr":{"0":26.54463}},"total":98.52811}