{"id":"oc","name":"Oceania","month":"2016-09","access_date":"2016-10-03","data":{"firefox":{"2":null,"3":null,"3.5":null,"3.6":0.01151,"4":null,"5":null,"6":null,"7":null,"8":null,"9":null,"10":null,"11":null,"12":null,"13":null,"14":null,"15":null,"16":0.01151,"17":null,"18":null,"19":null,"20":0.01151,"21":null,"22":null,"23":null,"24":0.005755,"25":null,"26":null,"27":null,"28":0.005755,"29":0.005755,"30":0.005755,"31":0.01151,"32":0.005755,"33":0.01151,"34":0.040285,"35":0.01151,"36":0.01151,"37":0.028775,"38":0.109345,"39":0.03453,"40":0.02302,"41":0.03453,"42":0.03453,"43":0.08057,"44":0.040285,"45":0.18416,"46":0.063305,"47":0.638805,"48":4.494655,"49":1.122225,"50":0.02302,"51":null,"52":null},"chrome":{"4":null,"5":null,"6":null,"7":null,"8":null,"9":null,"10":null,"11":0.017265,"12":null,"13":null,"14":null,"15":null,"16":null,"17":null,"18":0.005755,"19":null,"20":null,"21":null,"22":0.017265,"23":null,"24":null,"25":null,"26":0.028775,"27":null,"28":null,"29":0.005755,"30":0.01151,"31":0.12661,"32":0.01151,"33":0.040285,"34":0.040285,"35":0.02302,"36":0.02302,"37":0.02302,"38":0.04604,"39":0.063305,"40":0.040285,"41":0.051795,"42":0.08057,"43":0.120855,"44":0.097835,"45":0.31077,"46":0.097835,"47":0.155385,"48":0.13812,"49":1.34667,"50":0.293505,"51":0.880515,"52":15.36585,"53":11.941625,"54":0.074815,"55":0.04604,"56":null},"opera":{"9":null,"9.5-9.6":null,"10.0-10.1":0,"10.5":null,"10.6":null,"11":null,"11.1":null,"11.5":null,"11.6":null,"12":null,"12.1":0.02302,"15":null,"16":null,"17":null,"18":null,"19":null,"20":null,"21":null,"22":null,"23":null,"24":null,"25":null,"26":null,"27":null,"28":0.005755,"29":null,"30":null,"31":null,"32":null,"33":null,"34":0.01151,"35":null,"36":0.01151,"37":0.02302,"38":0.01151,"39":0.13812,"40":0.028775,"41":null},"safari":{"3.1":null,"3.2":null,"4":0.005755,"5":0.04604,"5.1":0.155385,"6":0.017265,"6.1":0.120855,"7":0.074815,"7.1":0.02302,"8":0.431625,"9":0.6906,"9.1":3.61414,"10":0.500685,"0":null},"ios_saf":{"3.2":0,"4.0-4.1":0,"4.2-4.3":0,"5.0-5.1":0,"6.0-6.1":0,"7.0-7.1":0.33523415978,"8":0,"8.1-8.4":0.701756841139,"9.0-9.2":0.840320293848,"9.3":13.930096786,"10":6.09679191919},"android":{"2.1":0,"2.2":0,"2.3":0.0033919858156,"3":0,"4":0.0245918971631,"4.1":0.0881916312057,"4.2-4.3":0.21963108156,"4.4":0.519821826241,"4.4.3-4.4.4":0.579181578014,"52":null},"ie":{"5.5":null,"6":0.00584318145161,"7":0.0116863629032,"8":0.239570439516,"9":0.303845435484,"10":0.303845435484,"11":6.36906778226},"op_mob":{"10":0,"11":0,"11.1":0,"11.5":0,"12":0,"12.1":0.000510387209302,"0":0.0214362627907},"edge":{"12":0.12661,"13":2.20992,"14":0.82872},"ie_mob":{"10":0.0802044134078,"11":0.297600586592},"bb":{"7":0.00849,"10":null},"samsung":{"0":4.342635},"and_uc":{"0":1.59612},"op_mini":{"0":0.30491835},"and_chr":{"0":13.93532},"and_ff":{"0":0.046695}},"total":98.8927286371}