{"id":"as","name":"Asia","month":"2020-04","access_date":"2020-05-07","data":{"chrome":{"4":null,"5":null,"6":null,"7":null,"8":null,"9":null,"10":null,"11":0.00358,"12":null,"13":0.01792,"14":null,"15":null,"16":null,"17":null,"18":null,"19":null,"20":null,"21":null,"22":0.00717,"23":null,"24":null,"25":null,"26":0.00358,"27":null,"28":null,"29":null,"30":null,"31":0.01792,"32":null,"33":0.00358,"34":0.01433,"35":null,"36":0.00717,"37":null,"38":0.043,"39":null,"40":0.00717,"41":0.00717,"42":0.00358,"43":0.00717,"44":null,"45":0.01792,"46":null,"47":0.0215,"48":0.043,"49":0.24364,"50":0.00358,"51":0.00717,"52":null,"53":0.06091,"54":0.00717,"55":0.02866,"56":0.01433,"57":0.03941,"58":0.02508,"59":0.00717,"60":0.01075,"61":0.01792,"62":0.02866,"63":0.06449,"64":0.01075,"65":0.03225,"66":0.01792,"67":0.043,"68":0.0215,"69":0.13257,"70":0.09316,"71":0.13974,"72":0.16482,"73":0.13257,"74":0.1899,"75":0.11466,"76":0.09316,"77":0.11107,"78":0.17557,"79":0.27231,"80":15.03069,"81":7.85752,"83":0.03225,"84":0.01433,"85":null},"firefox":{"2":null,"3":null,"3.5":null,"3.6":null,"4":0.00358,"5":null,"6":null,"7":null,"8":null,"9":null,"10":null,"11":null,"12":null,"13":null,"14":null,"15":null,"16":null,"17":0.00358,"18":null,"19":null,"20":null,"21":null,"22":null,"23":null,"24":null,"25":null,"26":null,"27":null,"28":null,"29":null,"30":null,"31":null,"32":null,"33":0.05016,"34":null,"35":null,"36":0.00717,"37":null,"38":null,"39":null,"40":null,"41":null,"42":null,"43":0.03583,"44":null,"45":0.00358,"46":null,"47":0.01075,"48":0.01075,"49":0.00358,"50":0.00358,"51":0.00358,"52":0.09316,"53":0.00717,"54":0.00717,"55":0.01075,"56":0.02508,"57":0.01075,"58":0.00717,"59":0.00717,"60":0.01433,"61":0.00717,"62":0.00717,"63":0.01433,"64":0.01075,"65":0.01433,"66":0.01433,"67":0.00717,"68":0.04658,"69":0.01075,"70":0.01433,"71":0.01433,"72":0.04658,"73":0.02866,"74":0.73093,"75":1.29705,"76":0.06449,"77":null,"78":null},"opera":{"9":null,"9.5-9.6":null,"10.0-10.1":0,"10.5":null,"10.6":null,"11":null,"11.1":null,"11.5":null,"11.6":null,"12":null,"12.1":null,"15":null,"16":null,"17":null,"18":null,"19":null,"20":null,"21":null,"22":null,"23":null,"24":null,"25":null,"26":null,"27":null,"28":null,"29":null,"30":null,"31":null,"32":null,"33":null,"34":null,"35":null,"36":0.00717,"37":null,"38":null,"39":null,"40":null,"41":null,"42":null,"43":null,"44":null,"45":null,"46":null,"47":null,"48":null,"49":null,"50":null,"51":null,"52":null,"53":null,"54":null,"55":null,"56":null,"57":0.00358,"58":0.00717,"60":null,"62":null,"63":null,"64":null,"65":0.00358,"66":0.00717,"67":0.53028,"68":0.01075},"ios_saf":{"3.2":0.00094,"4.0-4.1":0,"4.2-4.3":0.00187,"5.0-5.1":0.00935,"6.0-6.1":0.00281,"7.0-7.1":0.00935,"8":0.00094,"8.1-8.4":0.0131,"9.0-9.2":0.01122,"9.3":0.13469,"10.0-10.2":0.03461,"10.3":0.11879,"11.0-11.2":0.0767,"11.3-11.4":0.13002,"12.0-12.1":0.16088,"12.2-12.4":1.05416,"13.0-13.1":0.22449,"13.2":0.10944,"13.3":6.12855,"13.4":1.13554},"safari":{"3.1":null,"3.2":null,"4":0,"5":null,"5.1":0.15765,"6":0.02508,"6.1":null,"7":null,"7.1":null,"8":0.00717,"9":0.00358,"9.1":0.01075,"10":0.00717,"10.1":0.043,"11":0.0215,"11.1":0.07883,"12":0.06091,"12.1":0.19348,"13":0.96741,"13.1":0.5482,"0":null},"android":{"2.1":0,"2.2":0.0028,"2.3":0.00093,"3":0.00093,"4":0.00839,"4.1":0.01864,"4.2-4.3":0.03914,"4.4":0,"4.4.3-4.4.4":0.26933,"81":null},"edge":{"12":0.01075,"13":0.01075,"14":0.01075,"15":0.00717,"16":0.01792,"17":0.06449,"18":0.93516,"79":null,"80":null,"81":null},"samsung":{"4":0.43968,"5.0-5.4":0.03068,"6.2-6.4":0.02045,"7.2-7.4":0.15338,"8.2":0.0409,"9.2":0.27608,"10.1":0.47035,"11.1":2.46423},"op_mob":{"10":null,"11":null,"11.1":null,"11.5":null,"12":null,"12.1":null,"0":null},"ie":{"5.5":null,"6":null,"7":null,"8":0.12678,"9":0.07848,"10":0.0483,"11":1.62394},"ie_mob":{"10":0,"11":0.01925},"bb":{"7":0,"10":0},"baidu":{"0":null},"and_ff":{"0":0.15403},"and_uc":{"0":4.69156},"and_qq":{"1.2":0.51986},"kaios":{"2.5":0.16687},"op_mini":{"0":1.0694},"and_chr":{"0":43.96794}},"total":97.92347}