{"id":"as","name":"Asia","month":"2022-02","access_date":"2022-03-03","data":{"firefox":{"2":null,"3":null,"3.5":null,"3.6":null,"4":null,"5":null,"6":null,"7":null,"8":null,"9":null,"10":null,"11":null,"12":null,"13":null,"14":null,"15":null,"16":null,"17":null,"18":null,"19":null,"20":null,"21":null,"22":null,"23":null,"24":null,"25":null,"26":null,"27":null,"28":null,"29":null,"30":null,"31":null,"32":null,"33":null,"34":0.00647,"35":null,"36":0.01294,"37":null,"38":null,"39":null,"40":null,"41":null,"42":null,"43":0.09384,"44":null,"45":null,"46":null,"47":0.00324,"48":null,"49":null,"50":null,"51":null,"52":0.06148,"53":null,"54":null,"55":null,"56":0.00971,"57":null,"58":null,"59":null,"60":0.00324,"61":null,"62":null,"63":null,"64":null,"65":null,"66":null,"67":null,"68":0.00324,"69":null,"70":null,"71":null,"72":0.00647,"73":null,"74":null,"75":0.00647,"76":null,"77":null,"78":0.01618,"79":0.00324,"80":0.00324,"81":0.00324,"82":0.00324,"83":null,"84":0.00971,"85":null,"86":null,"87":0.01294,"88":0.00971,"89":0.00971,"90":0.00647,"91":0.02265,"92":0.00647,"93":0.00647,"94":0.01294,"95":0.02589,"96":0.48864,"97":0.83165,"98":0.02912,"99":null},"chrome":{"4":null,"5":null,"6":null,"7":null,"8":null,"9":null,"10":null,"11":null,"12":null,"13":null,"14":null,"15":null,"16":null,"17":null,"18":null,"19":null,"20":null,"21":null,"22":0.00971,"23":null,"24":null,"25":null,"26":0.00324,"27":null,"28":null,"29":null,"30":null,"31":null,"32":null,"33":null,"34":0.01618,"35":0.00324,"36":null,"37":null,"38":0.0356,"39":null,"40":null,"41":null,"42":0.00647,"43":null,"44":null,"45":null,"46":null,"47":0.01294,"48":0.00971,"49":0.05501,"50":null,"51":null,"52":null,"53":0.02265,"54":null,"55":0.00971,"56":0.00971,"57":0.00971,"58":0.00647,"59":null,"60":null,"61":0.00647,"62":0.01294,"63":0.01294,"64":0.00647,"65":0.00971,"66":0.00647,"67":0.00971,"68":0.00971,"69":0.0809,"70":0.05825,"71":0.02265,"72":0.05178,"73":0.00971,"74":0.0356,"75":0.03236,"76":0.01294,"77":0.01942,"78":0.02912,"79":0.18122,"80":0.03883,"81":0.03236,"83":0.0453,"84":0.0453,"85":0.03883,"86":0.06472,"87":0.11002,"88":0.02912,"89":0.06148,"90":0.0356,"91":0.05501,"92":0.09384,"93":0.14562,"94":0.07443,"95":0.0809,"96":0.40126,"97":5.80538,"98":14.57818,"99":0.01618,"100":0.01618,"101":null},"opera":{"9":null,"9.5-9.6":null,"10.0-10.1":0,"10.5":null,"10.6":null,"11":null,"11.1":null,"11.5":null,"11.6":null,"12":null,"12.1":null,"15":null,"16":null,"17":null,"18":null,"19":null,"20":null,"21":null,"22":null,"23":null,"24":null,"25":null,"26":null,"27":null,"28":0.00971,"29":null,"30":null,"31":null,"32":null,"33":null,"34":null,"35":null,"36":0.00647,"37":null,"38":null,"39":null,"40":0.00647,"41":null,"42":null,"43":null,"44":null,"45":null,"46":0.01942,"47":null,"48":null,"49":null,"50":null,"51":null,"52":null,"53":null,"54":null,"55":null,"56":null,"57":null,"58":null,"60":null,"62":null,"63":null,"64":null,"65":null,"66":null,"67":null,"68":null,"69":null,"70":null,"71":null,"72":null,"73":null,"74":null,"75":null,"76":null,"77":null,"78":null,"79":0.00324,"80":0.00324,"81":null,"82":0.0809,"83":0.37538},"edge":{"12":0.00324,"13":null,"14":0.00324,"15":null,"16":0.00324,"17":0.00647,"18":0.02589,"79":null,"80":null,"81":null,"83":null,"84":0.00647,"85":0.00324,"86":0.00324,"87":null,"88":null,"89":0.00971,"90":0.00324,"91":0.00324,"92":0.00971,"93":null,"94":0.00647,"95":0.00971,"96":0.02912,"97":0.48864,"98":1.86717},"safari":{"3.1":null,"3.2":null,"4":0,"5":null,"5.1":0.01942,"6":null,"6.1":null,"7":null,"7.1":null,"8":null,"9":null,"9.1":0.01294,"10":null,"10.1":0.00647,"11":null,"11.1":0.01294,"12":0.00324,"12.1":0.02265,"13":0.0356,"13.1":0.10355,"14":0.13268,"14.1":0.46922,"15":0.07119,"15.1":0.21358,"15.2-15.3":0.41744,"15.4":0.00324,"0":null},"ios_saf":{"3.2":0,"4.0-4.1":0,"4.2-4.3":0.0052,"5.0-5.1":0.00623,"6.0-6.1":0.00623,"7.0-7.1":0.02598,"8":0.00104,"8.1-8.4":0.01143,"9.0-9.2":0.02182,"9.3":0.07481,"10.0-10.2":0.04156,"10.3":0.08416,"11.0-11.2":0.10287,"11.3-11.4":0.03117,"12.0-12.1":0.04156,"12.2-12.5":0.51121,"13.0-13.1":0.0426,"13.2":0.01455,"13.3":0.07585,"13.4-13.7":0.24418,"14.0-14.4":0.77617,"14.5-14.8":1.99083,"15.0-15.1":1.62716,"15.2-15.3":4.62483,"15.4":0.02805},"samsung":{"4":0.34125,"5.0-5.4":0.01028,"6.2-6.4":0.0302,"7.2-7.4":0.10341,"8.2":0.02019,"9.2":0.03102,"10.1":0.02055,"11.1-11.2":0.09307,"12.0":0.04136,"13.0":0.14477,"14.0":0.15511,"15.0":0.15511,"16.0":1.98545},"android":{"2.1":0,"2.2":0,"2.3":0,"3":0,"4":0.03949,"4.1":0.02962,"4.2-4.3":0.09872,"4.4":0,"4.4.3-4.4.4":0.56269,"0":0},"ie":{"5.5":null,"6":null,"7":null,"8":0.02586,"9":0.01724,"10":0.00862,"11":0.99998},"op_mob":{"10":null,"11":null,"11.1":null,"11.5":null,"12":null,"12.1":null,"0":null},"bb":{"7":0,"10":0},"ie_mob":{"10":0.04242,"11":0.03845},"baidu":{"0":null},"and_ff":{"0":0.17586},"and_qq":{"10.4":0.4126},"and_uc":{"0":1.92098},"op_mini":{"0":1.10144},"and_chr":{"0":49.86406},"kaios":{"2.5":0.2435}},"total":97.90969}