{"id":"sa","name":"South America","month":"2014-09","access_date":"2014-10-01","data":{"chrome":{"4":null,"5":0.008078,"6":0.024234,"7":null,"8":0.008078,"9":null,"10":0.016156,"11":0.064624,"12":0.032312,"13":0.032312,"14":0.016156,"15":0.008078,"16":0.008078,"17":null,"18":0.064624,"19":null,"20":0.016156,"21":0.032312,"22":0.096936,"23":0.032312,"24":0.032312,"25":0.048468,"26":0.08078,"27":0.088858,"28":0.072702,"29":0.137326,"30":0.08078,"31":0.468524,"32":0.355432,"33":1.340948,"34":0.896658,"35":2.067968,"36":7.464072,"37":41.690558,"38":0.250418,"39":0.210028,"40":null},"firefox":{"2":0.008078,"3":0.048468,"3.5":0.024234,"3.6":0.137326,"4":0.024234,"5":0.016156,"6":0.016156,"7":0.016156,"8":0.096936,"9":0.016156,"10":0.024234,"11":0.024234,"12":0.088858,"13":0.024234,"14":0.04039,"15":0.04039,"16":0.048468,"17":0.064624,"18":0.024234,"19":0.032312,"20":0.056546,"21":0.048468,"22":0.04039,"23":0.04039,"24":0.072702,"25":0.064624,"26":0.072702,"27":0.088858,"28":0.072702,"29":0.137326,"30":0.298886,"31":3.336214,"32":5.678834,"33":0.096936,"34":0.008078,"35":null},"opera":{"9":null,"9.5-9.6":null,"10.0-10.1":0,"10.5":null,"10.6":null,"11":null,"11.1":null,"11.5":null,"11.6":null,"12":null,"12.1":0.056546,"15":null,"16":null,"17":null,"18":0.008078,"19":null,"20":0.024234,"21":0.016156,"22":0.016156,"23":0.064624,"24":0.460446,"25":0.008078,"26":null},"safari":{"3.1":null,"3.2":null,"4":0.032312,"5":0.056546,"5.1":0.193872,"6":0.072702,"6.1":0.16156,"7":0.549304,"7.1":0.056546,"8":0.016156},"android":{"2.1":0.00516885514486,"2.2":0.036181986014,"2.3":0.589249486513,"3":0,"4":0.496210093906,"4.1":1.29738264136,"4.2-4.3":1.48346142657,"4.4":1.26636951049,"4.4.3":null},"op_mob":{"10":0,"11":0,"11.1":0,"11.5":0,"12":0.00342024233422,"12.1":0.0188113328382,"0":null},"ie":{"5.5":null,"6":0.0582272081218,"7":0.0665453807107,"8":2.66181522843,"9":1.66363451777,"10":2.13777035533,"11":4.87444913706},"ios_saf":{"3.2":0,"4.0-4.1":0,"4.2-4.3":0,"5.0-5.1":0.0162371507985,"6.0-6.1":0.0720662583384,"7.0-7.1":1.63594854963,"8":0.476438041237},"bb":{"7":0.059582,"10":null},"and_chr":{"0":8.281898},"and_ff":{"0":0.109554},"ie_mob":{"10":0.4982785},"op_mini":{"5.0-7.0":1.12904642483},"and_uc":{"0":0.213342}},"total":97.6202163274}