{"id":"as","name":"Asia","month":"2019-08","access_date":"2019-09-04","data":{"chrome":{"4":null,"5":null,"6":null,"7":null,"8":null,"9":null,"10":null,"11":0.00725,"12":null,"13":0.010875,"14":null,"15":null,"16":null,"17":null,"18":null,"19":null,"20":null,"21":null,"22":0.003625,"23":null,"24":null,"25":0.003625,"26":0.00725,"27":null,"28":0.003625,"29":0.0145,"30":0.00725,"31":0.032625,"32":0.00725,"33":0.0145,"34":0.0145,"35":null,"36":0.02175,"37":0.003625,"38":0.029,"39":0.003625,"40":0.0145,"41":0.03625,"42":0.00725,"43":0.018125,"44":0.00725,"45":0.018125,"46":0.010875,"47":0.0145,"48":0.054375,"49":0.29725,"50":0.010875,"51":0.0145,"52":0.00725,"53":0.025375,"54":0.032625,"55":0.07975,"56":0.02175,"57":0.05075,"58":0.047125,"59":0.02175,"60":0.02175,"61":0.203,"62":0.05075,"63":0.5655,"64":0.02175,"65":0.06525,"66":0.039875,"67":0.1015,"68":0.05075,"69":0.23925,"70":0.119625,"71":0.1595,"72":0.16675,"73":0.26825,"74":0.348,"75":6.1915,"76":15.892,"77":0.054375,"78":0.029,"79":null},"firefox":{"2":null,"3":null,"3.5":null,"3.6":null,"4":null,"5":null,"6":null,"7":null,"8":null,"9":null,"10":null,"11":null,"12":null,"13":null,"14":null,"15":null,"16":null,"17":null,"18":null,"19":null,"20":null,"21":null,"22":null,"23":null,"24":null,"25":null,"26":null,"27":null,"28":null,"29":null,"30":null,"31":0.010875,"32":null,"33":0.010875,"34":null,"35":0.0435,"36":0.00725,"37":null,"38":null,"39":null,"40":0.003625,"41":0.003625,"42":0.003625,"43":0.018125,"44":0.00725,"45":0.00725,"46":null,"47":0.047125,"48":0.029,"49":0.00725,"50":0.010875,"51":0.00725,"52":0.116,"53":0.00725,"54":0.00725,"55":0.018125,"56":0.039875,"57":0.02175,"58":0.0145,"59":0.010875,"60":0.05075,"61":0.010875,"62":0.010875,"63":0.0145,"64":0.018125,"65":0.054375,"66":0.054375,"67":0.06525,"68":1.9575,"69":0.141375,"70":null,"71":null},"opera":{"9":null,"9.5-9.6":null,"10.0-10.1":0,"10.5":null,"10.6":null,"11":null,"11.1":null,"11.5":null,"11.6":null,"12":null,"12.1":0.010875,"15":null,"16":null,"17":null,"18":null,"19":null,"20":null,"21":null,"22":null,"23":null,"24":null,"25":null,"26":null,"27":null,"28":null,"29":null,"30":null,"31":0.003625,"32":null,"33":null,"34":null,"35":null,"36":0.003625,"37":null,"38":null,"39":null,"40":null,"41":null,"42":null,"43":0.003625,"44":null,"45":null,"46":null,"47":null,"48":null,"49":null,"50":null,"51":null,"52":null,"53":0.0145,"54":null,"55":null,"56":0.003625,"57":0.003625,"58":0.00725,"60":0.00725,"62":0.52925},"safari":{"3.1":null,"3.2":null,"4":0,"5":null,"5.1":0.395125,"6":0.003625,"6.1":null,"7":null,"7.1":null,"8":0.0145,"9":0.0145,"9.1":0.018125,"10":0.0145,"10.1":0.054375,"11":0.029,"11.1":0.1015,"12":0.134125,"12.1":0.70325,"13":0.010875,"0":null},"ios_saf":{"3.2":0.0021164948969382,"4.0-4.1":0.0014109965979588,"4.2-4.3":0,"5.0-5.1":0.0056439863918351,"6.0-6.1":0.0021164948969382,"7.0-7.1":0.009171477886732,"8":0.00070549829897939,"8.1-8.4":0.010582474484691,"9.0-9.2":0.0098769761857114,"9.3":0.10300275165099,"10.0-10.2":0.045151891134681,"10.3":0.11711271763058,"11.0-11.2":0.13616117170302,"11.3-11.4":0.23634193015809,"12.0-12.1":0.45292990794477,"12.2-12.3":5.8457589053432,"13":0.072666324794877},"android":{"2.1":0,"2.2":0.003298623853211,"2.3":0.0027488532110092,"3":0.0010995412844037,"4":0.024739678899083,"4.1":0.094560550458716,"4.2-4.3":0.26663876146789,"4.4":0,"4.4.3-4.4.4":0.20616399082569,"67":null},"edge":{"12":0.0145,"13":0.010875,"14":0.018125,"15":0.018125,"16":0.03625,"17":0.445875,"18":0.482125,"76":null},"op_mob":{"10":null,"11":null,"11.1":null,"11.5":null,"12":null,"12.1":null,"0":null},"ie":{"5.5":null,"6":0.0079052478134111,"7":0.0039526239067055,"8":0.12648396501458,"9":0.023715743440233,"10":0.039526239067055,"11":1.154166180758},"samsung":{"4":0.77545300261097,"5.0-5.4":0.051016644908616,"6.2-6.4":0.071423302872063,"7.2-7.4":0.22447323759791,"8.2":0.15304993472585,"9.2":2.6324588772846},"ie_mob":{"10":0,"11":0.06375},"bb":{"7":0,"10":0.01275},"and_chr":{"0":43.023875},"baidu":{"0":null},"and_ff":{"0":0.11475},"and_uc":{"0":7.197375},"kaios":{"2.5":0.707625},"and_qq":{"1.2":0.401625},"op_mini":{"0":2.0580844072165}},"total":97.994709407216}