{"id":"an","name":"Antarctica","month":"2016-08","access_date":"2016-09-04","data":{"chrome":{"4":null,"5":null,"6":null,"7":null,"8":null,"9":null,"10":null,"11":null,"12":null,"13":null,"14":null,"15":null,"16":null,"17":null,"18":null,"19":null,"20":null,"21":null,"22":null,"23":null,"24":null,"25":null,"26":null,"27":null,"28":null,"29":null,"30":null,"31":null,"32":null,"33":null,"34":null,"35":0.03533,"36":null,"37":null,"38":null,"39":null,"40":null,"41":null,"42":null,"43":null,"44":null,"45":null,"46":null,"47":null,"48":null,"49":0.699534,"50":0.10599,"51":10.026654,"52":25.635448,"53":0.03533,"54":0.03533,"55":null},"firefox":{"2":null,"3":null,"3.5":null,"3.6":null,"4":null,"5":null,"6":null,"7":null,"8":null,"9":null,"10":null,"11":null,"12":null,"13":null,"14":null,"15":null,"16":null,"17":null,"18":null,"19":null,"20":null,"21":null,"22":null,"23":null,"24":null,"25":null,"26":null,"27":0.07066,"28":null,"29":null,"30":null,"31":0.03533,"32":null,"33":null,"34":null,"35":null,"36":null,"37":null,"38":0.10599,"39":null,"40":null,"41":null,"42":0.381564,"43":null,"44":null,"45":0.452224,"46":null,"47":3.879234,"48":9.1858,"49":null,"50":null,"51":null},"opera":{"9":null,"9.5-9.6":null,"10.0-10.1":0,"10.5":null,"10.6":null,"11":null,"11.1":null,"11.5":null,"11.6":null,"12":null,"12.1":null,"15":null,"16":null,"17":null,"18":null,"19":null,"20":null,"21":null,"22":null,"23":null,"24":null,"25":null,"26":null,"27":null,"28":null,"29":null,"30":null,"31":null,"32":null,"33":null,"34":null,"35":null,"36":null,"37":0.14132,"38":null,"39":0.03533,"40":null,"41":null},"safari":{"3.1":null,"3.2":null,"4":0,"5":null,"5.1":0.452224,"6":null,"6.1":0.03533,"7":null,"7.1":null,"8":0.24731,"9":1.639312,"9.1":7.857392,"10":null,"0":null},"ios_saf":{"3.2":0,"4.0-4.1":0,"4.2-4.3":0,"5.0-5.1":0,"6.0-6.1":0,"7.0-7.1":0.141558618002,"8":0,"8.1-8.4":0.329166424992,"9.0-9.2":0.45622807609,"9.3":7.34399288092},"android":{"2.1":0,"2.2":0,"2.3":0.000671359302642,"3":0,"4":0.00503519476982,"4.1":0.0184623808227,"4.2-4.3":0.0459041923182,"4.4":0.127306507764,"4.4.3-4.4.4":0.110690365023,"51":null},"op_mob":{"10":0,"11":0,"11.1":0,"11.5":0,"12":0,"12.1":0,"0":0},"ie":{"5.5":null,"6":null,"7":null,"8":null,"9":null,"10":0.381564,"11":6.776294},"edge":{"12":null,"13":0.840854,"14":1.399068},"bb":{"7":0,"10":null},"ie_mob":{"10":0,"11":0},"and_ff":{"0":0.17604},"samsung":{"0":1.80441},"and_uc":{"0":null},"op_mini":{"0":0},"and_chr":{"0":18.317328}},"total":99.36721}