{"id":"as","name":"Asia","month":"2019-05","access_date":"2019-06-04","data":{"chrome":{"4":null,"5":null,"6":null,"7":null,"8":null,"9":null,"10":null,"11":0.00809,"12":null,"13":0.012135,"14":null,"15":null,"16":null,"17":null,"18":null,"19":null,"20":null,"21":null,"22":0.01618,"23":null,"24":null,"25":0.004045,"26":0.00809,"27":null,"28":0.004045,"29":0.068765,"30":0.012135,"31":0.020225,"32":0.00809,"33":0.01618,"34":0.01618,"35":null,"36":0.01618,"37":0.004045,"38":0.028315,"39":0.004045,"40":0.020225,"41":0.012135,"42":0.00809,"43":0.02427,"44":0.00809,"45":0.020225,"46":0.00809,"47":0.01618,"48":0.06472,"49":0.4045,"50":0.012135,"51":0.01618,"52":0.00809,"53":0.020225,"54":0.020225,"55":0.133485,"56":0.036405,"57":0.06472,"58":0.076855,"59":0.020225,"60":0.020225,"61":0.262925,"62":0.05663,"63":0.58248,"64":0.028315,"65":0.076855,"66":0.04854,"67":0.11326,"68":0.068765,"69":0.246745,"70":0.20225,"71":0.254835,"72":0.37214,"73":5.343445,"74":18.61509,"75":0.060675,"76":0.036405,"77":null},"firefox":{"2":null,"3":0.004045,"3.5":null,"3.6":null,"4":0.004045,"5":null,"6":null,"7":null,"8":0.00809,"9":null,"10":null,"11":null,"12":null,"13":null,"14":null,"15":null,"16":null,"17":null,"18":null,"19":null,"20":null,"21":null,"22":null,"23":null,"24":null,"25":null,"26":null,"27":null,"28":null,"29":null,"30":null,"31":0.012135,"32":null,"33":null,"34":0.004045,"35":0.07281,"36":0.004045,"37":0.004045,"38":0.004045,"39":0.004045,"40":0.00809,"41":0.004045,"42":0.004045,"43":0.020225,"44":0.00809,"45":0.012135,"46":0.004045,"47":0.08899,"48":0.04854,"49":0.012135,"50":0.012135,"51":0.00809,"52":0.182025,"53":0.00809,"54":0.012135,"55":0.012135,"56":0.04854,"57":0.02427,"58":0.012135,"59":0.01618,"60":0.06472,"61":0.020225,"62":0.020225,"63":0.02427,"64":0.036405,"65":0.06472,"66":2.44318,"67":0.19416,"68":0.004045,"69":null},"opera":{"9":null,"9.5-9.6":null,"10.0-10.1":0,"10.5":null,"10.6":null,"11":null,"11.1":null,"11.5":null,"11.6":null,"12":null,"12.1":0.00809,"15":null,"16":null,"17":null,"18":null,"19":null,"20":null,"21":null,"22":null,"23":null,"24":null,"25":null,"26":null,"27":null,"28":null,"29":null,"30":null,"31":null,"32":null,"33":null,"34":null,"35":null,"36":0.004045,"37":null,"38":null,"39":null,"40":null,"41":null,"42":null,"43":0.036405,"44":null,"45":null,"46":null,"47":null,"48":null,"49":null,"50":null,"51":null,"52":null,"53":null,"54":null,"55":null,"56":0.00809,"57":0.00809,"58":0.392365},"safari":{"3.1":null,"3.2":null,"4":0,"5":null,"5.1":1.56137,"6":null,"6.1":null,"7":0.004045,"7.1":null,"8":0.01618,"9":0.01618,"9.1":0.02427,"10":0.01618,"10.1":0.07281,"11":0.04045,"11.1":0.12944,"12":0.28315,"12.1":0.570345,"0":null},"ios_saf":{"3.2":0.0057551677852349,"4.0-4.1":0.0043163758389262,"4.2-4.3":0.00071939597315436,"5.0-5.1":0.0064745637583893,"6.0-6.1":0.0021581879194631,"7.0-7.1":0.010071543624161,"8":0.071220201342282,"8.1-8.4":0.023740067114094,"9.0-9.2":0.015826711409396,"9.3":0.11222577181208,"10.0-10.2":0.06762322147651,"10.3":0.15754771812081,"11.0-11.2":0.18344597315436,"11.3-11.4":0.37480530201342,"12.0-12.1":1.1733348322148,"12.2":4.972464966443},"android":{"2.1":0.011336024096386,"2.2":0.018893373493976,"2.3":0.004723343373494,"3":0,"4":0.18232105421687,"4.1":0.049122771084337,"4.2-4.3":0.3117406626506,"4.4":0,"4.4.3-4.4.4":0.36275277108434,"67":null},"edge":{"12":0.012135,"13":0.012135,"14":0.020225,"15":0.01618,"16":0.044495,"17":0.58248,"18":0.25079,"75":null},"op_mob":{"10":null,"11":null,"11.1":null,"11.5":null,"12":null,"12.1":null,"0":null},"ie":{"5.5":null,"6":0.0090559701492537,"7":0.0045279850746269,"8":0.15395149253731,"9":0.063391791044776,"10":0.067919776119403,"11":1.5214029850746},"samsung":{"4":0.82598521108179,"5.0-5.4":0.071381437994723,"6.2-6.4":0.1019734828496,"7.2-7.4":0.29572310026385,"8.2":0.3874992348285,"9.2":2.1822325329815},"ie_mob":{"10":0,"11":0.07146},"bb":{"7":0,"10":0.017865},"baidu":{"0":null},"and_ff":{"0":0.148875},"and_uc":{"0":6.80061},"and_qq":{"1.2":0.291795},"op_mini":{"0":1.9901466752577},"and_chr":{"0":38.44451},"kaios":{"2.5":0.86943}},"total":97.743071675258}