{"id":"eu","name":"Europe","month":"2016-04","access_date":"2016-05-03","data":{"firefox":{"2":null,"3":0.0133,"3.5":0.00665,"3.6":0.0399,"4":0.0133,"5":0.00665,"6":0.01995,"7":null,"8":null,"9":null,"10":0.0133,"11":0.0133,"12":0.0266,"13":null,"14":null,"15":0.00665,"16":0.0266,"17":0.0133,"18":0.00665,"19":0.00665,"20":0.01995,"21":0.0133,"22":0.00665,"23":0.00665,"24":0.0266,"25":0.0798,"26":0.01995,"27":0.0133,"28":0.01995,"29":0.01995,"30":0.01995,"31":0.0665,"32":0.0266,"33":0.0399,"34":0.0532,"35":0.0532,"36":0.07315,"37":0.0532,"38":0.3325,"39":0.09975,"40":0.09975,"41":0.11305,"42":0.2793,"43":0.4788,"44":0.53865,"45":10.7597,"46":0.4256,"47":0.01995,"48":null,"49":null},"chrome":{"4":null,"5":null,"6":null,"7":null,"8":null,"9":null,"10":null,"11":0.0399,"12":null,"13":null,"14":null,"15":null,"16":0.0133,"17":null,"18":0.0133,"19":null,"20":null,"21":0.0133,"22":0.04655,"23":0.0133,"24":0.0133,"25":0.0133,"26":0.0266,"27":0.0133,"28":0.0133,"29":0.83125,"30":0.0133,"31":0.16625,"32":0.0266,"33":0.0532,"34":0.0532,"35":0.0532,"36":0.0798,"37":0.0665,"38":0.0532,"39":0.11305,"40":0.0665,"41":0.0931,"42":0.0798,"43":0.1596,"44":0.1197,"45":0.1729,"46":0.16625,"47":0.3724,"48":0.57855,"49":28.25585,"50":2.26765,"51":0.08645,"52":0.0133,"53":null},"opera":{"9":null,"9.5-9.6":null,"10.0-10.1":0,"10.5":null,"10.6":null,"11":null,"11.1":null,"11.5":null,"11.6":0.0133,"12":0.0266,"12.1":0.3458,"15":null,"16":null,"17":null,"18":0.0266,"19":null,"20":null,"21":null,"22":null,"23":null,"24":null,"25":null,"26":null,"27":null,"28":0.0133,"29":null,"30":0.0133,"31":0.00665,"32":0.00665,"33":0.0133,"34":0.01995,"35":0.03325,"36":1.463,"37":0.0133,"38":null},"safari":{"3.1":null,"3.2":null,"4":0.03325,"5":0.07315,"5.1":0.1862,"6":0.01995,"6.1":0.133,"7":0.07315,"7.1":0.0399,"8":0.3458,"9":1.25685,"9.1":1.5162,"0":null},"android":{"2.1":0,"2.2":0,"2.3":0.0139788336933,"3":0,"4":0.0838730021598,"4.1":0.281324028078,"4.2-4.3":0.654384152268,"4.4":1.41972529698,"4.4.3-4.4.4":0.782814686825,"47":null},"ios_saf":{"3.2":0,"4.0-4.1":0,"4.2-4.3":0,"5.0-5.1":0,"6.0-6.1":0.025029611207,"7.0-7.1":0.258063922444,"8":0,"8.1-8.4":0.651632981423,"9.0-9.2":2.10680279159,"9.3":5.46077069333},"ie":{"5.5":null,"6":0.0269691428571,"7":0.0404537142857,"8":0.593321142857,"9":0.492186857143,"10":0.444990857143,"11":6.64789371429},"op_mob":{"10":0,"11":0,"11.1":0,"11.5":0,"12":0,"12.1":7.02013097259e-5,"0":0.00238684453068},"ie_mob":{"10":0.523534883721,"11":0.602065116279},"edge":{"12":0.2394,"13":1.74895,"14":null},"bb":{"7":0.065325,"10":null},"and_uc":{"0":0.6097},"op_mini":{"5.0-8.0":0.72114295416},"and_chr":{"0":16.4124},"and_ff":{"0":0.0536}},"total":94.7679404286}