{"id":"eu","name":"Europe","month":"2020-01","access_date":"2020-02-04","data":{"chrome":{"4":null,"5":null,"6":null,"7":null,"8":null,"9":null,"10":null,"11":null,"12":null,"13":null,"14":null,"15":null,"16":null,"17":null,"18":null,"19":null,"20":null,"21":null,"22":null,"23":null,"24":null,"25":null,"26":null,"27":null,"28":null,"29":null,"30":null,"31":null,"32":null,"33":0.021164,"34":0.010582,"35":null,"36":null,"37":null,"38":0.026455,"39":null,"40":0.031746,"41":null,"42":null,"43":0.010582,"44":null,"45":null,"46":0.005291,"47":0.005291,"48":0.021164,"49":0.862433,"50":0.005291,"51":0.015873,"52":null,"53":0.026455,"54":0.037037,"55":0.015873,"56":0.021164,"57":0.015873,"58":0.026455,"59":0.021164,"60":0.031746,"61":0.05291,"62":0.021164,"63":0.084656,"64":0.015873,"65":0.058201,"66":0.047619,"67":0.058201,"68":0.037037,"69":0.074074,"70":0.164021,"71":0.195767,"72":0.185185,"73":0.174603,"74":0.111111,"75":0.190476,"76":0.359788,"77":0.26455,"78":0.825396,"79":27.56611,"80":0.05291,"81":0.026455,"82":null},"firefox":{"2":null,"3":null,"3.5":null,"3.6":null,"4":null,"5":null,"6":null,"7":null,"8":null,"9":null,"10":null,"11":0.005291,"12":null,"13":null,"14":null,"15":null,"16":null,"17":null,"18":null,"19":null,"20":null,"21":0.015873,"22":null,"23":null,"24":null,"25":null,"26":0.005291,"27":null,"28":null,"29":null,"30":null,"31":null,"32":null,"33":null,"34":null,"35":null,"36":null,"37":null,"38":0.031746,"39":null,"40":null,"41":null,"42":null,"43":0.010582,"44":null,"45":0.026455,"46":0.005291,"47":0.015873,"48":0.047619,"49":0.010582,"50":0.021164,"51":0.021164,"52":0.291005,"53":0.010582,"54":0.010582,"55":0.015873,"56":0.037037,"57":0.010582,"58":0.042328,"59":0.010582,"60":0.10582,"61":0.010582,"62":0.010582,"63":0.026455,"64":0.026455,"65":0.037037,"66":0.047619,"67":0.037037,"68":0.412698,"69":0.079365,"70":0.111111,"71":1.64021,"72":4.121689,"73":0.031746,"74":null},"opera":{"9":null,"9.5-9.6":null,"10.0-10.1":0,"10.5":null,"10.6":null,"11":null,"11.1":null,"11.5":null,"11.6":null,"12":null,"12.1":0.010582,"15":null,"16":null,"17":null,"18":null,"19":null,"20":null,"21":null,"22":null,"23":null,"24":null,"25":null,"26":null,"27":null,"28":null,"29":null,"30":null,"31":0.031746,"32":null,"33":null,"34":null,"35":null,"36":0.031746,"37":null,"38":null,"39":null,"40":null,"41":null,"42":null,"43":null,"44":null,"45":null,"46":null,"47":null,"48":null,"49":null,"50":null,"51":null,"52":null,"53":null,"54":null,"55":null,"56":0.005291,"57":0.010582,"58":0.010582,"60":null,"62":0.010582,"63":0.010582,"64":0.116402},"safari":{"3.1":null,"3.2":null,"4":0,"5":null,"5.1":0.164021,"6":null,"6.1":null,"7":null,"7.1":null,"8":0.010582,"9":0.010582,"9.1":0.037037,"10":0.015873,"10.1":0.111111,"11":0.037037,"11.1":0.227513,"12":0.15873,"12.1":0.513227,"13":3.645499,"0":null},"ios_saf":{"3.2":0.0011922055616685,"4.0-4.1":0.002384411123337,"4.2-4.3":0,"5.0-5.1":0.007153233370011,"6.0-6.1":0.0035766166850055,"7.0-7.1":0.009537644493348,"8":0.0011922055616685,"8.1-8.4":0.017883083425028,"9.0-9.2":0.015498672301691,"9.3":0.14783348964689,"10.0-10.2":0.046496016905072,"10.3":0.16333216194858,"11.0-11.2":0.13114261178354,"11.3-11.4":0.22294244003201,"12.0-12.1":0.30043580154046,"12.2-12.4":1.7954615758728,"13.0-13.1":0.82977507092128,"13.2":0.34931622956887,"13.3":7.8733255292588},"android":{"2.1":0,"2.2":0.00074450592885375,"2.3":0.00024816864295125,"3":0.00024816864295125,"4":0.0024816864295125,"4.1":0.0042188669301713,"4.2-4.3":0.10969054018445,"4.4":0,"4.4.3-4.4.4":0.070728063241107,"76":null},"edge":{"12":0.005291,"13":0.010582,"14":0.021164,"15":0.021164,"16":0.058201,"17":0.201058,"18":2.6455,"79":null},"ie":{"5.5":null,"6":0.010758787589499,"7":0.010758787589499,"8":0.075311513126492,"9":0.021517575178998,"10":0.032276362768496,"11":2.103342973747},"samsung":{"4":0.19864827088608,"5.0-5.4":0.020910344303797,"6.2-6.4":0.010455172151899,"7.2-7.4":0.062731032911392,"8.2":0.031365516455696,"9.2":0.24046895949367,"10.1":3.408386121519},"op_mob":{"10":null,"11":null,"11.1":null,"11.5":null,"12":null,"12.1":null,"0":null},"ie_mob":{"10":0,"11":0.075344},"bb":{"7":0,"10":0.009418},"baidu":{"0":null},"and_ff":{"0":0.291958},"and_uc":{"0":0.23545},"and_qq":{"1.2":0.014127},"kaios":{"2.5":null},"op_mini":{"0":0.33882145017182},"and_chr":{"0":30.242837}},"total":96.795646867893}