{"id":"af","name":"Africa","month":"2021-12","access_date":"2022-01-03","data":{"firefox":{"2":0.05416,"3":null,"3.5":null,"3.6":null,"4":null,"5":null,"6":null,"7":null,"8":null,"9":null,"10":null,"11":null,"12":null,"13":null,"14":null,"15":0.05416,"16":null,"17":null,"18":0.05416,"19":null,"20":null,"21":0.05416,"22":null,"23":0.05416,"24":null,"25":0.10832,"26":null,"27":null,"28":null,"29":null,"30":0.05416,"31":null,"32":null,"33":null,"34":0.00339,"35":null,"36":null,"37":null,"38":null,"39":null,"40":null,"41":null,"42":null,"43":0.00677,"44":null,"45":null,"46":null,"47":0.00677,"48":0.00339,"49":null,"50":null,"51":0.05755,"52":0.05755,"53":null,"54":null,"55":null,"56":0.00339,"57":null,"58":null,"59":null,"60":0.00677,"61":null,"62":null,"63":null,"64":null,"65":null,"66":null,"67":null,"68":0.00339,"69":null,"70":null,"71":null,"72":0.00677,"73":null,"74":null,"75":null,"76":null,"77":null,"78":0.02031,"79":null,"80":0.00339,"81":0.00339,"82":null,"83":0.00339,"84":0.03047,"85":null,"86":null,"87":0.00677,"88":0.01354,"89":0.01693,"90":0.00677,"91":0.02708,"92":0.01354,"93":0.02031,"94":2.96865,"95":6.73954,"96":0.0237,"97":null},"chrome":{"4":null,"5":null,"6":null,"7":null,"8":null,"9":null,"10":null,"11":0.00339,"12":null,"13":null,"14":null,"15":null,"16":null,"17":null,"18":null,"19":0.05416,"20":null,"21":null,"22":null,"23":null,"24":0.16248,"25":null,"26":null,"27":null,"28":0.00339,"29":null,"30":0.05416,"31":null,"32":null,"33":0.06093,"34":null,"35":0.10832,"36":null,"37":null,"38":0.00677,"39":null,"40":0.00677,"41":null,"42":null,"43":0.05078,"44":null,"45":null,"46":null,"47":0.00339,"48":null,"49":0.05416,"50":0.00339,"51":null,"52":null,"53":0.00339,"54":0.05755,"55":0.06093,"56":0.28434,"57":0.00677,"58":0.01016,"59":null,"60":0.00339,"61":0.00339,"62":0.00339,"63":0.01354,"64":0.00677,"65":0.01016,"66":0.01016,"67":0.01354,"68":0.01016,"69":0.01354,"70":0.01693,"71":0.01016,"72":0.01016,"73":0.00677,"74":0.01354,"75":0.01354,"76":0.01016,"77":0.00677,"78":0.01016,"79":0.07109,"80":0.0237,"81":0.02708,"83":0.0237,"84":0.03385,"85":0.03047,"86":0.0677,"87":0.18618,"88":0.04401,"89":0.03724,"90":0.03724,"91":0.07786,"92":0.11848,"93":0.14556,"94":0.25388,"95":0.27419,"96":11.67487,"97":0.01016,"98":0.00677,"99":null},"opera":{"9":null,"9.5-9.6":null,"10.0-10.1":0.05416,"10.5":null,"10.6":null,"11":null,"11.1":null,"11.5":null,"11.6":null,"12":null,"12.1":null,"15":null,"16":null,"17":null,"18":null,"19":null,"20":null,"21":null,"22":null,"23":null,"24":null,"25":null,"26":null,"27":null,"28":0.00677,"29":null,"30":null,"31":null,"32":null,"33":null,"34":null,"35":null,"36":null,"37":null,"38":null,"39":null,"40":null,"41":null,"42":null,"43":0.05755,"44":null,"45":null,"46":null,"47":null,"48":null,"49":null,"50":null,"51":null,"52":null,"53":null,"54":null,"55":null,"56":null,"57":null,"58":null,"60":null,"62":null,"63":null,"64":0.00339,"65":0.00339,"66":null,"67":null,"68":null,"69":null,"70":null,"71":null,"72":0.00339,"73":0.00339,"74":null,"75":null,"76":null,"77":0.00339,"78":0.00677,"79":0.0237,"80":0.0237,"81":0.2708,"82":0.37912},"safari":{"3.1":null,"3.2":null,"4":0,"5":0.05416,"5.1":0.01016,"6":null,"6.1":null,"7":null,"7.1":null,"8":null,"9":null,"9.1":null,"10":null,"10.1":0.00339,"11":null,"11.1":0.01016,"12":0.00339,"12.1":0.01354,"13":0.02708,"13.1":0.06432,"14":0.05755,"14.1":0.18618,"15":0.06093,"15.1":0.25049,"15.2":0.03385,"0":null},"edge":{"12":0.01354,"13":0.00677,"14":0.00677,"15":0.00677,"16":0.01016,"17":0.01354,"18":0.04062,"79":null,"80":null,"81":null,"83":null,"84":0.01016,"85":0.00677,"86":0.00339,"87":null,"88":null,"89":0.01354,"90":0.00677,"91":0.00677,"92":0.01693,"93":0.01016,"94":0.02031,"95":0.06093,"96":1.53002},"ios_saf":{"3.2":0,"4.0-4.1":0,"4.2-4.3":0,"5.0-5.1":0.00453,"6.0-6.1":1.02042,"7.0-7.1":0.02716,"8":0,"8.1-8.4":0.00543,"9.0-9.2":0.00634,"9.3":0.09054,"10.0-10.2":0.15664,"10.3":0.13763,"11.0-11.2":0.09869,"11.3-11.4":0.05614,"12.0-12.1":0.05795,"12.2-12.5":1.22143,"13.0-13.1":0.03441,"13.2":0.0163,"13.3":0.09869,"13.4-13.7":0.26891,"14.0-14.4":1.0331,"14.5-14.8":1.70674,"15.0-15.1":2.73893,"15.2":0.27072},"samsung":{"4":0.32856,"5.0-5.4":0.01029,"6.2-6.4":0.01035,"7.2-7.4":0.24642,"8.2":0.03037,"9.2":0.04107,"10.1":0.02053,"11.1-11.2":0.14374,"12.0":0.07187,"13.0":0.17455,"14.0":0.21562,"15.0":0.4723},"android":{"2.1":0,"2.2":0,"2.3":0,"3":0,"4":0.00129,"4.1":0.00516,"4.2-4.3":0.0426,"4.4":0,"4.4.3-4.4.4":0.21558,"0":0},"op_mob":{"10":null,"11":null,"11.1":null,"11.5":null,"12":null,"12.1":null,"0":null},"ie":{"5.5":null,"6":null,"7":null,"8":0.12605,"9":0.12605,"10":0.12605,"11":0.16683},"ie_mob":{"10":null,"11":0.04513},"bb":{"7":0,"10":0.00662},"and_uc":{"0":0.63514},"op_mini":{"0":7.72302},"and_chr":{"0":48.32074},"kaios":{"2.5":0.01985},"baidu":{"0":null},"and_ff":{"0":0.23818},"and_qq":{"10.4":0.01323}},"total":96.83882}