{"id":"eu","name":"Europe","month":"2021-04","access_date":"2021-05-04","data":{"firefox":{"2":null,"3":null,"3.5":null,"3.6":null,"4":null,"5":null,"6":null,"7":null,"8":null,"9":null,"10":null,"11":null,"12":null,"13":null,"14":null,"15":null,"16":null,"17":null,"18":null,"19":null,"20":null,"21":null,"22":null,"23":null,"24":null,"25":null,"26":null,"27":null,"28":null,"29":null,"30":null,"31":null,"32":null,"33":null,"34":null,"35":null,"36":null,"37":null,"38":null,"39":null,"40":null,"41":null,"42":null,"43":null,"44":null,"45":0.01038,"46":null,"47":null,"48":0.01557,"49":null,"50":0.00519,"51":null,"52":0.13491,"53":null,"54":null,"55":null,"56":0.02595,"57":null,"58":null,"59":0.01038,"60":0.01557,"61":null,"62":null,"63":null,"64":null,"65":null,"66":0.01038,"67":null,"68":0.03113,"69":0.00519,"70":0.00519,"71":null,"72":0.01557,"73":null,"74":null,"75":0.00519,"76":0.00519,"77":0.01557,"78":0.23869,"79":0.02595,"80":0.01557,"81":0.02076,"82":0.0467,"83":0.02595,"84":0.05708,"85":0.07784,"86":0.15567,"87":3.51295,"88":1.45292,"89":0.00519,"90":null},"chrome":{"4":null,"5":null,"6":null,"7":null,"8":null,"9":null,"10":null,"11":null,"12":null,"13":null,"14":null,"15":null,"16":null,"17":null,"18":null,"19":null,"20":null,"21":null,"22":0.01038,"23":null,"24":null,"25":null,"26":null,"27":null,"28":null,"29":null,"30":null,"31":null,"32":null,"33":null,"34":null,"35":null,"36":null,"37":null,"38":0.01557,"39":null,"40":0.03632,"41":null,"42":null,"43":0.01038,"44":null,"45":null,"46":null,"47":0.00519,"48":0.00519,"49":0.31134,"50":0.01557,"51":0.01038,"52":0.01038,"53":0.05708,"54":0.02076,"55":null,"56":0.01038,"57":0.00519,"58":0.01038,"59":0.01038,"60":0.03113,"61":0.08302,"62":null,"63":0.01557,"64":0.01557,"65":0.04151,"66":0.03632,"67":0.02076,"68":0.02595,"69":0.08821,"70":0.02595,"71":0.02595,"72":0.02595,"73":0.02076,"74":0.11416,"75":0.19718,"76":0.04151,"77":0.02595,"78":0.11416,"79":0.22832,"80":0.15567,"81":0.12973,"83":0.17124,"84":0.20756,"85":0.47739,"86":0.23869,"87":0.46701,"88":0.80948,"89":19.16817,"90":7.38395,"91":0.01557,"92":0.00519,"93":null},"opera":{"9":null,"9.5-9.6":null,"10.0-10.1":0,"10.5":null,"10.6":null,"11":null,"11.1":null,"11.5":null,"11.6":null,"12":null,"12.1":0.00519,"15":null,"16":null,"17":null,"18":null,"19":null,"20":null,"21":null,"22":null,"23":null,"24":null,"25":null,"26":null,"27":null,"28":null,"29":null,"30":null,"31":0.00519,"32":null,"33":null,"34":null,"35":null,"36":0.01557,"37":null,"38":null,"39":null,"40":0.01038,"41":null,"42":null,"43":null,"44":null,"45":null,"46":null,"47":null,"48":null,"49":null,"50":null,"51":null,"52":null,"53":null,"54":null,"55":null,"56":null,"57":null,"58":null,"60":null,"62":null,"63":null,"64":null,"65":null,"66":null,"67":null,"68":0.00519,"69":null,"70":null,"71":0.01038,"72":0.00519,"73":0.7057,"74":0.31134,"75":1.05337},"ios_saf":{"3.2":0,"4.0-4.1":0,"4.2-4.3":0,"5.0-5.1":0.0086,"6.0-6.1":0.00717,"7.0-7.1":0.01863,"8":0.00287,"8.1-8.4":0.0172,"9.0-9.2":0.02867,"9.3":0.19923,"10.0-10.2":0.0215,"10.3":0.1892,"11.0-11.2":0.04873,"11.3-11.4":0.07023,"12.0-12.1":0.05447,"12.2-12.4":0.2236,"13.0-13.1":0.04873,"13.2":0.02293,"13.3":0.14907,"13.4-13.7":0.53177,"14.0-14.4":11.83933,"14.5":0.14763},"safari":{"3.1":null,"3.2":null,"4":0,"5":null,"5.1":0.02595,"6":null,"6.1":null,"7":null,"7.1":null,"8":null,"9":null,"9.1":0.00519,"10":null,"10.1":0.02595,"11":0.01038,"11.1":0.08821,"12":0.01557,"12.1":0.12454,"13":0.11935,"13.1":0.5656,"14":3.90213,"14.1":0.07784,"0":null},"edge":{"12":0.00519,"13":null,"14":0.00519,"15":0.00519,"16":0.01038,"17":0.02076,"18":0.15048,"79":null,"80":null,"81":null,"83":0.00519,"84":0.01038,"85":0.02076,"86":0.02076,"87":0.02076,"88":0.04151,"89":3.13416,"90":1.39065},"samsung":{"4":0.17967,"5.0-5.4":0.01057,"6.2-6.4":0.01024,"7.2-7.4":0.11267,"8.2":0.01024,"9.2":0.03171,"10.1":0.03171,"11.1-11.2":0.14797,"12.0":0.11626,"13.0":2.40974,"14.0":1.09918},"android":{"2.1":0,"2.2":0,"2.3":0,"3":0,"4":0.00508,"4.1":0.0062,"4.2-4.3":0.00959,"4.4":0,"4.4.3-4.4.4":0.06092,"0":0},"op_mob":{"10":null,"11":null,"11.1":null,"11.5":null,"12":null,"12.1":null,"0":null},"ie":{"5.5":null,"6":0.03533,"7":null,"8":0.01178,"9":0.01178,"10":0.00589,"11":0.67725},"bb":{"7":0,"10":0},"ie_mob":{"10":0,"11":0},"and_chr":{"0":30.19889},"kaios":{"2.5":0},"baidu":{"0":null},"and_ff":{"0":0.37045},"and_qq":{"10.4":0.00962},"and_uc":{"0":0.17801},"op_mini":{"0":0.41448}},"total":98.61344}