{"id":"af","name":"Africa","month":"2021-07","access_date":"2021-08-04","data":{"firefox":{"2":0.05178,"3":null,"3.5":null,"3.6":null,"4":null,"5":null,"6":null,"7":null,"8":null,"9":null,"10":null,"11":null,"12":null,"13":null,"14":null,"15":0.05178,"16":null,"17":null,"18":0.05178,"19":null,"20":null,"21":0.05178,"22":null,"23":0.05178,"24":null,"25":0.10356,"26":null,"27":null,"28":null,"29":null,"30":0.05178,"31":null,"32":null,"33":null,"34":0.00609,"35":null,"36":null,"37":null,"38":null,"39":null,"40":null,"41":null,"42":null,"43":0.00914,"44":null,"45":null,"46":null,"47":0.00914,"48":0.00609,"49":null,"50":null,"51":0.05178,"52":0.05787,"53":null,"54":null,"55":null,"56":0.00305,"57":null,"58":null,"59":null,"60":0.00609,"61":null,"62":null,"63":null,"64":null,"65":null,"66":null,"67":null,"68":0.00305,"69":null,"70":null,"71":null,"72":0.00914,"73":null,"74":null,"75":null,"76":null,"77":0.00305,"78":0.04569,"79":0.00305,"80":0.00609,"81":0.00609,"82":0.00609,"83":0.00609,"84":0.01828,"85":0.00914,"86":0.00914,"87":0.00914,"88":0.0396,"89":2.56473,"90":1.99208,"91":0.02741,"92":null},"chrome":{"4":null,"5":null,"6":null,"7":null,"8":null,"9":null,"10":null,"11":0.00305,"12":null,"13":null,"14":null,"15":null,"16":null,"17":null,"18":null,"19":0.05483,"20":null,"21":null,"22":null,"23":null,"24":0.1523,"25":null,"26":0.00305,"27":null,"28":0.00305,"29":null,"30":0.05178,"31":null,"32":null,"33":0.05787,"34":0.00305,"35":0.10661,"36":null,"37":null,"38":0.00914,"39":0.00305,"40":0.00914,"41":null,"42":null,"43":0.05483,"44":null,"45":null,"46":null,"47":0.00609,"48":null,"49":0.08833,"50":0.00914,"51":null,"52":null,"53":0.00914,"54":0.05483,"55":0.05483,"56":0.265,"57":0.00609,"58":0.00914,"59":null,"60":0.00305,"61":0.03046,"62":0.00305,"63":0.01523,"64":0.00914,"65":0.00914,"66":0.00305,"67":0.00914,"68":0.00914,"69":0.01523,"70":0.01828,"71":0.00914,"72":0.01218,"73":0.00609,"74":0.01828,"75":0.01218,"76":0.01218,"77":0.01218,"78":0.01218,"79":0.06397,"80":0.03351,"81":0.03655,"83":0.0396,"84":0.02741,"85":0.03046,"86":0.07006,"87":0.21931,"88":0.06701,"89":0.11575,"90":0.24368,"91":10.7402,"92":2.516,"93":0.01218,"94":null,"95":null},"opera":{"9":null,"9.5-9.6":null,"10.0-10.1":0.04874,"10.5":null,"10.6":null,"11":null,"11.1":null,"11.5":null,"11.6":null,"12":null,"12.1":null,"15":null,"16":null,"17":null,"18":null,"19":null,"20":null,"21":null,"22":null,"23":null,"24":null,"25":null,"26":null,"27":null,"28":null,"29":null,"30":null,"31":null,"32":null,"33":null,"34":null,"35":null,"36":0.00609,"37":null,"38":null,"39":null,"40":null,"41":null,"42":null,"43":0.05178,"44":null,"45":null,"46":null,"47":null,"48":null,"49":null,"50":null,"51":null,"52":null,"53":null,"54":null,"55":null,"56":null,"57":null,"58":null,"60":null,"62":null,"63":null,"64":0.01218,"65":null,"66":null,"67":null,"68":null,"69":null,"70":0.00609,"71":0.00609,"72":0.01218,"73":0.01218,"74":0.00914,"75":0.01218,"76":0.09747,"77":0.65794},"ios_saf":{"3.2":0,"4.0-4.1":0,"4.2-4.3":0.0011,"5.0-5.1":0.00659,"6.0-6.1":1.07785,"7.0-7.1":0.02747,"8":0,"8.1-8.4":0.00549,"9.0-9.2":0.00769,"9.3":0.11647,"10.0-10.2":0.1725,"10.3":0.16151,"11.0-11.2":0.12086,"11.3-11.4":0.06922,"12.0-12.1":0.06922,"12.2-12.4":0.31094,"13.0-13.1":0.06702,"13.2":0.02637,"13.3":0.1725,"13.4-13.7":0.52409,"14.0-14.4":2.70287,"14.5-14.7":4.22241},"safari":{"3.1":null,"3.2":null,"4":0,"5":0.05178,"5.1":0.02132,"6":null,"6.1":null,"7":null,"7.1":null,"8":null,"9":null,"9.1":null,"10":null,"10.1":0.00609,"11":null,"11.1":0.01523,"12":0.00305,"12.1":0.03351,"13":0.03655,"13.1":0.08529,"14":0.16144,"14.1":0.42035,"15":0.00609,"0":null},"edge":{"12":0.01828,"13":0.00914,"14":0.00609,"15":0.00914,"16":0.01218,"17":0.01523,"18":0.06701,"79":null,"80":null,"81":null,"83":null,"84":0.01218,"85":0.00914,"86":0.00305,"87":0.00609,"88":0.00609,"89":0.02437,"90":0.02132,"91":1.27018,"92":0.32288},"samsung":{"4":0.34406,"5.0-5.4":null,"6.2-6.4":0.02024,"7.2-7.4":0.28334,"8.2":null,"9.2":0.09107,"10.1":0.04048,"11.1-11.2":0.24286,"12.0":0.15179,"13.0":0.3643,"14.0":2.73223},"android":{"2.1":0,"2.2":0,"2.3":0,"3":0,"4":0.0022,"4.1":0.00659,"4.2-4.3":0.04539,"4.4":0,"4.4.3-4.4.4":0.25184,"0":0},"op_mob":{"10":null,"11":null,"11.1":null,"11.5":null,"12":null,"12.1":null,"0":null},"ie":{"5.5":null,"6":null,"7":null,"8":0.06532,"9":0.12376,"10":0.12033,"11":0.27847},"bb":{"7":0,"10":0.01391},"ie_mob":{"10":null,"11":null},"and_chr":{"0":50.73487},"kaios":{"2.5":0.02087},"baidu":{"0":null},"and_ff":{"0":0.25038},"and_qq":{"10.4":0.01391},"and_uc":{"0":0.80678},"op_mini":{"0":7.61832}},"total":98.84131}