{"id":"an","name":"Antarctica","month":"2019-08","access_date":"2019-09-04","data":{"chrome":{"4":0,"5":0,"6":0,"7":0,"8":0,"9":0,"10":0,"11":0,"12":0,"13":0,"14":0,"15":0,"16":0,"17":0,"18":0,"19":0,"20":0,"21":0,"22":0,"23":0,"24":0,"25":0,"26":0,"27":0,"28":0,"29":0,"30":0,"31":0,"32":0,"33":0,"34":0,"35":0,"36":0,"37":0,"38":0,"39":0,"40":0,"41":0,"42":0,"43":0,"44":0,"45":0,"46":0,"47":0,"48":0,"49":0,"50":0,"51":0,"52":0,"53":0,"54":0,"55":0,"56":0,"57":0,"58":0,"59":0,"60":0,"61":0,"62":0,"63":0,"64":0,"65":0,"66":0,"67":0,"68":0,"69":0.079079,"70":0,"71":0.395395,"72":0,"73":0.863786,"74":0.942865,"75":10.21944,"76":10.608752,"77":0,"78":0,"79":0},"firefox":{"2":0,"3":0,"3.5":0,"3.6":0,"4":0,"5":0,"6":0,"7":0,"8":0,"9":0,"10":0,"11":0,"12":0,"13":0,"14":0,"15":0,"16":0,"17":0,"18":0,"19":0,"20":0,"21":0,"22":0,"23":0,"24":0,"25":0,"26":0,"27":0,"28":0,"29":0,"30":0,"31":0,"32":0,"33":0,"34":0,"35":0,"36":0,"37":0,"38":0,"39":0,"40":0,"41":0,"42":0,"43":0,"44":0,"45":0,"46":0,"47":0,"48":0,"49":0,"50":0,"51":0,"52":0,"53":0,"54":0,"55":0,"56":0,"57":0,"58":0,"59":0,"60":0,"61":0,"62":0,"63":0,"64":0,"65":0,"66":0,"67":0,"68":2.281125,"69":0,"70":0,"71":0},"opera":{"9":0,"9.5-9.6":0,"10.0-10.1":0,"10.5":0,"10.6":0,"11":0,"11.1":0,"11.5":0,"11.6":0,"12":0,"12.1":0,"15":0,"16":0,"17":0,"18":0,"19":0,"20":0,"21":0,"22":0,"23":0,"24":0,"25":0,"26":0,"27":0,"28":0,"29":0,"30":0,"31":0,"32":0,"33":0,"34":0,"35":0,"36":0,"37":0,"38":0,"39":0,"40":0,"41":0,"42":0,"43":0,"44":0,"45":0,"46":0,"47":0,"48":0,"49":0,"50":0,"51":0,"52":0,"53":0,"54":0,"55":0,"56":0,"57":0,"58":0,"60":0,"62":0},"safari":{"3.1":0,"3.2":0,"4":0,"5":0,"5.1":0,"6":0,"6.1":0,"7":0,"7.1":0,"8":0,"9":0,"9.1":0,"10":0,"10.1":0,"11":0,"11.1":0,"12":0,"12.1":2.439283,"13":0,"0":null},"ios_saf":{"3.2":0.017405598359015,"4.0-4.1":0.011603732239344,"4.2-4.3":0,"5.0-5.1":0.046414928957374,"6.0-6.1":0.017405598359015,"7.0-7.1":0.075424259555733,"8":0.0058018661196718,"8.1-8.4":0.087027991795077,"9.0-9.2":0.081226125675405,"9.3":0.84707245347208,"10.0-10.2":0.371319431659,"10.3":0.96310977586552,"11.0-11.2":1.1197601610967,"11.3-11.4":1.9436251500901,"12.0-12.1":3.7247980488293,"12.2-12.3":48.074262667601,"13":0.5975922103262},"android":{"2.1":0,"2.2":0,"2.3":0,"3":0,"4":0,"4.1":0,"4.2-4.3":0,"4.4":0,"4.4.3-4.4.4":0,"67":null},"edge":{"12":0,"13":0,"14":1.727572,"15":0,"16":0,"17":0.705628,"18":0.237237,"76":null},"op_mob":{"10":null,"11":null,"11.1":null,"11.5":null,"12":null,"12.1":null,"0":null},"ie":{"5.5":0,"6":0,"7":0,"8":0,"9":0,"10":0,"11":3.929618},"samsung":{"4":0,"5.0-5.4":0,"6.2-6.4":0,"7.2-7.4":0,"8.2":0,"9.2":0.415202},"ie_mob":{"10":0,"11":0},"bb":{"7":0,"10":0},"and_chr":{"0":6.936097},"baidu":{"0":null},"and_ff":{"0":0},"and_uc":{"0":0},"kaios":{"2.5":0},"and_qq":{"1.2":0},"op_mini":{"0":0}},"total":99.764929}