{"id":"oc","name":"Oceania","month":"2020-04","access_date":"2020-05-07","data":{"chrome":{"4":null,"5":null,"6":null,"7":null,"8":null,"9":null,"10":null,"11":null,"12":null,"13":null,"14":null,"15":null,"16":null,"17":null,"18":null,"19":null,"20":null,"21":null,"22":null,"23":null,"24":null,"25":null,"26":0.00972,"27":null,"28":null,"29":null,"30":null,"31":null,"32":null,"33":null,"34":0.00972,"35":null,"36":null,"37":null,"38":0.03401,"39":null,"40":0.02915,"41":0.00486,"42":null,"43":null,"44":null,"45":null,"46":null,"47":null,"48":0.00486,"49":0.28668,"50":null,"51":null,"52":null,"53":0.04373,"54":0.00486,"55":0.01944,"56":0.01458,"57":0.02915,"58":0.01458,"59":0.0243,"60":0.01944,"61":0.00972,"62":0.01458,"63":0.03887,"64":0.0243,"65":0.07289,"66":0.02915,"67":0.07289,"68":0.05345,"69":0.0826,"70":0.08746,"71":0.09718,"72":0.1069,"73":0.22837,"74":0.17007,"75":0.16521,"76":0.18464,"77":0.17978,"78":0.30126,"79":0.60252,"80":18.70229,"81":8.32347,"83":0.01944,"84":0.00972,"85":null},"firefox":{"2":null,"3":null,"3.5":null,"3.6":null,"4":null,"5":null,"6":null,"7":null,"8":null,"9":null,"10":null,"11":null,"12":null,"13":null,"14":null,"15":null,"16":null,"17":null,"18":null,"19":null,"20":null,"21":null,"22":null,"23":null,"24":null,"25":null,"26":null,"27":null,"28":null,"29":null,"30":null,"31":null,"32":null,"33":null,"34":null,"35":null,"36":null,"37":null,"38":null,"39":null,"40":null,"41":null,"42":null,"43":null,"44":null,"45":0.00486,"46":null,"47":0.00486,"48":0.01944,"49":null,"50":0.00972,"51":null,"52":0.05831,"53":null,"54":0.00486,"55":null,"56":0.00972,"57":null,"58":0.01944,"59":null,"60":0.01458,"61":null,"62":null,"63":0.00972,"64":0.01458,"65":0.01458,"66":0.0243,"67":0.00486,"68":0.06803,"69":0.00972,"70":0.00972,"71":0.01458,"72":0.05831,"73":0.05345,"74":1.10785,"75":1.77839,"76":0.01944,"77":null,"78":null},"opera":{"9":null,"9.5-9.6":null,"10.0-10.1":0,"10.5":null,"10.6":null,"11":null,"11.1":null,"11.5":null,"11.6":null,"12":null,"12.1":null,"15":null,"16":null,"17":null,"18":null,"19":null,"20":null,"21":null,"22":null,"23":null,"24":null,"25":null,"26":null,"27":null,"28":null,"29":null,"30":null,"31":null,"32":null,"33":null,"34":null,"35":null,"36":null,"37":null,"38":null,"39":null,"40":null,"41":null,"42":null,"43":null,"44":null,"45":null,"46":null,"47":null,"48":null,"49":null,"50":null,"51":null,"52":null,"53":null,"54":null,"55":null,"56":null,"57":null,"58":0.00486,"60":null,"62":null,"63":null,"64":null,"65":null,"66":0.00486,"67":0.31098,"68":0.00486},"ios_saf":{"3.2":0.00245,"4.0-4.1":0,"4.2-4.3":0.0049,"5.0-5.1":0.02448,"6.0-6.1":0.00734,"7.0-7.1":0.02448,"8":0.00245,"8.1-8.4":0.03427,"9.0-9.2":0.02937,"9.3":0.35247,"10.0-10.2":0.09056,"10.3":0.31086,"11.0-11.2":0.20071,"11.3-11.4":0.34023,"12.0-12.1":0.421,"12.2-12.4":2.75853,"13.0-13.1":0.58744,"13.2":0.28638,"13.3":16.03719,"13.4":2.97148},"safari":{"3.1":null,"3.2":null,"4":0,"5":null,"5.1":0.00972,"6":null,"6.1":null,"7":null,"7.1":null,"8":0.0243,"9":0.00972,"9.1":0.04859,"10":0.0243,"10.1":0.15063,"11":0.05345,"11.1":0.30126,"12":0.14091,"12.1":0.52963,"13":4.63063,"13.1":2.01649,"0":null},"android":{"2.1":0,"2.2":0.00165,"2.3":0.00055,"3":0.00055,"4":0.00494,"4.1":0.01099,"4.2-4.3":0.02307,"4.4":0,"4.4.3-4.4.4":0.15875,"81":null},"edge":{"12":0.00486,"13":0.00972,"14":0.01458,"15":0.01458,"16":0.03887,"17":0.11662,"18":2.9397,"79":null,"80":null,"81":null},"samsung":{"4":0.15099,"5.0-5.4":0.01078,"6.2-6.4":0.02045,"7.2-7.4":0.03235,"8.2":0.02157,"9.2":0.15099,"10.1":0.32355,"11.1":3.27862},"op_mob":{"10":null,"11":null,"11.1":null,"11.5":null,"12":null,"12.1":null,"0":null},"ie":{"5.5":null,"6":null,"7":null,"8":null,"9":0.03135,"10":0.00784,"11":1.90441},"ie_mob":{"10":0,"11":0.03429},"bb":{"7":0,"10":0},"baidu":{"0":null},"and_ff":{"0":0.32388},"and_uc":{"0":0.26733},"and_qq":{"1.2":0.09768},"kaios":{"2.5":0},"op_mini":{"0":0.24336},"and_chr":{"0":22.17409}},"total":98.6239}