{"id":"as","name":"Asia","month":"2021-10","access_date":"2021-11-03","data":{"firefox":{"2":null,"3":null,"3.5":null,"3.6":null,"4":0.00339,"5":null,"6":null,"7":null,"8":null,"9":null,"10":null,"11":null,"12":null,"13":null,"14":null,"15":null,"16":null,"17":null,"18":null,"19":null,"20":null,"21":null,"22":null,"23":null,"24":null,"25":null,"26":null,"27":null,"28":null,"29":null,"30":null,"31":null,"32":null,"33":null,"34":0.00678,"35":null,"36":0.00678,"37":null,"38":null,"39":null,"40":null,"41":null,"42":null,"43":0.08478,"44":null,"45":null,"46":null,"47":0.00678,"48":0.00339,"49":null,"50":0.00339,"51":null,"52":0.05765,"53":null,"54":0.00339,"55":null,"56":0.01696,"57":null,"58":null,"59":null,"60":0.00678,"61":null,"62":null,"63":null,"64":null,"65":null,"66":0.00339,"67":null,"68":0.00339,"69":null,"70":null,"71":null,"72":0.00678,"73":null,"74":null,"75":0.01017,"76":null,"77":null,"78":0.03391,"79":0.00678,"80":0.00678,"81":0.00678,"82":0.00339,"83":0.00339,"84":0.00678,"85":0.00339,"86":0.00339,"87":0.00339,"88":0.01356,"89":0.01696,"90":0.01356,"91":0.02374,"92":0.41031,"93":1.04443,"94":0.04069,"95":null},"chrome":{"4":null,"5":null,"6":null,"7":null,"8":null,"9":null,"10":null,"11":0.00339,"12":null,"13":null,"14":null,"15":null,"16":null,"17":null,"18":null,"19":null,"20":null,"21":null,"22":0.01017,"23":null,"24":null,"25":null,"26":0.00678,"27":null,"28":null,"29":null,"30":null,"31":null,"32":null,"33":null,"34":0.01696,"35":0.00678,"36":null,"37":null,"38":0.0373,"39":null,"40":null,"41":null,"42":0.00678,"43":0.00339,"44":null,"45":null,"46":null,"47":0.01696,"48":0.01017,"49":0.11869,"50":0.00339,"51":0.00339,"52":null,"53":0.02374,"54":0.00339,"55":0.01356,"56":0.01356,"57":0.01356,"58":0.00678,"59":0.00339,"60":0.00339,"61":0.04747,"62":0.01356,"63":0.01696,"64":0.00678,"65":0.01356,"66":0.01017,"67":0.01017,"68":0.01356,"69":0.09495,"70":0.05426,"71":0.02713,"72":0.05426,"73":0.01696,"74":0.05765,"75":0.04069,"76":0.01696,"77":0.01696,"78":0.04747,"79":0.13903,"80":0.04747,"81":0.0373,"83":0.05765,"84":0.05087,"85":0.04747,"86":0.07799,"87":0.21024,"88":0.05426,"89":0.07121,"90":0.06782,"91":0.13225,"92":0.43066,"93":0.72567,"94":15.9377,"95":4.22858,"96":0.02035,"97":0.00678,"98":null},"opera":{"9":null,"9.5-9.6":null,"10.0-10.1":0,"10.5":null,"10.6":null,"11":null,"11.1":null,"11.5":null,"11.6":null,"12":null,"12.1":null,"15":null,"16":null,"17":null,"18":null,"19":null,"20":null,"21":null,"22":null,"23":null,"24":null,"25":null,"26":null,"27":null,"28":0.00339,"29":null,"30":null,"31":null,"32":null,"33":null,"34":null,"35":null,"36":0.01017,"37":null,"38":null,"39":null,"40":0.00678,"41":null,"42":null,"43":null,"44":null,"45":null,"46":0.01356,"47":null,"48":null,"49":null,"50":null,"51":null,"52":null,"53":null,"54":null,"55":null,"56":null,"57":null,"58":null,"60":null,"62":null,"63":null,"64":null,"65":null,"66":null,"67":null,"68":null,"69":null,"70":null,"71":null,"72":null,"73":null,"74":null,"75":null,"76":null,"77":null,"78":0.01696,"79":0.29163,"80":null},"ios_saf":{"3.2":0,"4.0-4.1":0,"4.2-4.3":0.00457,"5.0-5.1":0.00732,"6.0-6.1":0.00732,"7.0-7.1":0.03018,"8":0.00091,"8.1-8.4":0.0128,"9.0-9.2":0.0256,"9.3":0.08138,"10.0-10.2":0.04389,"10.3":0.11339,"11.0-11.2":0.1079,"11.3-11.4":0.03932,"12.0-12.1":0.05212,"12.2-12.5":0.57061,"13.0-13.1":0.04206,"13.2":0.01829,"13.3":0.09419,"13.4-13.7":0.29994,"14.0-14.4":0.98851,"14.5-14.8":4.54292,"15":2.0584},"edge":{"12":0.00678,"13":0.00339,"14":0.00678,"15":0.00339,"16":0.00678,"17":0.01017,"18":0.03391,"79":null,"80":null,"81":null,"83":null,"84":0.01017,"85":0.00339,"86":0.00678,"87":0.00339,"88":null,"89":0.01017,"90":0.00339,"91":0.01017,"92":0.02035,"93":0.05087,"94":1.68194,"95":null},"safari":{"3.1":null,"3.2":null,"4":0,"5":null,"5.1":0.02035,"6":null,"6.1":null,"7":null,"7.1":null,"8":null,"9":null,"9.1":null,"10":null,"10.1":0.00678,"11":0.00339,"11.1":0.01696,"12":0.00678,"12.1":0.02713,"13":0.04069,"13.1":0.12547,"14":0.18311,"14.1":0.91896,"15":0.38997,"0":null},"samsung":{"4":0.37007,"5.0-5.4":null,"6.2-6.4":0.01028,"7.2-7.4":0.11308,"8.2":null,"9.2":0.0514,"10.1":0.02056,"11.1-11.2":0.12336,"12.0":0.06168,"13.0":0.18503,"14.0":0.25699,"15.0":1.78867},"android":{"2.1":0,"2.2":0,"2.3":0,"3":0.0403,"4":0,"4.1":0.02303,"4.2-4.3":0.0806,"4.4":0,"4.4.3-4.4.4":0.39148,"0":0},"op_mob":{"10":null,"11":null,"11.1":null,"11.5":null,"12":null,"12.1":null,"0":null},"ie":{"5.5":null,"6":null,"7":null,"8":0.03695,"9":0.03695,"10":0.00924,"11":1.15458},"bb":{"7":0,"10":0},"ie_mob":{"10":null,"11":null},"kaios":{"2.5":0.13881},"baidu":{"0":null},"and_ff":{"0":0.16525},"and_qq":{"10.4":0.38338},"and_uc":{"0":2.08215},"op_mini":{"0":1.23281},"and_chr":{"0":50.95538}},"total":97.90092}