{"id":"oc","name":"Oceania","month":"2015-12","access_date":"2016-01-02","data":{"firefox":{"2":null,"3":null,"3.5":null,"3.6":0.012398,"4":null,"5":null,"6":0.006199,"7":null,"8":null,"9":null,"10":0.006199,"11":null,"12":0.012398,"13":0.006199,"14":null,"15":null,"16":0.018597,"17":0.006199,"18":null,"19":null,"20":0.012398,"21":0.049592,"22":0.012398,"23":0.012398,"24":0.030995,"25":0.018597,"26":0.012398,"27":0.012398,"28":0.018597,"29":0.018597,"30":0.012398,"31":0.049592,"32":0.012398,"33":0.030995,"34":0.024796,"35":0.037194,"36":0.037194,"37":0.092985,"38":0.198368,"39":0.105383,"40":0.105383,"41":0.192169,"42":4.196723,"43":1.989879,"44":0.024796,"45":null,"46":null},"chrome":{"4":null,"5":null,"6":null,"7":null,"8":null,"9":null,"10":null,"11":0.030995,"12":null,"13":null,"14":null,"15":null,"16":null,"17":null,"18":0.006199,"19":null,"20":null,"21":0.012398,"22":0.018597,"23":null,"24":null,"25":null,"26":0.037194,"27":0.018597,"28":0.012398,"29":0.018597,"30":0.018597,"31":0.198368,"32":0.030995,"33":0.068189,"34":0.055791,"35":0.06199,"36":0.068189,"37":0.055791,"38":0.06199,"39":0.117781,"40":0.595104,"41":0.161174,"42":0.192169,"43":0.297552,"44":0.291353,"45":0.781074,"46":6.037826,"47":18.826363,"48":0.099184,"49":0.049592,"50":null},"opera":{"9":null,"9.5-9.6":null,"10.0-10.1":0,"10.5":null,"10.6":null,"11":null,"11.1":null,"11.5":null,"11.6":null,"12":0.012398,"12.1":0.049592,"15":null,"16":null,"17":null,"18":null,"19":null,"20":null,"21":null,"22":null,"23":null,"24":null,"25":null,"26":null,"27":null,"28":0.074388,"29":null,"30":null,"31":null,"32":null,"33":0.099184,"34":0.161174,"35":null,"36":null},"safari":{"3.1":null,"3.2":null,"4":0.018597,"5":0.086786,"5.1":0.297552,"6":0.049592,"6.1":0.229363,"7":0.167373,"7.1":0.179771,"8":1.029034,"9":3.062306},"android":{"2.1":0,"2.2":0,"2.3":0.0215498555692,"3":0,"4":0.0622551383109,"4.1":0.294514692778,"4.2-4.3":0.647692881273,"4.4":1.2582721224,"4.4.3-4.4.4":0.65008730967,"46":null},"ios_saf":{"3.2":0,"4.0-4.1":0,"4.2-4.3":0,"5.0-5.1":0,"6.0-6.1":0,"7.0-7.1":0.799877233256,"8":0.106516314981,"8.1-8.4":2.65285916557,"9.0-9.2":16.3351812862},"op_mob":{"10":0,"11":0,"11.1":0,"11.5":0,"12":0,"12.1":3.16512183469e-5,"0":0.000743803631151},"ie":{"5.5":null,"6":0.0124734352183,"7":0.0249468704366,"8":0.623671760916,"9":1.53423253185,"10":1.08518886399,"11":14.0887450791},"bb":{"7":0.01805475,"10":null},"ie_mob":{"10":0.119838070093,"11":0.537734929907},"edge":{"12":null,"13":null,"14":null},"and_uc":{"0":0.95025},"op_mini":{"5.0-8.0":0.231085545151},"and_chr":{"0":13.800444},"and_ff":{"0":0.064617}},"total":97.0388312915}