{"id":"AM","name":"Armenia","month":"2018-01","access_date":"2018-02-05","data":{"chrome":{"4":0.05226,"5":0.33098,"6":0.05226,"7":0.05226,"8":0.25259,"9":0.07839,"10":0.0871,"11":0.14807,"12":0.14807,"13":0.3484,"14":0.32227,"15":0.36582,"16":0.12194,"17":0.22646,"18":0.39195,"19":0.35711,"20":0.53131,"21":0.60099,"22":0.27872,"23":0.84487,"24":0.37453,"25":0.2613,"26":0.64454,"27":0.25259,"28":0.14807,"29":0.24388,"30":0.10452,"31":0.09581,"32":0.10452,"33":0.01742,"34":0.01742,"35":0.19162,"36":0.12194,"37":0.12194,"38":0.20904,"39":0.27872,"40":0.74906,"41":0.0871,"42":0.48776,"43":0.20033,"44":0.00871,"45":0.00871,"46":0.00871,"47":0.01742,"48":0.00871,"49":1.15843,"50":0.01742,"51":0.01742,"52":0.00871,"53":0.01742,"54":0.01742,"55":0.06968,"56":0.09581,"57":0.06968,"58":0.09581,"59":0.07839,"60":0.20033,"61":0.1742,"62":0.3484,"63":22.75923,"64":0.60099,"65":0.05226,"66":0,"67":0},"firefox":{"2":0.1742,"3":0.30485,"3.5":0.63583,"3.6":2.75236,"4":0.14807,"5":0.01742,"6":0.00871,"7":0,"8":0.02613,"9":0.03484,"10":0.39195,"11":0.06097,"12":0.04355,"13":0.03484,"14":0.18291,"15":0.07839,"16":0.04355,"17":0.02613,"18":0.00871,"19":0.30485,"20":0.06968,"21":0.33969,"22":0.07839,"23":0.18291,"24":0.05226,"25":0.01742,"26":0.47905,"27":0,"28":0.01742,"29":0.00871,"30":0.06968,"31":0.06097,"32":0.0871,"33":0.03484,"34":0.18291,"35":0.28743,"36":0.12194,"37":0,"38":0.03484,"39":0.00871,"40":0,"41":0.00871,"42":0.00871,"43":0.01742,"44":0,"45":0.01742,"46":0,"47":0.00871,"48":0.01742,"49":0.00871,"50":0.00871,"51":0.00871,"52":10.73943,"53":0.01742,"54":0.02613,"55":0.03484,"56":0.03484,"57":1.14101,"58":0.18291,"59":0,"60":0,"61":0},"opera":{"9":0,"9.5-9.6":0,"10.0-10.1":0.07839,"10.5":0.38324,"10.6":0.47034,"11":0.11323,"11.1":0.07839,"11.5":0.54002,"11.6":0.76648,"12":0.93197,"12.1":1.93362,"15":0.05226,"16":0.03484,"17":0,"18":0.10452,"19":0.06968,"20":0.6097,"21":0.16549,"22":0.02613,"23":0.01742,"24":0.01742,"25":0.19162,"26":0.05226,"27":0.7839,"28":0.03484,"29":0,"30":0,"31":0,"32":0,"33":0,"34":0,"35":0,"36":0.03484,"37":0,"38":0,"39":0,"40":0,"41":0,"42":0,"43":0.02613,"44":0,"45":0.00871,"46":0,"47":0,"48":0.00871,"49":0.36582,"50":0.51389,"51":0,"52":0},"safari":{"3.1":0.10452,"3.2":0.03484,"4":0.38324,"5":0.67938,"5.1":0.22646,"6":0.06968,"6.1":0,"7":0.01742,"7.1":0.00871,"8":0.06968,"9":0.00871,"9.1":0.02613,"10":0.00871,"10.1":0.06097,"11":0.50518,"11.1":0,"0":null},"ios_saf":{"3.2":0.00146227054108,"4.0-4.1":0,"4.2-4.3":0.0204717875752,"5.0-5.1":0.0131604348697,"6.0-6.1":0.00658021743487,"7.0-7.1":0.0394813046092,"8":0.0102358937876,"8.1-8.4":0.0658021743487,"9.0-9.2":0.0665333096192,"9.3":0.308539084168,"10.0-10.2":0.386039422846,"10.3":0.83714988477,"11.0-11.2":5.54127421543,"11.3":null},"android":{"2.1":0,"2.2":0,"2.3":0,"3":0,"4":0,"4.1":0.0545344132918,"4.2-4.3":0.163603239875,"4.4":0.480520207684,"4.4.3-4.4.4":0.292222139148,"62":null},"op_mob":{"10":null,"11":null,"11.1":null,"11.5":null,"12":null,"12.1":null,"0":null},"ie":{"5.5":0,"6":0,"7":0,"8":1.60900123596,"9":0.421872275281,"10":0.529793089888,"11":0.92223241573},"edge":{"12":0.00871,"13":0.02613,"14":0.05226,"15":0.11323,"16":0.21775,"17":0},"samsung":{"4":0.164369454545,"5":0.0513654545455,"6.2":0.349285090909},"ie_mob":{"10":0.03241125,"11":0.05401875},"bb":{"7":0.001548,"10":0.006192},"and_uc":{"0":0.14061},"op_mini":{"0":0.282117680412},"and_chr":{"0":14.90701},"baidu":{"0":null},"and_ff":{"0":0.01548},"and_qq":{"1.2":null}},"total":94.6415866973}