{"id":"AR","name":"Argentina","month":"2016-03","access_date":"2016-04-02","data":{"firefox":{"2":0.006705,"3":0.01341,"3.5":0.01341,"3.6":0.033525,"4":0.006705,"5":0.006705,"6":0.020115,"7":0.006705,"8":0,"9":0.006705,"10":0.01341,"11":0.01341,"12":0.046935,"13":0.006705,"14":0.006705,"15":0.02682,"16":0.01341,"17":0.006705,"18":0.006705,"19":0.01341,"20":0.020115,"21":0.006705,"22":0.006705,"23":0.006705,"24":0.01341,"25":0.006705,"26":0.01341,"27":0.01341,"28":0.01341,"29":0.033525,"30":0.020115,"31":0.04023,"32":0.01341,"33":0.020115,"34":0.033525,"35":0.02682,"36":0.033525,"37":0.046935,"38":0.113985,"39":0.09387,"40":0.06705,"41":0.08046,"42":0.09387,"43":0.288315,"44":3.44637,"45":2.29311,"46":0.020115,"47":0.006705,"48":0},"chrome":{"4":0,"5":0,"6":0,"7":0,"8":0,"9":0,"10":0.006705,"11":0.02682,"12":0.020115,"13":0.006705,"14":0,"15":0,"16":0,"17":0,"18":0.033525,"19":0,"20":0,"21":0.01341,"22":0.04023,"23":0.006705,"24":0.006705,"25":0.01341,"26":0.05364,"27":0.046935,"28":0.006705,"29":0.087165,"30":0.01341,"31":0.05364,"32":0.02682,"33":0.033525,"34":0.12069,"35":0.100575,"36":0.073755,"37":0.073755,"38":0.10728,"39":0.113985,"40":0.073755,"41":0.08046,"42":0.087165,"43":0.24138,"44":0.234675,"45":0.248085,"46":0.435825,"47":0.556515,"48":21.409065,"49":24.037425,"50":0.140805,"51":0.033525,"52":0},"opera":{"9":0,"9.5-9.6":0,"10.0-10.1":0,"10.5":0,"10.6":0,"11":0,"11.1":0,"11.5":0,"11.6":0,"12":0.006705,"12.1":0.033525,"15":0,"16":0,"17":0,"18":0,"19":0,"20":0,"21":0,"22":0,"23":0,"24":0,"25":0,"26":0,"27":0,"28":0.006705,"29":0.01341,"30":0.006705,"31":0.006705,"32":0.006705,"33":0.006705,"34":0.02682,"35":0.32184,"36":0.22797,"37":0,"38":0},"safari":{"3.1":0,"3.2":0,"4":0.006705,"5":0.020115,"5.1":0.033525,"6":0.006705,"6.1":0.02682,"7":0.01341,"7.1":0.01341,"8":0.08046,"9":0.476055,"9.1":0.046935,"0":null},"android":{"2.1":0,"2.2":0,"2.3":0.0218323571771,"3":0,"4":0.12444443591,"4.1":0.422456111378,"4.2-4.3":0.951890772924,"4.4":1.9714618531,"4.4.3-4.4.4":1.05559446952,"47":null},"ios_saf":{"3.2":0,"4.0-4.1":0,"4.2-4.3":0,"5.0-5.1":0,"6.0-6.1":0.00813743548224,"7.0-7.1":0.0982519987855,"8":0.00632911648619,"8.1-8.4":0.263110413926,"9.0-9.2":2.08318348345,"9.3":0.518987551867},"op_mob":{"10":0,"11":0,"11.1":0,"11.5":0,"12":0,"12.1":0.000147948717949,"0":0.00562205128205},"ie":{"5.5":0,"6":0.0808996721311,"7":0.0674163934426,"8":0.768546885246,"9":0.606747540984,"10":0.36404852459,"11":3.02699606557},"ie_mob":{"10":0.433241015625,"11":2.08743398438},"edge":{"12":0.16092,"13":0.502875,"14":0},"bb":{"7":0.04365875,"10":null},"and_uc":{"0":0.286665},"op_mini":{"5.0-8.0":1.895445},"and_chr":{"0":23.188925},"and_ff":{"0":0.023065}},"total":98.261983832}