{"id":"AR","name":"Argentina","month":"2014-12","access_date":"2015-01-01","data":{"chrome":{"4":0.00771,"5":null,"6":null,"7":null,"8":0.00771,"9":0.00771,"10":0.00771,"11":0.06939,"12":0.03855,"13":0.03084,"14":0.00771,"15":0.00771,"16":null,"17":null,"18":0.10023,"19":null,"20":null,"21":0.02313,"22":0.06939,"23":0.03855,"24":0.02313,"25":0.03855,"26":0.08481,"27":0.1542,"28":0.06939,"29":0.06168,"30":0.06939,"31":0.39321,"32":0.22359,"33":0.44718,"34":0.70161,"35":1.12566,"36":0.98688,"37":1.25673,"38":1.91208,"39":46.69947,"40":0.21588,"41":0.13107,"42":null},"firefox":{"2":0.00771,"3":0.02313,"3.5":0.03855,"3.6":0.0771,"4":0.02313,"5":0.01542,"6":0.01542,"7":0.01542,"8":null,"9":0.00771,"10":0.02313,"11":0.02313,"12":0.14649,"13":0.01542,"14":0.01542,"15":0.06168,"16":0.03855,"17":0.02313,"18":0.02313,"19":0.02313,"20":0.03084,"21":0.02313,"22":0.02313,"23":0.02313,"24":0.03084,"25":0.02313,"26":0.04626,"27":0.03855,"28":0.03855,"29":0.09252,"30":0.10023,"31":0.1542,"32":0.19275,"33":2.62911,"34":6.7077,"35":0.06168,"36":null,"37":null},"opera":{"9":null,"9.5-9.6":null,"10.0-10.1":0,"10.5":null,"10.6":null,"11":null,"11.1":null,"11.5":null,"11.6":null,"12":null,"12.1":0.06939,"15":null,"16":null,"17":null,"18":0.00771,"19":null,"20":0.01542,"21":null,"22":null,"23":null,"24":0.00771,"25":0.01542,"26":0.51657,"27":0.00771,"28":null},"android":{"2.1":0,"2.2":0.0049378786323,"2.3":0.138877836534,"3":0,"4":0.286396960674,"4.1":0.877707926892,"4.2-4.3":1.39803688777,"4.4":2.34610958517,"4.4.3-4.4.4":0.959182924325,"37":0},"safari":{"3.1":null,"3.2":null,"4":0.02313,"5":0.04626,"5.1":0.10794,"6":0.02313,"6.1":0.06168,"7":0.06939,"7.1":0.10794,"8":0.23901},"ios_saf":{"3.2":0,"4.0-4.1":0,"4.2-4.3":0,"5.0-5.1":0.00576118691683,"6.0-6.1":0.0238259255543,"7.0-7.1":0.282200511689,"8":0.0799730861844,"8.1":0.581489289656},"op_mob":{"10":0,"11":0,"11.1":0,"11.5":0,"12":0.00190323826861,"12.1":0.00951619134304,"0":null},"ie":{"5.5":null,"6":0.0853772909699,"7":0.124185150502,"8":2.13443227425,"9":1.43589080268,"10":1.10990478261,"11":4.38528812709,"0":null},"bb":{"7":0.0807225,"10":null},"ie_mob":{"10":0.935923,"11":null},"op_mini":{"5.0-8.0":1.33281057039},"and_chr":{"0":11.36673},"and_ff":{"0":0.11221},"and_uc":{"0":0.16259}},"total":97.4237939281}