{"id":"AR","name":"Argentina","month":"2016-08","access_date":"2016-09-04","data":{"chrome":{"4":null,"5":null,"6":null,"7":null,"8":null,"9":null,"10":null,"11":0.018156,"12":0.012104,"13":null,"14":null,"15":null,"16":null,"17":null,"18":0.024208,"19":null,"20":null,"21":0.012104,"22":0.03026,"23":null,"24":null,"25":0.012104,"26":0.042364,"27":0.03026,"28":0.006052,"29":0.006052,"30":0.012104,"31":0.042364,"32":0.018156,"33":0.018156,"34":0.084728,"35":0.078676,"36":0.042364,"37":0.042364,"38":0.072624,"39":0.066572,"40":0.042364,"41":0.042364,"42":0.054468,"43":0.163404,"44":0.127092,"45":0.096832,"46":0.193664,"47":0.193664,"48":0.163404,"49":5.440748,"50":0.236028,"51":9.913176,"52":27.693952,"53":0.127092,"54":0.048416,"55":null},"firefox":{"2":null,"3":0.006052,"3.5":0.012104,"3.6":0.024208,"4":0.006052,"5":null,"6":0.006052,"7":null,"8":null,"9":null,"10":null,"11":0.012104,"12":0.03026,"13":null,"14":null,"15":0.024208,"16":0.012104,"17":null,"18":null,"19":null,"20":0.006052,"21":null,"22":null,"23":0.012104,"24":0.012104,"25":null,"26":0.006052,"27":0.012104,"28":0.006052,"29":0.024208,"30":0.012104,"31":0.018156,"32":0.012104,"33":0.012104,"34":0.018156,"35":0.012104,"36":0.018156,"37":0.024208,"38":0.054468,"39":0.036312,"40":0.036312,"41":0.036312,"42":0.036312,"43":0.163404,"44":0.042364,"45":0.145248,"46":0.084728,"47":3.576732,"48":1.742976,"49":0.036312,"50":null,"51":null},"opera":{"9":null,"9.5-9.6":null,"10.0-10.1":0,"10.5":null,"10.6":null,"11":null,"11.1":null,"11.5":null,"11.6":null,"12":null,"12.1":0.024208,"15":null,"16":null,"17":null,"18":null,"19":null,"20":null,"21":null,"22":null,"23":null,"24":null,"25":null,"26":null,"27":null,"28":null,"29":0.012104,"30":null,"31":null,"32":null,"33":null,"34":null,"35":null,"36":0.036312,"37":0.036312,"38":0.072624,"39":0.278392,"40":null,"41":null},"safari":{"3.1":null,"3.2":null,"4":0,"5":0.012104,"5.1":0.024208,"6":null,"6.1":0.018156,"7":0.006052,"7.1":null,"8":0.048416,"9":0.066572,"9.1":0.508368,"10":null,"0":null},"ios_saf":{"3.2":0,"4.0-4.1":0,"4.2-4.3":0,"5.0-5.1":0,"6.0-6.1":0,"7.0-7.1":0.0373665845964,"8":0,"8.1-8.4":0.0868885641819,"9.0-9.2":0.120428450356,"9.3":1.93856040087},"android":{"2.1":0,"2.2":0,"2.3":0.00707220049033,"3":0,"4":0.0530415036775,"4.1":0.194485513484,"4.2-4.3":0.483561708526,"4.4":1.34106601798,"4.4.3-4.4.4":1.16602905584,"51":null},"op_mob":{"10":0,"11":0,"11.1":0,"11.5":0,"12":0,"12.1":0.00290218841379,"0":0.113185348138},"ie":{"5.5":null,"6":0.0607279725086,"7":0.0546551752577,"8":0.595134130584,"9":0.321858254296,"10":0.200402309278,"11":2.28337176632},"edge":{"12":0.09078,"13":0.7565,"14":0.042364},"bb":{"7":0.025662,"10":null},"ie_mob":{"10":0.484917391304,"11":1.7457026087},"and_ff":{"0":0.015792},"samsung":{"0":1.508136},"and_uc":{"0":0.264516},"op_mini":{"0":1.53417646345},"and_chr":{"0":30.792096}},"total":99.0040396082}