{"id":"AR","name":"Argentina","month":"2021-11","access_date":"2021-12-03","data":{"firefox":{"2":null,"3":null,"3.5":null,"3.6":null,"4":null,"5":null,"6":null,"7":null,"8":null,"9":null,"10":null,"11":null,"12":null,"13":null,"14":null,"15":null,"16":null,"17":null,"18":null,"19":null,"20":null,"21":null,"22":null,"23":null,"24":null,"25":null,"26":null,"27":null,"28":null,"29":null,"30":null,"31":null,"32":null,"33":null,"34":null,"35":null,"36":null,"37":null,"38":null,"39":null,"40":null,"41":null,"42":null,"43":null,"44":null,"45":null,"46":null,"47":0.00424,"48":null,"49":null,"50":null,"51":null,"52":0.09332,"53":0.00424,"54":null,"55":null,"56":0.00424,"57":null,"58":null,"59":0.01273,"60":0.00424,"61":null,"62":null,"63":null,"64":null,"65":0.00424,"66":0.00424,"67":null,"68":0.01273,"69":0.00424,"70":null,"71":null,"72":0.00848,"73":0.00848,"74":null,"75":null,"76":null,"77":null,"78":0.02969,"79":0.00848,"80":0.00424,"81":0.00424,"82":0.00424,"83":null,"84":0.01697,"85":0.00848,"86":0.02121,"87":0.00848,"88":0.02969,"89":0.01697,"90":0.01697,"91":0.04242,"92":0.01697,"93":0.263,"94":1.45925,"95":0.00848,"96":null},"chrome":{"4":null,"5":null,"6":null,"7":null,"8":null,"9":null,"10":null,"11":null,"12":null,"13":null,"14":null,"15":null,"16":null,"17":null,"18":null,"19":null,"20":null,"21":null,"22":null,"23":null,"24":null,"25":null,"26":null,"27":null,"28":null,"29":null,"30":null,"31":null,"32":null,"33":null,"34":0.00848,"35":null,"36":null,"37":null,"38":0.02121,"39":null,"40":null,"41":null,"42":null,"43":null,"44":0.00424,"45":null,"46":null,"47":0.00424,"48":null,"49":0.28846,"50":null,"51":null,"52":null,"53":null,"54":null,"55":0.00848,"56":null,"57":0.00848,"58":0.00848,"59":null,"60":null,"61":0.02969,"62":null,"63":0.00848,"64":null,"65":0.00848,"66":0.03818,"67":0.00424,"68":0.00424,"69":0.00848,"70":0.00848,"71":0.00848,"72":0.00848,"73":0.00848,"74":0.01273,"75":0.01273,"76":0.01273,"77":0.01697,"78":0.01697,"79":0.04242,"80":0.02545,"81":0.03818,"83":0.02121,"84":0.02545,"85":0.03394,"86":0.04242,"87":0.15695,"88":0.02969,"89":0.05515,"90":0.0509,"91":0.13574,"92":0.22907,"93":0.19513,"94":0.77204,"95":20.20889,"96":11.41098,"97":0.00848,"98":null,"99":null},"opera":{"9":null,"9.5-9.6":null,"10.0-10.1":0,"10.5":null,"10.6":null,"11":null,"11.1":null,"11.5":null,"11.6":null,"12":null,"12.1":null,"15":null,"16":null,"17":null,"18":null,"19":null,"20":null,"21":null,"22":null,"23":null,"24":null,"25":null,"26":null,"27":null,"28":null,"29":null,"30":null,"31":null,"32":null,"33":null,"34":null,"35":null,"36":0.00424,"37":null,"38":null,"39":null,"40":null,"41":null,"42":null,"43":null,"44":null,"45":null,"46":null,"47":null,"48":null,"49":null,"50":null,"51":null,"52":null,"53":null,"54":null,"55":null,"56":null,"57":null,"58":null,"60":null,"62":null,"63":null,"64":null,"65":null,"66":null,"67":null,"68":null,"69":null,"70":null,"71":null,"72":null,"73":null,"74":null,"75":null,"76":null,"77":null,"78":0.00424,"79":0.00848,"80":1.25563,"81":0.50056},"edge":{"12":null,"13":null,"14":0.00848,"15":0.00424,"16":null,"17":0.01273,"18":0.01697,"79":null,"80":null,"81":null,"83":null,"84":null,"85":null,"86":null,"87":null,"88":null,"89":0.00848,"90":0.00424,"91":0.00848,"92":0.01273,"93":0.00848,"94":0.03818,"95":1.4338,"96":0.49207},"safari":{"3.1":null,"3.2":null,"4":0,"5":null,"5.1":0.02545,"6":null,"6.1":null,"7":null,"7.1":null,"8":null,"9":null,"9.1":null,"10":null,"10.1":null,"11":null,"11.1":0.01697,"12":0.00424,"12.1":0.01697,"13":0.02121,"13.1":0.0806,"14":0.0509,"14.1":0.25452,"15":0.1315,"15.1":0.18665,"0":null},"ios_saf":{"3.2":0.00076,"4.0-4.1":0,"4.2-4.3":0,"5.0-5.1":0.01369,"6.0-6.1":0.00076,"7.0-7.1":0.00456,"8":0,"8.1-8.4":0.00228,"9.0-9.2":0.00152,"9.3":0.03193,"10.0-10.2":0.00114,"10.3":0.02737,"11.0-11.2":0.00722,"11.3-11.4":0.03763,"12.0-12.1":0.00988,"12.2-12.5":0.2125,"13.0-13.1":0.0095,"13.2":0.00342,"13.3":0.02319,"13.4-13.7":0.08895,"14.0-14.4":0.20794,"14.5-14.8":1.79427,"15.0-15.1":1.32175},"samsung":{"4":0.14549,"5.0-5.4":0.08232,"6.2-6.4":0.03087,"7.2-7.4":0.2702,"8.2":0.05025,"9.2":0.02078,"10.1":0.07203,"11.1-11.2":0.11432,"12.0":0.03118,"13.0":0.18706,"14.0":0.17667,"15.0":1.933},"android":{"2.1":0,"2.2":0,"2.3":0,"3":0,"4":0.00028,"4.1":0.00193,"4.2-4.3":0.00276,"4.4":0,"4.4.3-4.4.4":0.02957,"0":0},"op_mob":{"10":null,"11":null,"11.1":null,"11.5":null,"12":null,"12.1":null,"0":null},"ie":{"5.5":null,"6":null,"7":null,"8":null,"9":0.00884,"10":null,"11":0.20326},"bb":{"7":0,"10":0},"ie_mob":{"10":0.01155,"11":null},"and_chr":{"0":51.38784},"kaios":{"2.5":0},"baidu":{"0":null},"and_ff":{"0":0.13243},"and_qq":{"10.4":0},"and_uc":{"0":0.03455},"op_mini":{"0":0.2017}},"total":99.70738}