{"id":"AS","name":"American Samoa","month":"2019-06","access_date":"2019-07-05","data":{"chrome":{"4":0,"5":0,"6":0,"7":0,"8":0,"9":0,"10":0,"11":0,"12":0,"13":0,"14":0,"15":0,"16":0,"17":0,"18":0.006187,"19":0,"20":0,"21":0,"22":0,"23":0,"24":0,"25":0,"26":0,"27":0,"28":0,"29":0,"30":0,"31":0,"32":0,"33":0,"34":0,"35":0.006187,"36":0,"37":0,"38":0.006187,"39":0,"40":0,"41":0.006187,"42":0,"43":0,"44":0,"45":0.006187,"46":0.049496,"47":0,"48":0.018561,"49":0.692944,"50":0,"51":0,"52":0.006187,"53":0.068057,"54":0,"55":0,"56":0,"57":0.012374,"58":0.006187,"59":0.006187,"60":0.012374,"61":0.006187,"62":0,"63":0.055683,"64":0,"65":0.043309,"66":0.037122,"67":0.296976,"68":0.024748,"69":0.117553,"70":0.111366,"71":0.092805,"72":0.080431,"73":0.06187,"74":15.015849,"75":8.197775,"76":0,"77":0,"78":0},"firefox":{"2":0,"3":0.006187,"3.5":0,"3.6":0.018561,"4":0,"5":0,"6":0,"7":0.018561,"8":0,"9":0,"10":0,"11":0,"12":0,"13":0,"14":0,"15":0,"16":0,"17":0,"18":0,"19":0,"20":0,"21":0,"22":0,"23":0,"24":0,"25":0,"26":0,"27":0,"28":0,"29":0,"30":0,"31":0,"32":0,"33":0,"34":0,"35":0,"36":0.006187,"37":0,"38":0,"39":0,"40":0,"41":0,"42":0,"43":0,"44":0.006187,"45":0.006187,"46":0,"47":0.037122,"48":0.037122,"49":0.024748,"50":0.006187,"51":0,"52":0.006187,"53":0,"54":0,"55":0,"56":0.006187,"57":0.018561,"58":0,"59":0.006187,"60":0.049496,"61":0,"62":0.012374,"63":0.012374,"64":0,"65":0,"66":0.538269,"67":2.468613,"68":0.191797,"69":0},"opera":{"9":0,"9.5-9.6":0,"10.0-10.1":0,"10.5":0,"10.6":0,"11":0,"11.1":0,"11.5":0,"11.6":0,"12":0,"12.1":0,"15":0,"16":0,"17":0,"18":0,"19":0,"20":0.006187,"21":0,"22":0,"23":0,"24":0,"25":0,"26":0,"27":0,"28":0,"29":0,"30":0,"31":0,"32":0,"33":0,"34":0,"35":0,"36":0,"37":0,"38":0,"39":0,"40":0,"41":0,"42":0.012374,"43":0,"44":0,"45":0,"46":0,"47":0,"48":0,"49":0,"50":0,"51":0,"52":0,"53":0,"54":0,"55":0,"56":0,"57":0,"58":0},"safari":{"3.1":0,"3.2":0,"4":0.006187,"5":0,"5.1":0.024748,"6":0,"6.1":0,"7":0.006187,"7.1":0,"8":0.018561,"9":0,"9.1":0.012374,"10":0.030935,"10.1":0.068057,"11":0.006187,"11.1":0.142301,"12":0.148488,"12.1":0.426903,"13":0,"0":null},"ios_saf":{"3.2":0.017561320834169,"4.0-4.1":0.021463836575095,"4.2-4.3":0.0019512578704632,"5.0-5.1":0.021463836575095,"6.0-6.1":0.0058537736113896,"7.0-7.1":0.027317610186485,"8":0.0019512578704632,"8.1-8.4":0.052683962502507,"9.0-9.2":0.031220125927411,"9.3":0.32390880649689,"10.0-10.2":0.1482955981552,"10.3":0.3922028319631,"11.0-11.2":0.44683805233607,"11.3-11.4":0.89562736254261,"12.0-12.1":2.1405298838981,"12.2":14.932976482655,"13":null},"android":{"2.1":0.010011067750678,"2.2":0.024193413730804,"2.3":0.0033370225835592,"3":0.010845323396567,"4":0.14599473803071,"4.1":0.061734917795845,"4.2-4.3":0.32535970189702,"4.4":0,"4.4.3-4.4.4":0.34204481481481,"67":null},"edge":{"12":0.024748,"13":0.018561,"14":0.006187,"15":0.068057,"16":0.179423,"17":0.773375,"18":0.68057,"76":null},"op_mob":{"10":null,"11":null,"11.1":null,"11.5":null,"12":null,"12.1":null,"0":null},"ie":{"5.5":0,"6":0,"7":0,"8":0.0064296274509804,"9":0,"10":0.24432584313725,"11":0.40506652941176},"samsung":{"4":0.4354756561086,"5.0-5.4":0.02177378280543,"6.2-6.4":0.2177378280543,"7.2-7.4":0.14152958823529,"8.2":0.054434457013575,"9.2":1.5350516877828},"ie_mob":{"10":0,"11":0.049569},"bb":{"7":0,"10":0},"baidu":{"0":null},"and_ff":{"0":0.041943},"and_uc":{"0":0.766413},"and_qq":{"1.2":0.049569},"op_mini":{"0":0.58480413402062},"and_chr":{"0":40.367815},"kaios":{"2.5":0}},"total":96.489785134021}