{"id":"AT","name":"Austria","month":"2019-11","access_date":"2019-12-04","data":{"chrome":{"4":0,"5":0,"6":0,"7":0,"8":0,"9":0,"10":0,"11":0,"12":0,"13":0,"14":0,"15":0,"16":0,"17":0,"18":0,"19":0,"20":0,"21":0,"22":0,"23":0,"24":0,"25":0,"26":0.005613,"27":0,"28":0,"29":0,"30":0,"31":0,"32":0,"33":0,"34":0.011226,"35":0,"36":0,"37":0,"38":0.028065,"39":0,"40":0.005613,"41":0,"42":0,"43":0,"44":0,"45":0,"46":0,"47":0,"48":0,"49":0.145938,"50":0,"51":0.005613,"52":0.005613,"53":0.016839,"54":0,"55":0.005613,"56":0.005613,"57":0.005613,"58":0.016839,"59":0.005613,"60":0.005613,"61":0.005613,"62":0.011226,"63":0.05613,"64":0.005613,"65":0.016839,"66":0.005613,"67":0.022452,"68":0.016839,"69":0.022452,"70":0.028065,"71":0.044904,"72":0.044904,"73":0.140325,"74":0.044904,"75":0.084195,"76":0.157164,"77":1.369572,"78":12.01182,"79":0.022452,"80":0.016839,"81":null},"firefox":{"2":0,"3":0.005613,"3.5":0,"3.6":0.005613,"4":0,"5":0,"6":0,"7":0,"8":0,"9":0,"10":0,"11":0,"12":0,"13":0,"14":0,"15":0,"16":0,"17":0,"18":0,"19":0,"20":0.011226,"21":0,"22":0,"23":0,"24":0.005613,"25":0,"26":0,"27":0,"28":0,"29":0,"30":0,"31":0.005613,"32":0,"33":0.005613,"34":0,"35":0,"36":0,"37":0,"38":0.005613,"39":0.005613,"40":0,"41":0,"42":0,"43":0.005613,"44":0,"45":0.016839,"46":0,"47":0.011226,"48":0.039291,"49":0.005613,"50":0.005613,"51":0.005613,"52":0.145938,"53":0,"54":0.011226,"55":0.005613,"56":0.028065,"57":0.011226,"58":0.005613,"59":0.005613,"60":0.123486,"61":0.016839,"62":0.022452,"63":0.011226,"64":0.011226,"65":0.033678,"66":0.044904,"67":0.039291,"68":0.707238,"69":0.241359,"70":4.978731,"71":0.028065,"72":0,"73":0},"opera":{"9":0,"9.5-9.6":0,"10.0-10.1":0,"10.5":0,"10.6":0,"11":0,"11.1":0,"11.5":0,"11.6":0,"12":0,"12.1":0.005613,"15":0,"16":0,"17":0,"18":0,"19":0,"20":0,"21":0,"22":0,"23":0,"24":0,"25":0,"26":0,"27":0,"28":0,"29":0,"30":0,"31":0,"32":0,"33":0,"34":0,"35":0,"36":0.005613,"37":0,"38":0,"39":0,"40":0.005613,"41":0,"42":0,"43":0,"44":0,"45":0,"46":0,"47":0,"48":0,"49":0,"50":0,"51":0,"52":0,"53":0,"54":0.005613,"55":0,"56":0,"57":0.005613,"58":0,"60":0,"62":0,"63":0.16839,"64":0.482718},"safari":{"3.1":0,"3.2":0,"4":0,"5":0.005613,"5.1":0.16839,"6":0,"6.1":0.005613,"7":0,"7.1":0,"8":0.016839,"9":0.016839,"9.1":0.044904,"10":0.016839,"10.1":0.11226,"11":0.039291,"11.1":0.241359,"12":0.190842,"12.1":0.510783,"13":2.329395,"0":null},"ios_saf":{"3.2":0,"4.0-4.1":0,"4.2-4.3":0,"5.0-5.1":0.013679663727455,"6.0-6.1":0,"7.0-7.1":0.021496614428858,"8":0,"8.1-8.4":0.025405089779559,"9.0-9.2":0.023450852104208,"9.3":0.26773056152305,"10.0-10.2":0.099666121442886,"10.3":0.2814102252505,"11.0-11.2":0.28727293827655,"11.3-11.4":0.48269670581162,"12.0-12.1":0.67225776032064,"12.2-12.4":4.8152416320641,"13.0-13.1":9.567947658517,"13.2":2.8844548088176,"13.3":0.060581367935872},"android":{"2.1":0,"2.2":0.0038467718550107,"2.3":0.00096169296375267,"3":0.001442539445629,"4":0.011059469083156,"4.1":0.012502008528785,"4.2-4.3":0.26686979744136,"4.4":0,"4.4.3-4.4.4":0.1543517206823,"76":null},"ie":{"5.5":0,"6":0,"7":0,"8":0.016925132992327,"9":0,"10":0.016925132992327,"11":2.1720587340153},"samsung":{"4":0.32171333333333,"5.0-5.4":0.041511397849462,"6.2-6.4":0.020755698924731,"7.2-7.4":0.083022795698925,"8.2":0.041511397849462,"9.2":0.3320911827957,"10.1":3.9850941935484},"edge":{"12":0.005613,"13":0.005613,"14":0.011226,"15":0.033678,"16":0.061743,"17":0.252585,"18":2.116101,"76":null},"op_mob":{"10":null,"11":null,"11.1":null,"11.5":null,"12":null,"12.1":null,"0":null},"ie_mob":{"10":0,"11":0.035096},"bb":{"7":0,"10":0.004387},"baidu":{"0":null},"and_ff":{"0":0.429926},"and_uc":{"0":0.074579},"and_qq":{"1.2":0.013161},"kaios":{"2.5":0},"op_mini":{"0":0.15782647079038},"and_chr":{"0":41.059803}},"total":96.63487147079}