{"id":"AT","name":"Austria","month":"2019-07","access_date":"2019-08-05","data":{"chrome":{"4":0,"5":0,"6":0,"7":0,"8":0,"9":0,"10":0,"11":0,"12":0,"13":0,"14":0,"15":0,"16":0,"17":0,"18":0,"19":0,"20":0,"21":0,"22":0.0113,"23":0,"24":0,"25":0,"26":0.00565,"27":0,"28":0.00565,"29":0,"30":0,"31":0,"32":0,"33":0,"34":0.01695,"35":0,"36":0,"37":0,"38":0.03955,"39":0,"40":0.0113,"41":0.01695,"42":0,"43":0.00565,"44":0,"45":0,"46":0,"47":0,"48":0.00565,"49":0.12995,"50":0.00565,"51":0.0113,"52":0,"53":0.01695,"54":0.00565,"55":0.01695,"56":0.00565,"57":0.6554,"58":0.02825,"59":0.0113,"60":0.0113,"61":0.0452,"62":0.0113,"63":0.10735,"64":0.0113,"65":0.02825,"66":0.0113,"67":0.02825,"68":0.0452,"69":0.07345,"70":0.05085,"71":0.0678,"72":0.09605,"73":0.1243,"74":0.32205,"75":11.23785,"76":0.03955,"77":0.01695,"78":0,"79":0},"firefox":{"2":0,"3":0,"3.5":0,"3.6":0.00565,"4":0,"5":0,"6":0,"7":0,"8":0,"9":0,"10":0.01695,"11":0,"12":0.0113,"13":0,"14":0,"15":0,"16":0,"17":0,"18":0,"19":0,"20":0,"21":0,"22":0,"23":0,"24":0,"25":0,"26":0,"27":0,"28":0,"29":0,"30":0,"31":0.00565,"32":0,"33":0.00565,"34":0.00565,"35":0,"36":0,"37":0,"38":0.0113,"39":0.00565,"40":0,"41":0.00565,"42":0,"43":0.00565,"44":0,"45":0.02825,"46":0.0113,"47":0.00565,"48":0.06215,"49":0.00565,"50":0.00565,"51":0.0113,"52":0.226,"53":0.00565,"54":0.0113,"55":0.0226,"56":0.02825,"57":0.01695,"58":0.01695,"59":0.01695,"60":1.582,"61":0.01695,"62":0.0339,"63":0.0226,"64":0.0226,"65":0.03955,"66":0.1017,"67":2.17525,"68":3.12445,"69":0.01695,"70":0.00565},"opera":{"9":0,"9.5-9.6":0,"10.0-10.1":0,"10.5":0,"10.6":0,"11":0,"11.1":0,"11.5":0,"11.6":0,"12":0,"12.1":0.00565,"15":0,"16":0,"17":0,"18":0,"19":0,"20":0,"21":0,"22":0,"23":0,"24":0,"25":0,"26":0,"27":0,"28":0,"29":0,"30":0,"31":0,"32":0,"33":0,"34":0,"35":0,"36":0.00565,"37":0,"38":0,"39":0,"40":0.00565,"41":0,"42":0,"43":0,"44":0,"45":0,"46":0,"47":0,"48":0,"49":0,"50":0,"51":0,"52":0,"53":0.0452,"54":0,"55":0,"56":0,"57":0,"58":0.00565,"60":0.24295,"62":0.5537},"safari":{"3.1":0,"3.2":0,"4":0,"5":0.00565,"5.1":0.01695,"6":0.00565,"6.1":0.00565,"7":0.0113,"7.1":0,"8":0.0113,"9":0.0452,"9.1":0.0565,"10":0.0226,"10.1":0.19775,"11":0.05085,"11.1":0.23165,"12":0.3164,"12.1":1.53115,"13":0.0226,"0":null},"ios_saf":{"3.2":0,"4.0-4.1":0,"4.2-4.3":0,"5.0-5.1":0.02125621414914,"6.0-6.1":0.0085024856596558,"7.0-7.1":0.029758699808795,"8":0,"8.1-8.4":0.042512428298279,"9.0-9.2":0.036135564053537,"9.3":0.35710439770554,"10.0-10.2":0.14879349904398,"10.3":0.39111434034417,"11.0-11.2":0.43150114722753,"11.3-11.4":0.82686673040153,"12.0-12.1":1.6813665391969,"12.2-12.3":17.147387954111,"13":null},"android":{"2.1":0,"2.2":0,"2.3":0.0022007866273353,"3":0.0071525565388397,"4":0.034662389380531,"4.1":0.053919272369715,"4.2-4.3":0.2195284660767,"4.4":0,"4.4.3-4.4.4":0.24208652900688,"67":null},"ie":{"5.5":0,"6":0.0056726907630522,"7":0,"8":0.022690763052209,"9":0.039708835341365,"10":0.022690763052209,"11":2.7342369477912},"edge":{"12":0.00565,"13":0.0113,"14":0.02825,"15":0.05085,"16":0.09605,"17":1.4125,"18":0.7119,"76":null},"op_mob":{"10":null,"11":null,"11.1":null,"11.5":null,"12":null,"12.1":null,"0":null},"samsung":{"4":0.41238914185639,"5.0-5.4":0.052870402802102,"6.2-6.4":0.052870402802102,"7.2-7.4":0.17975936952715,"8.2":0.14803712784588,"9.2":5.1918735551664},"ie_mob":{"10":0,"11":0.04785},"bb":{"7":0,"10":0.00435},"kaios":{"2.5":0},"baidu":{"0":null},"and_ff":{"0":0.60465},"and_uc":{"0":0.10875},"and_qq":{"1.2":0.01305},"op_mini":{"0":0.18532345360825},"and_chr":{"0":37.8357}},"total":96.085773453608}