{"id":"AT","name":"Austria","month":"2019-03","access_date":"2019-04-03","data":{"chrome":{"4":0,"5":0,"6":0,"7":0,"8":0,"9":0,"10":0,"11":0,"12":0,"13":0,"14":0,"15":0,"16":0,"17":0,"18":0,"19":0,"20":0,"21":0,"22":0.005745,"23":0,"24":0,"25":0,"26":0.005745,"27":0,"28":0,"29":0,"30":0,"31":0,"32":0,"33":0,"34":0.017235,"35":0,"36":0.005745,"37":0,"38":0.040215,"39":0.005745,"40":0.005745,"41":0.01149,"42":0,"43":0.005745,"44":0,"45":0,"46":0,"47":0.005745,"48":0.005745,"49":0.189585,"50":0.005745,"51":0.01149,"52":0.005745,"53":0.02298,"54":0,"55":0.01149,"56":0.017235,"57":0.27576,"58":0.028725,"59":0.01149,"60":0.01149,"61":0.06894,"62":0.028725,"63":0.086175,"64":0.028725,"65":0.04596,"66":0.017235,"67":0.063195,"68":0.06894,"69":0.074685,"70":0.1149,"71":0.258525,"72":9.622875,"73":2.94144,"74":0.01149,"75":0.005745,"76":0},"firefox":{"2":0,"3":0,"3.5":0,"3.6":0.005745,"4":0,"5":0,"6":0,"7":0,"8":0,"9":0,"10":0.01149,"11":0,"12":0.02298,"13":0,"14":0,"15":0,"16":0,"17":0,"18":0,"19":0,"20":0,"21":0,"22":0,"23":0,"24":0,"25":0,"26":0,"27":0,"28":0,"29":0,"30":0,"31":0.005745,"32":0,"33":0,"34":0.005745,"35":0,"36":0,"37":0,"38":0.017235,"39":0,"40":0.005745,"41":0.005745,"42":0.005745,"43":0.01149,"44":0,"45":0.03447,"46":0.005745,"47":0.01149,"48":0.063195,"49":0.005745,"50":0.005745,"51":0.005745,"52":0.27576,"53":0.005745,"54":0.02298,"55":0.01149,"56":0.03447,"57":0.028725,"58":0.02298,"59":0.02298,"60":0.764085,"61":0.03447,"62":0.03447,"63":0.04596,"64":0.097665,"65":4.27428,"66":1.09155,"67":0.01149,"68":0},"opera":{"9":0,"9.5-9.6":0,"10.0-10.1":0,"10.5":0,"10.6":0,"11":0,"11.1":0,"11.5":0,"11.6":0,"12":0,"12.1":0.005745,"15":0,"16":0,"17":0,"18":0,"19":0,"20":0.01149,"21":0,"22":0,"23":0,"24":0,"25":0,"26":0,"27":0,"28":0,"29":0,"30":0,"31":0,"32":0,"33":0,"34":0,"35":0,"36":0.005745,"37":0,"38":0,"39":0,"40":0.005745,"41":0,"42":0,"43":0,"44":0,"45":0,"46":0,"47":0,"48":0,"49":0.005745,"50":0,"51":0.005745,"52":0,"53":0,"54":0,"55":0,"56":0.005745,"57":0.01149,"58":0.8043},"safari":{"3.1":0,"3.2":0,"4":0,"5":0.005745,"5.1":0.01149,"6":0,"6.1":0.01149,"7":0,"7.1":0,"8":0.03447,"9":0.063195,"9.1":0.097665,"10":0.040215,"10.1":0.166605,"11":0.086175,"11.1":0.3447,"12":2.096925,"12.1":0.074685,"0":null},"ios_saf":{"3.2":0.0084572292292292,"4.0-4.1":0.0042286146146146,"4.2-4.3":0.0042286146146146,"5.0-5.1":0.02325738038038,"6.0-6.1":0.010571536536537,"7.0-7.1":0.042286146146146,"8":0.28331717917918,"8.1-8.4":0.090915214214214,"9.0-9.2":0.057086297297297,"9.3":0.41228992492492,"10.0-10.2":0.22834518918919,"10.3":0.55183420720721,"11.0-11.2":0.69983571871872,"11.3-11.4":1.5032724954955,"12.0-12.1":16.963087526527,"12.2":0.23891672572573},"android":{"2.1":0.0038116174974568,"2.2":0.008258504577823,"2.3":0.0057174262461851,"3":0.00063526958290946,"4":0.090208280773143,"4.1":0.048915757884028,"4.2-4.3":0.18232237029502,"4.4":0,"4.4.3-4.4.4":0.28460077314344,"67":null},"ie":{"5.5":0,"6":0,"7":0,"8":0.034527932773109,"9":0.034527932773109,"10":0.086319831932773,"11":3.268644302521},"edge":{"12":0.01149,"13":0.017235,"14":0.040215,"15":0.06894,"16":0.132135,"17":1.855635,"18":0.42513},"op_mob":{"10":null,"11":null,"11.1":null,"11.5":null,"12":null,"12.1":null,"0":null},"samsung":{"4":0.39196293621013,"5.0-5.4":0.063561557223265,"6.2-6.4":0.074155150093809,"7.2-7.4":0.32840137898687,"8.2":4.0043781050657},"ie_mob":{"10":0,"11":0.055315},"bb":{"7":0.001702,"10":0.006808},"baidu":{"0":null},"and_ff":{"0":0.50209},"and_uc":{"0":0.114885},"and_qq":{"1.2":0.004255},"op_mini":{"0":0.1933612371134},"and_chr":{"0":36.870255},"kaios":{"2.5":0}},"total":95.380530364693}