{"id":"AT","name":"Austria","month":"2020-09","access_date":"2020-10-03","data":{"firefox":{"2":0,"3":0,"3.5":0,"3.6":0,"4":0,"5":0,"6":0,"7":0,"8":0,"9":0,"10":0,"11":0,"12":0,"13":0,"14":0,"15":0,"16":0,"17":0,"18":0,"19":0,"20":0,"21":0,"22":0,"23":0,"24":0,"25":0,"26":0,"27":0,"28":0.00564,"29":0,"30":0,"31":0,"32":0,"33":0,"34":0,"35":0,"36":0,"37":0,"38":0,"39":0,"40":0,"41":0,"42":0,"43":0,"44":0.00564,"45":0.00564,"46":0,"47":0.00564,"48":0.02255,"49":0,"50":0.00564,"51":0.00564,"52":0.09019,"53":0,"54":0,"55":0,"56":0.00564,"57":0.00564,"58":0.00564,"59":0.01127,"60":0.05073,"61":0.02255,"62":0.01691,"63":0.02255,"64":0.00564,"65":0.00564,"66":0.02255,"67":0.00564,"68":0.41714,"69":0.01127,"70":0.01691,"71":0.00564,"72":0.03382,"73":0.00564,"74":0.01691,"75":0.01691,"76":0.02255,"77":0.06764,"78":0.28749,"79":0.23112,"80":3.97409,"81":0.98084,"82":0.01127,"83":0},"chrome":{"4":0,"5":0,"6":0,"7":0,"8":0,"9":0,"10":0,"11":0,"12":0,"13":0,"14":0,"15":0,"16":0,"17":0,"18":0,"19":0,"20":0,"21":0,"22":0.00564,"23":0,"24":0,"25":0,"26":0.00564,"27":0,"28":0,"29":0,"30":0,"31":0,"32":0,"33":0,"34":0.00564,"35":0,"36":0,"37":0,"38":0.02255,"39":0,"40":0.00564,"41":0,"42":0,"43":0,"44":0,"45":0.00564,"46":0,"47":0.00564,"48":0,"49":0.1973,"50":0,"51":0,"52":0,"53":0.02819,"54":0,"55":0,"56":0,"57":0.00564,"58":0.00564,"59":0.00564,"60":0.00564,"61":0.03382,"62":0.00564,"63":0.06201,"64":0.07892,"65":0.01127,"66":0,"67":0.01691,"68":0.01691,"69":0.0451,"70":0.11838,"71":0.06201,"72":0.14656,"73":0.03946,"74":0.02255,"75":0.02819,"76":0.01691,"77":0.02255,"78":0.05073,"79":0.21421,"80":0.18038,"81":0.09583,"83":0.20857,"84":1.584,"85":11.77569,"86":0.01127,"87":0.00564,"88":0},"opera":{"9":0,"9.5-9.6":0,"10.0-10.1":0,"10.5":0,"10.6":0,"11":0,"11.1":0,"11.5":0,"11.6":0,"12":0,"12.1":0,"15":0,"16":0,"17":0,"18":0,"19":0,"20":0,"21":0,"22":0,"23":0,"24":0,"25":0,"26":0,"27":0,"28":0,"29":0,"30":0,"31":0,"32":0,"33":0,"34":0,"35":0,"36":0.00564,"37":0,"38":0,"39":0,"40":0,"41":0,"42":0,"43":0,"44":0,"45":0,"46":0,"47":0,"48":0,"49":0,"50":0,"51":0.01691,"52":0,"53":0.01127,"54":0,"55":0,"56":0,"57":0.01127,"58":0,"60":0.02255,"62":0,"63":0,"64":0,"65":0,"66":0,"67":0.00564,"68":0.1071,"69":0.00564,"70":0.75536,"71":0.12965},"ios_saf":{"3.2":0.03141,"4.0-4.1":0.05234,"4.2-4.3":0,"5.0-5.1":0.01047,"6.0-6.1":0.00523,"7.0-7.1":0.02094,"8":0,"8.1-8.4":0.03664,"9.0-9.2":0.02617,"9.3":0.3036,"10.0-10.2":0.08375,"10.3":0.39781,"11.0-11.2":0.24602,"11.3-11.4":0.36641,"12.0-12.1":0.57578,"12.2-12.4":3.59604,"13.0-13.1":0.54961,"13.2":0.28789,"13.3":2.099,"13.4-13.7":5.60082,"14":6.05097},"safari":{"3.1":0,"3.2":0,"4":0,"5":0,"5.1":0.00564,"6":0,"6.1":0.00564,"7":0,"7.1":0,"8":0.00564,"9":0,"9.1":0.01691,"10":0.00564,"10.1":0.03946,"11":0.01127,"11.1":0.11838,"12":0.05073,"12.1":0.18602,"13":0.27621,"13.1":2.5141,"14":0.50733,"0":null},"edge":{"12":0,"13":0.00564,"14":0.00564,"15":0.01127,"16":0.01127,"17":0.07328,"18":0.40023,"79":0,"80":0.00564,"81":0.01127,"83":0.01127,"84":0.06764,"85":2.40136},"android":{"2.1":0,"2.2":0,"2.3":0.00119,"3":0,"4":0.05096,"4.1":0.06636,"4.2-4.3":0.02489,"4.4":0,"4.4.3-4.4.4":0.16117,"81":null},"samsung":{"4":0.24888,"5.0-5.4":0.01037,"6.2-6.4":0.01037,"7.2-7.4":0.03111,"8.2":0.02074,"9.2":0.1037,"10.1":0.08296,"11.1-11.2":0.2074,"12.0":4.36573},"ie":{"5.5":0,"6":0,"7":0,"8":0.00585,"9":0.01169,"10":0,"11":1.24515},"op_mob":{"10":null,"11":null,"11.1":null,"11.5":null,"12":null,"12.1":null,"0":null},"bb":{"7":0,"10":0.00436},"ie_mob":{"10":0,"11":0},"and_ff":{"0":0.60646},"and_qq":{"10.4":0.00873},"and_uc":{"0":0.06981},"op_mini":{"0":0.23544},"and_chr":{"0":39.0565},"kaios":{"2.5":0},"baidu":{"0":null}},"total":96.3734}