{"id":"AT","name":"Austria","month":"2014-11","access_date":"2014-12-01","data":{"chrome":{"4":0.014948,"5":null,"6":null,"7":null,"8":null,"9":null,"10":null,"11":0.089688,"12":null,"13":null,"14":null,"15":null,"16":null,"17":null,"18":0.014948,"19":null,"20":0.014948,"21":0.022422,"22":0.059792,"23":0.007474,"24":0.014948,"25":0.022422,"26":0.022422,"27":0.029896,"28":0.029896,"29":0.022422,"30":0.029896,"31":0.18685,"32":0.127058,"33":0.18685,"34":0.179376,"35":0.343804,"36":0.351278,"37":0.665186,"38":15.58329,"39":5.538234,"40":0.07474,"41":0.029896,"42":null},"firefox":{"2":null,"3":0.014948,"3.5":0.007474,"3.6":0.07474,"4":0.007474,"5":0.007474,"6":0.007474,"7":0.007474,"8":0.014948,"9":0.022422,"10":0.07474,"11":0.022422,"12":0.089688,"13":0.022422,"14":0.022422,"15":0.029896,"16":0.089688,"17":0.052318,"18":0.029896,"19":0.03737,"20":0.097162,"21":0.052318,"22":0.03737,"23":0.052318,"24":0.18685,"25":0.044844,"26":0.089688,"27":0.059792,"28":0.11211,"29":0.164428,"30":0.306434,"31":0.52318,"32":2.892438,"33":19.970528,"34":0.156954,"35":0.03737,"36":0.022422},"opera":{"9":null,"9.5-9.6":null,"10.0-10.1":0,"10.5":null,"10.6":null,"11":null,"11.1":null,"11.5":null,"11.6":null,"12":0.007474,"12.1":0.321382,"15":null,"16":null,"17":null,"18":0.007474,"19":0.007474,"20":0.014948,"21":0.014948,"22":0.022422,"23":0.014948,"24":0.029896,"25":0.702556,"26":0.22422,"27":null,"28":null},"android":{"2.1":0,"2.2":0.0120193828525,"2.3":0.168271359936,"3":0.00534194793447,"4":0.34722661574,"4.1":1.13516393607,"4.2-4.3":1.58522304955,"4.4":2.44193794954,"4.4.3-4.4.4":0.948195758368,"37":0},"safari":{"3.1":null,"3.2":null,"4":0.067266,"5":0.276538,"5.1":0.994042,"6":0.201798,"6.1":0.59792,"7":0.82214,"7.1":1.098678,"8":1.763864},"ios_saf":{"3.2":0,"4.0-4.1":0,"4.2-4.3":0,"5.0-5.1":0.043571029987,"6.0-6.1":0.19640479671,"7.0-7.1":2.37160467837,"8":0.900244511884,"8.1":3.17197098305},"op_mob":{"10":0,"11":0,"11.1":0,"11.5":0,"12":0.000500855842185,"12.1":0.00250427921093,"0":null},"ie":{"5.5":null,"6":0.014954407201,"7":0.0523404252036,"8":1.37580546249,"9":2.24316108015,"10":2.04127658294,"11":11.716778042},"bb":{"7":0.0145245,"10":null},"ie_mob":{"10":0.27889566,"11":null},"and_chr":{"0":11.039482},"and_ff":{"0":0.219762},"and_uc":{"0":0.02526},"op_mini":{"5.0-8.0":0.138450864947}},"total":98.78504016}