{"id":"AT","name":"Austria","month":"2019-12","access_date":"2020-01-03","data":{"chrome":{"4":0,"5":0,"6":0,"7":0,"8":0,"9":0,"10":0,"11":0,"12":0,"13":0,"14":0,"15":0,"16":0,"17":0,"18":0,"19":0,"20":0,"21":0,"22":0,"23":0,"24":0,"25":0,"26":0.005337,"27":0,"28":0,"29":0,"30":0,"31":0,"32":0,"33":0,"34":0.005337,"35":0,"36":0,"37":0,"38":0.026685,"39":0,"40":0.005337,"41":0,"42":0,"43":0,"44":0,"45":0,"46":0,"47":0,"48":0,"49":0.186795,"50":0,"51":0.005337,"52":0,"53":0.016011,"54":0,"55":0.005337,"56":0.005337,"57":0.005337,"58":0.010674,"59":0,"60":0.005337,"61":0.005337,"62":0.005337,"63":0.042696,"64":0.005337,"65":0.016011,"66":0.005337,"67":0.016011,"68":0.016011,"69":0.032022,"70":0.026685,"71":0.037359,"72":0.074718,"73":0.256176,"74":0.037359,"75":0.080055,"76":0.090729,"77":0.154773,"78":6.553836,"79":5.166216,"80":0.021348,"81":0.005337},"firefox":{"2":0,"3":0.005337,"3.5":0,"3.6":0.005337,"4":0,"5":0,"6":0,"7":0,"8":0,"9":0,"10":0,"11":0,"12":0,"13":0,"14":0,"15":0,"16":0,"17":0,"18":0,"19":0,"20":0,"21":0.016011,"22":0,"23":0,"24":0,"25":0,"26":0,"27":0,"28":0,"29":0.005337,"30":0,"31":0.005337,"32":0,"33":0,"34":0,"35":0,"36":0,"37":0,"38":0.005337,"39":0,"40":0,"41":0,"42":0,"43":0.005337,"44":0,"45":0.016011,"46":0,"47":0.005337,"48":0.026685,"49":0.005337,"50":0.005337,"51":0.005337,"52":0.133425,"53":0.005337,"54":0.005337,"55":0.005337,"56":0.026685,"57":0.010674,"58":0.005337,"59":0.005337,"60":0.080055,"61":0.016011,"62":0.016011,"63":0.005337,"64":0.010674,"65":0.058707,"66":0.032022,"67":0.026685,"68":0.592407,"69":0.101403,"70":1.115433,"71":3.645171,"72":0.021348,"73":0},"opera":{"9":0,"9.5-9.6":0,"10.0-10.1":0,"10.5":0,"10.6":0,"11":0,"11.1":0,"11.5":0,"11.6":0,"12":0,"12.1":0.005337,"15":0,"16":0,"17":0,"18":0,"19":0,"20":0,"21":0,"22":0,"23":0,"24":0,"25":0,"26":0,"27":0,"28":0,"29":0,"30":0,"31":0,"32":0,"33":0,"34":0,"35":0,"36":0.005337,"37":0.005337,"38":0,"39":0,"40":0.005337,"41":0,"42":0,"43":0,"44":0,"45":0.005337,"46":0.005337,"47":0,"48":0,"49":0,"50":0,"51":0,"52":0,"53":0,"54":0,"55":0.010674,"56":0,"57":0.005337,"58":0,"60":0,"62":0,"63":0.005337,"64":0.032022},"safari":{"3.1":0,"3.2":0,"4":0,"5":0.005337,"5.1":0.186795,"6":0,"6.1":0.005337,"7":0,"7.1":0,"8":0.005337,"9":0.010674,"9.1":0.037359,"10":0.010674,"10.1":0.090729,"11":0.037359,"11.1":0.181458,"12":0.149436,"12.1":0.389601,"13":2.225529,"0":null},"ios_saf":{"3.2":0.0090356883688369,"4.0-4.1":0.0045178441844184,"4.2-4.3":0,"5.0-5.1":0.013553532553255,"6.0-6.1":0.0045178441844184,"7.0-7.1":0.015812454645465,"8":0.0022589220922092,"8.1-8.4":0.02936598719872,"9.0-9.2":0.027107065106511,"9.3":0.28688310571057,"10.0-10.2":0.099392572057206,"10.3":0.32076693709371,"11.0-11.2":0.27107065106511,"11.3-11.4":0.48340932773277,"12.0-12.1":0.69123016021602,"12.2-12.4":4.8928252517252,"13.0-13.1":7.104309979998,"13.2":3.2347764360436,"13.3":5.096128240024},"android":{"2.1":0,"2.2":0.00081236150234742,"2.3":0.00081236150234742,"3":0.0012185422535211,"4":0.0052803497652582,"4.1":0.0093421572769953,"4.2-4.3":0.20430891784038,"4.4":0,"4.4.3-4.4.4":0.12429130985915,"76":null},"samsung":{"4":0.32279082752294,"5.0-5.4":0.041650429357798,"6.2-6.4":0.031237822018349,"7.2-7.4":0.083300858715596,"8.2":0.041650429357798,"9.2":0.32279082752294,"10.1":4.7897993761468},"edge":{"12":0.005337,"13":0.005337,"14":0.016011,"15":0.032022,"16":0.048033,"17":0.170784,"18":2.02806,"76":null},"op_mob":{"10":null,"11":null,"11.1":null,"11.5":null,"12":null,"12.1":null,"0":null},"ie":{"5.5":0,"6":0,"7":0,"8":0.016107451807229,"9":0.0053691506024096,"10":0.010738301204819,"11":1.7503430963855},"ie_mob":{"10":0,"11":0.023315},"bb":{"7":0,"10":0.004663},"baidu":{"0":null},"and_ff":{"0":0.484952},"and_uc":{"0":0.09326},"and_qq":{"1.2":0.009326},"kaios":{"2.5":0},"op_mini":{"0":0.20748747594502},"and_chr":{"0":39.780403}},"total":95.641175046587}