{"id":"AT","name":"Austria","month":"2015-03","access_date":"2015-04-01","data":{"chrome":{"4":0.01611,"5":0,"6":0,"7":0,"8":0,"9":0,"10":0,"11":0.072495,"12":0.008055,"13":0,"14":0.008055,"15":0,"16":0,"17":0,"18":0.008055,"19":0,"20":0,"21":0.008055,"22":0.088605,"23":0.008055,"24":0.040275,"25":0.008055,"26":0.040275,"27":0.056385,"28":0.03222,"29":0.024165,"30":0.024165,"31":0.20943,"32":0.040275,"33":0.104715,"34":0.088605,"35":0.1611,"36":0.27387,"37":0.30609,"38":0.265815,"39":0.62829,"40":7.91001,"41":14.039865,"42":0.088605,"43":0.06444,"44":0},"firefox":{"2":0,"3":0.01611,"3.5":0.008055,"3.6":0.056385,"4":0.008055,"5":0.008055,"6":0.008055,"7":0.008055,"8":0.008055,"9":0.008055,"10":0.03222,"11":0.01611,"12":0.072495,"13":0.01611,"14":0.01611,"15":0.01611,"16":0.08055,"17":0.072495,"18":0.024165,"19":0.03222,"20":0.040275,"21":0.08055,"22":0.024165,"23":0.03222,"24":0.088605,"25":0.024165,"26":0.056385,"27":0.03222,"28":0.06444,"29":0.06444,"30":0.120825,"31":0.57996,"32":0.201375,"33":0.22554,"34":0.330255,"35":3.326715,"36":18.824535,"37":0.153045,"38":0.024165,"39":0.01611},"opera":{"9":0,"9.5-9.6":0,"10.0-10.1":0,"10.5":0,"10.6":0,"11":0,"11.1":0.008055,"11.5":0.024165,"11.6":0.008055,"12":0.01611,"12.1":0.43497,"15":0,"16":0,"17":0,"18":0,"19":0,"20":0.008055,"21":0.008055,"22":0.008055,"23":0.008055,"24":0.01611,"25":0.01611,"26":0.01611,"27":0.40275,"28":0.78939,"29":0.008055},"safari":{"3.1":0,"3.2":0,"4":0.04833,"5":0.185265,"5.1":0.668565,"6":0.11277,"6.1":0.410805,"7":0.40275,"7.1":0.90216,"8":2.70648},"android":{"2.1":0,"2.2":0,"2.3":0.099957300033,"3":0,"4":0.221561403895,"4.1":0.765914853119,"4.2-4.3":1.32745841127,"4.4":2.27482441413,"4.4.3-4.4.4":1.09698361756,"37":0},"ios_saf":{"3.2":0,"4.0-4.1":0,"4.2-4.3":0,"5.0-5.1":0.04401457818,"6.0-6.1":0.111036776772,"7.0-7.1":1.75558147059,"8":0.35211662544,"8.1":7.68554554902},"op_mob":{"10":0,"11":0,"11.1":0,"11.5":0,"12":3.39759493671e-5,"12.1":0.000135903797468,"0":0.000849398734177},"ie":{"5.5":0,"6":0.024213161435,"7":0.0645684304933,"8":1.01695278027,"9":1.79177394619,"10":1.40436336323,"11":11.8805912108,"0":null},"ie_mob":{"10":0.122820266667,"11":0.308969733333},"bb":{"7":0.0204225,"10":null},"and_uc":{"0":0.044735},"op_mini":{"5.0-8.0":0.133185721519},"and_chr":{"0":9.17177},"and_ff":{"0":0.21006}},"total":98.5812553924}