{"id":"AW","name":"Aruba","month":"2019-05","access_date":"2019-06-04","data":{"chrome":{"4":0,"5":0,"6":0,"7":0,"8":0,"9":0,"10":0,"11":0,"12":0,"13":0,"14":0,"15":0,"16":0,"17":0,"18":0,"19":0,"20":0,"21":0,"22":0.004507,"23":0,"24":0,"25":0,"26":0,"27":0,"28":0,"29":0,"30":0,"31":0,"32":0,"33":0,"34":0,"35":0,"36":0,"37":0,"38":0.004507,"39":0,"40":0.027042,"41":0,"42":0,"43":0,"44":0,"45":0,"46":0.004507,"47":0,"48":0,"49":0.153238,"50":0,"51":0,"52":0,"53":0.022535,"54":0.022535,"55":0.013521,"56":0,"57":0,"58":0,"59":0.004507,"60":0.004507,"61":0,"62":0.004507,"63":0.013521,"64":0.022535,"65":0.013521,"66":0.004507,"67":0.036056,"68":0.009014,"69":0.022535,"70":0.081126,"71":0.04507,"72":0.139717,"73":2.127304,"74":7.963869,"75":0.018028,"76":0,"77":0},"firefox":{"2":0,"3":0,"3.5":0,"3.6":0,"4":0,"5":0,"6":0,"7":0,"8":0,"9":0,"10":0,"11":0,"12":0,"13":0,"14":0,"15":0,"16":0,"17":0,"18":0,"19":0,"20":0,"21":0,"22":0,"23":0,"24":0,"25":0,"26":0,"27":0,"28":0,"29":0,"30":0,"31":0,"32":0,"33":0,"34":0,"35":0,"36":0,"37":0,"38":0,"39":0,"40":0,"41":0,"42":0,"43":0,"44":0,"45":0,"46":0,"47":0,"48":0.004507,"49":0,"50":0,"51":0.009014,"52":0.040563,"53":0.004507,"54":0,"55":0,"56":0.013521,"57":0.004507,"58":0,"59":0,"60":0.013521,"61":0,"62":0.004507,"63":0,"64":0.022535,"65":0.009014,"66":0.784218,"67":0.022535,"68":0,"69":0},"opera":{"9":0,"9.5-9.6":0,"10.0-10.1":0,"10.5":0,"10.6":0,"11":0,"11.1":0,"11.5":0,"11.6":0,"12":0,"12.1":0.013521,"15":0,"16":0,"17":0,"18":0,"19":0,"20":0,"21":0,"22":0,"23":0,"24":0,"25":0,"26":0,"27":0,"28":0,"29":0,"30":0,"31":0,"32":0,"33":0,"34":0,"35":0,"36":0,"37":0,"38":0,"39":0,"40":0,"41":0,"42":0,"43":0,"44":0,"45":0,"46":0,"47":0,"48":0,"49":0,"50":0,"51":0,"52":0,"53":0,"54":0,"55":0,"56":0,"57":0,"58":0.144224},"safari":{"3.1":0,"3.2":0,"4":0,"5":0,"5.1":0.027042,"6":0,"6.1":0.009014,"7":0,"7.1":0.004507,"8":0.031549,"9":0,"9.1":0.027042,"10":0.013521,"10.1":0.085633,"11":0.04507,"11.1":0.198308,"12":0.387602,"12.1":0.712106,"0":null},"ios_saf":{"3.2":0.022983668236001,"4.0-4.1":0.017237751177001,"4.2-4.3":0.0028729585295001,"5.0-5.1":0.025856626765501,"6.0-6.1":0.0086188755885004,"7.0-7.1":0.040221419413002,"8":0.28442289442051,"8.1-8.4":0.094807631473505,"9.0-9.2":0.063205087649003,"9.3":0.44818153060202,"10.0-10.2":0.27005810177301,"10.3":0.62917791796053,"11.0-11.2":0.73260442502254,"11.3-11.4":1.4968113938696,"12.0-12.1":4.6857953616147,"12.2":19.857889355905},"android":{"2.1":0.0064771686746988,"2.2":0.010795281124498,"2.3":0.0026988202811245,"3":0,"4":0.10417446285141,"4.1":0.028067730923695,"4.2-4.3":0.17812213855422,"4.4":0,"4.4.3-4.4.4":0.20726939759036,"67":null},"edge":{"12":0.009014,"13":0.004507,"14":0.04507,"15":0.058591,"16":0.121689,"17":1.437733,"18":0.612952,"75":null},"op_mob":{"10":null,"11":null,"11.1":null,"11.5":null,"12":null,"12.1":null,"0":null},"ie":{"5.5":0,"6":0,"7":0,"8":0.009014,"9":0.009014,"10":0.049577,"11":2.136318},"samsung":{"4":0.39722324333333,"5.0-5.4":0.12882916,"6.2-6.4":0.18250797666667,"7.2-7.4":0.34354442666667,"8.2":0.73003190666667,"9.2":7.8800502866667},"ie_mob":{"10":0,"11":0.010986},"bb":{"7":0,"10":0.005493},"baidu":{"0":null},"and_ff":{"0":0.115353},"and_uc":{"0":0.049437},"and_qq":{"1.2":0},"op_mini":{"0":0.083206680412371},"and_chr":{"0":38.528261},"kaios":{"2.5":0}},"total":95.561556680412}