{"id":"AW","name":"Aruba","month":"2015-11","access_date":"2015-12-02","data":{"chrome":{"4":0,"5":0,"6":0,"7":0,"8":0,"9":0,"10":0,"11":0.0498,"12":0,"13":0,"14":0,"15":0,"16":0,"17":0,"18":0.006225,"19":0,"20":0,"21":0.006225,"22":0.0498,"23":0.006225,"24":0.006225,"25":0.006225,"26":0.0249,"27":0,"28":0.006225,"29":0.006225,"30":0,"31":0.093375,"32":0.043575,"33":0.043575,"34":0.031125,"35":0.080925,"36":0.056025,"37":0.018675,"38":0.0249,"39":0.0747,"40":0.031125,"41":0.018675,"42":0.143175,"43":0.28635,"44":0.267675,"45":0.454425,"46":23.54295,"47":0.080925,"48":0.11205,"49":0,"50":0},"firefox":{"2":0,"3":0,"3.5":0,"3.6":0.006225,"4":0,"5":0,"6":0,"7":0,"8":0,"9":0,"10":0,"11":0,"12":0.006225,"13":0.006225,"14":0.006225,"15":0,"16":0,"17":0,"18":0,"19":0,"20":0,"21":0,"22":0.01245,"23":0.006225,"24":0.01245,"25":0,"26":0,"27":0,"28":0,"29":0.06225,"30":0.01245,"31":0.01245,"32":0.006225,"33":0.01245,"34":0.068475,"35":0.01245,"36":0.031125,"37":0.0249,"38":0.0498,"39":0.08715,"40":0.080925,"41":1.487775,"42":3.417525,"43":0.06225,"44":0.03735,"45":0.0498},"opera":{"9":0,"9.5-9.6":0,"10.0-10.1":0,"10.5":0,"10.6":0,"11":0,"11.1":0,"11.5":0,"11.6":0,"12":0,"12.1":0.031125,"15":0,"16":0,"17":0,"18":0,"19":0,"20":0,"21":0,"22":0,"23":0,"24":0,"25":0,"26":0,"27":0,"28":0.006225,"29":0.018675,"30":0.006225,"31":0,"32":0.0498,"33":0.2739,"34":0,"35":0},"safari":{"3.1":0,"3.2":0,"4":0,"5":0.03735,"5.1":0.280125,"6":0.031125,"6.1":0.130725,"7":0.056025,"7.1":0.11205,"8":0.7221,"9":2.0418},"android":{"2.1":0,"2.2":0,"2.3":0.0634779456336,"3":0,"4":0.0767640272779,"4.1":0.82226083065,"4.2-4.3":1.74490538928,"4.4":3.33775895529,"4.4.3-4.4.4":1.74785785187,"46":null},"ios_saf":{"3.2":0,"4.0-4.1":0,"4.2-4.3":0,"5.0-5.1":0.0502436769934,"6.0-6.1":0.0418697308278,"7.0-7.1":1.09698694769,"8":0.154918004063,"8.1-8.4":4.00902672676,"9.0-9.1":15.2573299137},"op_mob":{"10":0,"11":0,"11.1":0,"11.5":0,"12":1.83707544637e-5,"12.1":3.67415089274e-5,"0":0.000900166968721},"ie":{"5.5":0,"6":0,"7":0.0373845993516,"8":1.09038414775,"9":0.903461150996,"10":2.24307596109,"11":9.09691917554},"bb":{"7":0.252925,"10":null},"ie_mob":{"10":0.0460385869565,"11":0.203111413043},"edge":{"12":null,"13":null,"14":null},"and_uc":{"0":0.06795},"op_mini":{"5.0-8.0":0.108519720768},"and_chr":{"0":19.0902},"and_ff":{"0":0.0453}},"total":96.5305500347}