{"id":"AW","name":"Aruba","month":"2015-03","access_date":"2015-04-01","data":{"chrome":{"4":0,"5":0,"6":0,"7":0,"8":0,"9":0,"10":0,"11":0.043967,"12":0.018843,"13":0,"14":0,"15":0,"16":0.006281,"17":0,"18":0.012562,"19":0,"20":0.006281,"21":0.018843,"22":0.043967,"23":0,"24":0.012562,"25":0.012562,"26":0.043967,"27":0.018843,"28":0.018843,"29":0.018843,"30":0.043967,"31":0.18843,"32":0.037686,"33":0.113058,"34":0.075372,"35":0.138182,"36":0.332893,"37":0.18843,"38":0.157025,"39":0.452232,"40":8.648937,"41":16.305476,"42":0.119339,"43":0.043967,"44":0},"firefox":{"2":0.006281,"3":0,"3.5":0,"3.6":0.018843,"4":0.006281,"5":0,"6":0,"7":0,"8":0,"9":0.006281,"10":0,"11":0.006281,"12":0.006281,"13":0.006281,"14":0.012562,"15":0,"16":0.018843,"17":0.006281,"18":0.006281,"19":0.006281,"20":0.006281,"21":0.018843,"22":0.012562,"23":0.012562,"24":0.006281,"25":0.006281,"26":0.006281,"27":0.006281,"28":0.006281,"29":0.006281,"30":0.050248,"31":0.100496,"32":0.06281,"33":0.094215,"34":0.056529,"35":1.105456,"36":4.918023,"37":0.131901,"38":0.006281,"39":0.012562},"opera":{"9":0,"9.5-9.6":0,"10.0-10.1":0,"10.5":0,"10.6":0,"11":0,"11.1":0.006281,"11.5":0.006281,"11.6":0,"12":0.006281,"12.1":0.031405,"15":0,"16":0.012562,"17":0,"18":0,"19":0,"20":0,"21":0,"22":0,"23":0,"24":0,"25":0,"26":0,"27":0.106777,"28":0.257521,"29":0},"safari":{"3.1":0,"3.2":0,"4":0.012562,"5":0.087934,"5.1":0.508761,"6":0.12562,"6.1":0.282645,"7":0.31405,"7.1":0.797687,"8":1.997358},"android":{"2.1":0,"2.2":0,"2.3":0.145890518319,"3":0,"4":0.323375161624,"4.1":1.11787448113,"4.2-4.3":1.93746325283,"4.4":3.32017084047,"4.4.3-4.4.4":1.60107874563,"37":0},"ios_saf":{"3.2":0,"4.0-4.1":0,"4.2-4.3":0,"5.0-5.1":0.0941325470085,"6.0-6.1":0.23747074359,"7.0-7.1":3.754605,"8":0.753060376068,"8.1":16.4368263333},"op_mob":{"10":0,"11":0,"11.1":0,"11.5":0,"12":3.01286075949e-5,"12.1":0.00012051443038,"0":0.000753215189873},"ie":{"5.5":0,"6":0.0125678319406,"7":0.087974823584,"8":1.70922514392,"9":0.980290891365,"10":1.79091605153,"11":8.95458025766,"0":null},"ie_mob":{"10":0.0634709333333,"11":0.159669066667},"bb":{"7":0.278925,"10":null},"and_uc":{"0":0.085537},"op_mini":{"5.0-8.0":0.118104141772},"and_chr":{"0":15.447821},"and_ff":{"0":0.137603}},"total":97.957852}