{"id":"AX","name":"Aland Islands","month":"2015-03","access_date":"2015-04-01","data":{"chrome":{"4":0,"5":0,"6":0,"7":0,"8":0,"9":0,"10":0,"11":0.008402,"12":0,"13":0.008402,"14":0,"15":0,"16":0,"17":0,"18":0,"19":0,"20":0,"21":0,"22":0.016804,"23":0.050412,"24":0,"25":0,"26":0,"27":0,"28":0.008402,"29":0,"30":0,"31":0.092422,"32":0.058814,"33":0.025206,"34":0.067216,"35":0.050412,"36":0.260462,"37":0.033608,"38":0.067216,"39":0.823396,"40":11.208268,"41":21.71917,"42":0.050412,"43":0.184844,"44":0},"firefox":{"2":0.025206,"3":0.008402,"3.5":0,"3.6":0.058814,"4":0.016804,"5":0.008402,"6":0.058814,"7":0.008402,"8":0,"9":0,"10":0,"11":0,"12":0.067216,"13":0,"14":0,"15":0,"16":0.016804,"17":0.016804,"18":0,"19":0,"20":0.008402,"21":0,"22":0,"23":0.008402,"24":0,"25":0.025206,"26":0.008402,"27":0.016804,"28":0.16804,"29":0.008402,"30":0.319276,"31":0.04201,"32":0.092422,"33":0.092422,"34":0.12603,"35":1.51236,"36":10.393274,"37":0.201648,"38":0,"39":0},"opera":{"9":0,"9.5-9.6":0,"10.0-10.1":0.008402,"10.5":0,"10.6":0,"11":0.008402,"11.1":0,"11.5":0,"11.6":0,"12":0.008402,"12.1":0.04201,"15":0,"16":0,"17":0,"18":0,"19":0,"20":0.008402,"21":0,"22":0,"23":0,"24":0,"25":0,"26":0,"27":0.12603,"28":0.235256,"29":0},"safari":{"3.1":0,"3.2":0,"4":0.025206,"5":0.285668,"5.1":0.403296,"6":0.067216,"6.1":0.268864,"7":0.37809,"7.1":0.646954,"8":2.671836},"android":{"2.1":0,"2.2":0,"2.3":0.040664157333,"3":0,"4":0.0901345652987,"4.1":0.311585867972,"4.2-4.3":0.540030369678,"4.4":0.925433338541,"4.4.3-4.4.4":0.446269701177,"37":0},"ios_saf":{"3.2":0,"4.0-4.1":0,"4.2-4.3":0,"5.0-5.1":0.0920139060835,"6.0-6.1":0.232125990347,"7.0-7.1":3.67010011765,"8":0.736111248668,"8.1":16.0668827373},"op_mob":{"10":0,"11":0,"11.1":0,"11.5":0,"12":2.18460759494e-5,"12.1":8.73843037975e-5,"0":0.000546151898734},"ie":{"5.5":0,"6":0,"7":0.04201,"8":1.38633,"9":1.798028,"10":1.268702,"11":10.174822,"0":null},"ie_mob":{"10":0.369542826667,"11":0.929631173333},"bb":{"7":0.0027965,"10":null},"and_uc":{"0":0.009588},"op_mini":{"5.0-8.0":0.0856366177215},"and_chr":{"0":6.648418},"and_ff":{"0":0.234906}},"total":99.3290885}