{"id":"AX","name":"Aland Islands","month":"2021-11","access_date":"2021-12-03","data":{"firefox":{"2":null,"3":null,"3.5":null,"3.6":0.00615,"4":null,"5":null,"6":null,"7":null,"8":null,"9":null,"10":null,"11":null,"12":null,"13":null,"14":null,"15":null,"16":null,"17":null,"18":null,"19":null,"20":null,"21":null,"22":null,"23":null,"24":null,"25":null,"26":null,"27":null,"28":null,"29":null,"30":null,"31":null,"32":null,"33":null,"34":null,"35":null,"36":null,"37":null,"38":null,"39":null,"40":null,"41":null,"42":null,"43":null,"44":null,"45":null,"46":null,"47":null,"48":0.00615,"49":null,"50":null,"51":null,"52":0.03073,"53":null,"54":null,"55":null,"56":null,"57":null,"58":null,"59":null,"60":null,"61":0.01229,"62":null,"63":null,"64":null,"65":0.00615,"66":null,"67":null,"68":null,"69":null,"70":null,"71":null,"72":null,"73":null,"74":null,"75":null,"76":null,"77":null,"78":0.03073,"79":null,"80":null,"81":null,"82":null,"83":null,"84":null,"85":null,"86":null,"87":null,"88":null,"89":0.00615,"90":null,"91":0.04916,"92":0.16592,"93":0.40557,"94":2.10774,"95":null,"96":null},"chrome":{"4":null,"5":null,"6":null,"7":null,"8":null,"9":null,"10":null,"11":null,"12":null,"13":null,"14":null,"15":null,"16":null,"17":null,"18":null,"19":null,"20":null,"21":null,"22":null,"23":null,"24":null,"25":null,"26":0.03687,"27":null,"28":null,"29":null,"30":null,"31":null,"32":null,"33":null,"34":null,"35":null,"36":null,"37":null,"38":null,"39":null,"40":null,"41":null,"42":null,"43":null,"44":null,"45":null,"46":null,"47":null,"48":null,"49":0.01844,"50":null,"51":null,"52":null,"53":null,"54":null,"55":null,"56":null,"57":null,"58":0.01229,"59":null,"60":null,"61":null,"62":null,"63":0.02458,"64":null,"65":null,"66":null,"67":null,"68":null,"69":null,"70":null,"71":null,"72":null,"73":null,"74":null,"75":null,"76":0.10447,"77":null,"78":null,"79":0.02458,"80":null,"81":0.02458,"83":null,"84":null,"85":null,"86":0.00615,"87":0.02458,"88":null,"89":0.02458,"90":0.01229,"91":0.23966,"92":0.14748,"93":0.2458,"94":0.67595,"95":21.71029,"96":12.64641,"97":null,"98":null,"99":null},"opera":{"9":null,"9.5-9.6":null,"10.0-10.1":0,"10.5":null,"10.6":null,"11":null,"11.1":null,"11.5":null,"11.6":null,"12":null,"12.1":null,"15":null,"16":null,"17":null,"18":null,"19":null,"20":null,"21":null,"22":null,"23":null,"24":null,"25":null,"26":null,"27":null,"28":null,"29":null,"30":null,"31":null,"32":null,"33":null,"34":null,"35":null,"36":null,"37":null,"38":null,"39":null,"40":null,"41":null,"42":null,"43":null,"44":null,"45":null,"46":null,"47":null,"48":null,"49":null,"50":null,"51":null,"52":null,"53":null,"54":null,"55":null,"56":null,"57":null,"58":null,"60":null,"62":null,"63":null,"64":null,"65":null,"66":null,"67":null,"68":null,"69":null,"70":null,"71":null,"72":null,"73":null,"74":null,"75":null,"76":null,"77":null,"78":null,"79":null,"80":2.29823,"81":1.11225},"edge":{"12":null,"13":null,"14":null,"15":null,"16":null,"17":null,"18":0.02458,"79":null,"80":null,"81":null,"83":null,"84":null,"85":0.00615,"86":null,"87":null,"88":null,"89":0.01229,"90":null,"91":null,"92":0.05531,"93":0.05531,"94":0.08603,"95":5.0389,"96":1.64686},"safari":{"3.1":null,"3.2":null,"4":0,"5":null,"5.1":null,"6":null,"6.1":null,"7":null,"7.1":null,"8":null,"9":null,"9.1":0.00615,"10":null,"10.1":null,"11":null,"11.1":0.03073,"12":0.01844,"12.1":0.03687,"13":0.03073,"13.1":0.62679,"14":0.42401,"14.1":6.2679,"15":1.50553,"15.1":1.16755,"0":null},"ios_saf":{"3.2":0,"4.0-4.1":0.00137,"4.2-4.3":0,"5.0-5.1":0,"6.0-6.1":0,"7.0-7.1":0,"8":0,"8.1-8.4":0.00549,"9.0-9.2":0.00411,"9.3":0.05898,"10.0-10.2":0.01646,"10.3":0.4252,"11.0-11.2":0.10836,"11.3-11.4":0.01372,"12.0-12.1":0.73107,"12.2-12.5":2.39346,"13.0-13.1":0.1015,"13.2":0.00411,"13.3":0.06035,"13.4-13.7":0.12482,"14.0-14.4":1.0918,"14.5-14.8":6.43696,"15.0-15.1":2.13834},"samsung":{"4":0.04905,"5.0-5.4":0.33166,"6.2-6.4":0.24121,"7.2-7.4":0.06131,"8.2":0.05025,"9.2":0.43216,"10.1":0.0981,"11.1-11.2":0.01226,"12.0":0.1407,"13.0":0.04905,"14.0":0.08584,"15.0":1.98651},"android":{"2.1":0,"2.2":0,"2.3":0,"3":0,"4":0,"4.1":0.00098,"4.2-4.3":0,"4.4":0,"4.4.3-4.4.4":0.04528,"0":0},"op_mob":{"10":null,"11":null,"11.1":null,"11.5":null,"12":null,"12.1":null,"0":null},"ie":{"5.5":null,"6":null,"7":null,"8":null,"9":null,"10":null,"11":0.18435},"bb":{"7":0,"10":0},"ie_mob":{"10":null,"11":null},"and_chr":{"0":22.91303},"kaios":{"2.5":0},"baidu":{"0":null},"and_ff":{"0":0.30069},"and_qq":{"10.4":0},"and_uc":{"0":0.19661},"op_mini":{"0":0.0511}},"total":100.20259}