{"id":"AX","name":"Aland Islands","month":"2017-07","access_date":"2017-08-04","data":{"chrome":{"4":0,"5":0,"6":0,"7":0,"8":0,"9":0,"10":0,"11":0,"12":0,"13":0,"14":0,"15":0,"16":0,"17":0,"18":0.01315,"19":0,"20":0,"21":0,"22":0,"23":0,"24":0,"25":0,"26":0,"27":0,"28":0,"29":0,"30":0,"31":0,"32":0,"33":0,"34":0,"35":0,"36":0.046025,"37":0.01315,"38":0.006575,"39":0.01315,"40":0,"41":0.006575,"42":0,"43":0,"44":0,"45":0,"46":0.006575,"47":0.01315,"48":0.006575,"49":1.032275,"50":0.032875,"51":0.006575,"52":0,"53":0.09205,"54":0.006575,"55":0.4997,"56":0.01315,"57":0.216975,"58":1.163775,"59":26.977225,"60":0.124925,"61":0.295875,"62":0,"63":0},"firefox":{"2":0,"3":0,"3.5":0,"3.6":0,"4":0.006575,"5":0,"6":0,"7":0,"8":0,"9":0.006575,"10":0,"11":0,"12":0,"13":0,"14":0,"15":0,"16":0,"17":0,"18":0,"19":0,"20":0,"21":0,"22":0,"23":0,"24":0,"25":0,"26":0,"27":0,"28":0,"29":0.01315,"30":0,"31":0,"32":0,"33":0,"34":0,"35":0,"36":0,"37":0,"38":0.01315,"39":0,"40":0,"41":0.032875,"42":0.019725,"43":0,"44":0,"45":0.01315,"46":0,"47":0.14465,"48":0.230125,"49":0,"50":0.032875,"51":0.09205,"52":0.532575,"53":0.09205,"54":6.56185,"55":0.0263,"56":0,"57":0},"opera":{"9":0,"9.5-9.6":0,"10.0-10.1":0,"10.5":0,"10.6":0,"11":0,"11.1":0,"11.5":0,"11.6":0,"12":0,"12.1":0,"15":0,"16":0,"17":0,"18":0,"19":0,"20":0,"21":0,"22":0,"23":0,"24":0,"25":0,"26":0.006575,"27":0,"28":0,"29":0,"30":0,"31":0,"32":0,"33":0,"34":0,"35":0,"36":0.006575,"37":0,"38":0,"39":0,"40":0,"41":0,"42":0,"43":0,"44":0,"45":0.006575,"46":0.808725,"47":0,"48":0},"safari":{"3.1":0,"3.2":0,"4":0,"5":0.006575,"5.1":0.03945,"6":0,"6.1":0.006575,"7":0,"7.1":0,"8":0.0263,"9":0.0263,"9.1":0.453675,"10":0.7364,"10.1":2.5774,"11":0,"0":null},"ios_saf":{"3.2":0,"4.0-4.1":0,"4.2-4.3":0,"5.0-5.1":0,"6.0-6.1":0,"7.0-7.1":0.118048632007,"8":0,"8.1-8.4":0.0904202287716,"9.0-9.2":0.0627918255359,"9.3":1.24076647259,"10.0-10.2":3.5389472872,"10.3":19.3223005539,"11":null},"android":{"2.1":0,"2.2":0,"2.3":0,"3":0,"4":0,"4.1":0.0671675675676,"4.2-4.3":0.17141722973,"4.4":0.461077364865,"4.4.3-4.4.4":0.284062837838,"56":null},"op_mob":{"10":0,"11":0,"11.1":0,"11.5":0,"12":0,"12.1":0,"0":0.000955272108844},"ie":{"5.5":0,"6":0,"7":0.006575,"8":0.111775,"9":0.059175,"10":0.124925,"11":5.27315},"edge":{"12":0.019725,"13":0.38135,"14":1.7358,"15":null,"16":null},"bb":{"7":0.003425,"10":null},"samsung":{"4":3.359925,"5":null},"ie_mob":{"10":0.1387125,"11":0.7552125},"op_mini":{"0":0.279894727891},"and_chr":{"0":16.58775},"baidu":{"0":null},"and_ff":{"0":0.017125},"and_qq":{"1.2":null},"and_uc":{"0":0.017125}},"total":97.3353}