{"id":"AX","name":"Aland Islands","month":"2017-11","access_date":"2017-12-06","data":{"chrome":{"4":0,"5":0,"6":0,"7":0,"8":0,"9":0,"10":0,"11":0,"12":0,"13":0,"14":0,"15":0,"16":0,"17":0,"18":0,"19":0,"20":0,"21":0,"22":0,"23":0,"24":0,"25":0,"26":0,"27":0,"28":0,"29":0,"30":0,"31":0,"32":0,"33":0,"34":0.006791,"35":0,"36":0.006791,"37":0,"38":0.013582,"39":0,"40":0.006791,"41":0,"42":0,"43":0.020373,"44":0,"45":0,"46":0,"47":0.006791,"48":0,"49":0.366714,"50":0.006791,"51":0,"52":0,"53":0.196939,"54":0.020373,"55":0.006791,"56":0,"57":0.006791,"58":0.027164,"59":0.033955,"60":0.074701,"61":7.884351,"62":10.071053,"63":0.020373,"64":0.142611,"65":0},"firefox":{"2":0,"3":0,"3.5":0,"3.6":0,"4":0.006791,"5":0,"6":0,"7":0,"8":0,"9":0,"10":0,"11":0,"12":0,"13":0,"14":0,"15":0.013582,"16":0,"17":0,"18":0,"19":0,"20":0,"21":0,"22":0,"23":0,"24":0,"25":0,"26":0,"27":0,"28":0,"29":0,"30":0,"31":0,"32":0,"33":0,"34":0,"35":0,"36":0,"37":0.006791,"38":0,"39":0,"40":0,"41":0.020373,"42":0,"43":0.006791,"44":0.040746,"45":0.006791,"46":0.149402,"47":0.027164,"48":0.033955,"49":0,"50":0,"51":0.006791,"52":0.176566,"53":0.027164,"54":0.033955,"55":0.040746,"56":2.44476,"57":2.098419,"58":0.006791,"59":0,"60":0},"opera":{"9":0,"9.5-9.6":0,"10.0-10.1":0,"10.5":0,"10.6":0,"11":0,"11.1":0,"11.5":0,"11.6":0,"12":0,"12.1":0,"15":0,"16":0,"17":0,"18":0,"19":0,"20":0,"21":0,"22":0,"23":0,"24":0,"25":0,"26":0,"27":0,"28":0,"29":0,"30":0,"31":0,"32":0.006791,"33":0,"34":0,"35":0,"36":0.006791,"37":0,"38":0,"39":0,"40":0,"41":0,"42":0,"43":0.088283,"44":0,"45":0,"46":0,"47":0,"48":0.264849,"49":0.122238,"50":0},"safari":{"3.1":0,"3.2":0,"4":0,"5":0,"5.1":0.006791,"6":0,"6.1":0.006791,"7":0.047537,"7.1":0,"8":0.020373,"9":0.020373,"9.1":1.589094,"10":0.692682,"10.1":0.33955,"11":3.252889,"0":null},"ios_saf":{"3.2":0.00375806731346,"4.0-4.1":0.00375806731346,"4.2-4.3":0.511097154631,"5.0-5.1":0.0864355482096,"6.0-6.1":0.0563710097019,"7.0-7.1":0.240516308062,"8":0.0601290770154,"8.1-8.4":0.413387404481,"9.0-9.2":0.251790510002,"9.3":1.73622709882,"10.0-10.2":3.22066368764,"10.3":6.71566628916,"11.0-11.2":24.2733567777},"android":{"2.1":0,"2.2":0,"2.3":0,"3":0,"4":0,"4.1":0.0231510664172,"4.2-4.3":0.0651791562208,"4.4":0.185208531338,"4.4.3-4.4.4":0.107207246024,"62":null},"op_mob":{"10":null,"11":null,"11.1":null,"11.5":null,"12":null,"12.1":null,"0":null},"ie":{"5.5":0,"6":0,"7":0,"8":0.020373,"9":0.013582,"10":0.033955,"11":4.448105},"edge":{"12":0.033955,"13":0.06791,"14":0.597608,"15":2.071255,"16":0.183357,"17":0},"samsung":{"4":0.327522829787,"5":0.388175205674,"6.2":0.994698964539},"ie_mob":{"10":0.0135115789474,"11":0.243208421053},"bb":{"7":0,"10":0},"and_uc":{"0":0.048135},"op_mini":{"0":0.151903694158},"and_chr":{"0":19.673033},"baidu":{"0":null},"and_ff":{"0":0.157241},"and_qq":{"1.2":null}},"total":97.9537686942}