{"id":"AZ","name":"Azerbaijan","month":"2019-03","access_date":"2019-04-14","data":{"chrome":{"4":0,"5":0,"6":0,"7":0,"8":0.004534,"9":0,"10":0,"11":0.004534,"12":0,"13":0,"14":0,"15":0,"16":0.004534,"17":0,"18":0,"19":0,"20":0,"21":0,"22":0.018136,"23":0,"24":0,"25":0,"26":0.009068,"27":0,"28":0.004534,"29":0,"30":0,"31":0,"32":0,"33":0,"34":0.004534,"35":0,"36":0,"37":0,"38":0.02267,"39":0.009068,"40":0.004534,"41":0.013602,"42":0.004534,"43":0.009068,"44":0.004534,"45":0.009068,"46":0.018136,"47":0.009068,"48":0.009068,"49":0.199496,"50":0.009068,"51":0.009068,"52":0.009068,"53":0.013602,"54":0.009068,"55":0.009068,"56":0.013602,"57":0.013602,"58":0.06801,"59":0.009068,"60":0.018136,"61":0.013602,"62":0.018136,"63":0.049874,"64":0.031738,"65":0.058942,"66":0.02267,"67":0.058942,"68":0.058942,"69":0.063476,"70":0.108816,"71":0.222166,"72":9.807042,"73":3.1738,"74":0.027204,"75":0.004534,"76":0},"firefox":{"2":0,"3":0.004534,"3.5":0,"3.6":0,"4":0,"5":0,"6":0,"7":0,"8":0,"9":0,"10":0,"11":0,"12":0,"13":0,"14":0,"15":0,"16":0,"17":0,"18":0,"19":0,"20":0,"21":0,"22":0,"23":0,"24":0,"25":0,"26":0,"27":0,"28":0,"29":0,"30":0,"31":0,"32":0,"33":0,"34":0,"35":0,"36":0,"37":0,"38":0,"39":0,"40":0,"41":0,"42":0,"43":0,"44":0,"45":0.004534,"46":0,"47":0.004534,"48":0.018136,"49":0,"50":0.004534,"51":0.004534,"52":0.02267,"53":0.009068,"54":0.004534,"55":0.004534,"56":0.018136,"57":0.018136,"58":0.004534,"59":0,"60":0.009068,"61":0.004534,"62":0.004534,"63":0.004534,"64":0.004534,"65":0.240302,"66":0.081612,"67":0.004534,"68":0},"opera":{"9":0,"9.5-9.6":0,"10.0-10.1":0,"10.5":0,"10.6":0,"11":0,"11.1":0,"11.5":0,"11.6":0,"12":0.004534,"12.1":0.018136,"15":0,"16":0,"17":0,"18":0,"19":0.004534,"20":0.009068,"21":0,"22":0.009068,"23":0,"24":0,"25":0,"26":0,"27":0,"28":0,"29":0,"30":0,"31":0,"32":0.004534,"33":0,"34":0,"35":0,"36":0.013602,"37":0.004534,"38":0.004534,"39":0,"40":0.004534,"41":0,"42":0.004534,"43":0.004534,"44":0,"45":0.009068,"46":0.004534,"47":0.009068,"48":0.004534,"49":0,"50":0.009068,"51":0.013602,"52":0,"53":0,"54":0,"55":0.004534,"56":0.009068,"57":0.027204,"58":1.5869},"safari":{"3.1":0,"3.2":0,"4":0,"5":0,"5.1":1.410074,"6":0,"6.1":0,"7":0,"7.1":0,"8":0.004534,"9":0.004534,"9.1":0.018136,"10":0.004534,"10.1":0.013602,"11":0.02267,"11.1":0.027204,"12":0.244836,"12.1":0.004534,"0":null},"ios_saf":{"3.2":0.0036494838838839,"4.0-4.1":0.0018247419419419,"4.2-4.3":0.0018247419419419,"5.0-5.1":0.010036080680681,"6.0-6.1":0.0045618548548549,"7.0-7.1":0.018247419419419,"8":0.12225771011011,"8.1-8.4":0.039231951751752,"9.0-9.2":0.024634016216216,"9.3":0.17791233933934,"10.0-10.2":0.098536064864865,"10.3":0.23812882342342,"11.0-11.2":0.30199479139139,"11.3-11.4":0.64869576036036,"12.0-12.1":7.3199523001001,"12.2":0.10309791971972},"android":{"2.1":0.015573057985758,"2.2":0.033741625635809,"2.3":0.023359586978637,"3":0.002595509664293,"4":0.3685623723296,"4.1":0.19985424415056,"4.2-4.3":0.74491127365209,"4.4":0,"4.4.3-4.4.4":1.1627883296033,"67":null},"ie":{"5.5":0,"6":0,"7":0,"8":0.04427885106383,"9":0.024599361702128,"10":0.014759617021277,"11":0.14759617021277},"edge":{"12":0.004534,"13":0.009068,"14":0.013602,"15":0.009068,"16":0.009068,"17":0.099748,"18":0.049874},"op_mob":{"10":null,"11":null,"11.1":null,"11.5":null,"12":null,"12.1":null,"0":null},"samsung":{"4":1.7417441927711,"5.0-5.4":0.061113831325301,"6.2-6.4":0.39723990361446,"7.2-7.4":0.55002448192771,"8.2":4.7261362891566,"9.2":0.13241330120482},"ie_mob":{"10":0.029432307692308,"11":0.16187769230769},"bb":{"7":0.0032796,"10":0.0131184},"kaios":{"2.5":0},"baidu":{"0":null},"and_ff":{"0":0.05466},"and_uc":{"0":0.475542},"and_qq":{"1.2":0.005466},"op_mini":{"0":3.4102298865979},"and_chr":{"0":51.037168}},"total":93.150031886598}