{"id":"AZ","name":"Azerbaijan","month":"2019-09","access_date":"2019-10-06","data":{"chrome":{"4":0,"5":0,"6":0,"7":0,"8":0,"9":0,"10":0,"11":0,"12":0,"13":0,"14":0,"15":0,"16":0,"17":0,"18":0,"19":0,"20":0,"21":0,"22":0,"23":0,"24":0,"25":0,"26":0.009078,"27":0,"28":0.004539,"29":0,"30":0,"31":0,"32":0,"33":0,"34":0.004539,"35":0,"36":0.009078,"37":0.004539,"38":0.013617,"39":0.036312,"40":0.009078,"41":0.009078,"42":0.004539,"43":0.009078,"44":0.009078,"45":0.009078,"46":0.013617,"47":0.013617,"48":0.018156,"49":0.308652,"50":0.013617,"51":0.022695,"52":0.009078,"53":0.022695,"54":0.013617,"55":0.018156,"56":0.013617,"57":0.031773,"58":0.031773,"59":0.013617,"60":0.018156,"61":0.009078,"62":0.013617,"63":0.031773,"64":0.009078,"65":0.022695,"66":0.009078,"67":0.036312,"68":0.018156,"69":0.022695,"70":0.063546,"71":0.077163,"72":0.09078,"73":0.086241,"74":0.122553,"75":0.213333,"76":8.192895,"77":2.827797,"78":0.027234,"79":0.004539,"80":0},"firefox":{"2":0,"3":0.004539,"3.5":0,"3.6":0.004539,"4":0,"5":0,"6":0,"7":0,"8":0,"9":0,"10":0,"11":0,"12":0.004539,"13":0,"14":0.004539,"15":0.004539,"16":0.004539,"17":0.004539,"18":0.004539,"19":0.004539,"20":0.004539,"21":0,"22":0,"23":0,"24":0,"25":0,"26":0,"27":0,"28":0,"29":0,"30":0,"31":0.004539,"32":0,"33":0,"34":0,"35":0.004539,"36":0.004539,"37":0,"38":0.004539,"39":0.004539,"40":0.004539,"41":0.004539,"42":0.004539,"43":0.004539,"44":0.009078,"45":0.013617,"46":0.004539,"47":0.009078,"48":0.031773,"49":0.004539,"50":0.013617,"51":0.018156,"52":0.022695,"53":0.027234,"54":0.018156,"55":0.013617,"56":0.013617,"57":0.018156,"58":0.009078,"59":0.004539,"60":0.009078,"61":0.004539,"62":0,"63":0.004539,"64":0.004539,"65":0.004539,"66":0.027234,"67":0.004539,"68":0.154326,"69":0.195177,"70":0.004539,"71":0},"opera":{"9":0,"9.5-9.6":0,"10.0-10.1":0,"10.5":0,"10.6":0,"11":0.004539,"11.1":0,"11.5":0,"11.6":0.004539,"12":0.004539,"12.1":0.018156,"15":0.004539,"16":0,"17":0,"18":0.004539,"19":0.009078,"20":0.004539,"21":0,"22":0.004539,"23":0,"24":0,"25":0,"26":0,"27":0,"28":0,"29":0.004539,"30":0.004539,"31":0,"32":0.004539,"33":0,"34":0.004539,"35":0,"36":0.013617,"37":0.004539,"38":0.004539,"39":0,"40":0.004539,"41":0.004539,"42":0.009078,"43":0.004539,"44":0.004539,"45":0.004539,"46":0.004539,"47":0,"48":0,"49":0,"50":0,"51":0,"52":0,"53":0.049929,"54":0.009078,"55":0,"56":0.004539,"57":0,"58":0.004539,"60":0.004539,"62":0.190638},"safari":{"3.1":0,"3.2":0,"4":0,"5":0.004539,"5.1":3.08652,"6":0.004539,"6.1":0,"7":0,"7.1":0,"8":0.004539,"9":0.009078,"9.1":0.018156,"10":0.009078,"10.1":0.004539,"11":0.013617,"11.1":0.022695,"12":0.031773,"12.1":0.222411,"13":0.036312,"13.1":0,"0":null},"ios_saf":{"3.2":0.0033576373098479,"4.0-4.1":0.0016788186549239,"4.2-4.3":0,"5.0-5.1":0.0058758652922338,"6.0-6.1":0,"7.0-7.1":0.0067152746196958,"8":0,"8.1-8.4":0.01259113991193,"9.0-9.2":0.014269958566853,"9.3":0.10324734727782,"10.0-10.2":0.049525150320256,"10.3":0.12507198979183,"11.0-11.2":0.13598431104884,"11.3-11.4":0.24594693294636,"12.0-12.1":0.41298938911129,"12.2-12.3":6.6825376559247,"13.0-13.1":0.58758652922338},"android":{"2.1":0,"2.2":0.011018245771144,"2.3":0.006009952238806,"3":0.0070116109452736,"4":0.039064689552239,"4.1":0.089147624875622,"4.2-4.3":0.52687247960199,"4.4":0,"4.4.3-4.4.4":0.32754239701493,"76":null},"samsung":{"4":1.4524974262701,"5.0-5.4":0.040629298636927,"6.2-6.4":0.26409044114002,"7.2-7.4":0.27424776579926,"8.2":0.1929891685254,"9.2":3.768367448575,"10.1":2.2041394510533},"edge":{"12":0.004539,"13":0.009078,"14":0.009078,"15":0.009078,"16":0.004539,"17":0.04539,"18":0.104397,"76":null},"op_mob":{"10":null,"11":null,"11.1":null,"11.5":null,"12":null,"12.1":null,"0":null},"ie":{"5.5":0,"6":0,"7":0.00468084375,"8":0.093616875,"9":0.07021265625,"10":0.0280850625,"11":0.1029785625},"ie_mob":{"10":0.039511941176471,"11":0.18438905882353},"bb":{"7":0,"10":0.016383},"and_chr":{"0":53.77073},"baidu":{"0":null},"and_ff":{"0":0.049149},"and_uc":{"0":0.289433},"and_qq":{"1.2":0.010922},"kaios":{"2.5":0},"op_mini":{"0":2.8435670962199}},"total":92.45180109622}