{"id":"BA","name":"Bosnia and Herzegovina","month":"2015-12","access_date":"2016-01-02","data":{"firefox":{"2":0,"3":0.03398,"3.5":0.008495,"3.6":0.025485,"4":0.008495,"5":0,"6":0.008495,"7":0.008495,"8":0,"9":0.008495,"10":0.01699,"11":0.01699,"12":0.01699,"13":0.01699,"14":0.01699,"15":0.042475,"16":0.08495,"17":0.01699,"18":0.01699,"19":0.01699,"20":0.01699,"21":0.008495,"22":0.008495,"23":0.008495,"24":0.008495,"25":0.008495,"26":0.01699,"27":0.008495,"28":0.01699,"29":0.01699,"30":0.03398,"31":0.05097,"32":0.025485,"33":0.03398,"34":0.03398,"35":0.076455,"36":0.042475,"37":0.11893,"38":0.28883,"39":0.212375,"40":0.178395,"41":0.314315,"42":8.91975,"43":5.79359,"44":0.127425,"45":0.008495,"46":0},"chrome":{"4":0,"5":0,"6":0.008495,"7":0,"8":0.01699,"9":0,"10":0.008495,"11":0.05097,"12":0.01699,"13":0,"14":0.01699,"15":0,"16":0.008495,"17":0,"18":0.008495,"19":0,"20":0.008495,"21":0.025485,"22":0.110435,"23":0.008495,"24":0.008495,"25":0.008495,"26":0.110435,"27":0.008495,"28":0.01699,"29":0.01699,"30":0.03398,"31":0.06796,"32":0.03398,"33":0.059465,"34":0.15291,"35":0.05097,"36":0.08495,"37":0.06796,"38":0.15291,"39":0.18689,"40":0.093445,"41":0.042475,"42":0.22087,"43":0.27184,"44":0.40776,"45":0.331305,"46":8.690385,"47":44.216475,"48":0.246355,"49":0.127425,"50":0},"opera":{"9":0,"9.5-9.6":0,"10.0-10.1":0,"10.5":0,"10.6":0,"11":0,"11.1":0,"11.5":0,"11.6":0.008495,"12":0.01699,"12.1":0.15291,"15":0.008495,"16":0,"17":0,"18":0.008495,"19":0,"20":0.008495,"21":0,"22":0,"23":0,"24":0,"25":0,"26":0.008495,"27":0,"28":0.025485,"29":0.01699,"30":0.025485,"31":0.025485,"32":0.025485,"33":0.841005,"34":1.775455,"35":0.008495,"36":0},"safari":{"3.1":0,"3.2":0,"4":0.008495,"5":0.01699,"5.1":0.05097,"6":0,"6.1":0.03398,"7":0.025485,"7.1":0.01699,"8":0.10194,"9":0.450235},"android":{"2.1":0,"2.2":0,"2.3":0.0334333292534,"3":0,"4":0.0965851733986,"4.1":0.456922166463,"4.2-4.3":1.00485728478,"4.4":1.95213494696,"4.4.3-4.4.4":1.00857209914,"46":null},"ios_saf":{"3.2":0,"4.0-4.1":0,"4.2-4.3":0,"5.0-5.1":0,"6.0-6.1":0,"7.0-7.1":0.0965478684716,"8":0.0128568769573,"8.1-8.4":0.320209011011,"9.0-9.2":1.97171124356},"op_mob":{"10":0,"11":0,"11.1":0,"11.5":0,"12":0,"12.1":4.15002388915e-5,"0":0.000975255613951},"ie":{"5.5":0,"6":0.017072676399,"7":0.00853633819951,"8":0.256090145985,"9":0.298771836983,"10":0.384135218978,"11":2.54382878345},"bb":{"7":0.0052675,"10":null},"ie_mob":{"10":0.153868668224,"11":0.690436331776},"edge":{"12":null,"13":null,"14":null},"and_uc":{"0":0.121905},"op_mini":{"5.0-8.0":0.302993244147},"and_chr":{"0":9.869805},"and_ff":{"0":0.013545}},"total":98.0251325}