{"id":"BA","name":"Bosnia and Herzegovina","month":"2017-07","access_date":"2017-08-04","data":{"chrome":{"4":0,"5":0,"6":0,"7":0,"8":0,"9":0,"10":0,"11":0.009732,"12":0,"13":0,"14":0,"15":0,"16":0,"17":0,"18":0,"19":0,"20":0,"21":0,"22":0.029196,"23":0.004866,"24":0,"25":0.004866,"26":0.014598,"27":0,"28":0.004866,"29":0.009732,"30":0.004866,"31":0.009732,"32":0.009732,"33":0.014598,"34":0.038928,"35":0.009732,"36":0.014598,"37":0.004866,"38":0.034062,"39":0.029196,"40":0.019464,"41":0.043794,"42":0.004866,"43":0.053526,"44":0.019464,"45":0.014598,"46":0.02433,"47":0.019464,"48":0.14598,"49":2.38434,"50":0.014598,"51":0.058392,"52":0.02433,"53":0.038928,"54":0.04866,"55":0.141114,"56":0.136248,"57":0.107052,"58":0.895344,"59":27.458838,"60":0.36495,"61":0.04866,"62":0.004866,"63":0},"firefox":{"2":0,"3":0.004866,"3.5":0.004866,"3.6":0.004866,"4":0,"5":0,"6":0,"7":0,"8":0,"9":0,"10":0.004866,"11":0,"12":0.004866,"13":0.004866,"14":0.014598,"15":0.02433,"16":0.004866,"17":0,"18":0.004866,"19":0.004866,"20":0.004866,"21":0,"22":0,"23":0,"24":0,"25":0,"26":0,"27":0,"28":0,"29":0,"30":0,"31":0.004866,"32":0.004866,"33":0.004866,"34":0.004866,"35":0.009732,"36":0.009732,"37":0.004866,"38":0.009732,"39":0.009732,"40":0.009732,"41":0.014598,"42":0.009732,"43":0.053526,"44":0.009732,"45":0.131382,"46":0.019464,"47":0.09732,"48":0.043794,"49":0.034062,"50":0.068124,"51":0.068124,"52":1.065654,"53":0.136248,"54":5.333136,"55":0.09732,"56":0,"57":0},"opera":{"9":0,"9.5-9.6":0,"10.0-10.1":0,"10.5":0,"10.6":0,"11":0,"11.1":0,"11.5":0,"11.6":0,"12":0,"12.1":0.019464,"15":0,"16":0,"17":0,"18":0,"19":0,"20":0,"21":0,"22":0,"23":0,"24":0,"25":0,"26":0,"27":0,"28":0,"29":0,"30":0.004866,"31":0.004866,"32":0.004866,"33":0,"34":0,"35":0.004866,"36":0.126516,"37":0.043794,"38":0,"39":0.004866,"40":0.004866,"41":0.004866,"42":0.009732,"43":0.029196,"44":0.004866,"45":0.058392,"46":1.498728,"47":0.004866,"48":0.014598},"safari":{"3.1":0,"3.2":0,"4":0,"5":0.038928,"5.1":0.014598,"6":0,"6.1":0.009732,"7":0.004866,"7.1":0,"8":0.009732,"9":0.019464,"9.1":0.068124,"10":0.034062,"10.1":0.399012,"11":0.004866,"0":null},"ios_saf":{"3.2":0,"4.0-4.1":0,"4.2-4.3":0,"5.0-5.1":0,"6.0-6.1":0,"7.0-7.1":0.0280861422094,"8":0,"8.1-8.4":0.0215127897774,"9.0-9.2":0.0149394373454,"9.3":0.295203281946,"10.0-10.2":0.841986688788,"10.3":4.59716365993,"11":null},"android":{"2.1":0,"2.2":0,"2.3":0,"3":0,"4":0,"4.1":0.270352523471,"4.2-4.3":0.689962169275,"4.4":1.85585742674,"4.4.3-4.4.4":1.14336588051,"56":null},"op_mob":{"10":0,"11":0,"11.1":0,"11.5":0,"12":0,"12.1":0,"0":0.000942979591837},"ie":{"5.5":0,"6":0,"7":0,"8":0.0585700243902,"9":0.0439275182927,"10":0.0536891890244,"11":1.44472726829},"edge":{"12":0.029196,"13":0.07299,"14":0.384414,"15":null,"16":null},"bb":{"7":0.0038505,"10":null},"samsung":{"4":2.520794,"5":null},"ie_mob":{"10":0.110735068966,"11":0.602890931034},"op_mini":{"0":0.276293020408},"and_chr":{"0":41.324138},"baidu":{"0":null},"and_ff":{"0":0.010268},"and_qq":{"1.2":null},"and_uc":{"0":0.05134}},"total":98.8575605}