{"id":"BA","name":"Bosnia and Herzegovina","month":"2019-11","access_date":"2019-12-04","data":{"chrome":{"4":0,"5":0,"6":0,"7":0,"8":0,"9":0,"10":0,"11":0,"12":0,"13":0,"14":0,"15":0,"16":0,"17":0,"18":0,"19":0,"20":0,"21":0,"22":0,"23":0,"24":0,"25":0,"26":0.003306,"27":0,"28":0,"29":0,"30":0,"31":0,"32":0,"33":0.42978,"34":0,"35":0,"36":0,"37":0,"38":0.003306,"39":0,"40":0.003306,"41":0,"42":0,"43":0.003306,"44":0,"45":0,"46":0,"47":0,"48":0,"49":0.109098,"50":0.003306,"51":0.003306,"52":0.003306,"53":0.003306,"54":0.003306,"55":0.006612,"56":0.003306,"57":0.003306,"58":0.006612,"59":0.006612,"60":0.003306,"61":0.006612,"62":0.006612,"63":0.009918,"64":0.003306,"65":0.006612,"66":0.006612,"67":0.009918,"68":0.006612,"69":0.009918,"70":0.01653,"71":0.023142,"72":0.023142,"73":0.023142,"74":0.019836,"75":0.036366,"76":0.056202,"77":0.64467,"78":6.327684,"79":0.013224,"80":0.006612,"81":null},"firefox":{"2":0,"3":0,"3.5":0,"3.6":0,"4":0,"5":0,"6":0,"7":0,"8":0,"9":0,"10":0,"11":0,"12":0,"13":0,"14":0,"15":0.006612,"16":0,"17":0,"18":0,"19":0,"20":0.003306,"21":0,"22":0,"23":0,"24":0,"25":0,"26":0,"27":0,"28":0,"29":0,"30":0,"31":0,"32":0,"33":0,"34":0,"35":0,"36":0,"37":0,"38":0,"39":0,"40":0,"41":0,"42":0,"43":0.003306,"44":0,"45":0.036366,"46":0.003306,"47":0.003306,"48":0.003306,"49":0,"50":0,"51":0.003306,"52":0.112404,"53":0,"54":0,"55":0,"56":0.003306,"57":0.003306,"58":0,"59":0.003306,"60":0.006612,"61":0.009918,"62":0,"63":0.003306,"64":0.003306,"65":0.003306,"66":0.006612,"67":0.006612,"68":0.076038,"69":0.03306,"70":1.00833,"71":0.01653,"72":0,"73":0},"opera":{"9":0,"9.5-9.6":0,"10.0-10.1":0,"10.5":0,"10.6":0,"11":0,"11.1":0,"11.5":0,"11.6":0,"12":0,"12.1":0,"15":0,"16":0,"17":0,"18":0,"19":0,"20":0,"21":0,"22":0,"23":0,"24":0,"25":0,"26":0,"27":0,"28":0,"29":0,"30":0,"31":0,"32":0,"33":0,"34":0,"35":0,"36":0.003306,"37":0,"38":0,"39":0,"40":0,"41":0,"42":0,"43":0,"44":0,"45":0,"46":0,"47":0,"48":0,"49":0,"50":0,"51":0,"52":0,"53":0.003306,"54":0.003306,"55":0,"56":0.003306,"57":0,"58":0,"60":0,"62":0,"63":0.059508,"64":0.14877},"safari":{"3.1":0,"3.2":0,"4":0,"5":0.009918,"5.1":0.003306,"6":0,"6.1":0,"7":0,"7.1":0,"8":0,"9":0,"9.1":0.003306,"10":0,"10.1":0.009918,"11":0.003306,"11.1":0.013224,"12":0.006612,"12.1":0.03306,"13":0.13224,"0":null},"ios_saf":{"3.2":0,"4.0-4.1":0,"4.2-4.3":0,"5.0-5.1":0.0040967492985972,"6.0-6.1":0,"7.0-7.1":0.0064377488977956,"8":0,"8.1-8.4":0.0076082486973948,"9.0-9.2":0.0070229987975952,"9.3":0.080179236272545,"10.0-10.2":0.02984774488978,"10.3":0.084275985571142,"11.0-11.2":0.086031735270541,"11.3-11.4":0.1445567252505,"12.0-12.1":0.20132596553106,"12.2-12.4":1.4420557531062,"13.0-13.1":2.8653835094188,"13.2":0.86382885210421,"13.3":0.018142746893788},"android":{"2.1":0,"2.2":0.0026954200426439,"2.3":0.00067385501066098,"3":0.0010107825159915,"4":0.0077493326226013,"4.1":0.0087601151385928,"4.2-4.3":0.18699476545842,"4.4":0,"4.4.3-4.4.4":0.10815372921109,"76":null},"ie":{"5.5":0,"6":0,"7":0,"8":0.003306,"9":0,"10":0.006612,"11":0.238032},"samsung":{"4":0.19343878326996,"5.0-5.4":0.020361977186312,"6.2-6.4":0.061085931558935,"7.2-7.4":0.081447908745247,"8.2":0.050904942965779,"9.2":0.41742053231939,"10.1":4.5305399239544},"edge":{"12":0.003306,"13":0.006612,"14":0.006612,"15":0.026448,"16":0.013224,"17":0.046284,"18":0.178524,"76":null},"op_mob":{"10":null,"11":null,"11.1":null,"11.5":null,"12":null,"12.1":null,"0":null},"ie_mob":{"10":0,"11":0.06694},"bb":{"7":0,"10":0.006694},"baidu":{"0":null},"and_ff":{"0":0.174044},"and_uc":{"0":0.020082},"and_qq":{"1.2":0.006694},"kaios":{"2.5":0},"op_mini":{"0":0.18378595532646},"and_chr":{"0":75.752734}},"total":97.902179955326}