{"id":"BA","name":"Bosnia and Herzegovina","month":"2021-05","access_date":"2021-06-04","data":{"firefox":{"2":null,"3":null,"3.5":null,"3.6":null,"4":null,"5":null,"6":null,"7":null,"8":null,"9":null,"10":null,"11":null,"12":null,"13":null,"14":null,"15":0.04479,"16":null,"17":null,"18":null,"19":null,"20":null,"21":null,"22":null,"23":null,"24":null,"25":null,"26":null,"27":null,"28":null,"29":null,"30":null,"31":null,"32":null,"33":null,"34":null,"35":null,"36":0.00407,"37":null,"38":null,"39":null,"40":null,"41":null,"42":null,"43":null,"44":null,"45":0.41127,"46":null,"47":null,"48":0.00814,"49":null,"50":0.06515,"51":null,"52":0.24839,"53":null,"54":0.01629,"55":null,"56":null,"57":null,"58":null,"59":null,"60":null,"61":null,"62":null,"63":null,"64":0.00407,"65":null,"66":0.00814,"67":null,"68":0.01629,"69":0.00814,"70":null,"71":null,"72":0.00407,"73":null,"74":null,"75":null,"76":0.01629,"77":0.01222,"78":0.05294,"79":null,"80":null,"81":0.00814,"82":null,"83":null,"84":0.01629,"85":0.01222,"86":0.03665,"87":0.05294,"88":3.47749,"89":0.03665,"90":null,"91":null},"chrome":{"4":null,"5":null,"6":null,"7":null,"8":null,"9":null,"10":null,"11":0.01222,"12":null,"13":null,"14":null,"15":null,"16":null,"17":null,"18":null,"19":null,"20":null,"21":null,"22":0.00814,"23":null,"24":null,"25":null,"26":0.00814,"27":null,"28":null,"29":null,"30":null,"31":null,"32":null,"33":null,"34":0.00814,"35":null,"36":null,"37":null,"38":0.01629,"39":null,"40":null,"41":null,"42":null,"43":0.01222,"44":null,"45":null,"46":null,"47":0.00814,"48":null,"49":0.4072,"50":0.00407,"51":null,"52":null,"53":0.08144,"54":null,"55":0.00407,"56":0.01629,"57":null,"58":0.02036,"59":null,"60":0.00814,"61":0.2036,"62":0.00814,"63":0.01629,"64":null,"65":0.00407,"66":0.01629,"67":0.00814,"68":0.0285,"69":0.00814,"70":0.02443,"71":0.00814,"72":0.00814,"73":0.00407,"74":0.00814,"75":0.02036,"76":0.01629,"77":0.03665,"78":0.01222,"79":0.12216,"80":2.61015,"81":0.04479,"83":0.01629,"84":0.02036,"85":0.03665,"86":0.05294,"87":0.15881,"88":0.14659,"89":0.81847,"90":23.31627,"91":0.80218,"92":0.04479,"93":null,"94":null},"opera":{"9":null,"9.5-9.6":null,"10.0-10.1":0,"10.5":null,"10.6":null,"11":null,"11.1":null,"11.5":null,"11.6":null,"12":null,"12.1":null,"15":null,"16":null,"17":null,"18":null,"19":null,"20":null,"21":null,"22":null,"23":null,"24":null,"25":null,"26":null,"27":null,"28":null,"29":null,"30":null,"31":null,"32":0.00407,"33":null,"34":null,"35":null,"36":0.01629,"37":null,"38":null,"39":null,"40":0.01629,"41":null,"42":null,"43":null,"44":null,"45":null,"46":0.00814,"47":null,"48":null,"49":null,"50":null,"51":null,"52":null,"53":null,"54":null,"55":null,"56":null,"57":null,"58":null,"60":null,"62":null,"63":null,"64":null,"65":null,"66":null,"67":null,"68":null,"69":0.00407,"70":null,"71":null,"72":null,"73":0.08144,"74":0.00814,"75":0.59044,"76":0.65152},"ios_saf":{"3.2":0,"4.0-4.1":0,"4.2-4.3":0,"5.0-5.1":0.00334,"6.0-6.1":0.00095,"7.0-7.1":0.02957,"8":0,"8.1-8.4":0.00095,"9.0-9.2":0,"9.3":0.12258,"10.0-10.2":0.01717,"10.3":0.11829,"11.0-11.2":0.01335,"11.3-11.4":0.03959,"12.0-12.1":0.02957,"12.2-12.4":0.07441,"13.0-13.1":0.00715,"13.2":0.00286,"13.3":0.03339,"13.4-13.7":0.16455,"14.0-14.4":3.136,"14.5-14.6":0.53372},"safari":{"3.1":null,"3.2":null,"4":0,"5":null,"5.1":null,"6":null,"6.1":null,"7":null,"7.1":null,"8":0.01222,"9":null,"9.1":null,"10":null,"10.1":0.01629,"11":null,"11.1":0.01222,"12":0.04072,"12.1":0.02443,"13":0.03258,"13.1":0.07737,"14":0.37462,"14.1":0.17917,"0":null},"edge":{"12":null,"13":null,"14":null,"15":null,"16":null,"17":0.01222,"18":0.0285,"79":null,"80":null,"81":null,"83":null,"84":0.00407,"85":0.08551,"86":0.00407,"87":0.00814,"88":0.02443,"89":0.02443,"90":1.36819,"91":0.10994},"samsung":{"4":0.28616,"5.0-5.4":0.01021,"6.2-6.4":0.02044,"7.2-7.4":0.06132,"8.2":0.01021,"9.2":0.08176,"10.1":0.03066,"11.1-11.2":0.28616,"12.0":0.17374,"13.0":0.48033,"14.0":3.68937},"android":{"2.1":0,"2.2":0,"2.3":0,"3":0,"4":0,"4.1":0.00528,"4.2-4.3":0.01583,"4.4":0,"4.4.3-4.4.4":0.10931,"0":0},"op_mob":{"10":null,"11":null,"11.1":null,"11.5":null,"12":null,"12.1":null,"0":null},"ie":{"5.5":null,"6":null,"7":null,"8":0.01513,"9":null,"10":null,"11":0.32284},"bb":{"7":0,"10":0},"ie_mob":{"10":null,"11":null},"kaios":{"2.5":0},"baidu":{"0":null},"and_ff":{"0":0.21341},"and_qq":{"10.4":0},"and_uc":{"0":0.01778},"op_mini":{"0":0.26939},"and_chr":{"0":51.32333}},"total":99.36718}