{"id":"BB","name":"Barbados","month":"2014-08","access_date":"2014-09-01","data":{"chrome":{"4":null,"5":0.008478,"6":null,"7":0.008478,"8":null,"9":null,"10":null,"11":0.228906,"12":0.04239,"13":null,"14":0.016956,"15":null,"16":null,"17":null,"18":0.04239,"19":null,"20":0.016956,"21":0.04239,"22":0.279774,"23":0.016956,"24":0.050868,"25":0.025434,"26":0.067824,"27":0.245862,"28":0.118692,"29":0.135648,"30":0.04239,"31":0.907146,"32":0.500202,"33":1.941462,"34":0.601938,"35":1.576908,"36":38.252736,"37":1.263222,"38":0.33912,"39":0.033912,"40":null},"firefox":{"2":null,"3":0.016956,"3.5":null,"3.6":0.093258,"4":0.016956,"5":0.008478,"6":null,"7":0.008478,"8":null,"9":0.016956,"10":0.016956,"11":0.08478,"12":0.033912,"13":0.008478,"14":0.016956,"15":0.025434,"16":0.076302,"17":0.101736,"18":0.04239,"19":0.016956,"20":0.033912,"21":0.152604,"22":0.033912,"23":0.04239,"24":0.04239,"25":0.016956,"26":0.12717,"27":0.033912,"28":0.059346,"29":0.194994,"30":0.584982,"31":11.809854,"32":0.50868,"33":null,"34":0.008478},"opera":{"9":null,"9.5-9.6":null,"10.0-10.1":0,"10.5":null,"10.6":null,"11":null,"11.1":0.016956,"11.5":0.033912,"11.6":0.008478,"12":0.016956,"12.1":1.534518,"15":null,"16":null,"17":null,"18":null,"19":0.008478,"20":null,"21":0.016956,"22":0.016956,"23":0.568026,"24":null,"25":null},"safari":{"3.1":null,"3.2":null,"4":0.04239,"5":0.161082,"5.1":0.491724,"6":0.279774,"6.1":0.483246,"7":1.704078,"8":0.04239},"android":{"2.1":0.00552238161838,"2.2":0.0386566713287,"2.3":0.7510439001,"3":0,"4":0.585372451548,"4.1":1.46343112887,"4.2-4.3":1.52969970829,"4.4":1.15417775824,"4.4.3":null},"op_mob":{"10":0,"11":0,"11.1":0,"11.5":0,"12":0.000789185185185,"12.1":0.00434051851852,"0":null},"ie":{"5.5":null,"6":0.00848621511628,"7":0.0933483662791,"8":1.459629,"9":1.48508764535,"10":3.01260636628,"11":11.456390407},"ios_saf":{"3.2":0,"4.0-4.1":0,"4.2-4.3":0,"5.0-5.1":0.031435319209,"6.0-6.1":0.158459670299,"7.0-7.1":2.98956301049,"8":0},"bb":{"7":0.2378125,"10":null},"and_ff":{"0":0.118716},"ie_mob":{"10":0.40571954},"op_mini":{"5.0-7.0":0.291660296296},"and_chr":{"0":3.925238}},"total":97.67470604}