{"id":"BD","name":"Bangladesh","month":"2019-03","access_date":"2019-04-14","data":{"chrome":{"4":0,"5":0,"6":0,"7":0,"8":0,"9":0,"10":0,"11":0.00208,"12":0,"13":0,"14":0,"15":0,"16":0,"17":0,"18":0,"19":0,"20":0,"21":0,"22":0,"23":0,"24":0,"25":0,"26":0.00208,"27":0,"28":0.00208,"29":0.01248,"30":0,"31":0.00416,"32":0,"33":0.00416,"34":0,"35":0,"36":0.00208,"37":0,"38":0,"39":0,"40":0.03744,"41":0.00208,"42":0,"43":0.00416,"44":0,"45":0,"46":0.00208,"47":0,"48":0,"49":0.02496,"50":0,"51":0.00208,"52":0,"53":0,"54":0,"55":0.00208,"56":0.00208,"57":0,"58":0.00416,"59":0.00208,"60":0.00208,"61":0.06448,"62":0.00208,"63":0.00624,"64":0.00416,"65":0.01248,"66":0.00416,"67":0.00832,"68":0.00624,"69":0.01248,"70":0.01248,"71":0.02704,"72":1.70768,"73":0.65104,"74":0.0104,"75":0.00208,"76":0},"firefox":{"2":0,"3":0.00208,"3.5":0,"3.6":0,"4":0,"5":0,"6":0,"7":0,"8":0,"9":0,"10":0,"11":0,"12":0,"13":0,"14":0,"15":0,"16":0,"17":0,"18":0,"19":0,"20":0,"21":0,"22":0,"23":0,"24":0,"25":0,"26":0,"27":0,"28":0,"29":0,"30":0.00208,"31":0,"32":0,"33":0,"34":0,"35":0.01456,"36":0.00416,"37":0,"38":0.00208,"39":0.00208,"40":0.00416,"41":0.00208,"42":0.00208,"43":0.0104,"44":0.00416,"45":0.00208,"46":0.00208,"47":0.0104,"48":0.00832,"49":0.00416,"50":0.00208,"51":0.00208,"52":0.02912,"53":0.00208,"54":0.00208,"55":0.00208,"56":0.00624,"57":0.00416,"58":0.00416,"59":0.00208,"60":0.0104,"61":0.00208,"62":0.00624,"63":0.00416,"64":0.0104,"65":0.3952,"66":0.19344,"67":0.03952,"68":0},"opera":{"9":0,"9.5-9.6":0,"10.0-10.1":0,"10.5":0,"10.6":0,"11":0,"11.1":0,"11.5":0,"11.6":0,"12":0,"12.1":0.00832,"15":0.00208,"16":0,"17":0,"18":0,"19":0.00208,"20":0.00208,"21":0,"22":0,"23":0,"24":0.00416,"25":0.00208,"26":0.00416,"27":0.00416,"28":0.01456,"29":0.00416,"30":0.00624,"31":0.00416,"32":0.01456,"33":0.00832,"34":0,"35":0.00416,"36":0.00208,"37":0.01456,"38":0.09984,"39":0.00208,"40":0,"41":0,"42":0,"43":0,"44":0,"45":0.00624,"46":0,"47":0,"48":0,"49":0.00208,"50":0.00208,"51":0.00624,"52":0,"53":0,"54":0,"55":0,"56":0,"57":0,"58":0.17472},"safari":{"3.1":0,"3.2":0,"4":0,"5":0,"5.1":0.00208,"6":0,"6.1":0,"7":0,"7.1":0.00208,"8":0.0104,"9":0,"9.1":0,"10":0,"10.1":0.00208,"11":0.00208,"11.1":0.00416,"12":0.01456,"12.1":0,"0":null},"ios_saf":{"3.2":0.00032365165165165,"4.0-4.1":0.00016182582582583,"4.2-4.3":0.00016182582582583,"5.0-5.1":0.00089004204204204,"6.0-6.1":0.00040456456456456,"7.0-7.1":0.0016182582582583,"8":0.01084233033033,"8.1-8.4":0.0034792552552553,"9.0-9.2":0.0021846486486486,"9.3":0.015778018018018,"10.0-10.2":0.0087385945945946,"10.3":0.02111827027027,"11.0-11.2":0.026782174174174,"11.3-11.4":0.057529081081081,"12.0-12.1":0.6491643003003,"12.2":0.0091431591591592},"android":{"2.1":0.02156484231943,"2.2":0.046723825025432,"2.3":0.032347263479145,"3":0.0035941403865717,"4":0.51036793489318,"4.1":0.27674880976602,"4.2-4.3":1.0315182909461,"4.4":0,"4.4.3-4.4.4":1.6101748931841,"67":null},"ie":{"5.5":0,"6":0,"7":0,"8":0.015221818181818,"9":0.0021745454545455,"10":0.0021745454545455,"11":0.028269090909091},"edge":{"12":0.00624,"13":0.00416,"14":0.0104,"15":0.00416,"16":0.00624,"17":0.03328,"18":0.01248},"op_mob":{"10":null,"11":null,"11.1":null,"11.5":null,"12":null,"12.1":null,"0":null},"samsung":{"4":0.54628033613445,"5.0-5.4":0.030348907563025,"6.2-6.4":0.050581512605042,"7.2-7.4":0.13151193277311,"8.2":0.43500100840336,"9.2":0.010116302521008},"ie_mob":{"10":0.020713846153846,"11":0.11392615384615},"bb":{"7":0.001584,"10":0.006336},"kaios":{"2.5":0},"baidu":{"0":null},"and_ff":{"0":0.11088},"and_uc":{"0":3.7224},"and_qq":{"1.2":0.00792},"op_mini":{"0":6.0135117525773},"and_chr":{"0":77.59976}},"total":97.139991752577}