{"id":"BD","name":"Bangladesh","month":"2015-07","access_date":"2015-08-02","data":{"chrome":{"4":0.010308,"5":0.005154,"6":0.00859,"7":0.003436,"8":0.005154,"9":0.003436,"10":0.013744,"11":0.02577,"12":0.022334,"13":0.005154,"14":0.00859,"15":0.003436,"16":0.003436,"17":0.003436,"18":0.00859,"19":0.003436,"20":0.003436,"21":0.003436,"22":0.005154,"23":0.005154,"24":0.005154,"25":0.006872,"26":0.010308,"27":0.012026,"28":0.018898,"29":0.00859,"30":0.013744,"31":0.097926,"32":0.006872,"33":0.049822,"34":0.012026,"35":0.01718,"36":0.041232,"37":0.015462,"38":0.02577,"39":0.065284,"40":0.113388,"41":0.070438,"42":0.118542,"43":3.681674,"44":1.152778,"45":0.273162,"46":0.006872,"47":0},"firefox":{"2":0.003436,"3":0.054976,"3.5":0.01718,"3.6":0.065284,"4":0.027488,"5":0.012026,"6":0.01718,"7":0.00859,"8":0.018898,"9":0.027488,"10":0.029206,"11":0.073874,"12":0.070438,"13":0.041232,"14":0.037796,"15":0.036078,"16":0.039514,"17":0.03436,"18":0.03436,"19":0.036078,"20":0.03436,"21":0.03436,"22":0.024052,"23":0.024052,"24":0.018898,"25":0.029206,"26":0.029206,"27":0.027488,"28":0.02577,"29":0.109952,"30":0.079028,"31":0.061848,"32":0.070438,"33":0.108234,"34":0.07731,"35":0.132286,"36":0.109952,"37":0.225058,"38":1.565098,"39":3.312304,"40":0.862436,"41":0.01718,"42":0.00859},"opera":{"9":0,"9.5-9.6":0.005154,"10.0-10.1":0.091054,"10.5":0.001718,"10.6":0.005154,"11":0.00859,"11.1":0.003436,"11.5":0.006872,"11.6":0.012026,"12":0.006872,"12.1":0.048104,"15":0.005154,"16":0.003436,"17":0.003436,"18":0.006872,"19":0.006872,"20":0.006872,"21":0.005154,"22":0.006872,"23":0,"24":0.003436,"25":0.006872,"26":0.012026,"27":0.010308,"28":0.027488,"29":0.06013,"30":0.6872,"31":0.012026,"32":0},"safari":{"3.1":0,"3.2":0,"4":0.001718,"5":0.003436,"5.1":0.010308,"6":0.005154,"6.1":0.005154,"7":0.00859,"7.1":0.00859,"8":0.046386,"9":0},"android":{"2.1":0,"2.2":0,"2.3":0.0615249419225,"3":0,"4":0.193364103185,"4.1":0.662391907191,"4.2-4.3":1.30321013345,"4.4":2.32596241476,"4.4.3-4.4.4":0.997982499496,"40":null},"ios_saf":{"3.2":0,"4.0-4.1":0,"4.2-4.3":0,"5.0-5.1":0.0026387169989,"6.0-6.1":0.0108653052896,"7.0-7.1":0.0757466997332,"8":0.0107100866426,"8.1-8.4":0.888937191336,"9":null},"op_mob":{"10":0,"11":0,"11.1":0,"11.5":0,"12":0.113270465912,"12.1":0.339811397735,"0":3.51138444327},"ie":{"5.5":0,"6":0.01628664,"7":0.00361925333333,"8":0.17915304,"9":0.03800216,"10":0.0560984266667,"11":0.246109226667},"bb":{"7":0.008282,"10":null},"ie_mob":{"10":0.178987330357,"11":0.674058669643},"and_uc":{"0":16.000824},"op_mini":{"5.0-8.0":48.2783896931},"and_chr":{"0":5.678248},"edge":{"0":0.006872},"and_ff":{"0":0.265024}},"total":96.9180167467}