{"id":"BD","name":"Bangladesh","month":"2020-07","access_date":"2020-08-04","data":{"firefox":{"2":0,"3":0,"3.5":0,"3.6":0,"4":0,"5":0,"6":0,"7":0,"8":0,"9":0,"10":0,"11":0,"12":0,"13":0,"14":0,"15":0,"16":0,"17":0,"18":0,"19":0,"20":0,"21":0,"22":0,"23":0,"24":0,"25":0,"26":0.00463,"27":0.00463,"28":0,"29":0,"30":0.00463,"31":0,"32":0,"33":0,"34":0,"35":0,"36":0,"37":0,"38":0.00463,"39":0,"40":0.00926,"41":0.00463,"42":0,"43":0.01389,"44":0.00463,"45":0.00463,"46":0.00463,"47":0.01852,"48":0.01389,"49":0.00463,"50":0.00463,"51":0.00463,"52":0.06944,"53":0.00463,"54":0,"55":0,"56":0.00926,"57":0.00463,"58":0.00463,"59":0.00463,"60":0.00463,"61":0,"62":0.00463,"63":0.00926,"64":0.00926,"65":0.00463,"66":0.00463,"67":0.00463,"68":0.12498,"69":0.00463,"70":0.00463,"71":0.00463,"72":0.02315,"73":0.00463,"74":0.00926,"75":0.00926,"76":0.02315,"77":0.37495,"78":2.30524,"79":0.34255,"80":0.00926,"81":0},"chrome":{"4":0,"5":0,"6":0,"7":0,"8":0,"9":0,"10":0,"11":0,"12":0,"13":0,"14":0,"15":0,"16":0,"17":0,"18":0,"19":0,"20":0,"21":0,"22":0,"23":0,"24":0,"25":0,"26":0,"27":0,"28":0,"29":0.00463,"30":0,"31":0.00463,"32":0,"33":0.00463,"34":0,"35":0,"36":0.00463,"37":0,"38":0,"39":0,"40":0.00463,"41":0.00463,"42":0,"43":0.00463,"44":0,"45":0,"46":0,"47":0,"48":0,"49":0.06481,"50":0,"51":0,"52":0,"53":0,"54":0,"55":0,"56":0.00463,"57":0,"58":0.00463,"59":0,"60":0.00463,"61":0.04629,"62":0.00463,"63":0.02315,"64":0.00463,"65":0.00463,"66":0,"67":0.00463,"68":0.00463,"69":0.01389,"70":0.0324,"71":0.05555,"72":0.04166,"73":0.0324,"74":0.04629,"75":0.01852,"76":0.02315,"77":0.02777,"78":0.02777,"79":0.05092,"80":0.12035,"81":0.1435,"83":7.90633,"84":5.62424,"85":0.04166,"86":0.01389,"87":0},"opera":{"9":0,"9.5-9.6":0,"10.0-10.1":0,"10.5":0,"10.6":0,"11":0,"11.1":0,"11.5":0,"11.6":0,"12":0,"12.1":0.00926,"15":0,"16":0,"17":0,"18":0,"19":0,"20":0,"21":0,"22":0,"23":0,"24":0,"25":0,"26":0,"27":0,"28":0.01389,"29":0,"30":0.00463,"31":0,"32":0.00463,"33":0,"34":0,"35":0,"36":0,"37":0.03703,"38":0.00463,"39":0,"40":0,"41":0,"42":0.00463,"43":0,"44":0,"45":0.00926,"46":0.02777,"47":0.0324,"48":0,"49":0,"50":0.64343,"51":0.00926,"52":0,"53":0.00463,"54":0.00463,"55":0.01852,"56":0.00463,"57":0.00926,"58":0.00463,"60":0.01389,"62":0,"63":0,"64":0.00926,"65":0.00463,"66":0.00463,"67":0.03703,"68":0.4629,"69":0.06018},"ios_saf":{"3.2":0.00046,"4.0-4.1":0.00046,"4.2-4.3":0.00046,"5.0-5.1":0.00139,"6.0-6.1":0.00046,"7.0-7.1":0.00185,"8":0,"8.1-8.4":0.00277,"9.0-9.2":0.00369,"9.3":0.03048,"10.0-10.2":0.00785,"10.3":0.03694,"11.0-11.2":0.02725,"11.3-11.4":0.04295,"12.0-12.1":0.05819,"12.2-12.4":0.3542,"13.0-13.1":0.06604,"13.2":0.03233,"13.3":0.3228,"13.4-13.5":0.78044,"14.0":null},"safari":{"3.1":0,"3.2":0,"4":0,"5":0,"5.1":0,"6":0,"6.1":0,"7":0,"7.1":0,"8":0,"9":0,"9.1":0,"10":0,"10.1":0,"11":0,"11.1":0.00463,"12":0,"12.1":0.01389,"13":0.01389,"13.1":0.07406,"14":0,"0":null},"edge":{"12":0.01852,"13":0.00926,"14":0.01389,"15":0.00926,"16":0.01852,"17":0.02777,"18":0.11573,"79":0,"80":0,"81":0.00463,"83":0.30089,"84":null},"android":{"2.1":0,"2.2":0,"2.3":0.00229,"3":0,"4":0.02288,"4.1":0.0389,"4.2-4.3":0.06407,"4.4":0,"4.4.3-4.4.4":0.40501,"81":null},"samsung":{"4":0.42371,"5.0-5.4":0.02018,"6.2-6.4":0.03027,"7.2-7.4":0.0908,"8.2":0.03027,"9.2":0.13115,"10.1":0.11097,"11.1-11.2":0.32283,"12.0":0.74654},"op_mob":{"10":null,"11":null,"11.1":null,"11.5":null,"12":null,"12.1":null,"0":null},"ie":{"5.5":0,"6":0,"7":0,"8":0.03804,"9":0.00543,"10":0.01087,"11":0.07064},"bb":{"7":0,"10":0.00537},"ie_mob":{"10":0,"11":0},"baidu":{"0":null},"and_ff":{"0":0.23095},"and_qq":{"10.4":0.00537},"and_uc":{"0":4.82853},"op_mini":{"0":4.16455},"and_chr":{"0":60.96519},"kaios":{"2.5":0}},"total":94.51009}