{"id":"BD","name":"Bangladesh","month":"2019-05","access_date":"2019-06-04","data":{"chrome":{"4":0,"5":0,"6":0,"7":0,"8":0,"9":0,"10":0,"11":0.002151,"12":0,"13":0,"14":0,"15":0,"16":0,"17":0,"18":0,"19":0,"20":0,"21":0,"22":0,"23":0,"24":0,"25":0,"26":0,"27":0,"28":0,"29":0.002151,"30":0.004302,"31":0.002151,"32":0,"33":0.004302,"34":0,"35":0,"36":0,"37":0,"38":0,"39":0,"40":0.066681,"41":0.002151,"42":0,"43":0.004302,"44":0,"45":0,"46":0.002151,"47":0,"48":0,"49":0.025812,"50":0,"51":0,"52":0,"53":0,"54":0,"55":0.002151,"56":0,"57":0,"58":0.002151,"59":0,"60":0,"61":0.060228,"62":0.002151,"63":0.004302,"64":0.002151,"65":0.010755,"66":0.004302,"67":0.004302,"68":0.004302,"69":0.008604,"70":0.012906,"71":0.017208,"72":0.025812,"73":0.503334,"74":2.019789,"75":0.010755,"76":0.008604,"77":0},"firefox":{"2":0,"3":0.002151,"3.5":0,"3.6":0,"4":0.002151,"5":0,"6":0,"7":0,"8":0,"9":0,"10":0,"11":0.002151,"12":0,"13":0,"14":0,"15":0,"16":0,"17":0,"18":0,"19":0,"20":0,"21":0,"22":0,"23":0,"24":0,"25":0,"26":0,"27":0,"28":0,"29":0,"30":0,"31":0,"32":0,"33":0,"34":0,"35":0.025812,"36":0.004302,"37":0,"38":0.002151,"39":0.002151,"40":0.004302,"41":0.002151,"42":0.002151,"43":0.008604,"44":0.004302,"45":0.002151,"46":0.002151,"47":0.010755,"48":0.010755,"49":0.004302,"50":0.002151,"51":0.002151,"52":0.032265,"53":0,"54":0.002151,"55":0.002151,"56":0.006453,"57":0.004302,"58":0.002151,"59":0.002151,"60":0.012906,"61":0.002151,"62":0.004302,"63":0.004302,"64":0.004302,"65":0.008604,"66":0.542052,"67":0.135513,"68":0.002151,"69":0},"opera":{"9":0,"9.5-9.6":0,"10.0-10.1":0,"10.5":0,"10.6":0,"11":0,"11.1":0,"11.5":0,"11.6":0,"12":0,"12.1":0.006453,"15":0.002151,"16":0,"17":0,"18":0.002151,"19":0,"20":0.002151,"21":0,"22":0,"23":0,"24":0.004302,"25":0.002151,"26":0.004302,"27":0.004302,"28":0.015057,"29":0.004302,"30":0.006453,"31":0.002151,"32":0.012906,"33":0.008604,"34":0,"35":0.004302,"36":0.002151,"37":0.010755,"38":0.038718,"39":0.002151,"40":0,"41":0.02151,"42":0.083889,"43":0.006453,"44":0,"45":0.002151,"46":0,"47":0,"48":0,"49":0,"50":0,"51":0.002151,"52":0.006453,"53":0,"54":0,"55":0,"56":0,"57":0,"58":0.090342},"safari":{"3.1":0,"3.2":0,"4":0,"5":0,"5.1":0,"6":0,"6.1":0,"7":0,"7.1":0.004302,"8":0.006453,"9":0,"9.1":0,"10":0,"10.1":0.002151,"11":0.002151,"11.1":0.002151,"12":0.004302,"12.1":0.012906,"0":null},"ios_saf":{"3.2":0.00058215205849945,"4.0-4.1":0.00043661404387459,"4.2-4.3":7.2769007312431e-5,"5.0-5.1":0.00065492106581188,"6.0-6.1":0.00021830702193729,"7.0-7.1":0.001018766102374,"8":0.0072041317239307,"8.1-8.4":0.0024013772413102,"9.0-9.2":0.0016009181608735,"9.3":0.011351965140739,"10.0-10.2":0.0068402866873685,"10.3":0.015936412601422,"11.0-11.2":0.01855609686467,"11.3-11.4":0.037912652809777,"12.0-12.1":0.11868625092658,"12.2":0.50297937854352},"android":{"2.1":0.033070228915663,"2.2":0.055117048192771,"2.3":0.013779262048193,"3":0,"4":0.53187951506024,"4.1":0.1433043253012,"4.2-4.3":0.90943129518072,"4.4":0,"4.4.3-4.4.4":1.0582473253012,"67":null},"edge":{"12":0.006453,"13":0.004302,"14":0.008604,"15":0.004302,"16":0.004302,"17":0.032265,"18":0.019359,"75":null},"op_mob":{"10":null,"11":null,"11.1":null,"11.5":null,"12":null,"12.1":null,"0":null},"ie":{"5.5":0,"6":0,"7":0,"8":0.016425818181818,"9":0.0023465454545455,"10":0.0023465454545455,"11":0.030505090909091},"samsung":{"4":0.45952327272727,"5.0-5.4":0.019979272727273,"6.2-6.4":0.049948181818182,"7.2-7.4":0.109886,"8.2":0.109886,"9.2":0.34963727272727},"ie_mob":{"10":0.0219772,"11":0.0879088},"bb":{"7":0,"10":0.007849},"baidu":{"0":null},"and_ff":{"0":0.094188},"and_uc":{"0":3.484956},"and_qq":{"1.2":0},"op_mini":{"0":5.3428358780069},"and_chr":{"0":79.528813},"kaios":{"2.5":0}},"total":97.337421878007}