{"id":"BD","name":"Bangladesh","month":"2021-12","access_date":"2022-01-03","data":{"firefox":{"2":null,"3":null,"3.5":null,"3.6":null,"4":null,"5":null,"6":null,"7":null,"8":null,"9":null,"10":null,"11":null,"12":null,"13":null,"14":null,"15":null,"16":null,"17":null,"18":null,"19":null,"20":null,"21":null,"22":null,"23":null,"24":null,"25":null,"26":null,"27":null,"28":null,"29":null,"30":null,"31":null,"32":null,"33":null,"34":null,"35":null,"36":null,"37":null,"38":null,"39":null,"40":0.01927,"41":0.00321,"42":null,"43":0.00642,"44":null,"45":null,"46":null,"47":0.00963,"48":0.00642,"49":0.00321,"50":null,"51":0.00321,"52":0.04817,"53":null,"54":null,"55":null,"56":0.00642,"57":0.00321,"58":null,"59":null,"60":null,"61":null,"62":0.00321,"63":null,"64":null,"65":0.00321,"66":null,"67":0.00321,"68":null,"69":null,"70":null,"71":null,"72":0.00963,"73":null,"74":null,"75":null,"76":null,"77":null,"78":0.01284,"79":null,"80":0.00321,"81":0.00321,"82":0.00642,"83":0.00642,"84":0.00963,"85":0.00321,"86":0.00321,"87":0.00321,"88":0.01284,"89":0.01927,"90":0.02248,"91":0.03532,"92":0.01284,"93":0.02248,"94":1.07247,"95":1.95229,"96":0.15092,"97":null},"chrome":{"4":null,"5":null,"6":null,"7":null,"8":null,"9":null,"10":null,"11":0.00642,"12":null,"13":null,"14":null,"15":null,"16":null,"17":null,"18":null,"19":null,"20":null,"21":null,"22":null,"23":null,"24":null,"25":null,"26":null,"27":null,"28":null,"29":0.00321,"30":null,"31":null,"32":null,"33":null,"34":null,"35":null,"36":null,"37":null,"38":0.00642,"39":null,"40":null,"41":null,"42":null,"43":0.00321,"44":null,"45":null,"46":null,"47":null,"48":null,"49":0.02248,"50":0.00642,"51":null,"52":null,"53":0.00321,"54":null,"55":0.00321,"56":0.00642,"57":null,"58":null,"59":null,"60":null,"61":0.00963,"62":0.00321,"63":0.00321,"64":0.01606,"65":0.00321,"66":0.00321,"67":0.00321,"68":null,"69":0.01284,"70":0.00642,"71":0.00963,"72":0.00321,"73":0.00963,"74":0.00963,"75":0.00321,"76":0.00321,"77":0.00321,"78":0.00963,"79":0.03532,"80":0.01606,"81":0.02248,"83":0.0289,"84":0.02569,"85":0.02569,"86":0.05459,"87":0.09312,"88":0.01927,"89":0.03853,"90":0.02248,"91":0.05459,"92":0.11239,"93":0.18624,"94":0.1445,"95":0.22156,"96":17.31692,"97":0.04495,"98":0.01927,"99":null},"opera":{"9":null,"9.5-9.6":null,"10.0-10.1":0,"10.5":null,"10.6":null,"11":null,"11.1":null,"11.5":null,"11.6":null,"12":null,"12.1":null,"15":null,"16":null,"17":null,"18":null,"19":null,"20":null,"21":null,"22":null,"23":null,"24":null,"25":null,"26":null,"27":null,"28":0.00963,"29":0.00642,"30":null,"31":null,"32":null,"33":null,"34":null,"35":null,"36":0.01284,"37":null,"38":null,"39":null,"40":null,"41":null,"42":null,"43":null,"44":null,"45":null,"46":0.00642,"47":null,"48":null,"49":null,"50":null,"51":null,"52":null,"53":null,"54":null,"55":null,"56":null,"57":null,"58":null,"60":null,"62":null,"63":null,"64":null,"65":null,"66":0.00321,"67":null,"68":null,"69":null,"70":null,"71":null,"72":null,"73":null,"74":null,"75":null,"76":null,"77":null,"78":null,"79":0.00963,"80":0.00642,"81":0.26009,"82":0.38532},"safari":{"3.1":null,"3.2":null,"4":0,"5":null,"5.1":null,"6":null,"6.1":null,"7":null,"7.1":null,"8":null,"9":null,"9.1":null,"10":null,"10.1":null,"11":null,"11.1":null,"12":null,"12.1":0.00321,"13":0.00642,"13.1":0.01284,"14":0.01606,"14.1":0.0578,"15":0.02248,"15.1":0.10596,"15.2":0.02248,"0":null},"edge":{"12":0.00963,"13":null,"14":null,"15":null,"16":0.00642,"17":null,"18":0.01284,"79":null,"80":null,"81":null,"83":null,"84":0.00642,"85":null,"86":null,"87":null,"88":null,"89":0.00642,"90":null,"91":null,"92":0.00963,"93":null,"94":0.00642,"95":0.02248,"96":1.21697},"ios_saf":{"3.2":0.00062,"4.0-4.1":0,"4.2-4.3":0.00041,"5.0-5.1":0.00554,"6.0-6.1":0.00062,"7.0-7.1":0.07895,"8":0.00021,"8.1-8.4":0.00144,"9.0-9.2":0.00328,"9.3":0.0283,"10.0-10.2":0.00185,"10.3":0.06911,"11.0-11.2":0.00697,"11.3-11.4":0.00492,"12.0-12.1":0.00697,"12.2-12.5":0.20609,"13.0-13.1":0.00513,"13.2":0.00226,"13.3":0.01066,"13.4-13.7":0.05578,"14.0-14.4":0.12878,"14.5-14.8":0.43229,"15.0-15.1":0.87749,"15.2":0.12263},"samsung":{"4":0.39614,"5.0-5.4":0.01042,"6.2-6.4":0.02085,"7.2-7.4":0.14594,"8.2":0.01019,"9.2":0.02085,"10.1":0.01042,"11.1-11.2":0.06255,"12.0":0.06255,"13.0":0.10425,"14.0":0.11467,"15.0":0.26062},"android":{"2.1":0,"2.2":0,"2.3":0,"3":0,"4":0,"4.1":0.00397,"4.2-4.3":0.00873,"4.4":0,"4.4.3-4.4.4":0.10951,"0":0},"op_mob":{"10":null,"11":null,"11.1":null,"11.5":null,"12":null,"12.1":null,"0":null},"ie":{"5.5":null,"6":null,"7":null,"8":0.04121,"9":0.01124,"10":0.01124,"11":0.20604},"ie_mob":{"10":0.02705,"11":null},"bb":{"7":0,"10":0},"and_uc":{"0":3.5778},"op_mini":{"0":3.27797},"and_chr":{"0":63.41244},"kaios":{"2.5":0},"baidu":{"0":null},"and_ff":{"0":0.16973},"and_qq":{"10.4":0}},"total":98.50775}