{"id":"BD","name":"Bangladesh","month":"2014-09","access_date":"2014-10-01","data":{"chrome":{"4":0.024066,"5":0.01337,"6":0.024066,"7":0.005348,"8":0.018718,"9":0.005348,"10":0.037436,"11":0.02674,"12":0.05348,"13":0.016044,"14":0.02674,"15":0.01337,"16":0.016044,"17":0.010696,"18":0.018718,"19":0.010696,"20":0.010696,"21":0.01337,"22":0.010696,"23":0.01337,"24":0.01337,"25":0.018718,"26":0.018718,"27":0.032088,"28":0.02674,"29":0.082894,"30":0.032088,"31":0.10696,"32":0.045458,"33":0.33425,"34":0.12033,"35":0.203224,"36":1.291542,"37":6.192984,"38":0.12033,"39":0.25403,"40":null},"firefox":{"2":0.008022,"3":0.08022,"3.5":0.04011,"3.6":0.16044,"4":0.117656,"5":0.042784,"6":0.029414,"7":0.032088,"8":0.058828,"9":0.082894,"10":0.088242,"11":0.163114,"12":0.22729,"13":0.125678,"14":0.112308,"15":0.098938,"16":0.149744,"17":0.082894,"18":0.101612,"19":0.10696,"20":0.09359,"21":0.088242,"22":0.064176,"23":0.098938,"24":0.10696,"25":0.101612,"26":0.168462,"27":0.125678,"28":0.14707,"29":0.377034,"30":0.524104,"31":3.26228,"32":5.76247,"33":1.732752,"34":0.021392,"35":0.018718},"opera":{"9":null,"9.5-9.6":0.008022,"10.0-10.1":0.152418,"10.5":0.002674,"10.6":0.024066,"11":0.010696,"11.1":0.008022,"11.5":0.01337,"11.6":0.018718,"12":0.016044,"12.1":0.088242,"15":0.010696,"16":0.008022,"17":0.01337,"18":0.016044,"19":0.010696,"20":0.024066,"21":0.021392,"22":0.037436,"23":0.04011,"24":0.406448,"25":0.002674,"26":null},"safari":{"3.1":null,"3.2":null,"4":0.010696,"5":0.010696,"5.1":0.034762,"6":0.018718,"6.1":0.018718,"7":0.077546,"7.1":0.005348,"8":0.002674},"android":{"2.1":0.00384962637363,"2.2":0.0269473846154,"2.3":0.438857406593,"3":0,"4":0.369564131868,"4.1":0.96625621978,"4.2-4.3":1.10484276923,"4.4":0.943158461538,"4.4.3":null},"op_mob":{"10":0,"11":0,"11.1":0,"11.5":0,"12":0.143012847533,"12.1":0.786570661432,"0":null},"ie":{"5.5":null,"6":0.0259306779661,"7":0.00864355932203,"8":0.486920508475,"9":0.123891016949,"10":0.184395932203,"11":0.351504745763},"ios_saf":{"3.2":0,"4.0-4.1":0,"4.2-4.3":0,"5.0-5.1":0.00475664281383,"6.0-6.1":0.0211116749545,"7.0-7.1":0.479248053366,"8":0.139571628866},"bb":{"7":0.018315,"10":null},"and_chr":{"0":1.435896},"and_ff":{"0":0.190476},"ie_mob":{"10":0.3351645},"op_mini":{"5.0-7.0":47.209562491},"and_uc":{"0":11.597058}},"total":92.3733399407}