{"id":"BE","name":"Belgium","month":"2021-05","access_date":"2021-06-04","data":{"firefox":{"2":null,"3":null,"3.5":null,"3.6":null,"4":null,"5":null,"6":null,"7":null,"8":null,"9":null,"10":null,"11":null,"12":null,"13":null,"14":null,"15":null,"16":null,"17":null,"18":null,"19":null,"20":null,"21":null,"22":null,"23":null,"24":null,"25":null,"26":null,"27":null,"28":null,"29":null,"30":null,"31":null,"32":null,"33":null,"34":null,"35":null,"36":null,"37":null,"38":null,"39":null,"40":null,"41":null,"42":null,"43":null,"44":null,"45":0.0059,"46":null,"47":null,"48":0.01179,"49":null,"50":null,"51":null,"52":0.04717,"53":null,"54":null,"55":null,"56":0.05306,"57":null,"58":null,"59":null,"60":0.01179,"61":null,"62":null,"63":null,"64":null,"65":null,"66":null,"67":null,"68":0.01769,"69":0.0059,"70":null,"71":null,"72":0.0059,"73":null,"74":null,"75":null,"76":null,"77":0.0059,"78":0.23584,"79":0.0059,"80":0.01179,"81":0.0059,"82":0.01179,"83":0.01179,"84":0.13561,"85":0.02948,"86":0.03538,"87":0.16509,"88":4.06824,"89":0.01769,"90":null,"91":null},"chrome":{"4":null,"5":null,"6":null,"7":null,"8":null,"9":null,"10":null,"11":null,"12":null,"13":null,"14":null,"15":null,"16":null,"17":null,"18":null,"19":null,"20":null,"21":null,"22":null,"23":null,"24":null,"25":null,"26":null,"27":null,"28":null,"29":null,"30":null,"31":null,"32":null,"33":null,"34":null,"35":null,"36":null,"37":null,"38":0.0059,"39":null,"40":null,"41":null,"42":null,"43":null,"44":null,"45":null,"46":null,"47":null,"48":null,"49":0.17098,"50":null,"51":null,"52":null,"53":0.03538,"54":null,"55":null,"56":null,"57":0.01179,"58":null,"59":0.0059,"60":0.0059,"61":0.10613,"62":null,"63":0.0059,"64":null,"65":0.01769,"66":0.01769,"67":0.02948,"68":0.01179,"69":0.01769,"70":null,"71":null,"72":0.01179,"73":0.01179,"74":0.04127,"75":0.05896,"76":0.19457,"77":0.04717,"78":0.43041,"79":0.55422,"80":0.07075,"81":0.04127,"83":0.05306,"84":0.04127,"85":0.10023,"86":0.08844,"87":0.48347,"88":0.50706,"89":1.09076,"90":31.31366,"91":0.81365,"92":0.01179,"93":null,"94":null},"opera":{"9":null,"9.5-9.6":null,"10.0-10.1":0,"10.5":null,"10.6":null,"11":null,"11.1":null,"11.5":null,"11.6":null,"12":null,"12.1":null,"15":null,"16":null,"17":null,"18":null,"19":null,"20":null,"21":null,"22":null,"23":null,"24":null,"25":null,"26":null,"27":null,"28":null,"29":null,"30":null,"31":null,"32":null,"33":null,"34":null,"35":null,"36":0.0059,"37":null,"38":null,"39":null,"40":null,"41":null,"42":null,"43":null,"44":null,"45":null,"46":null,"47":null,"48":null,"49":null,"50":null,"51":null,"52":null,"53":null,"54":null,"55":null,"56":null,"57":null,"58":null,"60":null,"62":null,"63":null,"64":null,"65":null,"66":null,"67":null,"68":null,"69":null,"70":null,"71":null,"72":null,"73":0.11202,"74":null,"75":0.4363,"76":0.45399},"ios_saf":{"3.2":0,"4.0-4.1":0,"4.2-4.3":0,"5.0-5.1":0.00161,"6.0-6.1":0.01453,"7.0-7.1":0.03714,"8":0.00323,"8.1-8.4":0.01453,"9.0-9.2":0.01615,"9.3":0.15016,"10.0-10.2":0.01453,"10.3":0.29063,"11.0-11.2":0.0549,"11.3-11.4":0.05813,"12.0-12.1":0.05813,"12.2-12.4":0.20344,"13.0-13.1":0.05005,"13.2":0.01938,"13.3":0.17438,"13.4-13.7":0.81377,"14.0-14.4":11.57037,"14.5-14.6":1.80837},"safari":{"3.1":null,"3.2":null,"4":0,"5":null,"5.1":null,"6":null,"6.1":0.01179,"7":null,"7.1":null,"8":null,"9":null,"9.1":0.0059,"10":null,"10.1":0.05896,"11":0.05306,"11.1":0.12971,"12":0.02358,"12.1":0.20636,"13":0.17098,"13.1":0.84313,"14":4.23333,"14.1":1.52117,"0":null},"edge":{"12":null,"13":null,"14":0.0059,"15":0.0059,"16":0.02358,"17":0.01769,"18":0.08254,"79":null,"80":null,"81":null,"83":0.0059,"84":0.0059,"85":0.01769,"86":0.02358,"87":0.01179,"88":0.05306,"89":0.17098,"90":6.22618,"91":0.24174},"samsung":{"4":0.05365,"5.0-5.4":0.02061,"6.2-6.4":0.1561,"7.2-7.4":0.17692,"8.2":0.03018,"9.2":0.08325,"10.1":0.01041,"11.1-11.2":0.09657,"12.0":0.08584,"13.0":0.30044,"14.0":3.98089},"android":{"2.1":0,"2.2":0,"2.3":0,"3":0,"4":0,"4.1":0.0013,"4.2-4.3":0.00434,"4.4":0,"4.4.3-4.4.4":0.03128,"0":0},"op_mob":{"10":null,"11":null,"11.1":null,"11.5":null,"12":null,"12.1":null,"0":null},"ie":{"5.5":null,"6":null,"7":null,"8":0.01253,"9":null,"10":null,"11":0.78933},"bb":{"7":0,"10":0},"ie_mob":{"10":null,"11":null},"kaios":{"2.5":0},"baidu":{"0":null},"and_ff":{"0":0.29131},"and_qq":{"10.4":0},"and_uc":{"0":0.04513},"op_mini":{"0":0.11653},"and_chr":{"0":21.58142}},"total":99.68748}