{"id":"BE","name":"Belgium","month":"2014-12","access_date":"2015-01-01","data":{"chrome":{"4":null,"5":null,"6":null,"7":null,"8":null,"9":null,"10":null,"11":0.0634,"12":0.007925,"13":null,"14":null,"15":null,"16":null,"17":null,"18":0.01585,"19":null,"20":null,"21":0.01585,"22":0.0317,"23":0.0317,"24":0.007925,"25":0.01585,"26":0.023775,"27":0.023775,"28":0.0317,"29":0.023775,"30":0.023775,"31":0.30115,"32":0.17435,"33":0.483425,"34":0.2853,"35":0.5072,"36":0.578525,"37":0.610225,"38":1.2997,"39":31.993225,"40":0.0951,"41":0.150575,"42":null},"firefox":{"2":null,"3":0.007925,"3.5":null,"3.6":0.0317,"4":null,"5":null,"6":null,"7":null,"8":null,"9":null,"10":0.01585,"11":0.01585,"12":0.0317,"13":0.01585,"14":0.01585,"15":0.01585,"16":0.071325,"17":0.023775,"18":0.007925,"19":0.01585,"20":0.0317,"21":0.01585,"22":0.01585,"23":0.023775,"24":0.103025,"25":0.023775,"26":0.0317,"27":0.103025,"28":0.04755,"29":0.055475,"30":0.087175,"31":0.1902,"32":0.17435,"33":3.5504,"34":9.4149,"35":0.071325,"36":null,"37":null},"opera":{"9":null,"9.5-9.6":null,"10.0-10.1":0,"10.5":null,"10.6":null,"11":null,"11.1":null,"11.5":null,"11.6":null,"12":null,"12.1":0.1268,"15":null,"16":null,"17":null,"18":null,"19":null,"20":0.007925,"21":null,"22":null,"23":null,"24":null,"25":0.007925,"26":0.530975,"27":null,"28":null},"android":{"2.1":0,"2.2":0.00294024027108,"2.3":0.082694257624,"3":0,"4":0.170533935722,"4.1":0.522627708184,"4.2-4.3":0.832455526748,"4.4":1.39698165879,"4.4.3-4.4.4":0.571141672656,"37":0},"safari":{"3.1":null,"3.2":null,"4":0.055475,"5":0.245675,"5.1":0.84005,"6":0.17435,"6.1":0.530975,"7":0.71325,"7.1":1.1729,"8":2.1873},"ios_saf":{"3.2":0,"4.0-4.1":0,"4.2-4.3":0,"5.0-5.1":0.0506183831644,"6.0-6.1":0.209337042239,"7.0-7.1":2.47944283636,"8":0.702651793418,"8.1":5.10902494482},"op_mob":{"10":0,"11":0,"11.1":0,"11.5":0,"12":7.34476132686e-5,"12.1":0.000367238066343,"0":null},"ie":{"5.5":null,"6":0.00793111025443,"7":0.055517771781,"8":1.31656430224,"9":2.33967752506,"10":1.64967093292,"11":15.2039383577,"0":null},"bb":{"7":0.01400625,"10":null},"ie_mob":{"10":0.597434,"11":null},"op_mini":{"5.0-8.0":0.0514343143204},"and_chr":{"0":7.65685},"and_ff":{"0":0.07055},"and_uc":{"0":0.022825}},"total":98.71619025}