{"id":"BE","name":"Belgium","month":"2015-07","access_date":"2015-08-02","data":{"chrome":{"4":0,"5":0,"6":0,"7":0,"8":0,"9":0,"10":0,"11":0.033228,"12":0.008307,"13":0,"14":0,"15":0,"16":0,"17":0,"18":0.008307,"19":0,"20":0,"21":0.008307,"22":0.033228,"23":0.008307,"24":0.008307,"25":0.041535,"26":0.016614,"27":0.008307,"28":0.016614,"29":0.016614,"30":0.016614,"31":0.149526,"32":0.049842,"33":0.074763,"34":0.091377,"35":0.157833,"36":0.124605,"37":0.132912,"38":0.199368,"39":0.365508,"40":0.16614,"41":0.182754,"42":0.257517,"43":23.749713,"44":6.736977,"45":0.074763,"46":0.008307,"47":0},"firefox":{"2":0,"3":0.008307,"3.5":0,"3.6":0.024921,"4":0.008307,"5":0,"6":0.008307,"7":0.008307,"8":0,"9":0.016614,"10":0.008307,"11":0.008307,"12":0.024921,"13":0.008307,"14":0.08307,"15":0.008307,"16":0.049842,"17":0.008307,"18":0.008307,"19":0.008307,"20":0.016614,"21":0.016614,"22":0.008307,"23":0.016614,"24":0.024921,"25":0.008307,"26":0.016614,"27":0.008307,"28":0.024921,"29":0.024921,"30":0.049842,"31":0.232596,"32":0.033228,"33":0.041535,"34":0.066456,"35":0.099684,"36":0.08307,"37":0.191061,"38":3.015441,"39":9.63612,"40":0.074763,"41":0.008307,"42":0.008307},"opera":{"9":0,"9.5-9.6":0,"10.0-10.1":0,"10.5":0,"10.6":0,"11":0.016614,"11.1":0,"11.5":0,"11.6":0,"12":0.008307,"12.1":0.116298,"15":0,"16":0,"17":0,"18":0,"19":0,"20":0,"21":0,"22":0,"23":0,"24":0,"25":0,"26":0,"27":0.008307,"28":0.008307,"29":0.016614,"30":0.573183,"31":0.008307,"32":0},"safari":{"3.1":0,"3.2":0,"4":0.049842,"5":0.174447,"5.1":0.531648,"6":0.08307,"6.1":0.340587,"7":0.232596,"7.1":0.922077,"8":3.231423,"9":0.033228},"android":{"2.1":0,"2.2":0,"2.3":0.0410314568382,"3":0,"4":0.128956007206,"4.1":0.441754256089,"4.2-4.3":0.869120858481,"4.4":1.55120221891,"4.4.3-4.4.4":0.665562202479,"40":null},"ios_saf":{"3.2":0,"4.0-4.1":0,"4.2-4.3":0,"5.0-5.1":0.0366519626432,"6.0-6.1":0.150919846178,"7.0-7.1":1.05212692764,"8":0.148763848375,"8.1-8.4":12.3473994152,"9":null},"op_mob":{"10":0,"11":0,"11.1":0,"11.5":0,"12":0.000275301132257,"12.1":0.000825903396772,"0":0.00853433509998},"ie":{"5.5":0,"6":0.0166354282029,"7":0.0582239987102,"8":1.01476112038,"9":2.13765252408,"10":1.35578739854,"11":14.755624816},"bb":{"7":0.013544,"10":null},"ie_mob":{"10":0.171930196429,"11":0.647481803571},"and_uc":{"0":0.038939},"op_mini":{"5.0-8.0":0.117339460371},"and_chr":{"0":7.856583},"edge":{"0":0.066456},"and_ff":{"0":0.086343}},"total":98.8787702859}