{"id":"BF","name":"Burkina Faso","month":"2020-08","access_date":"2020-09-15","data":{"firefox":{"2":0,"3":0,"3.5":0,"3.6":0,"4":0,"5":0,"6":0,"7":0,"8":0,"9":0,"10":0,"11":0,"12":0,"13":0,"14":0,"15":0,"16":0,"17":0,"18":0,"19":0,"20":0.00682,"21":0,"22":0,"23":0,"24":0,"25":0,"26":0,"27":0,"28":0.00341,"29":0,"30":0.00341,"31":0,"32":0,"33":0,"34":0.00341,"35":0,"36":0.00341,"37":0,"38":0,"39":0,"40":0,"41":0.00341,"42":0,"43":0.00341,"44":0.00341,"45":0,"46":0.00341,"47":0.01365,"48":0.01706,"49":0.00341,"50":0,"51":0,"52":0.01365,"53":0.00341,"54":0,"55":0,"56":0.00682,"57":0.00341,"58":0,"59":0,"60":0.00682,"61":0.00341,"62":0.00341,"63":0.00341,"64":0.03071,"65":0.00341,"66":0.00682,"67":0.00341,"68":0.1126,"69":0.00341,"70":0,"71":0.00341,"72":0.02388,"73":0,"74":0.00341,"75":0.01365,"76":0.01706,"77":0.08871,"78":0.29343,"79":1.706,"80":0.18425,"81":0.01024,"82":0},"chrome":{"4":0,"5":0,"6":0,"7":0,"8":0,"9":0,"10":0,"11":0,"12":0,"13":0,"14":0,"15":0,"16":0,"17":0,"18":0,"19":0,"20":0,"21":0,"22":0,"23":0,"24":0,"25":0,"26":0,"27":0,"28":0.01024,"29":0,"30":0,"31":0,"32":0,"33":0.00341,"34":0,"35":0,"36":0,"37":0.00682,"38":0,"39":0,"40":0.00341,"41":0.00341,"42":0,"43":0,"44":0,"45":0,"46":0,"47":0,"48":0.00341,"49":0.0853,"50":0,"51":0,"52":0,"53":0,"54":0,"55":0,"56":0,"57":0,"58":0.00341,"59":0,"60":0,"61":0,"62":0.00341,"63":0.00682,"64":0.00341,"65":0.04436,"66":0,"67":0.04777,"68":0.00341,"69":0.00682,"70":0.03071,"71":0.00341,"72":0.01024,"73":0.00682,"74":0.02047,"75":0.02388,"76":0.01365,"77":0.02388,"78":0.00682,"79":0.04777,"80":0.1433,"81":0.06483,"83":0.13989,"84":4.22064,"85":0.15695,"86":0.02047,"87":0,"88":0},"opera":{"9":0,"9.5-9.6":0,"10.0-10.1":0,"10.5":0,"10.6":0,"11":0,"11.1":0,"11.5":0,"11.6":0,"12":0,"12.1":0.02047,"15":0.00341,"16":0,"17":0,"18":0,"19":0,"20":0.00341,"21":0,"22":0,"23":0.00341,"24":0.00682,"25":0,"26":0.01024,"27":0.00682,"28":0.02388,"29":0.00341,"30":0.01706,"31":0.00341,"32":0.00682,"33":0.04094,"34":0,"35":0,"36":0,"37":0,"38":0.01024,"39":0,"40":0,"41":0,"42":0.00682,"43":0,"44":0,"45":0.00341,"46":0.01365,"47":0.01024,"48":0.00341,"49":0,"50":0.30367,"51":0.06142,"52":0,"53":0.00682,"54":0,"55":0,"56":0,"57":0.00341,"58":0,"60":0.00682,"62":0,"63":0,"64":0,"65":0,"66":0,"67":0.01024,"68":0.07506,"69":0.5698,"70":0.4538},"ios_saf":{"3.2":0,"4.0-4.1":0,"4.2-4.3":0,"5.0-5.1":0.00555,"6.0-6.1":0.00185,"7.0-7.1":0.0074,"8":0,"8.1-8.4":0.0148,"9.0-9.2":0.00925,"9.3":0.10362,"10.0-10.2":0.02961,"10.3":0.13878,"11.0-11.2":0.10548,"11.3-11.4":0.14618,"12.0-12.1":0.23501,"12.2-12.4":1.33232,"13.0-13.1":0.2276,"13.2":0.11473,"13.3":1.02514,"13.4-13.7":1.4526,"14.0":null},"safari":{"3.1":0,"3.2":0,"4":0,"5":0,"5.1":0.00682,"6":0,"6.1":0,"7":0,"7.1":0,"8":0,"9":0.05118,"9.1":0,"10":0.02047,"10.1":0.01024,"11":0.02388,"11.1":0.00682,"12":0.02388,"12.1":0.07506,"13":0.01706,"13.1":0.24908,"14":0,"0":null},"edge":{"12":0.01706,"13":0.00682,"14":0.00682,"15":0.00682,"16":0.01024,"17":0.0273,"18":0.17401,"79":0,"80":0,"81":0.01024,"83":0.00341,"84":0.60051,"85":0.01024},"android":{"2.1":0,"2.2":0,"2.3":0.00149,"3":0,"4":0.01937,"4.1":0.0581,"4.2-4.3":0.03576,"4.4":0,"4.4.3-4.4.4":0.21305,"81":null},"samsung":{"4":0.23297,"5.0-5.4":0.02026,"6.2-6.4":0,"7.2-7.4":0.13168,"8.2":0.10129,"9.2":0.16206,"10.1":0.14181,"11.1-11.2":0.10129,"12.0":0.72929},"op_mob":{"10":null,"11":null,"11.1":null,"11.5":null,"12":null,"12.1":null,"0":null},"ie":{"5.5":0,"6":0,"7":0,"8":0.00707,"9":0,"10":0,"11":0.09188},"bb":{"7":0,"10":0.07906},"ie_mob":{"10":0,"11":0},"and_chr":{"0":70.13697},"kaios":{"2.5":0.00659},"baidu":{"0":null},"and_ff":{"0":0.17129},"and_qq":{"10.4":0.08564},"and_uc":{"0":1.35713},"op_mini":{"0":6.58637}},"total":96.25331}