{"id":"BF","name":"Burkina Faso","month":"2015-12","access_date":"2016-01-02","data":{"firefox":{"2":0.002581,"3":0.614278,"3.5":0.020648,"3.6":0.028391,"4":0.02581,"5":0.018067,"6":0.007743,"7":0.005162,"8":0.018067,"9":0.005162,"10":0.041296,"11":0.074849,"12":0.064525,"13":0.05162,"14":0.023229,"15":0.054201,"16":0.080011,"17":0.02581,"18":0.023229,"19":0.041296,"20":0.046458,"21":0.02581,"22":0.015486,"23":0.028391,"24":0.07743,"25":0.043877,"26":0.02581,"27":0.033553,"28":0.056782,"29":0.087754,"30":0.214223,"31":0.110983,"32":0.056782,"33":0.080011,"34":0.10324,"35":0.098078,"36":0.074849,"37":0.082592,"38":0.167765,"39":0.203899,"40":0.190994,"41":0.397474,"42":5.244592,"43":1.822186,"44":0.074849,"45":0.010324,"46":0.002581},"chrome":{"4":0.007743,"5":0.012905,"6":0.007743,"7":0,"8":0.002581,"9":0,"10":0.007743,"11":0.05162,"12":0.007743,"13":0.02581,"14":0.002581,"15":0.015486,"16":0.010324,"17":0.005162,"18":0.005162,"19":0.005162,"20":0,"21":0.005162,"22":0,"23":0.002581,"24":0.002581,"25":0.012905,"26":0.012905,"27":0.012905,"28":0.015486,"29":0.012905,"30":0.018067,"31":0.141955,"32":0.015486,"33":0.023229,"34":0.012905,"35":0.015486,"36":0.123888,"37":0.007743,"38":0.002581,"39":0.018067,"40":0.015486,"41":0.015486,"42":0.188413,"43":0.080011,"44":0.098078,"45":0.116145,"46":1.52279,"47":4.111533,"48":0.018067,"49":0.005162,"50":0},"opera":{"9":0,"9.5-9.6":0,"10.0-10.1":0.002581,"10.5":0.002581,"10.6":0,"11":0,"11.1":0,"11.5":0.002581,"11.6":0.012905,"12":0.005162,"12.1":0.118726,"15":0.002581,"16":0.002581,"17":0.023229,"18":0.007743,"19":0.005162,"20":0.015486,"21":0.005162,"22":0,"23":0,"24":0,"25":0,"26":0,"27":0.005162,"28":0.012905,"29":0.012905,"30":0.015486,"31":0.012905,"32":0.018067,"33":0.402636,"34":0.562658,"35":0,"36":0},"safari":{"3.1":0,"3.2":0,"4":0.007743,"5":0.015486,"5.1":0.033553,"6":0.002581,"6.1":0.005162,"7":0.018067,"7.1":0.005162,"8":0.072268,"9":0.087754},"android":{"2.1":0,"2.2":0,"2.3":0.0552744675643,"3":0,"4":0.159681795186,"4.1":0.755417723378,"4.2-4.3":1.66130483068,"4.4":3.227414745,"4.4.3-4.4.4":1.66744643819,"46":null},"ios_saf":{"3.2":0,"4.0-4.1":0,"4.2-4.3":0,"5.0-5.1":0,"6.0-6.1":0,"7.0-7.1":0.0557193164966,"8":0.00741990898071,"8.1-8.4":0.184797733104,"9.0-9.2":1.13790604142},"op_mob":{"10":0,"11":0,"11.1":0,"11.5":0,"12":0,"12.1":0.00596213951266,"0":0.140110278548},"ie":{"5.5":0,"6":0.0207140524632,"7":0.0077677696737,"8":0.572225699296,"9":0.22267606398,"10":0.706867040307,"11":2.48309703903},"bb":{"7":0.04265925,"10":null},"ie_mob":{"10":0.120333406542,"11":0.539957593458},"edge":{"12":null,"13":null,"14":null},"and_uc":{"0":12.337797},"op_mini":{"5.0-8.0":43.5295805819},"and_chr":{"0":8.604519},"and_ff":{"0":0.140961}},"total":97.2831119147}