{"id":"BF","name":"Burkina Faso","month":"2015-07","access_date":"2015-08-02","data":{"chrome":{"4":0.01602,"5":0.003204,"6":0.003204,"7":0,"8":0,"9":0,"10":0.01602,"11":0.09612,"12":0.012816,"13":0.035244,"14":0.006408,"15":0.012816,"16":0.01602,"17":0.003204,"18":0.012816,"19":0.003204,"20":0.006408,"21":0.006408,"22":0.003204,"23":0.003204,"24":0.003204,"25":0.009612,"26":0.041652,"27":0.019224,"28":0.009612,"29":0.01602,"30":0.102528,"31":0.060876,"32":0.009612,"33":0.038448,"34":0.006408,"35":0.025632,"36":0.04806,"37":0.025632,"38":0.012816,"39":0.147384,"40":0.06408,"41":0.035244,"42":0.365256,"43":5.773608,"44":1.326456,"45":0.115344,"46":0,"47":0},"firefox":{"2":0.009612,"3":0.041652,"3.5":0.051264,"3.6":0.041652,"4":0.028836,"5":0.035244,"6":0.009612,"7":0.019224,"8":0.038448,"9":0.038448,"10":0.025632,"11":0.182628,"12":0.086508,"13":0.0801,"14":0.073692,"15":0.150588,"16":0.108936,"17":0.035244,"18":0.051264,"19":0.028836,"20":0.083304,"21":0.038448,"22":0.035244,"23":0.054468,"24":0.169812,"25":0.057672,"26":0.04806,"27":0.0801,"28":0.060876,"29":0.124956,"30":0.339624,"31":0.150588,"32":0.156996,"33":0.243504,"34":0.246708,"35":0.301176,"36":0.163404,"37":0.278748,"38":2.765052,"39":6.638688,"40":0.179424,"41":0.060876,"42":0.003204},"opera":{"9":0,"9.5-9.6":0.003204,"10.0-10.1":0.006408,"10.5":0,"10.6":0,"11":0.006408,"11.1":0,"11.5":0.003204,"11.6":0.019224,"12":0.012816,"12.1":0.04806,"15":0.009612,"16":0.003204,"17":0,"18":0.009612,"19":0.003204,"20":0.009612,"21":0,"22":0.006408,"23":0,"24":0.003204,"25":0.003204,"26":0.003204,"27":0.012816,"28":0.028836,"29":0.06408,"30":0.78498,"31":0.009612,"32":0},"safari":{"3.1":0.003204,"3.2":0,"4":0.009612,"5":0.04806,"5.1":0.137772,"6":0.083304,"6.1":0.025632,"7":0.012816,"7.1":0.0801,"8":0.121752,"9":0},"android":{"2.1":0,"2.2":0,"2.3":0.140359714656,"3":0,"4":0.441130531777,"4.1":1.51114549935,"4.2-4.3":2.9730739559,"4.4":5.30632635538,"4.4.3-4.4.4":2.27674394293,"40":null},"ios_saf":{"3.2":0,"4.0-4.1":0,"4.2-4.3":0,"5.0-5.1":0.00497273081149,"6.0-6.1":0.0204759504003,"7.0-7.1":0.142746625647,"8":0.0201834368231,"8.1-8.4":1.67522525632,"9":null},"op_mob":{"10":0,"11":0,"11.1":0,"11.5":0,"12":0.07835946808,"12.1":0.23507840424,"0":2.42914351048},"ie":{"5.5":0,"6":0.041652,"7":0.01602,"8":1.079748,"9":0.27234,"10":0.855468,"11":2.809908},"bb":{"7":0.054368,"10":null},"ie_mob":{"10":0.186798982143,"11":0.703477017857},"and_uc":{"0":8.6649},"op_mini":{"5.0-8.0":33.3985466172},"and_chr":{"0":6.710392},"edge":{"0":0.006408},"and_ff":{"0":0.346596}},"total":95.906132}