{"id":"BG","name":"Bulgaria","month":"2017-04","access_date":"2017-05-03","data":{"chrome":{"4":null,"5":null,"6":null,"7":null,"8":null,"9":null,"10":null,"11":0.019239,"12":null,"13":null,"14":null,"15":null,"16":0.044891,"17":null,"18":0.006413,"19":null,"20":null,"21":null,"22":0.025652,"23":null,"24":null,"25":0.006413,"26":0.051304,"27":null,"28":null,"29":0.006413,"30":0.012826,"31":0.019239,"32":0.012826,"33":0.006413,"34":0.070543,"35":0.019239,"36":0.012826,"37":0.019239,"38":0.032065,"39":0.032065,"40":0.019239,"41":0.012826,"42":0.012826,"43":0.115434,"44":0.032065,"45":0.012826,"46":0.019239,"47":0.06413,"48":0.038478,"49":3.366825,"50":0.057717,"51":0.160325,"52":0.057717,"53":0.141086,"54":0.115434,"55":0.38478,"56":4.93801,"57":26.043193,"58":2.622917,"59":0.051304,"60":0.012826,"61":null},"firefox":{"2":null,"3":null,"3.5":null,"3.6":0.012826,"4":0.006413,"5":null,"6":null,"7":null,"8":null,"9":null,"10":0.012826,"11":0.006413,"12":0.012826,"13":null,"14":null,"15":null,"16":0.006413,"17":null,"18":0.012826,"19":null,"20":0.006413,"21":null,"22":null,"23":null,"24":0.006413,"25":null,"26":0.006413,"27":null,"28":0.006413,"29":null,"30":0.012826,"31":0.019239,"32":0.012826,"33":0.012826,"34":0.019239,"35":0.012826,"36":0.102608,"37":0.025652,"38":0.096195,"39":0.032065,"40":0.019239,"41":0.051304,"42":0.622061,"43":0.109021,"44":0.032065,"45":0.179564,"46":0.051304,"47":0.243694,"48":0.339889,"49":0.224455,"50":0.288585,"51":0.519453,"52":9.388632,"53":2.411288,"54":0.032065,"55":0.012826,"56":null},"opera":{"9":null,"9.5-9.6":null,"10.0-10.1":0,"10.5":null,"10.6":null,"11":null,"11.1":null,"11.5":null,"11.6":null,"12":0.006413,"12.1":0.160325,"15":null,"16":null,"17":null,"18":null,"19":null,"20":null,"21":null,"22":null,"23":null,"24":null,"25":null,"26":null,"27":null,"28":0.006413,"29":null,"30":0.006413,"31":null,"32":null,"33":null,"34":0.006413,"35":null,"36":0.147499,"37":null,"38":0.006413,"39":null,"40":0.006413,"41":0.006413,"42":0.032065,"43":1.186405,"44":0.743908,"45":0.006413,"46":0.006413},"safari":{"3.1":null,"3.2":null,"4":0,"5":null,"5.1":0.019239,"6":null,"6.1":0.006413,"7":null,"7.1":null,"8":0.019239,"9":0.057717,"9.1":0.057717,"10":0.198803,"10.1":0.314237,"0":null},"ios_saf":{"3.2":0,"4.0-4.1":0,"4.2-4.3":0,"5.0-5.1":0,"6.0-6.1":0,"7.0-7.1":0.050486668097,"8":0,"8.1-8.4":0.0445738150766,"9.0-9.2":0.0168288893657,"9.3":0.271081569242,"10.0-10.2":2.26917105528,"10.3":1.58769200294},"android":{"2.1":0,"2.2":0,"2.3":0,"3":0,"4":0.0418963245413,"4.1":0.149629730505,"4.2-4.3":0.393825450688,"4.4":0.968403615826,"4.4.3-4.4.4":0.53387887844,"56":null},"op_mob":{"10":0,"11":0,"11.1":0,"11.5":0,"12":0,"12.1":0,"0":0.00147933924612},"ie":{"5.5":null,"6":null,"7":0.00645365293185,"8":0.212970546751,"9":0.206516893819,"10":0.17424862916,"11":3.47206527734},"edge":{"12":0.06413,"13":0.06413,"14":0.923472,"15":null},"bb":{"7":0.007174,"10":null},"ie_mob":{"10":0.117602357143,"11":0.431208642857},"op_mini":{"0":0.332111660754},"and_chr":{"0":26.385528},"and_ff":{"0":0.021522},"and_qq":{"1.2":null},"samsung":{"0":2.281332},"and_uc":{"0":0.236742}},"total":97.912184}