{"id":"BG","name":"Bulgaria","month":"2018-01","access_date":"2018-02-05","data":{"chrome":{"4":0,"5":0,"6":0,"7":0,"8":0,"9":0,"10":0.006281,"11":0.006281,"12":0.006281,"13":0.012562,"14":0.006281,"15":0.025124,"16":0.031405,"17":0.006281,"18":0.012562,"19":0.006281,"20":0.006281,"21":0.037686,"22":0.025124,"23":0.006281,"24":0.056529,"25":0.012562,"26":0.025124,"27":0.006281,"28":0.006281,"29":0.094215,"30":0,"31":0.006281,"32":0.006281,"33":0.006281,"34":0.018843,"35":0.012562,"36":0.006281,"37":0.006281,"38":0.025124,"39":0.018843,"40":0.025124,"41":0.012562,"42":0.006281,"43":0.025124,"44":0.006281,"45":0.006281,"46":0.012562,"47":0.012562,"48":0.018843,"49":1.362977,"50":0.031405,"51":0.037686,"52":0.012562,"53":0.018843,"54":0.037686,"55":0.050248,"56":0.075372,"57":0.056529,"58":0.138182,"59":0.094215,"60":0.100496,"61":0.163306,"62":0.270083,"63":21.072755,"64":0.483637,"65":0.031405,"66":0,"67":0},"firefox":{"2":0.012562,"3":0.006281,"3.5":0.025124,"3.6":0.087934,"4":0.006281,"5":0,"6":0,"7":0,"8":0,"9":0.006281,"10":0.006281,"11":0.006281,"12":0.006281,"13":0,"14":0.006281,"15":0,"16":0,"17":0,"18":0.018843,"19":0,"20":0.006281,"21":0.006281,"22":0,"23":0,"24":0.006281,"25":0,"26":0,"27":0,"28":0,"29":0,"30":0.006281,"31":0.012562,"32":0.006281,"33":0.006281,"34":0.006281,"35":0.012562,"36":0.043967,"37":0.006281,"38":0.018843,"39":0.006281,"40":0.056529,"41":0.018843,"42":0.006281,"43":0.037686,"44":0.012562,"45":0.037686,"46":0.012562,"47":0.056529,"48":0.257521,"49":0.037686,"50":0.043967,"51":0.043967,"52":1.105456,"53":0.056529,"54":0.056529,"55":0.050248,"56":0.163306,"57":5.495875,"58":0.6281,"59":0.012562,"60":0,"61":0},"opera":{"9":0,"9.5-9.6":0,"10.0-10.1":0.006281,"10.5":0,"10.6":0.006281,"11":0,"11.1":0,"11.5":0,"11.6":0.031405,"12":0.050248,"12.1":0.087934,"15":0,"16":0,"17":0,"18":0.006281,"19":0,"20":0.006281,"21":0.006281,"22":0,"23":0,"24":0.006281,"25":0,"26":0,"27":0.006281,"28":0.031405,"29":0,"30":0,"31":0.006281,"32":0.025124,"33":0,"34":0,"35":0,"36":0.069091,"37":0.006281,"38":0,"39":0,"40":0.006281,"41":0,"42":0,"43":0.012562,"44":0,"45":0.006281,"46":0.006281,"47":0.006281,"48":0.012562,"49":0.464794,"50":0.590414,"51":0.006281,"52":0},"safari":{"3.1":0.037686,"3.2":0,"4":0.018843,"5":0.012562,"5.1":0.025124,"6":0.006281,"6.1":0,"7":0,"7.1":0,"8":0.006281,"9":0.006281,"9.1":0.018843,"10":0.012562,"10.1":0.043967,"11":0.301488,"11.1":0,"0":null},"ios_saf":{"3.2":0.00164456072144,"4.0-4.1":0,"4.2-4.3":0.0230238501002,"5.0-5.1":0.014801046493,"6.0-6.1":0.00740052324649,"7.0-7.1":0.044403139479,"8":0.0115119250501,"8.1-8.4":0.0740052324649,"9.0-9.2":0.0748275128257,"9.3":0.347002312224,"10.0-10.2":0.434164030461,"10.3":0.941511013026,"11.0-11.2":6.23206285391,"11.3":null},"android":{"2.1":0,"2.2":0,"2.3":0,"3":0,"4":0,"4.1":0.109140208723,"4.2-4.3":0.327420626168,"4.4":0.961669386293,"4.4.3-4.4.4":0.584826778816,"62":null},"op_mob":{"10":null,"11":null,"11.1":null,"11.5":null,"12":null,"12.1":null,"0":null},"ie":{"5.5":0,"6":0,"7":0.0063589280397,"8":0.101742848635,"9":0.108101776675,"10":0.0953839205955,"11":2.25106052605},"edge":{"12":0.012562,"13":0.031405,"14":0.094215,"15":0.232397,"16":0.464794,"17":0},"samsung":{"4":0.446987517073,"5":0.166320936585,"6.2":1.51767854634},"ie_mob":{"10":0.0660837692308,"11":0.220279230769},"bb":{"7":0.0022314,"10":0.0089256},"and_uc":{"0":0.156198},"op_mini":{"0":0.24646362543},"and_chr":{"0":45.745001},"baidu":{"0":null},"and_ff":{"0":0.152479},"and_qq":{"1.2":null}},"total":97.4582796254}