{"id":"BG","name":"Bulgaria","month":"2018-09","access_date":"2018-10-03","data":{"chrome":{"4":0,"5":0,"6":0,"7":0,"8":0,"9":0,"10":0,"11":0.005517,"12":0,"13":0,"14":0,"15":0,"16":0,"17":0,"18":0,"19":0,"20":0,"21":0,"22":0.011034,"23":0,"24":0,"25":0,"26":0.011034,"27":0,"28":0,"29":0.308952,"30":0,"31":0.005517,"32":0,"33":0,"34":0.011034,"35":0.005517,"36":0.005517,"37":0.005517,"38":0.011034,"39":0.005517,"40":0.022068,"41":0.016551,"42":0,"43":0.011034,"44":0.005517,"45":0,"46":0.011034,"47":0.011034,"48":0.011034,"49":0.822033,"50":0.016551,"51":0.016551,"52":0.011034,"53":0.011034,"54":0.016551,"55":0.022068,"56":0.016551,"57":0.027585,"58":0.060687,"59":0.022068,"60":0.022068,"61":0.022068,"62":0.049653,"63":0.104823,"64":0.049653,"65":0.088272,"66":0.099306,"67":0.264816,"68":9.759573,"69":6.973488,"70":0.022068,"71":0.011034,"72":null},"firefox":{"2":0,"3":0.005517,"3.5":0,"3.6":0.005517,"4":0,"5":0,"6":0,"7":0,"8":0,"9":0,"10":0,"11":0,"12":0,"13":0,"14":0,"15":0,"16":0,"17":0,"18":0,"19":0,"20":0,"21":0,"22":0,"23":0,"24":0,"25":0,"26":0,"27":0,"28":0,"29":0,"30":0,"31":0.005517,"32":0,"33":0.011034,"34":0.005517,"35":0.005517,"36":0.027585,"37":0.005517,"38":0.011034,"39":0.005517,"40":0.066204,"41":0.011034,"42":0.005517,"43":0.027585,"44":0.005517,"45":0.022068,"46":0.005517,"47":0.027585,"48":0.137925,"49":0.016551,"50":0.027585,"51":0.071721,"52":0.904788,"53":0.038619,"54":0.016551,"55":0.011034,"56":0.082755,"57":0.049653,"58":0.049653,"59":0.038619,"60":0.193095,"61":1.495107,"62":3.415023,"63":0.044136,"64":0},"opera":{"9":0,"9.5-9.6":0,"10.0-10.1":0,"10.5":0,"10.6":0,"11":0,"11.1":0,"11.5":0,"11.6":0,"12":0,"12.1":0.033102,"15":0,"16":0,"17":0,"18":0,"19":0,"20":0,"21":0,"22":0,"23":0,"24":0,"25":0,"26":0,"27":0,"28":0.005517,"29":0,"30":0,"31":0.005517,"32":0.005517,"33":0,"34":0,"35":0,"36":0.038619,"37":0.005517,"38":0,"39":0,"40":0.011034,"41":0,"42":0,"43":0.005517,"44":0,"45":0,"46":0,"47":0.005517,"48":0.005517,"49":0,"50":0,"51":0.005517,"52":0,"53":0.011034,"54":0.088272,"55":0.904788},"safari":{"3.1":0,"3.2":0,"4":0.005517,"5":0,"5.1":0.005517,"6":0,"6.1":0,"7":0,"7.1":0,"8":0.005517,"9":0.005517,"9.1":0.022068,"10":0.011034,"10.1":0.022068,"11":0.033102,"11.1":0.226197,"12":0.093789,"0":null},"ios_saf":{"3.2":0.000944881269396,"4.0-4.1":0,"4.2-4.3":0.000944881269396,"5.0-5.1":0.0132283377715,"6.0-6.1":0.00661416888577,"7.0-7.1":0.0274015568125,"8":0.00944881269396,"8.1-8.4":0.0566928761638,"9.0-9.2":0.0359054882371,"9.3":0.232440792271,"10.0-10.2":0.334487969366,"10.3":0.439369790269,"11.0-11.2":0.903306493543,"11.3-11.4":6.57259410992,"12":0.805038841526},"android":{"2.1":0,"2.2":0.00158279685611,"2.3":0.0110795779927,"3":0.00158279685611,"4":0.12187535792,"4.1":0.0870538270859,"4.2-4.3":0.337135730351,"4.4":0,"4.4.3-4.4.4":0.748662912938,"67":null},"op_mob":{"10":null,"11":null,"11.1":null,"11.5":null,"12":null,"12.1":null,"0":null},"ie":{"5.5":0,"6":0,"7":0,"8":0.140080078125,"9":0.044825625,"10":0.039222421875,"11":1.568896875},"edge":{"12":0.011034,"13":0.016551,"14":0.038619,"15":0.060687,"16":0.05517,"17":0.645489,"18":null},"samsung":{"4":0.338631013761,"5":0.0513077293578,"6.2":0.13340009633,"7.2":null},"bb":{"7":0.0026898,"10":0.0107592},"ie_mob":{"10":0.022415,"11":0.17932},"baidu":{"0":null},"and_ff":{"0":0.152422},"and_qq":{"1.2":null},"and_uc":{"0":0.13449},"op_mini":{"0":0.292850819588},"and_chr":{"0":54.11935}},"total":96.203024659}