{"id":"BG","name":"Bulgaria","month":"2017-06","access_date":"2017-07-11","data":{"chrome":{"4":0,"5":0,"6":0,"7":0.006739,"8":0.006739,"9":0,"10":0,"11":0.013478,"12":0.006739,"13":0,"14":0,"15":0.006739,"16":0.047173,"17":0,"18":0.006739,"19":0,"20":0,"21":0,"22":0.020217,"23":0,"24":0,"25":0.006739,"26":0.026956,"27":0.006739,"28":0.006739,"29":0.013478,"30":0.006739,"31":0.020217,"32":0.006739,"33":0.006739,"34":0.06739,"35":0.033695,"36":0.006739,"37":0.013478,"38":0.026956,"39":0.040434,"40":0.013478,"41":0.026956,"42":0.006739,"43":0.080868,"44":0.020217,"45":0.026956,"46":0.026956,"47":0.060651,"48":0.053912,"49":2.641688,"50":0.047173,"51":0.20217,"52":0.040434,"53":0.128041,"54":0.229126,"55":0.309994,"56":0.370645,"57":0.491947,"58":29.961594,"59":4.521869,"60":0.060651,"61":0.033695,"62":0},"firefox":{"2":0,"3":0.006739,"3.5":0.006739,"3.6":0.026956,"4":0.006739,"5":0,"6":0,"7":0,"8":0,"9":0,"10":0.013478,"11":0.020217,"12":0.013478,"13":0,"14":0,"15":0.006739,"16":0.013478,"17":0.006739,"18":0.006739,"19":0,"20":0.013478,"21":0.006739,"22":0.006739,"23":0.006739,"24":0.013478,"25":0.006739,"26":0.006739,"27":0.006739,"28":0.006739,"29":0.006739,"30":0.013478,"31":0.020217,"32":0.020217,"33":0.006739,"34":0.013478,"35":0.013478,"36":0.053912,"37":0.013478,"38":0.053912,"39":0.026956,"40":0.020217,"41":0.033695,"42":0.033695,"43":0.094346,"44":0.026956,"45":0.208909,"46":0.047173,"47":0.168475,"48":0.451513,"49":0.242604,"50":0.20217,"51":0.215648,"52":2.008222,"53":6.637915,"54":3.403195,"55":0.026956,"56":0.006739,"57":0},"opera":{"9":0,"9.5-9.6":0,"10.0-10.1":0,"10.5":0,"10.6":0,"11":0,"11.1":0,"11.5":0.006739,"11.6":0.020217,"12":0.006739,"12.1":0.141519,"15":0,"16":0,"17":0,"18":0,"19":0,"20":0,"21":0,"22":0,"23":0,"24":0,"25":0,"26":0,"27":0.006739,"28":0.006739,"29":0,"30":0.006739,"31":0,"32":0,"33":0,"34":0,"35":0.006739,"36":0.148258,"37":0.006739,"38":0.006739,"39":0,"40":0.013478,"41":0.006739,"42":0.013478,"43":0.033695,"44":0.006739,"45":1.731923,"46":0.047173,"47":0.006739,"48":0},"safari":{"3.1":0,"3.2":0,"4":0.006739,"5":0.006739,"5.1":0.020217,"6":0.006739,"6.1":0.006739,"7":0,"7.1":0,"8":0.020217,"9":0.047173,"9.1":0.047173,"10":0.06739,"10.1":0.438035,"11":0.006739,"0":null},"ios_saf":{"3.2":0,"4.0-4.1":0,"4.2-4.3":0,"5.0-5.1":0,"6.0-6.1":0,"7.0-7.1":0.0265585246479,"8":0,"8.1-8.4":0.0203094600249,"9.0-9.2":0.0156226615576,"9.3":0.285373951118,"10.0-10.2":0.973291815037,"10.3":3.70725758761,"11":null},"android":{"2.1":0,"2.2":0,"2.3":0,"3":0,"4":0,"4.1":0.163815651485,"4.2-4.3":0.423715483168,"4.4":1.13883380792,"4.4.3-4.4.4":0.659988057426,"56":null},"op_mob":{"10":0,"11":0,"11.1":0,"11.5":0,"12":0,"12.1":0,"0":0.00135935254989},"ie":{"5.5":0,"6":0.00683766764275,"7":0.00683766764275,"8":0.287182040996,"9":0.177779358712,"10":0.246156035139,"11":3.94533422987},"edge":{"12":0.060651,"13":0.094346,"14":0.734551,"15":null,"16":null},"bb":{"7":0.006522,"10":null},"samsung":{"4":2.135955,"5":null},"ie_mob":{"10":0.0647183076923,"11":0.355950692308},"op_mini":{"0":0.30517464745},"and_chr":{"0":24.935258},"baidu":{"0":null},"and_ff":{"0":0.019566},"and_qq":{"1.2":null},"and_uc":{"0":0.198921}},"total":97.928939}