{"id":"BH","name":"Bahrain","month":"2021-09","access_date":"2021-10-03","data":{"firefox":{"2":null,"3":null,"3.5":null,"3.6":null,"4":null,"5":null,"6":null,"7":null,"8":null,"9":null,"10":null,"11":null,"12":null,"13":null,"14":null,"15":null,"16":null,"17":null,"18":null,"19":null,"20":null,"21":null,"22":null,"23":null,"24":null,"25":null,"26":null,"27":null,"28":null,"29":null,"30":null,"31":null,"32":null,"33":null,"34":null,"35":null,"36":0.01184,"37":null,"38":null,"39":null,"40":null,"41":null,"42":null,"43":null,"44":null,"45":null,"46":null,"47":null,"48":null,"49":0.00395,"50":null,"51":null,"52":0.02762,"53":null,"54":null,"55":null,"56":null,"57":null,"58":null,"59":null,"60":null,"61":null,"62":null,"63":null,"64":null,"65":null,"66":null,"67":null,"68":null,"69":null,"70":null,"71":null,"72":null,"73":null,"74":null,"75":null,"76":null,"77":null,"78":0.02368,"79":0.01184,"80":0.00789,"81":0.03551,"82":0.00395,"83":null,"84":0.00395,"85":null,"86":null,"87":null,"88":null,"89":0.146,"90":0.00789,"91":0.36698,"92":0.66687,"93":0.00789,"94":null},"chrome":{"4":null,"5":null,"6":null,"7":null,"8":null,"9":null,"10":null,"11":null,"12":null,"13":null,"14":null,"15":null,"16":null,"17":null,"18":null,"19":null,"20":null,"21":null,"22":null,"23":null,"24":null,"25":null,"26":null,"27":0.00395,"28":null,"29":null,"30":null,"31":null,"32":null,"33":null,"34":null,"35":null,"36":null,"37":null,"38":0.02368,"39":null,"40":null,"41":null,"42":null,"43":0.00789,"44":null,"45":null,"46":null,"47":null,"48":null,"49":0.05919,"50":null,"51":null,"52":null,"53":0.00789,"54":null,"55":null,"56":0.00789,"57":null,"58":null,"59":null,"60":0.00395,"61":null,"62":null,"63":0.02762,"64":null,"65":0.04341,"66":0.00789,"67":0.01578,"68":null,"69":0.00789,"70":null,"71":0.00395,"72":null,"73":0.0947,"74":0.01184,"75":null,"76":0.01184,"77":0.01184,"78":0.00789,"79":0.07497,"80":0.02368,"81":0.01973,"83":0.03157,"84":0.08287,"85":0.09865,"86":0.13022,"87":0.38276,"88":0.03946,"89":0.06708,"90":0.11049,"91":0.26438,"92":4.64444,"93":19.0868,"94":3.43302,"95":0.01578,"96":0.01184,"97":null},"opera":{"9":null,"9.5-9.6":null,"10.0-10.1":0,"10.5":null,"10.6":null,"11":null,"11.1":null,"11.5":null,"11.6":null,"12":null,"12.1":null,"15":null,"16":null,"17":null,"18":null,"19":null,"20":null,"21":null,"22":null,"23":null,"24":null,"25":null,"26":null,"27":null,"28":null,"29":null,"30":null,"31":null,"32":null,"33":null,"34":null,"35":null,"36":0.01578,"37":null,"38":null,"39":null,"40":null,"41":null,"42":null,"43":null,"44":null,"45":null,"46":0.00395,"47":null,"48":null,"49":null,"50":null,"51":null,"52":0.02762,"53":null,"54":null,"55":null,"56":null,"57":null,"58":null,"60":null,"62":null,"63":null,"64":null,"65":null,"66":null,"67":null,"68":null,"69":null,"70":null,"71":null,"72":null,"73":0.00789,"74":null,"75":0.00395,"76":0.02762,"77":0.05524,"78":0.24465,"79":0.01578},"ios_saf":{"3.2":0,"4.0-4.1":0,"4.2-4.3":0,"5.0-5.1":0.00342,"6.0-6.1":0.00171,"7.0-7.1":0.03594,"8":0,"8.1-8.4":0,"9.0-9.2":0,"9.3":0.13864,"10.0-10.2":0.02738,"10.3":0.11296,"11.0-11.2":0.08215,"11.3-11.4":0.08215,"12.0-12.1":0.05648,"12.2-12.5":0.47923,"13.0-13.1":0.0445,"13.2":0.01712,"13.3":0.1044,"13.4-13.7":0.43302,"14.0-14.4":1.50787,"14.5-14.8":12.69282,"15":1.28879},"safari":{"3.1":null,"3.2":null,"4":0,"5":null,"5.1":null,"6":null,"6.1":null,"7":null,"7.1":null,"8":null,"9":null,"9.1":null,"10":null,"10.1":0.00789,"11":0.00395,"11.1":0.03551,"12":0.00789,"12.1":0.11049,"13":0.08287,"13.1":0.33936,"14":0.56033,"14.1":2.26106,"15":0.22098,"0":null},"edge":{"12":null,"13":null,"14":null,"15":0.01184,"16":0.00789,"17":0.01184,"18":0.11049,"79":null,"80":null,"81":null,"83":null,"84":0.03946,"85":0.00395,"86":0.02762,"87":null,"88":0.00395,"89":0.02368,"90":0.00395,"91":0.07497,"92":0.51298,"93":2.34787,"94":0.4893},"samsung":{"4":0.23645,"5.0-5.4":0.3704,"6.2-6.4":0.31033,"7.2-7.4":0.07196,"8.2":0.13014,"9.2":0.0514,"10.1":0.03084,"11.1-11.2":0.22617,"12.0":0.11308,"13.0":0.19533,"14.0":0.53458,"15.0":2.89907},"android":{"2.1":0,"2.2":0,"2.3":0,"3":0,"4":0.00052,"4.1":0.00052,"4.2-4.3":0.00361,"4.4":0,"4.4.3-4.4.4":0.01958,"0":0},"op_mob":{"10":null,"11":null,"11.1":null,"11.5":null,"12":null,"12.1":null,"0":null},"ie":{"5.5":null,"6":0.01197,"7":null,"8":0.00399,"9":0.00798,"10":null,"11":0.34304},"bb":{"7":0,"10":0},"ie_mob":{"10":null,"11":null},"and_chr":{"0":35.60392},"kaios":{"2.5":0},"baidu":{"0":null},"and_ff":{"0":0.18767},"and_qq":{"10.4":0},"and_uc":{"0":3.17835},"op_mini":{"0":0.60754}},"total":100.15231}