{"id":"BH","name":"Bahrain","month":"2019-11","access_date":"2019-12-04","data":{"chrome":{"4":0,"5":0,"6":0,"7":0,"8":0,"9":0,"10":0,"11":0,"12":0,"13":0,"14":0,"15":0,"16":0,"17":0,"18":0,"19":0,"20":0,"21":0,"22":0,"23":0,"24":0,"25":0,"26":0,"27":0,"28":0,"29":0,"30":0,"31":0,"32":0,"33":0,"34":0,"35":0,"36":0.009656,"37":0,"38":0.004828,"39":0,"40":0,"41":0,"42":0,"43":0.009656,"44":0,"45":0,"46":0.009656,"47":0,"48":0,"49":0.125528,"50":0,"51":0,"52":0,"53":0.004828,"54":0,"55":0,"56":0.004828,"57":0,"58":0.009656,"59":0,"60":0.014484,"61":0.004828,"62":0.009656,"63":0.028968,"64":0.009656,"65":0.038624,"66":0.004828,"67":0.082076,"68":0.009656,"69":0.014484,"70":0.02414,"71":0.091732,"72":0.014484,"73":0.057936,"74":0.057936,"75":0.082076,"76":0.130356,"77":1.573928,"78":13.006632,"79":0.028968,"80":0.019312,"81":null},"firefox":{"2":0,"3":0,"3.5":0,"3.6":0,"4":0,"5":0,"6":0,"7":0,"8":0,"9":0,"10":0,"11":0,"12":0,"13":0,"14":0,"15":0,"16":0,"17":0,"18":0,"19":0,"20":0,"21":0,"22":0,"23":0,"24":0,"25":0,"26":0,"27":0,"28":0,"29":0,"30":0,"31":0,"32":0,"33":0,"34":0,"35":0,"36":0,"37":0,"38":0,"39":0,"40":0,"41":0,"42":0,"43":0,"44":0,"45":0.004828,"46":0,"47":0,"48":0.02414,"49":0,"50":0,"51":0,"52":0.038624,"53":0,"54":0,"55":0,"56":0,"57":0,"58":0,"59":0,"60":0.019312,"61":0,"62":0,"63":0,"64":0,"65":0,"66":0.009656,"67":0.009656,"68":0.04828,"69":0.067592,"70":0.984912,"71":0.02414,"72":0,"73":0},"opera":{"9":0,"9.5-9.6":0,"10.0-10.1":0,"10.5":0,"10.6":0,"11":0,"11.1":0,"11.5":0,"11.6":0,"12":0,"12.1":0,"15":0,"16":0,"17":0,"18":0,"19":0,"20":0,"21":0,"22":0,"23":0,"24":0,"25":0,"26":0,"27":0,"28":0,"29":0,"30":0,"31":0,"32":0,"33":0,"34":0,"35":0,"36":0,"37":0.004828,"38":0,"39":0,"40":0,"41":0,"42":0.004828,"43":0.004828,"44":0,"45":0,"46":0,"47":0,"48":0,"49":0,"50":0,"51":0.004828,"52":0,"53":0.009656,"54":0.009656,"55":0,"56":0.004828,"57":0,"58":0,"60":0.009656,"62":0.004828,"63":0.053108,"64":0.04828},"safari":{"3.1":0,"3.2":0,"4":0,"5":0,"5.1":0.275196,"6":0,"6.1":0,"7":0,"7.1":0,"8":0.028968,"9":0.053108,"9.1":0.033796,"10":0.053108,"10.1":0.183464,"11":0.067592,"11.1":0.251056,"12":0.19312,"12.1":0.854556,"13":1.887748,"0":null},"ios_saf":{"3.2":0,"4.0-4.1":0,"4.2-4.3":0,"5.0-5.1":0.011511223647295,"6.0-6.1":0,"7.0-7.1":0.018089065731463,"8":0,"8.1-8.4":0.021377986773547,"9.0-9.2":0.019733526252505,"9.3":0.22529109138277,"10.0-10.2":0.083867486573146,"10.3":0.23680231503006,"11.0-11.2":0.24173569659319,"11.3-11.4":0.40618174869739,"12.0-12.1":0.56569441923848,"12.2-12.4":4.0519507238477,"13.0-13.1":8.051278711022,"13.2":2.4272237290581,"13.3":0.050978276152305},"android":{"2.1":0,"2.2":0.00071761194029851,"2.3":0.00017940298507463,"3":0.00026910447761194,"4":0.0020631343283582,"4.1":0.0023322388059701,"4.2-4.3":0.049784328358209,"4.4":0,"4.4.3-4.4.4":0.028794179104478,"76":null},"ie":{"5.5":0,"6":0,"7":0,"8":0.01950906122449,"9":0,"10":0.024386326530612,"11":0.4340766122449},"samsung":{"4":0.48677647058824,"5.0-5.4":0.050705882352941,"6.2-6.4":0.030423529411765,"7.2-7.4":0.14197647058824,"8.2":0.22310588235294,"9.2":0.57804705882353,"10.1":3.1437647058824},"edge":{"12":0.004828,"13":0.014484,"14":0.019312,"15":0.062764,"16":0.028968,"17":0.19312,"18":1.240796,"76":null},"op_mob":{"10":null,"11":null,"11.1":null,"11.5":null,"12":null,"12.1":null,"0":null},"ie_mob":{"10":0,"11":0.010344},"bb":{"7":0,"10":0},"baidu":{"0":null},"and_ff":{"0":0.093096},"and_uc":{"0":5.849532},"and_qq":{"1.2":0},"kaios":{"2.5":0},"op_mini":{"0":1.5570919175258},"and_chr":{"0":41.946808}},"total":93.405343917526}