{"id":"BI","name":"Burundi","month":"2018-08","access_date":"2018-09-04","data":{"chrome":{"4":0,"5":0,"6":0,"7":0,"8":0.002316,"9":0,"10":0,"11":0.002316,"12":0,"13":0,"14":0,"15":0,"16":0,"17":0,"18":0.002316,"19":0,"20":0,"21":0,"22":0,"23":0,"24":0,"25":0,"26":0,"27":0,"28":0,"29":0.004632,"30":0,"31":0,"32":0,"33":0.006948,"34":0,"35":0,"36":0,"37":0,"38":0,"39":0,"40":0,"41":0,"42":0,"43":0.169068,"44":0,"45":0,"46":0,"47":0.002316,"48":0.002316,"49":0.041688,"50":0.0579,"51":0,"52":0.002316,"53":0,"54":0.002316,"55":0.006948,"56":0.002316,"57":0.009264,"58":0.004632,"59":0,"60":0.02316,"61":0,"62":0,"63":0.01158,"64":0.006948,"65":0.013896,"66":0.025476,"67":0.488676,"68":1.977864,"69":0,"70":0,"71":0},"firefox":{"2":0,"3":0.004632,"3.5":0,"3.6":0.002316,"4":0.004632,"5":0,"6":0,"7":0.002316,"8":0,"9":0,"10":0.002316,"11":0.002316,"12":0,"13":0,"14":0.002316,"15":0.002316,"16":0,"17":0,"18":0,"19":0,"20":0.004632,"21":0,"22":0.002316,"23":0,"24":0.004632,"25":0,"26":0.002316,"27":0,"28":0,"29":0,"30":0.002316,"31":0.018528,"32":0,"33":0,"34":0.002316,"35":0.002316,"36":0,"37":0.002316,"38":0.002316,"39":0,"40":0.002316,"41":0,"42":0,"43":0.004632,"44":0.004632,"45":0.002316,"46":0.002316,"47":0.04632,"48":0.02316,"49":0.002316,"50":0.002316,"51":0.013896,"52":0.030108,"53":0,"54":0.002316,"55":0,"56":0.039372,"57":0.009264,"58":0.002316,"59":0.013896,"60":0.013896,"61":1.079256,"62":0.060216,"63":0},"opera":{"9":0,"9.5-9.6":0,"10.0-10.1":0,"10.5":0,"10.6":0,"11":0.002316,"11.1":0,"11.5":0,"11.6":0,"12":0,"12.1":0.027792,"15":0,"16":0,"17":0,"18":0.002316,"19":0.009264,"20":0.013896,"21":0.013896,"22":0.004632,"23":0.027792,"24":0,"25":0,"26":0,"27":0,"28":0,"29":0,"30":0.004632,"31":0,"32":0.006948,"33":0.004632,"34":0,"35":0,"36":0.002316,"37":0.004632,"38":0,"39":0,"40":0,"41":0,"42":0,"43":0.004632,"44":0,"45":0,"46":0,"47":0.004632,"48":0,"49":0,"50":0,"51":0,"52":0,"53":0.013896,"54":0.201492,"55":0.039372},"safari":{"3.1":0,"3.2":0,"4":0,"5":0,"5.1":0,"6":0,"6.1":0,"7":0,"7.1":0,"8":0,"9":0,"9.1":0.01158,"10":0,"10.1":0.002316,"11":0.050952,"11.1":0.044004,"12":0,"0":null},"ios_saf":{"3.2":0.000254568884442,"4.0-4.1":0,"4.2-4.3":0.000254568884442,"5.0-5.1":0.00381853326663,"6.0-6.1":0.00203655107554,"7.0-7.1":0.0101827553777,"8":0.00203655107554,"8.1-8.4":0.0175652530265,"9.0-9.2":0.0117101686843,"9.3":0.0700064432216,"10.0-10.2":0.0801891985993,"10.3":0.132630388794,"11.0-11.2":0.276716377389,"11.3-11.4":1.91512171766,"12":0.021892924062},"android":{"2.1":0,"2.2":0,"2.3":0,"3":0,"4":0,"4.1":0,"4.2-4.3":0.314112598131,"4.4":1.06013001869,"4.4.3-4.4.4":0.726385383178,"67":null},"op_mob":{"10":null,"11":null,"11.1":null,"11.5":null,"12":null,"12.1":null,"0":null},"ie":{"5.5":0,"6":0,"7":0,"8":0.018528,"9":0.004632,"10":0.009264,"11":0.099588},"edge":{"12":0.027792,"13":0.020844,"14":0.030108,"15":0.013896,"16":0.025476,"17":0.15054,"18":null},"samsung":{"4":0.366382028986,"5":0.0418722318841,"6.2":0.0418722318841,"7.2":null},"bb":{"7":0.0338096,"10":0.1352384},"ie_mob":{"10":0.0110248695652,"11":0.242547130435},"baidu":{"0":null},"and_ff":{"0":0.122944},"and_qq":{"1.2":null},"and_uc":{"0":9.505108},"op_mini":{"0":42.7243998832},"and_chr":{"0":21.02938}},"total":84.0874623759}