{"id":"BI","name":"Burundi","month":"2020-08","access_date":"2020-09-15","data":{"firefox":{"2":0,"3":0,"3.5":0,"3.6":0,"4":0,"5":0,"6":0,"7":0,"8":0,"9":0,"10":0,"11":0,"12":0,"13":0.01004,"14":0,"15":0,"16":0,"17":0,"18":0,"19":0,"20":0,"21":0,"22":0,"23":0,"24":0.05522,"25":0,"26":0,"27":0.00502,"28":0.00502,"29":0,"30":0.00502,"31":0.01506,"32":0,"33":0.01004,"34":0.01004,"35":0,"36":0,"37":0,"38":0,"39":0,"40":0,"41":0,"42":0,"43":0.01004,"44":0,"45":0.00502,"46":0,"47":0.0251,"48":0.01004,"49":0.0251,"50":0,"51":0,"52":0.0251,"53":0,"54":0,"55":0,"56":0.78814,"57":0,"58":0,"59":0,"60":0.00502,"61":0,"62":0,"63":0.01506,"64":0.00502,"65":0,"66":0,"67":0,"68":0.11044,"69":0,"70":0.00502,"71":0,"72":0.03514,"73":0.01004,"74":0.01004,"75":0,"76":0.01004,"77":0.03012,"78":0.4016,"79":2.77606,"80":0.5773,"81":0.04016,"82":0},"chrome":{"4":0,"5":0,"6":0,"7":0,"8":0,"9":0,"10":0,"11":0,"12":0,"13":0,"14":0,"15":0,"16":0,"17":0,"18":0,"19":0,"20":0,"21":0,"22":0,"23":0,"24":0,"25":0,"26":0,"27":0,"28":0,"29":0,"30":0,"31":0,"32":0,"33":0.00502,"34":0,"35":0,"36":0,"37":0,"38":0,"39":0,"40":0.00502,"41":0,"42":0,"43":0.04518,"44":0,"45":0,"46":0,"47":0,"48":0,"49":0.08032,"50":0,"51":0,"52":0,"53":0,"54":0.01004,"55":0,"56":0,"57":0,"58":0.01004,"59":0,"60":0,"61":0.00502,"62":0.32128,"63":0.02008,"64":0.00502,"65":0.02008,"66":0,"67":0.00502,"68":0.03012,"69":0.18574,"70":0.06526,"71":0.00502,"72":0,"73":0.03514,"74":0.05522,"75":0.01004,"76":0.0251,"77":0.01506,"78":0.04016,"79":0.06024,"80":0.0502,"81":0.07028,"83":0.46184,"84":12.14338,"85":0.34136,"86":0.08032,"87":0,"88":0},"opera":{"9":0,"9.5-9.6":0,"10.0-10.1":0,"10.5":0,"10.6":0,"11":0,"11.1":0,"11.5":0,"11.6":0,"12":0,"12.1":0.24598,"15":0,"16":0,"17":0,"18":0,"19":0,"20":0.01004,"21":0,"22":0,"23":0.01506,"24":0.03012,"25":0,"26":0.04016,"27":0,"28":0.01506,"29":0,"30":0.01506,"31":0.00502,"32":0.06526,"33":0.02008,"34":0,"35":0,"36":0.00502,"37":0.00502,"38":0.02008,"39":0,"40":0,"41":0.00502,"42":0.07028,"43":0,"44":0,"45":0.01506,"46":0.15562,"47":0.33634,"48":0,"49":0,"50":0.44678,"51":0.10542,"52":0,"53":0.0251,"54":0.00502,"55":0,"56":0,"57":0,"58":0,"60":0.00502,"62":0,"63":0,"64":0,"65":0,"66":0.04016,"67":0.01004,"68":0.06526,"69":0.78814,"70":0.79316},"ios_saf":{"3.2":0,"4.0-4.1":0,"4.2-4.3":0,"5.0-5.1":0.00276,"6.0-6.1":0.00092,"7.0-7.1":0.00369,"8":0,"8.1-8.4":0.00737,"9.0-9.2":0.00461,"9.3":0.0516,"10.0-10.2":0.01474,"10.3":0.06911,"11.0-11.2":0.05252,"11.3-11.4":0.0728,"12.0-12.1":0.11703,"12.2-12.4":0.66347,"13.0-13.1":0.11334,"13.2":0.05713,"13.3":0.5105,"13.4-13.7":0.72336,"14.0":null},"safari":{"3.1":0,"3.2":0,"4":0,"5":0,"5.1":0.0753,"6":0,"6.1":0,"7":0,"7.1":0.01004,"8":0,"9":0,"9.1":0.00502,"10":0,"10.1":0,"11":0.21586,"11.1":0.06526,"12":0.02008,"12.1":0.11546,"13":0.0251,"13.1":0.29618,"14":0.01004,"0":null},"edge":{"12":0.04016,"13":0.04518,"14":0.0502,"15":0.01004,"16":0.01004,"17":0.06024,"18":0.36646,"79":0,"80":0,"81":0.01506,"83":0.00502,"84":0.75802,"85":0.0251},"android":{"2.1":0,"2.2":0,"2.3":0.001,"3":0,"4":0.01301,"4.1":0.03903,"4.2-4.3":0.02402,"4.4":0,"4.4.3-4.4.4":0.1431,"81":null},"samsung":{"4":0.96372,"5.0-5.4":0.05072,"6.2-6.4":0.02029,"7.2-7.4":0.06087,"8.2":0.01014,"9.2":0.07101,"10.1":0.07101,"11.1-11.2":0.14202,"12.0":0.52751},"op_mob":{"10":null,"11":null,"11.1":null,"11.5":null,"12":null,"12.1":null,"0":null},"ie":{"5.5":0,"6":0,"7":0,"8":0.03012,"9":0,"10":0.00502,"11":0.2259},"bb":{"7":0,"10":0.00498},"ie_mob":{"10":0,"11":0},"and_chr":{"0":46.5583},"kaios":{"2.5":0.03984},"baidu":{"0":null},"and_ff":{"0":0.13944},"and_qq":{"10.4":0.00996},"and_uc":{"0":0.53286},"op_mini":{"0":14.43183}},"total":91.40455}