{"id":"BJ","name":"Benin","month":"2019-07","access_date":"2019-08-05","data":{"chrome":{"4":0,"5":0,"6":0,"7":0,"8":0,"9":0,"10":0,"11":0,"12":0.004526,"13":0,"14":0.004526,"15":0,"16":0.004526,"17":0,"18":0,"19":0.009052,"20":0,"21":0,"22":0,"23":0,"24":0,"25":0,"26":0.004526,"27":0,"28":0.004526,"29":0.004526,"30":0,"31":0,"32":0,"33":0.004526,"34":0,"35":0.004526,"36":0.004526,"37":0.063364,"38":0,"39":0.004526,"40":0.013578,"41":0,"42":0.004526,"43":0.036208,"44":0.013578,"45":0.004526,"46":0.009052,"47":0.040734,"48":0.013578,"49":0.162936,"50":0.009052,"51":0.009052,"52":0,"53":0.004526,"54":0,"55":0.036208,"56":0.004526,"57":0.027156,"58":0.085994,"59":0.018104,"60":0.081468,"61":0.018104,"62":0.02263,"63":0.15841,"64":0.018104,"65":0.117676,"66":0.036208,"67":0.018104,"68":0.013578,"69":0.049786,"70":0.054312,"71":0.140306,"72":0.131254,"73":0.18104,"74":0.389236,"75":9.364294,"76":0.031682,"77":0.009052,"78":0,"79":0},"firefox":{"2":0,"3":0.004526,"3.5":0,"3.6":0,"4":0,"5":0,"6":0,"7":0,"8":0,"9":0,"10":0,"11":0.004526,"12":0,"13":0,"14":0,"15":0,"16":0,"17":0,"18":0,"19":0,"20":0,"21":0,"22":0,"23":0,"24":0,"25":0,"26":0,"27":0,"28":0,"29":0,"30":0,"31":0,"32":0.004526,"33":0,"34":0,"35":0.004526,"36":0,"37":0,"38":0,"39":0,"40":0.004526,"41":0.004526,"42":0.004526,"43":0.027156,"44":0.004526,"45":0.009052,"46":0,"47":0.031682,"48":0.004526,"49":0.004526,"50":0.004526,"51":0.009052,"52":0.063364,"53":0,"54":0.040734,"55":0,"56":0.013578,"57":0.004526,"58":0.004526,"59":0.004526,"60":0.09052,"61":0.018104,"62":0.013578,"63":0.013578,"64":0.018104,"65":0.072416,"66":0.072416,"67":1.394008,"68":1.715354,"69":0.085994,"70":0},"opera":{"9":0,"9.5-9.6":0,"10.0-10.1":0,"10.5":0,"10.6":0,"11":0,"11.1":0,"11.5":0,"11.6":0,"12":0,"12.1":0.09052,"15":0.013578,"16":0.004526,"17":0,"18":0,"19":0.004526,"20":0.027156,"21":0,"22":0,"23":0.018104,"24":0,"25":0,"26":0.009052,"27":0,"28":0.004526,"29":0,"30":0.004526,"31":0,"32":0.004526,"33":0.004526,"34":0,"35":0,"36":0.009052,"37":0,"38":0.018104,"39":0,"40":0.004526,"41":0.004526,"42":0.018104,"43":0.004526,"44":0,"45":0.004526,"46":0.004526,"47":0,"48":0,"49":0.004526,"50":0.013578,"51":0,"52":0.004526,"53":0.036208,"54":0.009052,"55":0,"56":0.013578,"57":0,"58":0.036208,"60":0.52049,"62":0.70153},"safari":{"3.1":0,"3.2":0,"4":0,"5":0,"5.1":0.013578,"6":0,"6.1":0,"7":0,"7.1":0,"8":0.004526,"9":0.058838,"9.1":0.009052,"10":0,"10.1":0.031682,"11":0.009052,"11.1":0.031682,"12":0.149358,"12.1":0.303242,"13":0.018104,"0":null},"ios_saf":{"3.2":0,"4.0-4.1":0,"4.2-4.3":0,"5.0-5.1":0.003632086142699,"6.0-6.1":0.0014528344570796,"7.0-7.1":0.0050849205997786,"8":0,"8.1-8.4":0.007264172285398,"9.0-9.2":0.0061745464425883,"9.3":0.061019047197343,"10.0-10.2":0.025424602998893,"10.3":0.066830385025662,"11.0-11.2":0.07373134869679,"11.3-11.4":0.14128815095099,"12.0-12.1":0.28729801388749,"12.2-12.3":2.9300038913153,"13":null},"android":{"2.1":0,"2.2":0,"2.3":0.0040789144542773,"3":0.013256471976401,"4":0.064242902654867,"4.1":0.099933404129793,"4.2-4.3":0.40687171681416,"4.4":0,"4.4.3-4.4.4":0.4486805899705,"67":null},"ie":{"5.5":0,"6":0,"7":0.004526,"8":0.09052,"9":0.004526,"10":0.018104,"11":0.13578},"edge":{"12":0.040734,"13":0.031682,"14":0.04526,"15":0.054312,"16":0.04526,"17":0.194618,"18":0.149358,"76":null},"op_mob":{"10":null,"11":null,"11.1":null,"11.5":null,"12":null,"12.1":null,"0":null},"samsung":{"4":0.10304,"5.0-5.4":0.020608,"6.2-6.4":0.010304,"7.2-7.4":0.061824,"8.2":0.041216,"9.2":0.46368},"ie_mob":{"10":0.011369076923077,"11":0.28422692307692},"bb":{"7":0,"10":0.021896},"kaios":{"2.5":0},"baidu":{"0":null},"and_ff":{"0":0.208012},"and_uc":{"0":2.397612},"and_qq":{"1.2":0.02737},"op_mini":{"0":20.211475257732},"and_chr":{"0":40.443934}},"total":87.188089257732}