{"id":"BM","name":"Bermuda","month":"2015-11","access_date":"2015-12-02","data":{"chrome":{"4":0,"5":0,"6":0,"7":0,"8":0,"9":0,"10":0,"11":0.145408,"12":0.027264,"13":0,"14":0,"15":0,"16":0.018176,"17":0,"18":0.009088,"19":0,"20":0,"21":0.009088,"22":0.009088,"23":0,"24":0,"25":0.009088,"26":0.018176,"27":0.054528,"28":0.027264,"29":0,"30":0,"31":0.018176,"32":0.018176,"33":0.036352,"34":0.04544,"35":0.018176,"36":0.018176,"37":0.009088,"38":0.054528,"39":0.190848,"40":0.027264,"41":0.063616,"42":0.13632,"43":0.127232,"44":0.099968,"45":0.36352,"46":24.110464,"47":0.063616,"48":0.063616,"49":0,"50":0},"firefox":{"2":0,"3":0,"3.5":0,"3.6":0,"4":0,"5":0,"6":0.018176,"7":0,"8":0,"9":0,"10":0.009088,"11":0,"12":0.009088,"13":0,"14":0.009088,"15":0,"16":0.036352,"17":0.009088,"18":0.009088,"19":0,"20":0,"21":0,"22":0.018176,"23":0.009088,"24":0,"25":0,"26":0.027264,"27":0,"28":0,"29":0,"30":0.009088,"31":0.027264,"32":0,"33":0.009088,"34":0.018176,"35":0.018176,"36":0.018176,"37":0.009088,"38":0.118144,"39":0.027264,"40":0.04544,"41":1.563136,"42":3.81696,"43":0.018176,"44":0,"45":0},"opera":{"9":0,"9.5-9.6":0,"10.0-10.1":0,"10.5":0,"10.6":0,"11":0,"11.1":0,"11.5":0,"11.6":0,"12":0,"12.1":0,"15":0,"16":0,"17":0,"18":0,"19":0,"20":0,"21":0,"22":0,"23":0,"24":0,"25":0,"26":0,"27":0,"28":0,"29":0.009088,"30":0,"31":0,"32":0.027264,"33":0.09088,"34":0,"35":0},"safari":{"3.1":0,"3.2":0,"4":0.118144,"5":0.290816,"5.1":0.790656,"6":0.109056,"6.1":0.490752,"7":0.209024,"7.1":0.427136,"8":1.126912,"9":4.080512},"android":{"2.1":0,"2.2":0,"2.3":0.0151838302709,"3":0,"4":0.0183618412578,"4.1":0.196683568858,"4.2-4.3":0.417378776283,"4.4":0.798386982383,"4.4.3-4.4.4":0.418085000947,"46":null},"ios_saf":{"3.2":0,"4.0-4.1":0,"4.2-4.3":0,"5.0-5.1":0.0448565436262,"6.0-6.1":0.0373804530218,"7.0-7.1":0.979367869172,"8":0.138307676181,"8.1-8.4":3.57917837684,"9.0-9.1":13.6214370812},"op_mob":{"10":0,"11":0,"11.1":0,"11.5":0,"12":1.22432541281e-6,"12.1":2.44865082561e-6,"0":5.99919452275e-5},"ie":{"5.5":0,"6":0.018176,"7":0.099968,"8":2.553728,"9":4.007808,"10":3.117184,"11":22.120192},"bb":{"7":0.176472,"10":null},"ie_mob":{"10":0.0124706086957,"11":0.0550173913043},"edge":{"12":null,"13":null,"14":null},"and_uc":{"0":0.006384},"op_mini":{"5.0-8.0":0.00723233507853},"and_chr":{"0":4.193024},"and_ff":{"0":0.00456}},"total":96.051544}