{"id":"BN","name":"Brunei Darussalam","month":"2016-08","access_date":"2016-09-04","data":{"chrome":{"4":null,"5":null,"6":null,"7":0.008172,"8":null,"9":null,"10":null,"11":0.01362,"12":null,"13":null,"14":0.005448,"15":null,"16":null,"17":null,"18":0.005448,"19":null,"20":null,"21":0.010896,"22":0.01362,"23":null,"24":null,"25":0.002724,"26":null,"27":0.002724,"28":0.002724,"29":null,"30":null,"31":0.016344,"32":0.010896,"33":0.141648,"34":0.005448,"35":0.002724,"36":0.032688,"37":0.019068,"38":0.024516,"39":0.049032,"40":0.01362,"41":0.005448,"42":0.016344,"43":0.076272,"44":0.029964,"45":0.024516,"46":0.032688,"47":0.2043,"48":0.04086,"49":0.811752,"50":0.12258,"51":3.851736,"52":10.743456,"53":0.049032,"54":0.089892,"55":null},"firefox":{"2":null,"3":0.016344,"3.5":0.002724,"3.6":0.019068,"4":0.005448,"5":null,"6":0.008172,"7":null,"8":null,"9":0.016344,"10":null,"11":0.010896,"12":0.008172,"13":0.01362,"14":null,"15":0.002724,"16":0.01362,"17":0.005448,"18":null,"19":null,"20":null,"21":null,"22":0.005448,"23":null,"24":0.005448,"25":0.008172,"26":null,"27":0.005448,"28":0.010896,"29":0.016344,"30":0.01362,"31":0.019068,"32":0.05448,"33":0.010896,"34":0.021792,"35":0.01362,"36":0.010896,"37":0.01362,"38":0.043584,"39":0.0681,"40":0.024516,"41":0.02724,"42":0.043584,"43":0.10896,"44":0.05448,"45":0.073548,"46":0.08172,"47":2.299056,"48":1.073256,"49":0.329604,"50":0.016344,"51":0.008172},"opera":{"9":null,"9.5-9.6":null,"10.0-10.1":0,"10.5":null,"10.6":null,"11":null,"11.1":null,"11.5":null,"11.6":0.038136,"12":null,"12.1":0.02724,"15":null,"16":null,"17":null,"18":null,"19":null,"20":null,"21":null,"22":null,"23":null,"24":null,"25":null,"26":null,"27":null,"28":null,"29":null,"30":null,"31":null,"32":0.008172,"33":0.002724,"34":0.021792,"35":0.016344,"36":0.010896,"37":0.119856,"38":0.032688,"39":0.16344,"40":null,"41":null},"safari":{"3.1":null,"3.2":null,"4":0.005448,"5":0.035412,"5.1":0.065376,"6":0.010896,"6.1":0.035412,"7":0.029964,"7.1":0.008172,"8":0.226092,"9":0.25878,"9.1":1.065084,"10":null,"0":null},"ios_saf":{"3.2":0,"4.0-4.1":0,"4.2-4.3":0,"5.0-5.1":0,"6.0-6.1":0,"7.0-7.1":0.13088097907,"8":0,"8.1-8.4":0.304337698319,"9.0-9.2":0.421815203629,"9.3":6.79004211898},"android":{"2.1":0,"2.2":0,"2.3":0.0122092508853,"3":0,"4":0.0915693816399,"4.1":0.335754399346,"4.2-4.3":0.834807529284,"4.4":2.31517919913,"4.4.3-4.4.4":2.01300023972,"51":null},"op_mob":{"10":0,"11":0,"11.1":0,"11.5":0,"12":0,"12.1":0.0658979793103,"0":2.5700211931},"ie":{"5.5":null,"6":null,"7":0.008172,"8":0.119856,"9":0.17706,"10":0.084444,"11":1.195836},"edge":{"12":0.02724,"13":0.403152,"14":0.029964},"bb":{"7":0.005457,"10":null},"ie_mob":{"10":0.0142356521739,"11":0.0512483478261},"and_ff":{"0":0.050932},"samsung":{"0":3.426996},"and_uc":{"0":5.013164},"op_mini":{"0":34.8354808276},"and_chr":{"0":14.07654}},"total":98.651909}