{"id":"BO","name":"Bolivia","month":"2019-02","access_date":"2019-03-16","data":{"chrome":{"4":0,"5":0,"6":0,"7":0,"8":0,"9":0,"10":0,"11":0.006321,"12":0,"13":0,"14":0,"15":0,"16":0,"17":0,"18":0,"19":0,"20":0,"21":0.006321,"22":0.012642,"23":0.006321,"24":0,"25":0.012642,"26":0.012642,"27":0.006321,"28":0,"29":0.006321,"30":0,"31":0.037926,"32":0,"33":0.012642,"34":0.018963,"35":0.006321,"36":0,"37":0.006321,"38":0.050568,"39":0.006321,"40":0.012642,"41":0,"42":0,"43":0.012642,"44":0.012642,"45":0.012642,"46":0.006321,"47":0.006321,"48":0.012642,"49":0.556248,"50":0.006321,"51":0.006321,"52":0.012642,"53":0.025284,"54":0.006321,"55":0.012642,"56":0.012642,"57":0.012642,"58":0.044247,"59":0.031605,"60":0.025284,"61":0.025284,"62":0.031605,"63":0.06321,"64":0.075852,"65":0.170667,"66":0.050568,"67":0.233877,"68":0.202272,"69":0.151704,"70":0.335013,"71":9.974538,"72":14.772177,"73":0.012642,"74":0.183309,"75":0},"firefox":{"2":0,"3":0.006321,"3.5":0,"3.6":0,"4":0,"5":0,"6":0,"7":0,"8":0,"9":0,"10":0,"11":0,"12":0,"13":0,"14":0,"15":0,"16":0,"17":0,"18":0,"19":0,"20":0,"21":0,"22":0,"23":0,"24":0,"25":0,"26":0,"27":0,"28":0,"29":0,"30":0,"31":0,"32":0,"33":0,"34":0,"35":0,"36":0,"37":0,"38":0.006321,"39":0.006321,"40":0.006321,"41":0,"42":0.006321,"43":0.025284,"44":0,"45":0.012642,"46":0,"47":0.025284,"48":0.088494,"49":0.006321,"50":0.012642,"51":0.006321,"52":0.107457,"53":0.018963,"54":0.012642,"55":0.006321,"56":0.031605,"57":0.025284,"58":0.018963,"59":0.012642,"60":0.056889,"61":0.056889,"62":0.031605,"63":0.050568,"64":0.398223,"65":2.616894,"66":0.037926,"67":0},"opera":{"9":0,"9.5-9.6":0,"10.0-10.1":0,"10.5":0,"10.6":0,"11":0,"11.1":0,"11.5":0,"11.6":0,"12":0,"12.1":0.012642,"15":0,"16":0,"17":0,"18":0,"19":0,"20":0,"21":0,"22":0,"23":0,"24":0,"25":0,"26":0,"27":0,"28":0,"29":0,"30":0,"31":0,"32":0,"33":0,"34":0,"35":0,"36":0.006321,"37":0,"38":0.018963,"39":0,"40":0,"41":0,"42":0.012642,"43":0,"44":0,"45":0,"46":0,"47":0.006321,"48":0,"49":0.006321,"50":0.006321,"51":0.006321,"52":0,"53":0,"54":0.006321,"55":0,"56":0.012642,"57":0.530964,"58":0.562569},"safari":{"3.1":0,"3.2":0,"4":0,"5":0,"5.1":0.56889,"6":0,"6.1":0.006321,"7":0,"7.1":0,"8":0.120099,"9":0.391902,"9.1":0.069531,"10":0.044247,"10.1":0.151704,"11":0.075852,"11.1":0.271803,"12":0.916545,"12.1":0,"0":null},"ios_saf":{"3.2":0.0012929926948864,"4.0-4.1":0.00096974452116482,"4.2-4.3":0.00096974452116482,"5.0-5.1":0.0035557299109377,"6.0-6.1":0.0022627372160512,"7.0-7.1":0.0074347079955969,"8":0.090832736815771,"8.1-8.4":0.017778649554688,"9.0-9.2":0.0093741970379265,"9.3":0.069175109176423,"10.0-10.2":0.043315255278695,"10.3":0.089862992294606,"11.0-11.2":0.11733908706094,"11.3-11.4":0.2812259111378,"12.0-12.1":2.4828692223556,"12.2":0.011960182427699},"android":{"2.1":0,"2.2":0,"2.3":0.032929657210402,"3":0.0014968026004728,"4":0.19907474586288,"4.1":0.056878498817967,"4.2-4.3":0.30085732269504,"4.4":0,"4.4.3-4.4.4":0.67505797281324,"67":null},"ie":{"5.5":0,"6":0,"7":0,"8":0.045066388888889,"9":0.012876111111111,"10":0.012876111111111,"11":0.27683638888889},"edge":{"12":0.006321,"13":0.012642,"14":0.018963,"15":0.025284,"16":0.037926,"17":0.271803,"18":0.056889},"op_mob":{"10":null,"11":null,"11.1":null,"11.5":null,"12":null,"12.1":null,"0":null},"samsung":{"4":1.9417605446809,"5.0-5.4":0.14158670638298,"6.2-6.4":0.23260673191489,"7.2-7.4":0.56634682553192,"8.2":1.8608538553191},"ie_mob":{"10":0.0103012,"11":0.0412048},"bb":{"7":0.0007358,"10":0.0029432},"baidu":{"0":null},"and_ff":{"0":0.161876},"and_uc":{"0":0.750516},"and_qq":{"1.2":0.003679},"op_mini":{"0":1.3165889381443},"and_chr":{"0":48.001555}},"total":95.122619601974}