{"id":"BO","name":"Bolivia","month":"2016-08","access_date":"2016-09-04","data":{"chrome":{"4":null,"5":null,"6":null,"7":null,"8":0.015285,"9":null,"10":null,"11":0.056045,"12":0.01019,"13":0.01019,"14":null,"15":0.005095,"16":null,"17":null,"18":0.04076,"19":null,"20":null,"21":0.01019,"22":0.03057,"23":0.04076,"24":0.01019,"25":0.06114,"26":0.045855,"27":0.015285,"28":0.02038,"29":0.035665,"30":0.02038,"31":0.127375,"32":0.02038,"33":0.117185,"34":0.03057,"35":0.056045,"36":0.045855,"37":0.06114,"38":0.117185,"39":0.07133,"40":0.07133,"41":0.04076,"42":0.04076,"43":0.21399,"44":0.178325,"45":0.13247,"46":0.168135,"47":0.23437,"48":0.23437,"49":2.583165,"50":0.31589,"51":6.547075,"52":18.968685,"53":0.056045,"54":0.015285,"55":null},"firefox":{"2":null,"3":0.05095,"3.5":0.015285,"3.6":0.04076,"4":0.01019,"5":0.01019,"6":0.005095,"7":null,"8":0.025475,"9":0.005095,"10":0.005095,"11":0.015285,"12":0.04076,"13":0.01019,"14":0.02038,"15":0.01019,"16":0.02038,"17":0.04076,"18":0.015285,"19":0.01019,"20":0.025475,"21":0.015285,"22":0.02038,"23":0.02038,"24":0.015285,"25":0.025475,"26":0.02038,"27":0.02038,"28":0.035665,"29":0.04076,"30":0.056045,"31":0.056045,"32":0.045855,"33":0.12228,"34":0.08152,"35":0.096805,"36":0.056045,"37":0.12228,"38":0.147755,"39":0.127375,"40":0.117185,"41":0.117185,"42":0.14266,"43":0.626685,"44":0.188515,"45":0.29551,"46":0.26494,"47":5.26823,"48":2.3437,"49":0.05095,"50":0.005095,"51":null},"opera":{"9":null,"9.5-9.6":null,"10.0-10.1":0,"10.5":null,"10.6":null,"11":null,"11.1":null,"11.5":null,"11.6":null,"12":null,"12.1":0.01019,"15":null,"16":null,"17":null,"18":null,"19":null,"20":null,"21":null,"22":null,"23":null,"24":null,"25":null,"26":null,"27":null,"28":null,"29":0.015285,"30":0.01019,"31":0.01019,"32":null,"33":0.01019,"34":0.01019,"35":0.01019,"36":0.035665,"37":0.076425,"38":0.106995,"39":0.361745,"40":null,"41":null},"safari":{"3.1":null,"3.2":null,"4":0,"5":0.02038,"5.1":0.04076,"6":0.025475,"6.1":0.015285,"7":0.015285,"7.1":0.005095,"8":0.2038,"9":0.188515,"9.1":0.657255,"10":null,"0":null},"ios_saf":{"3.2":0,"4.0-4.1":0,"4.2-4.3":0,"5.0-5.1":0,"6.0-6.1":0,"7.0-7.1":0.0374492850809,"8":0,"8.1-8.4":0.0870808677183,"9.0-9.2":0.12069498505,"9.3":1.94285086215},"android":{"2.1":0,"2.2":0,"2.3":0.0150962070281,"3":0,"4":0.11322155271,"4.1":0.415145693272,"4.2-4.3":1.03220315554,"4.4":2.8626182577,"4.4.3-4.4.4":2.48898713375,"51":null},"op_mob":{"10":0,"11":0,"11.1":0,"11.5":0,"12":0,"12.1":0.0111125975172,"0":0.433391303172},"ie":{"5.5":null,"6":0.0153765269461,"7":0.0102510179641,"8":0.615061077844,"9":0.179392814371,"10":0.307530538922,"11":1.40951497006},"edge":{"12":0.086615,"13":0.341365,"14":0.02038},"bb":{"7":0.0134915,"10":null},"ie_mob":{"10":0.107718695652,"11":0.387787304348},"and_ff":{"0":0.039248},"samsung":{"0":5.44566},"and_uc":{"0":2.492248},"op_mini":{"0":5.87442409931},"and_chr":{"0":28.312364}},"total":98.8467654461}