{"id":"BO","name":"Bolivia","month":"2016-09","access_date":"2016-10-02","data":{"firefox":{"2":0.004883,"3":0.034181,"3.5":0.014649,"3.6":0.034181,"4":0.014649,"5":0.009766,"6":null,"7":null,"8":0.024415,"9":0.004883,"10":0.004883,"11":0.009766,"12":0.039064,"13":0.014649,"14":0.014649,"15":0.009766,"16":0.019532,"17":0.039064,"18":0.014649,"19":0.014649,"20":0.019532,"21":0.014649,"22":0.019532,"23":0.019532,"24":0.019532,"25":0.019532,"26":0.024415,"27":0.019532,"28":0.024415,"29":0.039064,"30":0.043947,"31":0.04883,"32":0.039064,"33":0.117192,"34":0.073245,"35":0.083011,"36":0.058596,"37":0.112309,"38":0.136724,"39":0.117192,"40":0.09766,"41":0.092777,"42":0.136724,"43":0.571311,"44":0.156256,"45":0.239267,"46":0.170905,"47":1.342825,"48":4.961128,"49":1.098675,"50":0.029298,"51":null,"52":null},"chrome":{"4":null,"5":null,"6":null,"7":null,"8":0.014649,"9":null,"10":null,"11":0.058596,"12":0.009766,"13":0.009766,"14":0.004883,"15":null,"16":null,"17":null,"18":0.043947,"19":null,"20":null,"21":0.009766,"22":0.024415,"23":0.043947,"24":0.009766,"25":0.058596,"26":0.043947,"27":0.014649,"28":0.014649,"29":0.029298,"30":0.009766,"31":0.087894,"32":0.014649,"33":0.102543,"34":0.029298,"35":0.058596,"36":0.034181,"37":0.029298,"38":0.117192,"39":0.058596,"40":0.068362,"41":0.039064,"42":0.039064,"43":0.19532,"44":0.14649,"45":0.09766,"46":0.126958,"47":0.180671,"48":0.185554,"49":2.373138,"50":0.214852,"51":0.800812,"52":12.59814,"53":11.685019,"54":0.053713,"55":0.014649,"56":null},"opera":{"9":null,"9.5-9.6":null,"10.0-10.1":0,"10.5":null,"10.6":null,"11":null,"11.1":null,"11.5":null,"11.6":null,"12":null,"12.1":0.009766,"15":null,"16":null,"17":null,"18":null,"19":null,"20":null,"21":null,"22":null,"23":null,"24":null,"25":null,"26":null,"27":null,"28":null,"29":0.009766,"30":0.009766,"31":0.009766,"32":null,"33":0.004883,"34":0.004883,"35":0.014649,"36":0.029298,"37":0.068362,"38":0.014649,"39":0.327161,"40":0.083011,"41":null},"safari":{"3.1":null,"3.2":null,"4":0,"5":0.009766,"5.1":0.04883,"6":0.009766,"6.1":0.014649,"7":0.029298,"7.1":0.004883,"8":0.185554,"9":0.126958,"9.1":0.546896,"10":0.078128,"0":null},"ios_saf":{"3.2":0,"4.0-4.1":0,"4.2-4.3":0,"5.0-5.1":0,"6.0-6.1":0,"7.0-7.1":0.0316324456688,"8":0,"8.1-8.4":0.0662172529334,"9.0-9.2":0.0792919971431,"9.3":1.31443355902,"10":0.57528874523},"android":{"2.1":0,"2.2":0,"2.3":0.0169928605201,"3":0,"4":0.123198238771,"4.1":0.441814373522,"4.2-4.3":1.10028771868,"4.4":2.6041558747,"4.4.3-4.4.4":2.90153093381,"52":null},"ie":{"5.5":null,"6":0.00981090114943,"7":0.00981090114943,"8":0.500355958621,"9":0.181501671264,"10":0.25998888046,"11":1.17240268736},"op_mob":{"10":0,"11":0,"11.1":0,"11.5":0,"12":0,"12.1":0.0108722648505,"0":0.456635123721},"edge":{"12":0.073245,"13":0.312512,"14":0.068362},"ie_mob":{"10":0.105349586592,"11":0.390902413408},"bb":{"7":0.01279,"10":null},"samsung":{"0":5.811776},"and_uc":{"0":2.399404},"op_mini":{"0":6.49536861143},"and_chr":{"0":29.819396},"and_ff":{"0":0.035812}},"total":99.042896}