{"id":"BR","name":"Brazil","month":"2019-12","access_date":"2020-01-03","data":{"chrome":{"4":0,"5":0,"6":0,"7":0,"8":0,"9":0,"10":0,"11":0,"12":0,"13":0,"14":0,"15":0,"16":0,"17":0,"18":0,"19":0,"20":0,"21":0,"22":0,"23":0,"24":0,"25":0,"26":0,"27":0,"28":0,"29":0,"30":0,"31":0,"32":0,"33":0,"34":0,"35":0,"36":0.013732,"37":0,"38":0.006866,"39":0,"40":0,"41":0.006866,"42":0,"43":0.006866,"44":0,"45":0,"46":0,"47":0.006866,"48":0.006866,"49":0.322702,"50":0.006866,"51":0.006866,"52":0,"53":0.006866,"54":0.013732,"55":0.006866,"56":0.006866,"57":0.006866,"58":0.03433,"59":0.006866,"60":0.006866,"61":0.027464,"62":0.013732,"63":0.041196,"64":0.006866,"65":0.020598,"66":0.020598,"67":0.048062,"68":0.020598,"69":0.061794,"70":0.151052,"71":0.192248,"72":0.164784,"73":0.144186,"74":0.109856,"75":0.13732,"76":0.157918,"77":0.267774,"78":20.865774,"79":15.565222,"80":0.061794,"81":0.020598},"firefox":{"2":0,"3":0.006866,"3.5":0,"3.6":0,"4":0,"5":0,"6":0,"7":0,"8":0,"9":0,"10":0,"11":0,"12":0,"13":0,"14":0,"15":0,"16":0,"17":0,"18":0,"19":0,"20":0,"21":0,"22":0,"23":0,"24":0,"25":0,"26":0,"27":0,"28":0,"29":0,"30":0,"31":0,"32":0,"33":0,"34":0,"35":0,"36":0,"37":0,"38":0,"39":0,"40":0,"41":0,"42":0,"43":0,"44":0,"45":0.006866,"46":0,"47":0.006866,"48":0.006866,"49":0,"50":0.006866,"51":0.006866,"52":0.109856,"53":0.006866,"54":0.006866,"55":0.006866,"56":0.013732,"57":0.006866,"58":0.006866,"59":0.006866,"60":0.03433,"61":0.006866,"62":0.006866,"63":0.020598,"64":0.027464,"65":0.027464,"66":0.020598,"67":0.013732,"68":0.10299,"69":0.03433,"70":0.542414,"71":1.572314,"72":0.027464,"73":0},"opera":{"9":0,"9.5-9.6":0,"10.0-10.1":0,"10.5":0,"10.6":0,"11":0,"11.1":0,"11.5":0,"11.6":0,"12":0,"12.1":0,"15":0,"16":0,"17":0,"18":0,"19":0,"20":0,"21":0,"22":0,"23":0,"24":0,"25":0,"26":0,"27":0,"28":0,"29":0,"30":0,"31":0,"32":0,"33":0,"34":0,"35":0,"36":0,"37":0,"38":0,"39":0,"40":0,"41":0,"42":0,"43":0,"44":0,"45":0.013732,"46":0.006866,"47":0,"48":0,"49":0,"50":0,"51":0,"52":0,"53":0,"54":0,"55":0.006866,"56":0.006866,"57":0.006866,"58":0.013732,"60":0,"62":0,"63":0.006866,"64":0.24031},"safari":{"3.1":0,"3.2":0,"4":0,"5":0,"5.1":0.020598,"6":0,"6.1":0,"7":0,"7.1":0,"8":0,"9":0,"9.1":0.006866,"10":0,"10.1":0.027464,"11":0.013732,"11.1":0.075526,"12":0.054928,"12.1":0.178516,"13":0.796456,"0":null},"ios_saf":{"3.2":0.002381403740374,"4.0-4.1":0.001190701870187,"4.2-4.3":0,"5.0-5.1":0.0035721056105611,"6.0-6.1":0.001190701870187,"7.0-7.1":0.0041674565456546,"8":0.00059535093509351,"8.1-8.4":0.0077395621562156,"9.0-9.2":0.0071442112211221,"9.3":0.075609568756876,"10.0-10.2":0.026195441144114,"10.3":0.084539832783278,"11.0-11.2":0.071442112211221,"11.3-11.4":0.12740510011001,"12.0-12.1":0.18217738613861,"12.2-12.4":1.2895301254125,"13.0-13.1":1.8723786908691,"13.2":0.85254253905391,"13.3":1.343111709571},"android":{"2.1":0,"2.2":0.00027888262910798,"2.3":0.00027888262910798,"3":0.00041832394366197,"4":0.0018127370892019,"4.1":0.0032071502347418,"4.2-4.3":0.070138981220657,"4.4":0,"4.4.3-4.4.4":0.042669042253521,"76":null},"samsung":{"4":0.1130989122807,"5.0-5.4":0,"6.2-6.4":0.010281719298246,"7.2-7.4":0.092535473684211,"8.2":0.010281719298246,"9.2":0.082253754385965,"10.1":1.4497224210526},"edge":{"12":0.006866,"13":0.006866,"14":0.013732,"15":0.013732,"16":0.013732,"17":0.061794,"18":0.672868,"76":null},"op_mob":{"10":null,"11":null,"11.1":null,"11.5":null,"12":null,"12.1":null,"0":null},"ie":{"5.5":0,"6":0,"7":0,"8":0.07132640776699,"9":0.007132640776699,"10":0.007132640776699,"11":0.64907031067961},"ie_mob":{"10":0,"11":0.040742},"bb":{"7":0,"10":0.003134},"baidu":{"0":null},"and_ff":{"0":0.087752},"and_uc":{"0":0.137896},"and_qq":{"1.2":0.003134},"kaios":{"2.5":0},"op_mini":{"0":0.14538636769759},"and_chr":{"0":43.458606}},"total":95.923582367698}