{"id":"BR","name":"Brazil","month":"2018-03","access_date":"2018-04-03","data":{"chrome":{"4":0,"5":0,"6":0,"7":0,"8":0,"9":0,"10":0,"11":0,"12":0,"13":0,"14":0,"15":0,"16":0,"17":0,"18":0.013816,"19":0,"20":0,"21":0,"22":0.006908,"23":0,"24":0,"25":0,"26":0.006908,"27":0,"28":0,"29":0.124344,"30":0,"31":0,"32":0.013816,"33":0,"34":0.013816,"35":0.006908,"36":0.03454,"37":0.006908,"38":0.006908,"39":0.006908,"40":0.013816,"41":0.006908,"42":0,"43":0.048356,"44":0.013816,"45":0.006908,"46":0.013816,"47":0.03454,"48":0.013816,"49":0.469744,"50":0.013816,"51":0.062172,"52":0.020724,"53":0.013816,"54":0.048356,"55":0.062172,"56":0.089804,"57":0.075988,"58":0.303952,"59":0.096712,"60":0.145068,"61":0.151976,"62":0.13816,"63":0.780604,"64":22.678964,"65":13.532772,"66":0.089804,"67":0.03454,"68":0},"firefox":{"2":0,"3":0,"3.5":0,"3.6":0,"4":0,"5":0,"6":0,"7":0,"8":0,"9":0,"10":0,"11":0,"12":0,"13":0,"14":0,"15":0,"16":0.006908,"17":0,"18":0,"19":0,"20":0,"21":0,"22":0,"23":0,"24":0,"25":0,"26":0,"27":0,"28":0,"29":0,"30":0,"31":0.006908,"32":0,"33":0,"34":0,"35":0,"36":0,"37":0,"38":0.020724,"39":0.006908,"40":0.006908,"41":0.006908,"42":0.006908,"43":0.013816,"44":0.006908,"45":0.055264,"46":0.006908,"47":0.027632,"48":0.062172,"49":0.013816,"50":0.020724,"51":0.020724,"52":0.269412,"53":0.020724,"54":0.03454,"55":0.03454,"56":0.048356,"57":0.062172,"58":1.58884,"59":1.222716,"60":0.020724,"61":0},"opera":{"9":0,"9.5-9.6":0,"10.0-10.1":0,"10.5":0,"10.6":0,"11":0,"11.1":0,"11.5":0,"11.6":0,"12":0,"12.1":0.006908,"15":0,"16":0,"17":0,"18":0,"19":0,"20":0,"21":0,"22":0,"23":0,"24":0,"25":0,"26":0,"27":0,"28":0,"29":0,"30":0,"31":0,"32":0.055264,"33":0.013816,"34":0,"35":0,"36":0.006908,"37":0,"38":0,"39":0,"40":0,"41":0,"42":0,"43":0,"44":0,"45":0.006908,"46":0.006908,"47":0.006908,"48":0.006908,"49":0.006908,"50":0.03454,"51":0.746064,"52":0.027632},"safari":{"3.1":0,"3.2":0,"4":0,"5":0.006908,"5.1":0.006908,"6":0,"6.1":0,"7":0,"7.1":0,"8":0.006908,"9":0.006908,"9.1":0.055264,"10":0.03454,"10.1":0.131252,"11":0.739156,"11.1":0.013816,"0":null},"ios_saf":{"3.2":0.000592118482938,"4.0-4.1":0,"4.2-4.3":0.000592118482938,"5.0-5.1":0.0106581326929,"6.0-6.1":0.00828965876113,"7.0-7.1":0.029013805664,"8":0.00828965876113,"8.1-8.4":0.0438167677374,"9.0-9.2":0.0331586350445,"9.3":0.237439511658,"10.0-10.2":0.236847393175,"10.3":0.548893833684,"11.0-11.2":4.75944836586,"11.3":null},"android":{"2.1":0,"2.2":0,"2.3":0,"3":0,"4":0,"4.1":0.10932815534,"4.2-4.3":0.332737864078,"4.4":0.938796116505,"4.4.3-4.4.4":0.577537864078,"62":null},"ie":{"5.5":0,"6":0,"7":0,"8":0.0786082758621,"9":0.0500234482759,"10":0.0428772413793,"11":0.657451034483},"op_mob":{"10":null,"11":null,"11.1":null,"11.5":null,"12":null,"12.1":null,"0":null},"edge":{"12":0.013816,"13":0.020724,"14":0.06908,"15":0.117436,"16":0.752972,"17":0.006908},"samsung":{"4":0.566149113924,"5":0.061761721519,"6.2":0.988187544304},"bb":{"7":0.0012368,"10":0.0049472},"ie_mob":{"10":0.0217376969697,"11":0.33693430303},"and_ff":{"0":0.086576},"and_qq":{"1.2":null},"and_uc":{"0":0.503996},"op_mini":{"0":0.550333498282},"and_chr":{"0":39.150708},"baidu":{"0":null}},"total":96.680295878}