{"id":"BR","name":"Brazil","month":"2014-07","access_date":"2014-08-01","data":{"chrome":{"4":null,"5":null,"6":0.008241,"7":null,"8":null,"9":null,"10":0.016482,"11":0.041205,"12":0.024723,"13":0.016482,"14":0.016482,"15":0.016482,"16":0.008241,"17":null,"18":0.032964,"19":null,"20":0.008241,"21":0.016482,"22":0.098892,"23":0.024723,"24":0.024723,"25":0.057687,"26":0.601593,"27":0.585111,"28":0.057687,"29":0.131856,"30":0.090651,"31":0.552147,"32":0.618075,"33":1.227909,"34":1.40097,"35":32.238792,"36":18.031308,"37":0.346122,"38":0.16482,"39":null},"firefox":{"2":null,"3":0.041205,"3.5":0.008241,"3.6":0.074169,"4":0.016482,"5":0.008241,"6":0.008241,"7":0.008241,"8":0.008241,"9":0.016482,"10":0.032964,"11":0.024723,"12":0.065928,"13":0.032964,"14":0.041205,"15":0.049446,"16":0.041205,"17":0.074169,"18":0.024723,"19":0.032964,"20":0.065928,"21":0.321399,"22":0.074169,"23":0.041205,"24":0.074169,"25":0.041205,"26":0.090651,"27":0.08241,"28":0.115374,"29":0.288435,"30":7.74654,"31":0.881787,"32":0.032964,"33":null,"34":null},"opera":{"9":null,"9.5-9.6":null,"10.0-10.1":0,"10.5":null,"10.6":null,"11":null,"11.1":null,"11.5":null,"11.6":null,"12":0.016482,"12.1":0.123615,"15":null,"16":null,"17":null,"18":0.016482,"19":0.016482,"20":0.041205,"21":0.024723,"22":0.346122,"23":0.123615,"24":null},"safari":{"3.1":null,"3.2":null,"4":0.041205,"5":0.041205,"5.1":0.189543,"6":0.148338,"6.1":0.140097,"7":0.486219,"8":null},"android":{"2.1":0.0158257387836,"2.2":0.0369267238285,"2.3":0.712158245264,"3":0,"4":0.601378073779,"4.1":1.46651846062,"4.2-4.3":1.51399567697,"4.4":0.944269080758,"4.4.3":null},"op_mob":{"10":0,"11":0,"11.1":0,"11.5":0,"12":0.00232513429027,"12.1":0.0104631043062,"0":null},"ie":{"5.5":null,"6":0.0255867567568,"7":0.0341156756757,"8":2.73778297297,"9":2.10664297297,"10":2.80601432432,"11":5.21116945946},"ios_saf":{"3.2":0.00230198801199,"4.0-4.1":0.00460397602398,"4.2-4.3":0.0138119280719,"5.0-5.1":0.0644556643357,"6.0-6.1":0.253218681319,"7.0-7.1":1.96589776224,"8":0},"bb":{"7":0.00483725,"10":null},"and_ff":{"0":0.093227},"ie_mob":{"10":0.45280178},"op_mini":{"5.0-7.0":0.898373761404},"and_chr":{"0":7.201346}},"total":97.8605421922}