{"id":"BR","name":"Brazil","month":"2019-08","access_date":"2019-09-04","data":{"chrome":{"4":0,"5":0,"6":0,"7":0,"8":0,"9":0,"10":0,"11":0,"12":0,"13":0,"14":0,"15":0,"16":0,"17":0,"18":0,"19":0,"20":0,"21":0,"22":0,"23":0,"24":0,"25":0,"26":0,"27":0,"28":0,"29":0.021852,"30":0,"31":0,"32":0,"33":0,"34":0.007284,"35":0,"36":0.043704,"37":0,"38":0.007284,"39":0,"40":0,"41":0.050988,"42":0,"43":0.014568,"44":0,"45":0.007284,"46":0.007284,"47":0.007284,"48":0.007284,"49":0.174816,"50":0.007284,"51":0.014568,"52":0.007284,"53":0.014568,"54":0.021852,"55":0.014568,"56":0.014568,"57":0.014568,"58":0.058272,"59":0.014568,"60":0.014568,"61":0.189384,"62":0.014568,"63":0.050988,"64":0.014568,"65":0.050988,"66":0.043704,"67":0.080124,"68":0.043704,"69":0.080124,"70":0.1821,"71":0.233088,"72":0.233088,"73":0.247656,"74":0.320496,"75":10.48896,"76":30.651072,"77":0.14568,"78":0.043704,"79":0},"firefox":{"2":0,"3":0,"3.5":0,"3.6":0,"4":0,"5":0,"6":0,"7":0,"8":0,"9":0,"10":0,"11":0,"12":0,"13":0,"14":0,"15":0,"16":0,"17":0,"18":0,"19":0,"20":0,"21":0,"22":0,"23":0,"24":0,"25":0,"26":0,"27":0,"28":0,"29":0,"30":0,"31":0,"32":0,"33":0,"34":0,"35":0,"36":0,"37":0,"38":0,"39":0,"40":0,"41":0,"42":0,"43":0.007284,"44":0,"45":0.007284,"46":0,"47":0.007284,"48":0.014568,"49":0,"50":0.014568,"51":0.007284,"52":0.211236,"53":0.007284,"54":0.007284,"55":0.007284,"56":0.014568,"57":0.007284,"58":0.014568,"59":0.007284,"60":0.080124,"61":0.007284,"62":0.007284,"63":0.021852,"64":0.029136,"65":0.029136,"66":0.043704,"67":0.065556,"68":2.520264,"69":0.029136,"70":0.007284,"71":0},"opera":{"9":0,"9.5-9.6":0,"10.0-10.1":0,"10.5":0,"10.6":0,"11":0,"11.1":0,"11.5":0,"11.6":0,"12":0,"12.1":0.007284,"15":0,"16":0,"17":0,"18":0,"19":0,"20":0,"21":0,"22":0,"23":0,"24":0,"25":0,"26":0,"27":0,"28":0,"29":0,"30":0,"31":0,"32":0,"33":0,"34":0,"35":0,"36":0.007284,"37":0,"38":0,"39":0,"40":0,"41":0,"42":0,"43":0,"44":0,"45":0,"46":0,"47":0,"48":0,"49":0,"50":0,"51":0,"52":0,"53":0.029136,"54":0,"55":0,"56":0.007284,"57":0.007284,"58":0.014568,"60":0.007284,"62":1.325688},"safari":{"3.1":0,"3.2":0,"4":0,"5":0,"5.1":0.007284,"6":0,"6.1":0,"7":0,"7.1":0,"8":0.021852,"9":0.007284,"9.1":0.007284,"10":0.007284,"10.1":0.043704,"11":0.021852,"11.1":0.116544,"12":0.116544,"12.1":1.027044,"13":0.014568,"0":null},"ios_saf":{"3.2":0.0020022625575345,"4.0-4.1":0.001334841705023,"4.2-4.3":0,"5.0-5.1":0.0053393668200921,"6.0-6.1":0.0020022625575345,"7.0-7.1":0.0086764710826496,"8":0.00066742085251151,"8.1-8.4":0.010011312787673,"9.0-9.2":0.0093438919351611,"9.3":0.09744344446668,"10.0-10.2":0.042714934560736,"10.3":0.11079186151691,"11.0-11.2":0.12881222453472,"11.3-11.4":0.22358598559135,"12.0-12.1":0.42848418731239,"12.2-12.3":5.5302491839103,"13":0.068744347808685},"android":{"2.1":0,"2.2":0.0010499449541284,"2.3":0.00087495412844037,"3":0.00034998165137615,"4":0.0078745871559633,"4.1":0.030098422018349,"4.2-4.3":0.084870550458716,"4.4":0,"4.4.3-4.4.4":0.065621559633028,"67":null},"edge":{"12":0.007284,"13":0.007284,"14":0.021852,"15":0.029136,"16":0.03642,"17":0.531732,"18":0.488028,"76":null},"op_mob":{"10":null,"11":null,"11.1":null,"11.5":null,"12":null,"12.1":null,"0":null},"ie":{"5.5":0,"6":0,"7":0,"8":0.068535818181818,"9":0.022845272727273,"10":0.015230181818182,"11":0.39598472727273},"samsung":{"4":0.18381888,"5.0-5.4":0.01021216,"6.2-6.4":0.02042432,"7.2-7.4":0.09190944,"8.2":0.04084864,"9.2":1.69521856},"ie_mob":{"10":0.010864,"11":0.086912},"bb":{"7":0,"10":0.002716},"and_chr":{"0":36.990964},"baidu":{"0":null},"and_ff":{"0":0.100492},"and_uc":{"0":0.141232},"kaios":{"2.5":0},"and_qq":{"1.2":0.005432},"op_mini":{"0":0.16713666666667}},"total":97.666632666667}