{"id":"BR","name":"Brazil","month":"2015-03","access_date":"2015-04-23","data":{"chrome":{"4":0,"5":0.007839,"6":0.007839,"7":0,"8":0,"9":0,"10":0.007839,"11":0.023517,"12":0.015678,"13":0.007839,"14":0.007839,"15":0.007839,"16":0.007839,"17":0,"18":0.023517,"19":0,"20":0,"21":0.007839,"22":0.086229,"23":0.007839,"24":0.023517,"25":0.039195,"26":0.039195,"27":0.031356,"28":0.031356,"29":0.039195,"30":0.023517,"31":0.164619,"32":0.07839,"33":0.31356,"34":0.164619,"35":0.344916,"36":1.050426,"37":0.689832,"38":0.62712,"39":1.505088,"40":17.347707,"41":27.068067,"42":0.258687,"43":0.164619,"44":0,"45":0},"firefox":{"2":0,"3":0.023517,"3.5":0.007839,"3.6":0.031356,"4":0.007839,"5":0,"6":0.007839,"7":0.007839,"8":0.007839,"9":0.007839,"10":0.007839,"11":0.015678,"12":0.023517,"13":0.015678,"14":0.015678,"15":0.023517,"16":0.023517,"17":0.023517,"18":0.015678,"19":0.015678,"20":0.047034,"21":0.047034,"22":0.023517,"23":0.023517,"24":0.039195,"25":0.015678,"26":0.031356,"27":0.023517,"28":0.031356,"29":0.039195,"30":0.070551,"31":0.329238,"32":0.188136,"33":0.101907,"34":0.117585,"35":1.434537,"36":6.161454,"37":0.125424,"38":0.007839,"39":0.007839,"40":0},"opera":{"9":0,"9.5-9.6":0,"10.0-10.1":0,"10.5":0,"10.6":0,"11":0,"11.1":0,"11.5":0.007839,"11.6":0.007839,"12":0.007839,"12.1":0.039195,"15":0,"16":0,"17":0,"18":0,"19":0,"20":0.007839,"21":0.007839,"22":0.007839,"23":0.007839,"24":0.007839,"25":0.007839,"26":0.007839,"27":0.188136,"28":0.360594,"29":0.007839},"safari":{"3.1":0,"3.2":0,"4":0.015678,"5":0.023517,"5.1":0.086229,"6":0.015678,"6.1":0.054873,"7":0.195975,"7.1":0.133263,"8":0.462501},"android":{"2.1":0,"2.2":0,"2.3":0.0974474765101,"3":0,"4":0.215998228188,"4.1":0.746683530201,"4.2-4.3":1.29412731544,"4.4":2.21770594631,"4.4.3-4.4.4":1.06943950336,"40":null},"ios_saf":{"3.2":0,"4.0-4.1":0,"4.2-4.3":0,"5.0-5.1":0.0161671263952,"6.0-6.1":0.0407852506787,"7.0-7.1":0.644847882353,"8":0.129337011161,"8.1-8.3":2.82300072941},"op_mob":{"10":0,"11":0,"11.1":0,"11.5":0,"12":0.000154278987342,"12.1":0.000617115949367,"0":0.00385697468354},"ie":{"5.5":0,"6":0.0237797597765,"7":0.0237797597765,"8":2.5365077095,"9":1.30788678771,"10":1.24447409497,"11":9.02838212849,"0":null},"ie_mob":{"10":0.264314311111,"11":0.664915688889},"bb":{"7":0.00486225,"10":null},"and_uc":{"0":0.646139},"op_mini":{"5.0-8.0":0.60477363038},"and_chr":{"0":12.230971},"and_ff":{"0":0.123177}},"total":99.0385854902}