{"id":"BR","name":"Brazil","month":"2015-12","access_date":"2016-01-02","data":{"firefox":{"2":0,"3":0.01477,"3.5":0,"3.6":0.01477,"4":0.007385,"5":0,"6":0.022155,"7":0,"8":0,"9":0,"10":0.007385,"11":0.007385,"12":0.01477,"13":0.007385,"14":0.01477,"15":0.007385,"16":0.01477,"17":0.01477,"18":0.007385,"19":0.007385,"20":0.02954,"21":0.07385,"22":0.022155,"23":0.022155,"24":0.036925,"25":0.022155,"26":0.007385,"27":0.01477,"28":0.022155,"29":0.02954,"30":0.022155,"31":0.11816,"32":0.022155,"33":0.036925,"34":0.022155,"35":0.036925,"36":0.036925,"37":0.110775,"38":0.20678,"39":0.110775,"40":0.110775,"41":0.19201,"42":4.246375,"43":1.87579,"44":0.02954,"45":0.007385,"46":0},"chrome":{"4":0,"5":0,"6":0,"7":0,"8":0,"9":0,"10":0.007385,"11":0.01477,"12":0.007385,"13":0.007385,"14":0,"15":0,"16":0,"17":0,"18":0.01477,"19":0,"20":0,"21":0.007385,"22":0.036925,"23":0.007385,"24":0.007385,"25":0.022155,"26":0.022155,"27":0.02954,"28":0.022155,"29":0.036925,"30":0.01477,"31":0.051695,"32":0.23632,"33":0.066465,"34":0.05908,"35":0.155085,"36":0.745885,"37":0.10339,"38":0.08862,"39":0.13293,"40":0.155085,"41":0.19201,"42":0.273245,"43":1.07821,"44":0.450485,"45":0.57603,"46":11.232585,"47":38.29861,"48":0.302785,"49":0.13293,"50":0},"opera":{"9":0,"9.5-9.6":0,"10.0-10.1":0,"10.5":0,"10.6":0,"11":0,"11.1":0,"11.5":0,"11.6":0.007385,"12":0.01477,"12.1":0.04431,"15":0,"16":0,"17":0,"18":0,"19":0,"20":0,"21":0,"22":0,"23":0,"24":0,"25":0,"26":0,"27":0,"28":0.096005,"29":0.007385,"30":0.007385,"31":0.01477,"32":0.05908,"33":0.273245,"34":0.376635,"35":0.007385,"36":0},"safari":{"3.1":0,"3.2":0,"4":0.01477,"5":0.022155,"5.1":0.051695,"6":0.01477,"6.1":0.04431,"7":0.036925,"7.1":0.04431,"8":0.243705,"9":0.731115},"android":{"2.1":0,"2.2":0,"2.3":0.0292838922889,"3":0,"4":0.0845979110567,"4.1":0.400213194614,"4.2-4.3":0.880143651571,"4.4":1.70985393309,"4.4.3-4.4.4":0.883397417381,"46":null},"ios_saf":{"3.2":0,"4.0-4.1":0,"4.2-4.3":0,"5.0-5.1":0,"6.0-6.1":0,"7.0-7.1":0.168597367411,"8":0.0224514082231,"8.1-8.4":0.559167148197,"9.0-9.2":3.44311407617},"op_mob":{"10":0,"11":0,"11.1":0,"11.5":0,"12":0,"12.1":0.000119585693809,"0":0.00281026380452},"ie":{"5.5":0,"6":0.0152698307953,"7":0.0152698307953,"8":0.61079323181,"9":0.503904416244,"10":0.488634585448,"11":2.84018852792},"bb":{"7":0.0222275,"10":null},"ie_mob":{"10":0.261157850467,"11":1.17186214953},"edge":{"12":null,"13":null,"14":null},"and_uc":{"0":1.121835},"op_mini":{"5.0-8.0":0.873095150502},"and_chr":{"0":17.651165},"and_ff":{"0":0.033995}},"total":98.123882923}