{"id":"BR","name":"Brazil","month":"2019-03","access_date":"2019-04-14","data":{"chrome":{"4":0,"5":0,"6":0,"7":0,"8":0,"9":0,"10":0,"11":0,"12":0,"13":0,"14":0,"15":0,"16":0,"17":0,"18":0,"19":0,"20":0,"21":0,"22":0.00724,"23":0,"24":0,"25":0,"26":0.00724,"27":0.00724,"28":0,"29":0.02896,"30":0,"31":0,"32":0,"33":0,"34":0.00724,"35":0,"36":0,"37":0,"38":0.01448,"39":0,"40":0.00724,"41":0.02896,"42":0,"43":0.02172,"44":0,"45":0,"46":0.00724,"47":0.00724,"48":0.00724,"49":0.23892,"50":0.00724,"51":0.02896,"52":0.00724,"53":0.00724,"54":0.02172,"55":0.0362,"56":0.01448,"57":0.01448,"58":0.1086,"59":0.01448,"60":0.02896,"61":0.31856,"62":0.05068,"63":0.12308,"64":0.06516,"65":0.10136,"66":0.0724,"67":0.15928,"68":0.12308,"69":0.1448,"70":0.22444,"71":0.47784,"72":29.55368,"73":11.222,"74":0.0724,"75":0.02172,"76":0},"firefox":{"2":0,"3":0,"3.5":0,"3.6":0,"4":0,"5":0,"6":0,"7":0,"8":0,"9":0,"10":0,"11":0,"12":0,"13":0,"14":0,"15":0,"16":0,"17":0,"18":0,"19":0,"20":0,"21":0,"22":0,"23":0,"24":0,"25":0,"26":0,"27":0,"28":0,"29":0,"30":0,"31":0,"32":0,"33":0,"34":0,"35":0,"36":0,"37":0,"38":0,"39":0,"40":0,"41":0,"42":0,"43":0.00724,"44":0,"45":0.01448,"46":0,"47":0.00724,"48":0.01448,"49":0.00724,"50":0.00724,"51":0.00724,"52":0.15204,"53":0.00724,"54":0.00724,"55":0.00724,"56":0.01448,"57":0.02172,"58":0.02172,"59":0.01448,"60":0.05792,"61":0.01448,"62":0.01448,"63":0.02172,"64":0.0362,"65":1.87516,"66":0.63712,"67":0.01448,"68":0},"opera":{"9":0,"9.5-9.6":0,"10.0-10.1":0,"10.5":0,"10.6":0,"11":0,"11.1":0,"11.5":0,"11.6":0,"12":0,"12.1":0.00724,"15":0,"16":0,"17":0,"18":0,"19":0,"20":0,"21":0,"22":0,"23":0,"24":0,"25":0,"26":0,"27":0,"28":0,"29":0,"30":0,"31":0,"32":0,"33":0,"34":0,"35":0,"36":0.00724,"37":0,"38":0.00724,"39":0,"40":0,"41":0,"42":0,"43":0,"44":0,"45":0,"46":0,"47":0,"48":0,"49":0.00724,"50":0,"51":0.00724,"52":0,"53":0,"54":0,"55":0.01448,"56":0.00724,"57":0.00724,"58":1.21632},"safari":{"3.1":0,"3.2":0,"4":0,"5":0,"5.1":0.543,"6":0,"6.1":0.00724,"7":0,"7.1":0,"8":0.01448,"9":0.01448,"9.1":0.01448,"10":0.00724,"10.1":0.05792,"11":0.0362,"11.1":0.13756,"12":0.88328,"12.1":0.04344,"0":null},"ios_saf":{"3.2":0.0025739179179179,"4.0-4.1":0.001286958958959,"4.2-4.3":0.001286958958959,"5.0-5.1":0.0070782742742743,"6.0-6.1":0.0032173973973974,"7.0-7.1":0.01286958958959,"8":0.08622625025025,"8.1-8.4":0.027669617617618,"9.0-9.2":0.017373945945946,"9.3":0.1254784984985,"10.0-10.2":0.069495783783784,"10.3":0.16794814414414,"11.0-11.2":0.21299170770771,"11.3-11.4":0.45751390990991,"12.0-12.1":5.1626358638639,"12.2":0.072713181181181},"android":{"2.1":0.002806022380468,"2.2":0.0060797151576806,"2.3":0.0042090335707019,"3":0.00046767039674466,"4":0.066409196337742,"4.1":0.036010620549339,"4.2-4.3":0.13422140386572,"4.4":0,"4.4.3-4.4.4":0.20951633774161,"67":null},"ie":{"5.5":0,"6":0,"7":0,"8":0.044416179775281,"9":0.029610786516854,"10":0.014805393258427,"11":0.57000764044944},"edge":{"12":0.01448,"13":0.00724,"14":0.02896,"15":0.04344,"16":0.06516,"17":0.62264,"18":0.2172},"op_mob":{"10":null,"11":null,"11.1":null,"11.5":null,"12":null,"12.1":null,"0":null},"samsung":{"4":0.26211284210526,"5.0-5.4":0.010081263157895,"6.2-6.4":0.050406315789474,"7.2-7.4":0.10081263157895,"8.2":1.4517018947368,"9.2":0.040325052631579},"ie_mob":{"10":0,"11":0.12696},"bb":{"7":0,"10":0},"kaios":{"2.5":0},"baidu":{"0":null},"and_ff":{"0":0.09384},"and_uc":{"0":0.15456},"and_qq":{"1.2":0.00276},"op_mini":{"0":0.17768329896907},"and_chr":{"0":37.2966}},"total":97.748603298969}