{"id":"BS","name":"Bahamas","month":"2018-02","access_date":"2018-03-05","data":{"chrome":{"4":0,"5":0,"6":0,"7":0,"8":0,"9":0,"10":0,"11":0.005153,"12":0,"13":0,"14":0,"15":0,"16":0,"17":0,"18":0,"19":0,"20":0,"21":0,"22":0.005153,"23":0,"24":0,"25":0,"26":0,"27":0,"28":0,"29":0,"30":0.005153,"31":0,"32":0.005153,"33":0,"34":0,"35":0,"36":0.005153,"37":0,"38":0.015459,"39":0.005153,"40":0,"41":0.005153,"42":0,"43":0.005153,"44":0,"45":0.005153,"46":0,"47":0.005153,"48":0.015459,"49":0.520453,"50":0.020612,"51":0.005153,"52":0.005153,"53":0,"54":0.015459,"55":0.020612,"56":0.010306,"57":0.041224,"58":0.041224,"59":0.036071,"60":0.025765,"61":0.077295,"62":0.123672,"63":7.219353,"64":5.817737,"65":0.010306,"66":0.010306,"67":0},"firefox":{"2":0,"3":0,"3.5":0,"3.6":0,"4":0,"5":0,"6":0,"7":0,"8":0,"9":0,"10":0,"11":0,"12":0,"13":0.005153,"14":0,"15":0,"16":0.005153,"17":0,"18":0,"19":0,"20":0,"21":0,"22":0,"23":0,"24":0,"25":0,"26":0,"27":0,"28":0.005153,"29":0,"30":0,"31":0.010306,"32":0.005153,"33":0.025765,"34":0,"35":0,"36":0,"37":0,"38":0,"39":0,"40":0,"41":0.005153,"42":0,"43":0,"44":0,"45":0.005153,"46":0,"47":0.005153,"48":0.061836,"49":0,"50":0,"51":0,"52":0.092754,"53":0.005153,"54":0.005153,"55":0.005153,"56":0.010306,"57":0.082448,"58":1.200649,"59":0.010306,"60":0,"61":0},"opera":{"9":0,"9.5-9.6":0,"10.0-10.1":0,"10.5":0,"10.6":0,"11":0,"11.1":0,"11.5":0,"11.6":0,"12":0,"12.1":0.005153,"15":0,"16":0,"17":0,"18":0,"19":0,"20":0,"21":0,"22":0,"23":0,"24":0,"25":0,"26":0,"27":0,"28":0,"29":0,"30":0,"31":0,"32":0.005153,"33":0,"34":0,"35":0,"36":0,"37":0.005153,"38":0,"39":0,"40":0,"41":0,"42":0,"43":0,"44":0,"45":0.025765,"46":0,"47":0,"48":0,"49":0,"50":0.097907,"51":0.030918,"52":0},"safari":{"3.1":0,"3.2":0,"4":0,"5":0.030918,"5.1":0.005153,"6":0,"6.1":0.015459,"7":0,"7.1":0,"8":0.015459,"9":0.020612,"9.1":0.113366,"10":0.036071,"10.1":0.195814,"11":1.174884,"11.1":0.010306,"0":null},"ios_saf":{"3.2":0.0021388153446,"4.0-4.1":0,"4.2-4.3":0.0192493381014,"5.0-5.1":0.0320822301691,"6.0-6.1":0.0192493381014,"7.0-7.1":0.0941078751625,"8":0.0470539375813,"8.1-8.4":0.179660488947,"9.0-9.2":0.151855889467,"9.3":0.842693245774,"10.0-10.2":1.09293464109,"10.3":2.38905673992,"11.0-11.2":16.5116544603,"11.3":null},"android":{"2.1":0,"2.2":0,"2.3":0,"3":0,"4":0,"4.1":0.0968637006652,"4.2-4.3":0.281094660754,"4.4":0.826190388027,"4.4.3-4.4.4":0.509009250554,"62":null},"op_mob":{"10":null,"11":null,"11.1":null,"11.5":null,"12":null,"12.1":null,"0":null},"ie":{"5.5":0,"6":0,"7":0.005153,"8":0.041224,"9":0.05153,"10":0.10306,"11":2.653795},"edge":{"12":0.066989,"13":0.139131,"14":0.175202,"15":0.376169,"16":1.973599,"17":0},"samsung":{"4":1.43041051107,"5":0.545958210332,"6.2":3.9418182786},"bb":{"7":0.0077552,"10":0.0310208},"ie_mob":{"10":0,"11":0.092093},"op_mini":{"0":0.197319537801},"and_chr":{"0":43.962579},"baidu":{"0":null},"and_ff":{"0":0.126022},"and_qq":{"1.2":null},"and_uc":{"0":0.159951}},"total":96.5928145378}