{"id":"BS","name":"Bahamas","month":"2019-06","access_date":"2019-07-08","data":{"chrome":{"4":0,"5":0,"6":0,"7":0,"8":0,"9":0,"10":0,"11":0,"12":0,"13":0,"14":0,"15":0,"16":0,"17":0,"18":0,"19":0,"20":0,"21":0,"22":0.033481,"23":0,"24":0,"25":0,"26":0,"27":0,"28":0.004783,"29":0,"30":0,"31":0,"32":0,"33":0,"34":0,"35":0,"36":0,"37":0,"38":0,"39":0,"40":0,"41":0.019132,"42":0,"43":0.004783,"44":0,"45":0,"46":0,"47":0,"48":0,"49":0.243933,"50":0.004783,"51":0,"52":0,"53":0.014349,"54":0.009566,"55":0.004783,"56":0.004783,"57":0,"58":0.023915,"59":0,"60":0,"61":0.009566,"62":0.019132,"63":0.086094,"64":0.004783,"65":0.04783,"66":0.009566,"67":0.052613,"68":0.014349,"69":0.04783,"70":0.009566,"71":0.105226,"72":0.066962,"73":0.196103,"74":6.88752,"75":4.127729,"76":0.009566,"77":0,"78":0},"firefox":{"2":0,"3":0,"3.5":0,"3.6":0,"4":0,"5":0,"6":0,"7":0,"8":0,"9":0,"10":0,"11":0,"12":0,"13":0,"14":0,"15":0,"16":0,"17":0,"18":0,"19":0,"20":0,"21":0,"22":0,"23":0,"24":0,"25":0,"26":0,"27":0,"28":0,"29":0,"30":0,"31":0,"32":0,"33":0.023915,"34":0,"35":0,"36":0,"37":0,"38":0,"39":0,"40":0,"41":0,"42":0,"43":0,"44":0,"45":0,"46":0,"47":0,"48":0.133924,"49":0,"50":0,"51":0,"52":0.014349,"53":0,"54":0,"55":0,"56":0.009566,"57":0.004783,"58":0.004783,"59":0,"60":0.023915,"61":0,"62":0.004783,"63":0.014349,"64":0.038264,"65":0.004783,"66":0.043047,"67":1.013996,"68":0.019132,"69":0},"opera":{"9":0,"9.5-9.6":0,"10.0-10.1":0,"10.5":0,"10.6":0,"11":0,"11.1":0,"11.5":0,"11.6":0,"12":0,"12.1":0,"15":0,"16":0,"17":0,"18":0,"19":0,"20":0,"21":0,"22":0,"23":0,"24":0,"25":0,"26":0,"27":0,"28":0,"29":0,"30":0,"31":0,"32":0,"33":0,"34":0,"35":0,"36":0,"37":0,"38":0,"39":0,"40":0,"41":0,"42":0,"43":0,"44":0,"45":0,"46":0,"47":0,"48":0,"49":0,"50":0,"51":0,"52":0,"53":0,"54":0,"55":0,"56":0,"57":0,"58":0,"60":0.133924,"62":0},"safari":{"3.1":0,"3.2":0,"4":0,"5":0,"5.1":0.004783,"6":0,"6.1":0.004783,"7":0,"7.1":0,"8":0.004783,"9":0.004783,"9.1":0.033481,"10":0.009566,"10.1":0.090877,"11":0.014349,"11.1":0.157839,"12":0.200886,"12.1":0.875289,"13":0.009566,"0":null},"ios_saf":{"3.2":0.021988275015039,"4.0-4.1":0.026874558351714,"4.2-4.3":0.0024431416683377,"5.0-5.1":0.026874558351714,"6.0-6.1":0.007329425005013,"7.0-7.1":0.034203983356727,"8":0.0024431416683377,"8.1-8.4":0.065964825045117,"9.0-9.2":0.039090266693403,"9.3":0.40556151694405,"10.0-10.2":0.18567876679366,"10.3":0.49107147533587,"11.0-11.2":0.55947944204933,"11.3-11.4":1.121402025767,"12.0-12.1":2.6801264101664,"12.2-12.3":18.697363187788,"13":null},"android":{"2.1":0.009209972899729,"2.2":0.022257434507678,"2.3":0.0030699909665763,"3":0.0099774706413731,"4":0.13431210478771,"4.1":0.056794832881662,"4.2-4.3":0.29932411924119,"4.4":0,"4.4.3-4.4.4":0.31467407407407,"67":null},"edge":{"12":0.009566,"13":0.057396,"14":0.023915,"15":0.076528,"16":0.133924,"17":1.86537,"18":0.554828,"76":null},"op_mob":{"10":null,"11":null,"11.1":null,"11.5":null,"12":null,"12.1":null,"0":null},"ie":{"5.5":0,"6":0,"7":0,"8":0.009566,"9":0.004783,"10":0.028698,"11":1.363155},"samsung":{"4":0.37819808707124,"5.0-5.4":0.054028298153034,"6.2-6.4":0.17289055408971,"7.2-7.4":0.43222638522427,"8.2":0.30255846965699,"9.2":6.8507882058047},"ie_mob":{"10":0,"11":0.026085},"bb":{"7":0,"10":0.005217},"and_chr":{"0":43.266451},"kaios":{"2.5":0},"baidu":{"0":null},"and_ff":{"0":0.083472},"and_uc":{"0":0.057387},"and_qq":{"1.2":0},"op_mini":{"0":0.088904134020619}},"total":96.024674134021}