{"id":"BS","name":"Bahamas","month":"2017-06","access_date":"2017-07-11","data":{"chrome":{"4":0,"5":0,"6":0,"7":0,"8":0,"9":0,"10":0,"11":0.005059,"12":0.005059,"13":0,"14":0,"15":0,"16":0,"17":0,"18":0,"19":0,"20":0,"21":0,"22":0.010118,"23":0,"24":0,"25":0.010118,"26":0,"27":0,"28":0,"29":0.005059,"30":0.010118,"31":0.005059,"32":0,"33":0,"34":0.005059,"35":0.005059,"36":0.111298,"37":0.020236,"38":0.030354,"39":0.010118,"40":0.005059,"41":0.010118,"42":0,"43":0.025295,"44":0.010118,"45":0.020236,"46":0.005059,"47":0.010118,"48":0.020236,"49":1.052272,"50":0.040472,"51":0.045531,"52":0.020236,"53":0.015177,"54":0.086003,"55":0.161888,"56":0.121416,"57":0.278245,"58":18.571589,"59":3.23776,"60":0.05059,"61":0.020236,"62":0},"firefox":{"2":0.005059,"3":0,"3.5":0,"3.6":0,"4":0,"5":0,"6":0,"7":0,"8":0,"9":0,"10":0,"11":0,"12":0.005059,"13":0.005059,"14":0,"15":0,"16":0.005059,"17":0.010118,"18":0,"19":0,"20":0,"21":0,"22":0,"23":0.035413,"24":0.005059,"25":0,"26":0,"27":0,"28":0,"29":0,"30":0,"31":0,"32":0,"33":0.030354,"34":0,"35":0.005059,"36":0,"37":0.005059,"38":0,"39":0,"40":0,"41":0.005059,"42":0.005059,"43":0,"44":0,"45":0.025295,"46":0.005059,"47":0.015177,"48":0.156829,"49":0.010118,"50":0.020236,"51":0.020236,"52":0.146711,"53":1.785827,"54":0.829676,"55":0.010118,"56":0,"57":0},"opera":{"9":0,"9.5-9.6":0,"10.0-10.1":0,"10.5":0,"10.6":0,"11":0,"11.1":0,"11.5":0,"11.6":0,"12":0,"12.1":0.010118,"15":0,"16":0,"17":0,"18":0,"19":0,"20":0,"21":0,"22":0,"23":0,"24":0,"25":0,"26":0,"27":0,"28":0,"29":0,"30":0,"31":0,"32":0,"33":0,"34":0,"35":0,"36":0.005059,"37":0.005059,"38":0,"39":0,"40":0,"41":0,"42":0,"43":0.005059,"44":0,"45":0.177065,"46":0.005059,"47":0,"48":0},"safari":{"3.1":0,"3.2":0,"4":0,"5":0.15177,"5.1":0.030354,"6":0.005059,"6.1":0.035413,"7":0.010118,"7.1":0,"8":0.060708,"9":0.060708,"9.1":0.475546,"10":0.389543,"10.1":1.740296,"11":0,"0":null},"ios_saf":{"3.2":0,"4.0-4.1":0,"4.2-4.3":0,"5.0-5.1":0,"6.0-6.1":0,"7.0-7.1":0.0876101302817,"8":0,"8.1-8.4":0.0669959819801,"9.0-9.2":0.0515353707539,"9.3":0.941379439105,"10.0-10.2":3.21065359797,"10.3":12.2293434799,"11":null},"android":{"2.1":0,"2.2":0,"2.3":0,"3":0,"4":0,"4.1":0.196144755116,"4.2-4.3":0.507335953135,"4.4":1.3635832495,"4.4.3-4.4.4":0.790237042244,"56":null},"op_mob":{"10":0,"11":0,"11.1":0,"11.5":0,"12":0,"12.1":0,"0":0.00124894456763},"ie":{"5.5":0,"6":0,"7":0.005059,"8":0.111298,"9":0.161888,"10":0.278245,"11":5.367599},"edge":{"12":0.15177,"13":0.617198,"14":3.495769,"15":null,"16":null},"bb":{"7":0.009882,"10":null},"samsung":{"4":7.811721,"5":null},"ie_mob":{"10":0.0304061538462,"11":0.167233846154},"op_mini":{"0":0.280388055432},"and_chr":{"0":29.872492},"baidu":{"0":null},"and_ff":{"0":0.019764},"and_qq":{"1.2":null},"and_uc":{"0":0.177876}},"total":98.358657}