{"id":"BS","name":"Bahamas","month":"2022-01","access_date":"2022-02-02","data":{"firefox":{"2":null,"3":null,"3.5":null,"3.6":null,"4":null,"5":null,"6":null,"7":null,"8":null,"9":null,"10":null,"11":null,"12":null,"13":null,"14":null,"15":null,"16":null,"17":null,"18":null,"19":null,"20":null,"21":null,"22":null,"23":null,"24":null,"25":null,"26":null,"27":null,"28":null,"29":null,"30":null,"31":null,"32":null,"33":null,"34":null,"35":null,"36":null,"37":null,"38":null,"39":null,"40":null,"41":null,"42":null,"43":null,"44":null,"45":null,"46":null,"47":null,"48":0.03689,"49":null,"50":null,"51":null,"52":0.00922,"53":null,"54":null,"55":null,"56":null,"57":null,"58":null,"59":null,"60":null,"61":null,"62":null,"63":null,"64":null,"65":null,"66":null,"67":null,"68":null,"69":null,"70":null,"71":null,"72":null,"73":null,"74":null,"75":null,"76":null,"77":null,"78":0.02306,"79":null,"80":null,"81":null,"82":null,"83":null,"84":0.00461,"85":null,"86":null,"87":null,"88":0.02767,"89":null,"90":null,"91":0.0415,"92":null,"93":0.00922,"94":0.07378,"95":0.64093,"96":0.65015,"97":0.00922,"98":null},"chrome":{"4":null,"5":null,"6":null,"7":null,"8":null,"9":null,"10":null,"11":null,"12":null,"13":null,"14":null,"15":null,"16":null,"17":null,"18":null,"19":null,"20":null,"21":null,"22":null,"23":null,"24":null,"25":null,"26":null,"27":null,"28":null,"29":null,"30":null,"31":null,"32":null,"33":null,"34":null,"35":null,"36":null,"37":null,"38":null,"39":null,"40":null,"41":null,"42":null,"43":null,"44":null,"45":null,"46":null,"47":null,"48":null,"49":0.18905,"50":null,"51":null,"52":null,"53":null,"54":null,"55":null,"56":0.00922,"57":null,"58":0.00461,"59":null,"60":null,"61":null,"62":null,"63":0.00922,"64":null,"65":0.03689,"66":null,"67":0.00461,"68":null,"69":null,"70":null,"71":0.01383,"72":0.00922,"73":null,"74":null,"75":0.04611,"76":0.23055,"77":0.00922,"78":0.01844,"79":0.0415,"80":0.00461,"81":0.01844,"83":0.02306,"84":0.00461,"85":null,"86":0.00922,"87":0.05072,"88":0.02767,"89":0.02306,"90":0.07378,"91":0.06917,"92":0.05072,"93":0.23516,"94":0.14294,"95":0.13833,"96":7.10094,"97":14.85203,"98":0.02306,"99":0.02767,"100":0.02306,"101":null},"opera":{"9":null,"9.5-9.6":null,"10.0-10.1":0,"10.5":null,"10.6":null,"11":null,"11.1":null,"11.5":null,"11.6":null,"12":null,"12.1":null,"15":null,"16":null,"17":null,"18":null,"19":null,"20":null,"21":null,"22":null,"23":null,"24":null,"25":null,"26":null,"27":null,"28":null,"29":null,"30":null,"31":null,"32":null,"33":null,"34":null,"35":null,"36":null,"37":null,"38":null,"39":null,"40":null,"41":null,"42":null,"43":null,"44":null,"45":null,"46":null,"47":null,"48":null,"49":null,"50":null,"51":null,"52":null,"53":null,"54":null,"55":null,"56":null,"57":null,"58":null,"60":null,"62":null,"63":null,"64":null,"65":null,"66":null,"67":null,"68":null,"69":null,"70":null,"71":null,"72":null,"73":null,"74":null,"75":null,"76":null,"77":null,"78":null,"79":null,"80":null,"81":null,"82":0.41499,"83":0.01383},"edge":{"12":null,"13":0.01844,"14":0.00461,"15":0.00922,"16":0.03689,"17":0.01383,"18":0.06455,"79":null,"80":null,"81":null,"83":null,"84":null,"85":null,"86":null,"87":null,"88":null,"89":null,"90":null,"91":0.03228,"92":0.00461,"93":0.02306,"94":0.01844,"95":0.10144,"96":2.08878,"97":5.51476},"safari":{"3.1":null,"3.2":null,"4":0,"5":null,"5.1":null,"6":null,"6.1":null,"7":null,"7.1":null,"8":null,"9":null,"9.1":null,"10":null,"10.1":0.01383,"11":null,"11.1":0.05994,"12":0.00922,"12.1":0.07839,"13":0.0415,"13.1":0.49338,"14":0.40116,"14.1":1.83518,"15":0.32738,"15.1":2.27322,"15.2-15.3":1.66918,"15.4":null,"0":null},"ios_saf":{"3.2":0,"4.0-4.1":0,"4.2-4.3":0,"5.0-5.1":0,"6.0-6.1":0,"7.0-7.1":0,"8":0,"8.1-8.4":0,"9.0-9.2":0,"9.3":0.08651,"10.0-10.2":0.00455,"10.3":0.12294,"11.0-11.2":0.0387,"11.3-11.4":0.02732,"12.0-12.1":0.05236,"12.2-12.5":0.64655,"13.0-13.1":0.02504,"13.2":0.00455,"13.3":0.04781,"13.4-13.7":0.20489,"14.0-14.4":0.8856,"14.5-14.8":4.9334,"15.0-15.1":10.52701,"15.2-15.3":5.14512,"15.4":0},"samsung":{"4":0.03145,"5.0-5.4":0.01085,"6.2-6.4":0.02072,"7.2-7.4":0.41938,"8.2":0.01018,"9.2":0.07339,"10.1":0.01048,"11.1-11.2":0.80731,"12.0":0.05242,"13.0":0.4089,"14.0":0.23066,"15.0":0.29357,"16.0":4.6027},"android":{"2.1":0,"2.2":0,"2.3":0,"3":0,"4":0,"4.1":0,"4.2-4.3":0,"4.4":0,"4.4.3-4.4.4":0.01078,"0":0},"ie":{"5.5":null,"6":null,"7":null,"8":null,"9":null,"10":null,"11":0.24899},"op_mob":{"10":null,"11":null,"11.1":null,"11.5":null,"12":null,"12.1":null,"0":null},"bb":{"7":0,"10":0},"ie_mob":{"10":0.02781,"11":null},"and_qq":{"10.4":0},"and_uc":{"0":0.01078},"op_mini":{"0":0.05612},"and_chr":{"0":28.63015},"kaios":{"2.5":0},"baidu":{"0":null},"and_ff":{"0":0.15628}},"total":99.47435}