{"id":"BS","name":"Bahamas","month":"2021-05","access_date":"2021-06-04","data":{"firefox":{"2":null,"3":null,"3.5":null,"3.6":null,"4":null,"5":null,"6":null,"7":null,"8":null,"9":null,"10":null,"11":null,"12":null,"13":null,"14":null,"15":null,"16":null,"17":null,"18":null,"19":null,"20":null,"21":null,"22":null,"23":null,"24":null,"25":null,"26":null,"27":null,"28":null,"29":null,"30":null,"31":null,"32":null,"33":null,"34":null,"35":null,"36":null,"37":null,"38":null,"39":null,"40":null,"41":null,"42":null,"43":null,"44":null,"45":0.02234,"46":null,"47":null,"48":0.05808,"49":null,"50":null,"51":null,"52":0.02234,"53":null,"54":null,"55":null,"56":null,"57":null,"58":null,"59":null,"60":null,"61":null,"62":null,"63":0.00447,"64":null,"65":null,"66":null,"67":null,"68":0.00447,"69":null,"70":null,"71":null,"72":null,"73":null,"74":null,"75":null,"76":null,"77":null,"78":0.06255,"79":0.00894,"80":null,"81":null,"82":null,"83":0.03574,"84":0.00447,"85":0.02681,"86":0.00894,"87":0.03128,"88":1.30912,"89":0.01787,"90":null,"91":null},"chrome":{"4":null,"5":null,"6":null,"7":null,"8":null,"9":null,"10":null,"11":null,"12":null,"13":null,"14":null,"15":null,"16":null,"17":null,"18":null,"19":null,"20":null,"21":null,"22":null,"23":0.00447,"24":null,"25":null,"26":null,"27":null,"28":null,"29":null,"30":null,"31":null,"32":null,"33":null,"34":null,"35":null,"36":null,"37":null,"38":null,"39":null,"40":null,"41":null,"42":null,"43":null,"44":null,"45":null,"46":null,"47":0.00894,"48":null,"49":0.2368,"50":null,"51":null,"52":null,"53":null,"54":null,"55":null,"56":null,"57":null,"58":0.0134,"59":null,"60":0.00447,"61":null,"62":null,"63":0.02681,"64":null,"65":0.02234,"66":null,"67":0.02234,"68":null,"69":null,"70":0.00894,"71":0.00894,"72":0.02234,"73":0.0134,"74":0.41999,"75":0.05362,"76":0.34404,"77":0.05808,"78":0.0134,"79":0.03128,"80":0.03574,"81":0.01787,"83":0.04021,"84":0.01787,"85":0.01787,"86":0.04915,"87":0.16085,"88":0.18319,"89":0.88913,"90":20.62429,"91":0.6702,"92":0.02234,"93":null,"94":null},"opera":{"9":null,"9.5-9.6":null,"10.0-10.1":0,"10.5":null,"10.6":null,"11":null,"11.1":null,"11.5":null,"11.6":null,"12":null,"12.1":null,"15":null,"16":null,"17":null,"18":null,"19":null,"20":null,"21":null,"22":null,"23":null,"24":null,"25":null,"26":null,"27":null,"28":null,"29":null,"30":null,"31":null,"32":null,"33":null,"34":null,"35":null,"36":null,"37":null,"38":null,"39":null,"40":null,"41":null,"42":null,"43":null,"44":null,"45":null,"46":null,"47":null,"48":null,"49":null,"50":null,"51":null,"52":null,"53":null,"54":null,"55":null,"56":null,"57":null,"58":null,"60":null,"62":null,"63":null,"64":null,"65":null,"66":null,"67":null,"68":null,"69":null,"70":null,"71":null,"72":null,"73":0.02681,"74":null,"75":0.15638,"76":0.18319},"ios_saf":{"3.2":0,"4.0-4.1":0,"4.2-4.3":0,"5.0-5.1":0.00199,"6.0-6.1":0,"7.0-7.1":0.00596,"8":0.00993,"8.1-8.4":0.00199,"9.0-9.2":0.00199,"9.3":0.1509,"10.0-10.2":0.00596,"10.3":0.19855,"11.0-11.2":0.08935,"11.3-11.4":0.02581,"12.0-12.1":0.1092,"12.2-12.4":0.26605,"13.0-13.1":0.03772,"13.2":0.01588,"13.3":0.23826,"13.4-13.7":0.69095,"14.0-14.4":15.02411,"14.5-14.6":2.24955},"safari":{"3.1":null,"3.2":null,"4":0,"5":null,"5.1":0.04915,"6":null,"6.1":null,"7":0.00894,"7.1":null,"8":null,"9":null,"9.1":0.00447,"10":null,"10.1":0.01787,"11":0.00447,"11.1":0.05808,"12":0.00894,"12.1":0.16978,"13":0.07596,"13.1":0.68807,"14":3.82908,"14.1":1.05892,"0":null},"edge":{"12":0.00894,"13":0.07149,"14":0.01787,"15":0.03128,"16":0.04915,"17":0.08042,"18":0.31276,"79":null,"80":null,"81":null,"83":null,"84":0.00894,"85":0.00447,"86":0.05362,"87":0.01787,"88":0.02681,"89":0.11617,"90":6.55456,"91":0.37978},"samsung":{"4":0.06256,"5.0-5.4":0.01035,"6.2-6.4":0.01043,"7.2-7.4":0.33364,"8.2":0.03078,"9.2":0.27108,"10.1":0.0417,"11.1-11.2":0.8341,"12.0":0.27108,"13.0":0.91751,"14.0":5.30696},"android":{"2.1":0,"2.2":0,"2.3":0,"3":0,"4":0.00207,"4.1":0,"4.2-4.3":0.00277,"4.4":0,"4.4.3-4.4.4":0.03388,"0":0},"op_mob":{"10":null,"11":null,"11.1":null,"11.5":null,"12":null,"12.1":null,"0":null},"ie":{"5.5":null,"6":null,"7":null,"8":null,"9":null,"10":null,"11":0.64339},"bb":{"7":0,"10":0},"ie_mob":{"10":null,"11":null},"kaios":{"2.5":0},"baidu":{"0":null},"and_ff":{"0":0.14383},"and_qq":{"10.4":0},"and_uc":{"0":0.01106},"op_mini":{"0":0.0419},"and_chr":{"0":31.70099}},"total":99.5282}