{"id":"BT","name":"Bhutan","month":"2022-02","access_date":"2022-03-03","data":{"firefox":{"2":null,"3":null,"3.5":null,"3.6":null,"4":null,"5":null,"6":null,"7":null,"8":null,"9":null,"10":null,"11":null,"12":null,"13":null,"14":null,"15":null,"16":null,"17":null,"18":0.00186,"19":null,"20":null,"21":null,"22":null,"23":null,"24":null,"25":null,"26":null,"27":null,"28":null,"29":null,"30":null,"31":null,"32":null,"33":null,"34":null,"35":null,"36":null,"37":null,"38":null,"39":0.00186,"40":null,"41":0.00743,"42":null,"43":null,"44":null,"45":null,"46":null,"47":null,"48":null,"49":null,"50":null,"51":null,"52":0.00557,"53":null,"54":null,"55":null,"56":null,"57":null,"58":null,"59":null,"60":null,"61":null,"62":null,"63":null,"64":null,"65":null,"66":null,"67":null,"68":0.00186,"69":null,"70":null,"71":null,"72":0.00186,"73":null,"74":null,"75":null,"76":null,"77":null,"78":0.00929,"79":null,"80":null,"81":0.00186,"82":0.00372,"83":null,"84":0.00186,"85":null,"86":null,"87":0.03159,"88":0.01858,"89":0.00186,"90":null,"91":0.00557,"92":0.00186,"93":null,"94":0.00372,"95":0.04088,"96":0.19323,"97":0.29914,"98":0.02601,"99":null},"chrome":{"4":null,"5":null,"6":null,"7":null,"8":null,"9":null,"10":null,"11":null,"12":null,"13":null,"14":null,"15":null,"16":null,"17":null,"18":null,"19":null,"20":null,"21":null,"22":null,"23":null,"24":null,"25":null,"26":null,"27":null,"28":null,"29":null,"30":null,"31":null,"32":null,"33":0.00557,"34":null,"35":null,"36":null,"37":null,"38":null,"39":null,"40":null,"41":null,"42":null,"43":0.00372,"44":null,"45":null,"46":null,"47":null,"48":null,"49":0.00372,"50":null,"51":null,"52":null,"53":0.00557,"54":null,"55":null,"56":null,"57":null,"58":null,"59":null,"60":null,"61":null,"62":null,"63":0.00372,"64":null,"65":0.01301,"66":0.01858,"67":0.05946,"68":null,"69":0.00372,"70":null,"71":0.00557,"72":null,"73":0.00929,"74":0.00186,"75":null,"76":0.00372,"77":null,"78":0.02044,"79":0.02601,"80":0.02044,"81":0.10591,"83":0.01301,"84":0.00929,"85":0.00557,"86":0.00557,"87":0.03902,"88":0.00372,"89":0.00557,"90":0.01301,"91":0.03159,"92":0.06689,"93":0.0353,"94":0.01672,"95":0.07618,"96":0.41248,"97":4.38116,"98":9.26956,"99":0.01301,"100":0.03159,"101":null},"opera":{"9":null,"9.5-9.6":null,"10.0-10.1":0,"10.5":null,"10.6":null,"11":null,"11.1":null,"11.5":null,"11.6":null,"12":null,"12.1":null,"15":null,"16":null,"17":null,"18":null,"19":null,"20":null,"21":null,"22":null,"23":null,"24":null,"25":null,"26":null,"27":null,"28":null,"29":null,"30":null,"31":null,"32":null,"33":null,"34":null,"35":null,"36":0.00186,"37":null,"38":null,"39":null,"40":null,"41":null,"42":null,"43":null,"44":null,"45":null,"46":null,"47":null,"48":null,"49":null,"50":null,"51":null,"52":null,"53":null,"54":null,"55":null,"56":null,"57":null,"58":null,"60":null,"62":null,"63":null,"64":null,"65":null,"66":null,"67":null,"68":null,"69":null,"70":null,"71":null,"72":null,"73":null,"74":null,"75":null,"76":null,"77":null,"78":null,"79":null,"80":0.00372,"81":null,"82":0.01115,"83":0.13749},"edge":{"12":0.00557,"13":0.00372,"14":null,"15":null,"16":0.00186,"17":null,"18":0.01115,"79":null,"80":null,"81":null,"83":null,"84":0.00743,"85":0.01115,"86":null,"87":0.01858,"88":null,"89":null,"90":0.00186,"91":0.00557,"92":0.01672,"93":0.00743,"94":0.00929,"95":0.01858,"96":0.10962,"97":0.36045,"98":0.72648},"safari":{"3.1":null,"3.2":null,"4":0,"5":null,"5.1":null,"6":null,"6.1":null,"7":null,"7.1":null,"8":null,"9":null,"9.1":null,"10":null,"10.1":0.01672,"11":null,"11.1":0.00929,"12":null,"12.1":0.02973,"13":0.02973,"13.1":0.10219,"14":0.05388,"14.1":0.22296,"15":0.11148,"15.1":0.10776,"15.2-15.3":0.13749,"15.4":null,"0":null},"ios_saf":{"3.2":0,"4.0-4.1":0,"4.2-4.3":0,"5.0-5.1":0,"6.0-6.1":0,"7.0-7.1":0.01296,"8":0,"8.1-8.4":0.00086,"9.0-9.2":0.00086,"9.3":0.04925,"10.0-10.2":0.00346,"10.3":0.01123,"11.0-11.2":0.04925,"11.3-11.4":0.01123,"12.0-12.1":0.03801,"12.2-12.5":0.48036,"13.0-13.1":0.01814,"13.2":0.00864,"13.3":0.1486,"13.4-13.7":0.254,"14.0-14.4":1.11104,"14.5-14.8":1.86355,"15.0-15.1":1.72618,"15.2-15.3":2.845,"15.4":0.00605},"samsung":{"4":0.33912,"5.0-5.4":0.1009,"6.2-6.4":0.18286,"7.2-7.4":0.16442,"8.2":0.02052,"9.2":0.03083,"10.1":0.01018,"11.1-11.2":0.12332,"12.0":0.03083,"13.0":0.19525,"14.0":0.14387,"15.0":0.11304,"16.0":0.97625},"android":{"2.1":0,"2.2":0,"2.3":0,"3":0,"4":0,"4.1":0,"4.2-4.3":0,"4.4":0,"4.4.3-4.4.4":0,"0":0},"ie":{"5.5":null,"6":null,"7":null,"8":null,"9":null,"10":null,"11":0.01672},"op_mob":{"10":null,"11":null,"11.1":null,"11.5":null,"12":null,"12.1":null,"0":null},"bb":{"7":0,"10":0},"ie_mob":{"10":null,"11":null},"baidu":{"0":null},"and_ff":{"0":0.02443},"and_qq":{"10.4":0},"and_uc":{"0":4.28269},"op_mini":{"0":0.37},"and_chr":{"0":66.43858},"kaios":{"2.5":0}},"total":99.89255}