{"id":"BT","name":"Bhutan","month":"2015-05","access_date":"2015-06-03","data":{"chrome":{"4":0.042584,"5":0.069199,"6":0.010646,"7":0.010646,"8":0,"9":0.005323,"10":0.473747,"11":0.090491,"12":0.063876,"13":0.005323,"14":0.063876,"15":0.005323,"16":0.010646,"17":0,"18":0.026615,"19":0,"20":0.010646,"21":0.005323,"22":0.005323,"23":0.010646,"24":0,"25":0.010646,"26":0.005323,"27":0.042584,"28":0.010646,"29":0.021292,"30":0.149044,"31":0.031938,"32":0.074522,"33":0.170336,"34":0.085168,"35":0.079845,"36":2.012094,"37":1.921603,"38":0.143721,"39":0.761189,"40":0.409871,"41":0.734574,"42":15.548483,"43":5.865946,"44":0.729251,"45":0.047907,"46":0},"firefox":{"2":0.005323,"3":0.010646,"3.5":0.010646,"3.6":0.101137,"4":0.031938,"5":0.026615,"6":0.005323,"7":0.015969,"8":0.005323,"9":0.015969,"10":0.143721,"11":0.015969,"12":0.058553,"13":0.021292,"14":0.031938,"15":0.079845,"16":0.143721,"17":0.058553,"18":0.042584,"19":0.005323,"20":0.010646,"21":0.010646,"22":0.010646,"23":0.058553,"24":0.010646,"25":0.021292,"26":0.015969,"27":0.042584,"28":0.090491,"29":0.090491,"30":0.047907,"31":1.298812,"32":0.947494,"33":0.101137,"34":0.063876,"35":0.122429,"36":0.122429,"37":2.964911,"38":2.76796,"39":0.021292,"40":0.005323,"41":0},"opera":{"9":0,"9.5-9.6":0,"10.0-10.1":0,"10.5":0,"10.6":0,"11":0,"11.1":0,"11.5":0.005323,"11.6":0,"12":0,"12.1":0.031938,"15":0.005323,"16":0.005323,"17":0,"18":0,"19":0,"20":0.010646,"21":0,"22":0,"23":0,"24":0,"25":0.005323,"26":0,"27":0.005323,"28":0.026615,"29":0.377933,"30":0,"31":0},"safari":{"3.1":0,"3.2":0,"4":0,"5":0.010646,"5.1":0.202274,"6":0.021292,"6.1":0.074522,"7":2.267598,"7.1":0.101137,"8":1.394626},"android":{"2.1":0,"2.2":0,"2.3":0.0902457631884,"3":0,"4":0.229273019992,"4.1":0.780503897846,"4.2-4.3":1.51385235186,"4.4":2.59842755991,"4.4.3-4.4.4":1.0910794072,"40":null},"ios_saf":{"3.2":0,"4.0-4.1":0,"4.2-4.3":0,"5.0-5.1":0.0141277248039,"6.0-6.1":0.0303746083283,"7.0-7.1":0.500121458057,"8":0.076642907061,"8.1-8.3":2.89017930175},"op_mob":{"10":0,"11":0,"11.1":0,"11.5":0,"12":0.00295586883974,"12.1":0.0118234753589,"0":0.0650291144742},"ie":{"5.5":0,"6":0.015969,"7":0.175659,"8":0.718605,"9":0.058553,"10":0.85168,"11":3.88579,"0":null},"ie_mob":{"10":0.646078604651,"11":1.87950139535},"bb":{"7":0.0023385,"10":null},"and_uc":{"0":10.775808},"op_mini":{"5.0-8.0":11.3461025413},"and_chr":{"0":11.94953},"and_ff":{"0":0.074832}},"total":96.2430635}