{"id":"BT","name":"Bhutan","month":"2021-07","access_date":"2021-08-04","data":{"firefox":{"2":null,"3":null,"3.5":null,"3.6":null,"4":null,"5":null,"6":null,"7":null,"8":null,"9":null,"10":null,"11":null,"12":null,"13":null,"14":null,"15":null,"16":null,"17":null,"18":null,"19":null,"20":null,"21":null,"22":null,"23":null,"24":null,"25":null,"26":null,"27":null,"28":null,"29":0.00848,"30":null,"31":null,"32":null,"33":null,"34":null,"35":null,"36":null,"37":null,"38":null,"39":null,"40":null,"41":null,"42":null,"43":null,"44":null,"45":null,"46":null,"47":null,"48":null,"49":null,"50":null,"51":null,"52":null,"53":0.00283,"54":null,"55":null,"56":null,"57":null,"58":null,"59":null,"60":null,"61":null,"62":null,"63":null,"64":null,"65":null,"66":null,"67":null,"68":0.00283,"69":null,"70":null,"71":null,"72":0.00848,"73":null,"74":null,"75":null,"76":null,"77":null,"78":0.03394,"79":null,"80":null,"81":null,"82":null,"83":null,"84":null,"85":null,"86":0.00566,"87":0.0198,"88":0.05373,"89":0.39592,"90":0.19513,"91":0.03394,"92":null},"chrome":{"4":null,"5":null,"6":null,"7":null,"8":null,"9":null,"10":null,"11":null,"12":null,"13":null,"14":null,"15":null,"16":null,"17":null,"18":0.00566,"19":null,"20":null,"21":null,"22":null,"23":null,"24":0.00283,"25":null,"26":null,"27":null,"28":null,"29":null,"30":null,"31":null,"32":null,"33":null,"34":null,"35":null,"36":null,"37":null,"38":null,"39":null,"40":0.00566,"41":null,"42":null,"43":null,"44":null,"45":null,"46":null,"47":null,"48":null,"49":0.09898,"50":null,"51":null,"52":null,"53":null,"54":null,"55":0.00283,"56":null,"57":null,"58":null,"59":null,"60":0.00566,"61":null,"62":null,"63":0.00283,"64":null,"65":0.01414,"66":0.00566,"67":0.02262,"68":null,"69":null,"70":null,"71":null,"72":null,"73":null,"74":0.01414,"75":0.00283,"76":0.0509,"77":null,"78":0.00283,"79":0.03676,"80":0.02545,"81":0.00848,"83":0.01131,"84":0.02545,"85":0.00848,"86":0.03676,"87":0.14706,"88":0.07636,"89":0.0905,"90":0.34502,"91":13.2209,"92":3.28614,"93":0.02262,"94":null,"95":null},"opera":{"9":null,"9.5-9.6":null,"10.0-10.1":0,"10.5":null,"10.6":null,"11":null,"11.1":null,"11.5":null,"11.6":null,"12":null,"12.1":null,"15":null,"16":null,"17":null,"18":null,"19":null,"20":null,"21":null,"22":null,"23":null,"24":null,"25":null,"26":null,"27":null,"28":null,"29":null,"30":null,"31":null,"32":null,"33":null,"34":null,"35":null,"36":null,"37":null,"38":null,"39":null,"40":null,"41":null,"42":null,"43":null,"44":null,"45":null,"46":null,"47":null,"48":null,"49":null,"50":null,"51":null,"52":null,"53":null,"54":null,"55":null,"56":null,"57":null,"58":null,"60":null,"62":null,"63":null,"64":null,"65":null,"66":null,"67":null,"68":null,"69":null,"70":null,"71":null,"72":null,"73":null,"74":0.01131,"75":null,"76":0.00848,"77":0.26866},"ios_saf":{"3.2":0,"4.0-4.1":0,"4.2-4.3":0,"5.0-5.1":0,"6.0-6.1":0,"7.0-7.1":0.01192,"8":0,"8.1-8.4":0,"9.0-9.2":0,"9.3":0.02458,"10.0-10.2":0.00149,"10.3":0.0365,"11.0-11.2":0.08344,"11.3-11.4":0.02384,"12.0-12.1":0.03948,"12.2-12.4":0.11845,"13.0-13.1":0.01713,"13.2":0.01117,"13.3":0.13931,"13.4-13.7":0.35311,"14.0-14.4":2.38686,"14.5-14.7":3.73823},"safari":{"3.1":null,"3.2":null,"4":0,"5":null,"5.1":null,"6":null,"6.1":null,"7":null,"7.1":null,"8":null,"9":null,"9.1":0.00848,"10":null,"10.1":0.01131,"11":null,"11.1":0.03111,"12":0.01414,"12.1":0.08484,"13":0.03394,"13.1":0.11878,"14":0.23755,"14.1":0.31391,"15":null,"0":null},"edge":{"12":0.01131,"13":0.00848,"14":0.00283,"15":0.00283,"16":null,"17":null,"18":0.07353,"79":null,"80":null,"81":null,"83":null,"84":0.0198,"85":0.00566,"86":null,"87":0.02262,"88":null,"89":0.03111,"90":0.02545,"91":1.36592,"92":0.29411},"samsung":{"4":0.40859,"5.0-5.4":0.01085,"6.2-6.4":0.01021,"7.2-7.4":0.19408,"8.2":0.07596,"9.2":0.3473,"10.1":0.03078,"11.1-11.2":0.16343,"12.0":0.08172,"13.0":0.32687,"14.0":1.50156},"android":{"2.1":0,"2.2":0,"2.3":0,"3":0,"4":0,"4.1":0,"4.2-4.3":0,"4.4":0,"4.4.3-4.4.4":0,"0":0},"op_mob":{"10":null,"11":null,"11.1":null,"11.5":null,"12":null,"12.1":null,"0":null},"ie":{"5.5":null,"6":null,"7":null,"8":null,"9":null,"10":null,"11":0.10464},"bb":{"7":0,"10":0},"ie_mob":{"10":null,"11":null},"and_chr":{"0":62.30478},"kaios":{"2.5":0},"baidu":{"0":null},"and_ff":{"0":0.02152},"and_qq":{"10.4":0},"and_uc":{"0":5.54396},"op_mini":{"0":0.35308}},"total":99.8106}