{"id":"BT","name":"Bhutan","month":"2017-06","access_date":"2017-07-11","data":{"chrome":{"4":0.002472,"5":0.014832,"6":0,"7":0.004944,"8":0,"9":0.004944,"10":0,"11":0.007416,"12":0.01236,"13":0,"14":0.007416,"15":0,"16":0.004944,"17":0.004944,"18":0.032136,"19":0.002472,"20":0.002472,"21":0.017304,"22":0.009888,"23":0.022248,"24":0.0618,"25":0.002472,"26":0.002472,"27":0.017304,"28":0.004944,"29":0.01236,"30":0.106296,"31":0.126072,"32":0.01236,"33":0.02472,"34":0.004944,"35":0.007416,"36":0.002472,"37":0.002472,"38":0.01236,"39":0.002472,"40":0.004944,"41":0.007416,"42":0,"43":0.118656,"44":0.009888,"45":0.002472,"46":0.014832,"47":0.007416,"48":0.002472,"49":0.511704,"50":0.014832,"51":0.054384,"52":0.009888,"53":0.046968,"54":0.027192,"55":0.276864,"56":0.121128,"57":0.501816,"58":11.34648,"59":2.00232,"60":0.11124,"61":0.192816,"62":0},"firefox":{"2":0.002472,"3":0.022248,"3.5":0.002472,"3.6":0.007416,"4":0.002472,"5":0.002472,"6":0.002472,"7":0,"8":0,"9":0,"10":0.032136,"11":0.007416,"12":0.014832,"13":0.002472,"14":0.002472,"15":0.002472,"16":0.014832,"17":0.007416,"18":0.044496,"19":0.002472,"20":0.002472,"21":0.004944,"22":0.004944,"23":0.002472,"24":0.004944,"25":0.002472,"26":0.014832,"27":0,"28":0.002472,"29":0.027192,"30":0.002472,"31":0.02472,"32":0.004944,"33":0.002472,"34":0.009888,"35":0.004944,"36":0.029664,"37":0.004944,"38":0.014832,"39":0.01236,"40":0.019776,"41":0.004944,"42":0.009888,"43":0.04944,"44":0.032136,"45":0.022248,"46":0.007416,"47":0.088992,"48":0.08652,"49":0.027192,"50":0.022248,"51":0.039552,"52":0.363384,"53":1.38432,"54":1.109928,"55":0.08652,"56":0,"57":0},"opera":{"9":0,"9.5-9.6":0,"10.0-10.1":0,"10.5":0,"10.6":0,"11":0,"11.1":0,"11.5":0,"11.6":0,"12":0.009888,"12.1":0,"15":0,"16":0,"17":0,"18":0,"19":0,"20":0,"21":0.002472,"22":0,"23":0,"24":0,"25":0,"26":0,"27":0,"28":0.004944,"29":0,"30":0,"31":0,"32":0,"33":0,"34":0,"35":0,"36":0.002472,"37":0.002472,"38":0,"39":0.002472,"40":0.002472,"41":0.002472,"42":0,"43":0.032136,"44":0.002472,"45":0.212592,"46":0.004944,"47":0,"48":0},"safari":{"3.1":0,"3.2":0,"4":0,"5":0.007416,"5.1":0.004944,"6":0.002472,"6.1":0.004944,"7":0.014832,"7.1":0,"8":0.009888,"9":0.022248,"9.1":0.088992,"10":0.103824,"10.1":0.289224,"11":0,"0":null},"ios_saf":{"3.2":0,"4.0-4.1":0,"4.2-4.3":0,"5.0-5.1":0,"6.0-6.1":0,"7.0-7.1":0.029214084507,"8":0,"8.1-8.4":0.0223401822701,"9.0-9.2":0.0171847555924,"9.3":0.313908202154,"10.0-10.2":1.07061027341,"10.3":4.07794250207,"11":null},"android":{"2.1":0,"2.2":0,"2.3":0,"3":0,"4":0,"4.1":0.15754839868,"4.2-4.3":0.407504992739,"4.4":1.09526434851,"4.4.3-4.4.4":0.634738260066,"56":null},"op_mob":{"10":0,"11":0,"11.1":0,"11.5":0,"12":0,"12.1":0,"0":0.0327493037694},"ie":{"5.5":0,"6":0.004944,"7":0.002472,"8":0.108768,"9":0.009888,"10":0.019776,"11":0.501816},"edge":{"12":0.066744,"13":0.051912,"14":0.29664,"15":null,"16":null},"bb":{"7":0.003764,"10":null},"samsung":{"4":7.972152,"5":null},"ie_mob":{"10":0.0996012307692,"11":0.547806769231},"op_mini":{"0":7.35221869623},"and_chr":{"0":44.929184},"baidu":{"0":null},"and_ff":{"0":0.007528},"and_qq":{"1.2":null},"and_uc":{"0":8.551808}},"total":98.861604}