{"id":"BT","name":"Bhutan","month":"2021-05","access_date":"2021-06-04","data":{"firefox":{"2":null,"3":null,"3.5":null,"3.6":null,"4":null,"5":null,"6":null,"7":null,"8":null,"9":null,"10":null,"11":null,"12":null,"13":null,"14":null,"15":null,"16":null,"17":null,"18":0.0056,"19":null,"20":null,"21":null,"22":null,"23":null,"24":null,"25":null,"26":null,"27":null,"28":null,"29":null,"30":null,"31":null,"32":null,"33":null,"34":null,"35":null,"36":null,"37":null,"38":null,"39":null,"40":null,"41":null,"42":null,"43":null,"44":null,"45":null,"46":null,"47":0.0028,"48":null,"49":null,"50":null,"51":null,"52":null,"53":null,"54":null,"55":null,"56":null,"57":null,"58":null,"59":null,"60":null,"61":null,"62":null,"63":null,"64":null,"65":null,"66":null,"67":null,"68":0.0028,"69":0.0056,"70":0.0084,"71":null,"72":null,"73":null,"74":null,"75":null,"76":null,"77":null,"78":0.06442,"79":0.0056,"80":null,"81":0.01401,"82":null,"83":null,"84":null,"85":null,"86":0.0084,"87":0.03641,"88":0.62182,"89":0.10924,"90":null,"91":null},"chrome":{"4":null,"5":null,"6":null,"7":null,"8":null,"9":null,"10":null,"11":null,"12":null,"13":null,"14":null,"15":null,"16":null,"17":null,"18":0.0028,"19":null,"20":null,"21":null,"22":null,"23":null,"24":null,"25":null,"26":null,"27":null,"28":null,"29":null,"30":0.0056,"31":null,"32":null,"33":null,"34":null,"35":null,"36":null,"37":null,"38":null,"39":null,"40":null,"41":null,"42":null,"43":0.0084,"44":null,"45":null,"46":null,"47":null,"48":null,"49":0.29971,"50":null,"51":null,"52":null,"53":0.0028,"54":null,"55":0.0056,"56":0.0028,"57":null,"58":null,"59":null,"60":0.01401,"61":null,"62":null,"63":0.01681,"64":null,"65":0.0056,"66":null,"67":0.03641,"68":null,"69":0.01401,"70":0.0056,"71":0.0028,"72":null,"73":0.0084,"74":0.02521,"75":0.0084,"76":0.02801,"77":null,"78":0.01961,"79":0.01681,"80":0.04762,"81":0.01961,"83":0.0084,"84":0.0112,"85":0.04762,"86":0.04202,"87":0.32772,"88":0.07283,"89":0.71986,"90":16.61833,"91":0.62182,"92":0.02801,"93":null,"94":null},"opera":{"9":null,"9.5-9.6":null,"10.0-10.1":0,"10.5":null,"10.6":null,"11":null,"11.1":null,"11.5":null,"11.6":null,"12":null,"12.1":null,"15":null,"16":null,"17":null,"18":null,"19":null,"20":null,"21":null,"22":null,"23":null,"24":null,"25":null,"26":null,"27":null,"28":null,"29":null,"30":null,"31":null,"32":null,"33":null,"34":null,"35":null,"36":null,"37":null,"38":null,"39":null,"40":null,"41":null,"42":null,"43":null,"44":null,"45":null,"46":null,"47":null,"48":null,"49":null,"50":null,"51":null,"52":null,"53":null,"54":null,"55":null,"56":null,"57":null,"58":null,"60":null,"62":null,"63":null,"64":null,"65":null,"66":null,"67":null,"68":null,"69":null,"70":null,"71":null,"72":null,"73":0.0028,"74":0.03641,"75":0.12324,"76":0.24089},"ios_saf":{"3.2":0,"4.0-4.1":0,"4.2-4.3":0,"5.0-5.1":0,"6.0-6.1":0,"7.0-7.1":0.01766,"8":0,"8.1-8.4":0,"9.0-9.2":0.00065,"9.3":0.0582,"10.0-10.2":0.01112,"10.3":0.03793,"11.0-11.2":0.06277,"11.3-11.4":0.04512,"12.0-12.1":0.04054,"12.2-12.4":0.17328,"13.0-13.1":0.08174,"13.2":0.0085,"13.3":0.21644,"13.4-13.7":0.34657,"14.0-14.4":4.12152,"14.5-14.6":0.92592},"safari":{"3.1":null,"3.2":null,"4":0,"5":null,"5.1":null,"6":null,"6.1":null,"7":null,"7.1":null,"8":null,"9":null,"9.1":null,"10":0.0028,"10.1":0.0056,"11":null,"11.1":0.02801,"12":0.01681,"12.1":0.02241,"13":0.03081,"13.1":0.19607,"14":0.36413,"14.1":0.23248,"0":null},"edge":{"12":0.02241,"13":0.03921,"14":null,"15":0.0084,"16":0.0084,"17":0.0028,"18":0.07843,"79":null,"80":null,"81":null,"83":null,"84":0.0028,"85":0.01681,"86":null,"87":0.0056,"88":0.01401,"89":0.06722,"90":1.26885,"91":0.03641},"samsung":{"4":0.3874,"5.0-5.4":0.02073,"6.2-6.4":0.01036,"7.2-7.4":0.1937,"8.2":0.01019,"9.2":0.39759,"10.1":0.02039,"11.1-11.2":0.21409,"12.0":0.22428,"13.0":0.74421,"14.0":0.9685},"android":{"2.1":0,"2.2":0,"2.3":0,"3":0,"4":0,"4.1":0.00103,"4.2-4.3":0,"4.4":0,"4.4.3-4.4.4":0.00617,"0":0},"op_mob":{"10":null,"11":null,"11.1":null,"11.5":null,"12":null,"12.1":null,"0":null},"ie":{"5.5":null,"6":null,"7":null,"8":null,"9":null,"10":null,"11":0.04202},"bb":{"7":0,"10":0},"ie_mob":{"10":null,"11":null},"kaios":{"2.5":0},"baidu":{"0":null},"and_ff":{"0":0.0216},"and_qq":{"10.4":0},"and_uc":{"0":5.48564},"op_mini":{"0":0.50435},"and_chr":{"0":61.38343}},"total":99.63698}