{"id":"BW","name":"Botswana","month":"2019-09","access_date":"2019-10-06","data":{"chrome":{"4":0,"5":0,"6":0,"7":0,"8":0,"9":0,"10":0,"11":0,"12":0,"13":0,"14":0,"15":0,"16":0,"17":0,"18":0,"19":0,"20":0,"21":0,"22":0,"23":0,"24":0,"25":0,"26":0,"27":0.007176,"28":0,"29":0.007176,"30":0.021528,"31":0.007176,"32":0,"33":0.021528,"34":0.007176,"35":0,"36":0.03588,"37":0.007176,"38":0.007176,"39":0.007176,"40":0.03588,"41":0.007176,"42":0.007176,"43":0.100464,"44":0.007176,"45":0,"46":0.021528,"47":0.007176,"48":0.021528,"49":0.243984,"50":0.028704,"51":0.007176,"52":0.007176,"53":0.007176,"54":0.021528,"55":0.050232,"56":0.014352,"57":0.014352,"58":0.043056,"59":0.007176,"60":0.064584,"61":0.007176,"62":0.021528,"63":0.315744,"64":0.03588,"65":0.236808,"66":0.03588,"67":0.114816,"68":0.050232,"69":0.086112,"70":0.03588,"71":0.07176,"72":0.129168,"73":0.272688,"74":0.172224,"75":0.581256,"76":15.040896,"77":4.470648,"78":0.028704,"79":0,"80":0},"firefox":{"2":0,"3":0,"3.5":0,"3.6":0,"4":0,"5":0.007176,"6":0,"7":0,"8":0,"9":0,"10":0,"11":0,"12":0,"13":0,"14":0,"15":0,"16":0,"17":0,"18":0.007176,"19":0.007176,"20":0,"21":0,"22":0,"23":0,"24":0,"25":0,"26":0,"27":0,"28":0,"29":0.007176,"30":0,"31":0,"32":0.021528,"33":0.007176,"34":0.043056,"35":0.007176,"36":0,"37":0,"38":0.007176,"39":0,"40":0.021528,"41":0.007176,"42":0,"43":0.050232,"44":0.021528,"45":0.014352,"46":0,"47":0.057408,"48":0.028704,"49":0.021528,"50":0.021528,"51":0.007176,"52":0.121992,"53":0.014352,"54":0.007176,"55":0.007176,"56":0.078936,"57":0,"58":0.007176,"59":0,"60":0.258336,"61":0.007176,"62":0.014352,"63":0.028704,"64":0.007176,"65":0.014352,"66":0.03588,"67":0.057408,"68":0.96876,"69":2.94216,"70":0.229632,"71":0},"opera":{"9":0,"9.5-9.6":0,"10.0-10.1":0,"10.5":0,"10.6":0,"11":0,"11.1":0,"11.5":0,"11.6":0,"12":0,"12.1":0.014352,"15":0,"16":0,"17":0.007176,"18":0,"19":0,"20":0,"21":0,"22":0,"23":0,"24":0,"25":0,"26":0,"27":0,"28":0,"29":0,"30":0,"31":0.021528,"32":0,"33":0,"34":0,"35":0,"36":0.007176,"37":0.007176,"38":0,"39":0,"40":0,"41":0,"42":0,"43":0.007176,"44":0,"45":0,"46":0,"47":0,"48":0,"49":0,"50":0,"51":0.007176,"52":0,"53":0.03588,"54":0.007176,"55":0,"56":0,"57":0,"58":0.014352,"60":0.021528,"62":0.136344},"safari":{"3.1":0,"3.2":0,"4":0,"5":0,"5.1":0.947232,"6":0,"6.1":0,"7":0,"7.1":0,"8":0,"9":0.014352,"9.1":0.078936,"10":0.021528,"10.1":0.03588,"11":0.021528,"11.1":0.208104,"12":0.100464,"12.1":1.198392,"13":0.129168,"13.1":0,"0":null},"ios_saf":{"3.2":0.0020608550840673,"4.0-4.1":0.0010304275420336,"4.2-4.3":0,"5.0-5.1":0.0036064963971177,"6.0-6.1":0,"7.0-7.1":0.0041217101681345,"8":0,"8.1-8.4":0.0077282065652522,"9.0-9.2":0.0087586341072858,"9.3":0.063371293835068,"10.0-10.2":0.030397612489992,"10.3":0.076766851881505,"11.0-11.2":0.083464630904724,"11.3-11.4":0.15095763490793,"12.0-12.1":0.25348517534027,"12.2-12.3":4.1016168310649,"13.0-13.1":0.36064963971177},"android":{"2.1":0,"2.2":0.0081100975124378,"2.3":0.0044236895522388,"3":0.0051609711442786,"4":0.028753982089552,"4.1":0.065618061691542,"4.2-4.3":0.38781011741294,"4.4":0,"4.4.3-4.4.4":0.24109108059701,"76":null},"samsung":{"4":0.43033415384615,"5.0-5.4":0.010246051282051,"6.2-6.4":0.020492102564103,"7.2-7.4":0.18442892307692,"8.2":0.11270656410256,"9.2":1.0655893333333,"10.1":0.57377887179487},"edge":{"12":0.172224,"13":0.14352,"14":0.086112,"15":0.100464,"16":0.279864,"17":1.062048,"18":0.782184,"76":null},"op_mob":{"10":null,"11":null,"11.1":null,"11.5":null,"12":null,"12.1":null,"0":null},"ie":{"5.5":0,"6":0,"7":11.408161909354,"8":0.11487135969142,"9":1.5364044358727,"10":0.057435679845709,"11":1.7733266152363},"ie_mob":{"10":0.011296,"11":0.158144},"bb":{"7":0,"10":0.036712},"and_chr":{"0":35.524216},"baidu":{"0":null},"and_ff":{"0":0.160968},"and_uc":{"0":0.751184},"and_qq":{"1.2":0.053656},"kaios":{"2.5":0},"op_mini":{"0":1.5907805498282}},"total":94.853644549828}