{"id":"BW","name":"Botswana","month":"2021-05","access_date":"2021-06-04","data":{"firefox":{"2":null,"3":null,"3.5":null,"3.6":null,"4":0.00449,"5":null,"6":null,"7":null,"8":null,"9":null,"10":null,"11":null,"12":null,"13":null,"14":null,"15":0.00449,"16":null,"17":0.00899,"18":0.01348,"19":null,"20":null,"21":null,"22":null,"23":null,"24":null,"25":null,"26":null,"27":null,"28":null,"29":0.00899,"30":null,"31":null,"32":null,"33":0.00899,"34":0.02247,"35":null,"36":null,"37":null,"38":null,"39":null,"40":0.00899,"41":null,"42":null,"43":0.00449,"44":null,"45":null,"46":null,"47":0.03594,"48":null,"49":0.01797,"50":null,"51":null,"52":0.02247,"53":null,"54":null,"55":null,"56":0.01348,"57":0.00899,"58":null,"59":null,"60":0.01797,"61":null,"62":null,"63":null,"64":null,"65":null,"66":null,"67":null,"68":null,"69":null,"70":null,"71":null,"72":0.00899,"73":null,"74":null,"75":0.00899,"76":null,"77":null,"78":0.22016,"79":null,"80":null,"81":0.00899,"82":0.01797,"83":null,"84":0.01348,"85":0.01797,"86":0.02247,"87":0.11682,"88":2.43071,"89":0.09885,"90":0.00449,"91":null},"chrome":{"4":null,"5":null,"6":null,"7":null,"8":null,"9":null,"10":null,"11":null,"12":null,"13":null,"14":null,"15":null,"16":null,"17":null,"18":null,"19":null,"20":null,"21":null,"22":null,"23":null,"24":null,"25":null,"26":null,"27":null,"28":null,"29":null,"30":null,"31":null,"32":null,"33":0.00449,"34":null,"35":null,"36":null,"37":null,"38":null,"39":null,"40":0.00899,"41":null,"42":null,"43":0.03145,"44":null,"45":null,"46":null,"47":null,"48":null,"49":0.04493,"50":0.00449,"51":null,"52":null,"53":0.03594,"54":null,"55":0.00449,"56":null,"57":0.00899,"58":null,"59":null,"60":null,"61":null,"62":null,"63":0.01348,"64":0.00449,"65":0.01348,"66":0.00899,"67":0.05841,"68":0.00449,"69":0.00899,"70":0.03145,"71":0.03594,"72":0.00449,"73":0.07189,"74":0.03594,"75":0.04493,"76":0.01797,"77":0.03594,"78":0.04044,"79":0.08986,"80":0.07189,"81":0.0629,"83":0.05841,"84":0.04942,"85":0.04942,"86":0.1258,"87":0.23364,"88":0.46278,"89":1.06933,"90":23.43549,"91":0.77729,"92":0.00449,"93":null,"94":null},"opera":{"9":null,"9.5-9.6":null,"10.0-10.1":0,"10.5":null,"10.6":null,"11":null,"11.1":null,"11.5":null,"11.6":null,"12":null,"12.1":null,"15":null,"16":null,"17":null,"18":null,"19":null,"20":null,"21":null,"22":null,"23":null,"24":null,"25":null,"26":null,"27":null,"28":null,"29":null,"30":null,"31":null,"32":null,"33":null,"34":null,"35":null,"36":null,"37":null,"38":null,"39":null,"40":null,"41":null,"42":null,"43":null,"44":null,"45":null,"46":null,"47":null,"48":null,"49":null,"50":null,"51":null,"52":null,"53":null,"54":null,"55":null,"56":null,"57":null,"58":null,"60":null,"62":null,"63":null,"64":null,"65":null,"66":null,"67":null,"68":null,"69":null,"70":null,"71":null,"72":0.00449,"73":0.04493,"74":0.01797,"75":0.44031,"76":0.62003},"ios_saf":{"3.2":0,"4.0-4.1":0,"4.2-4.3":0,"5.0-5.1":0.01013,"6.0-6.1":0.01392,"7.0-7.1":0.18861,"8":0,"8.1-8.4":0,"9.0-9.2":0.00084,"9.3":0.1,"10.0-10.2":0.00295,"10.3":0.05021,"11.0-11.2":0.0557,"11.3-11.4":0.0308,"12.0-12.1":0.15486,"12.2-12.4":0.08861,"13.0-13.1":0.00886,"13.2":0.0097,"13.3":0.04599,"13.4-13.7":0.18903,"14.0-14.4":2.40471,"14.5-14.6":0.55023},"safari":{"3.1":null,"3.2":null,"4":0,"5":null,"5.1":0.03594,"6":null,"6.1":null,"7":null,"7.1":null,"8":null,"9":null,"9.1":null,"10":null,"10.1":0.00899,"11":null,"11.1":0.03594,"12":0.03145,"12.1":0.0629,"13":0.00899,"13.1":0.07189,"14":0.75932,"14.1":0.13928,"0":null},"edge":{"12":0.04942,"13":0.05841,"14":0.03594,"15":0.03145,"16":0.0674,"17":0.08537,"18":0.23813,"79":null,"80":0.01797,"81":0.00449,"83":null,"84":0.03145,"85":0.02247,"86":0.00449,"87":0.01797,"88":0.03145,"89":0.15276,"90":4.77157,"91":0.24262},"samsung":{"4":0.46297,"5.0-5.4":0.01021,"6.2-6.4":0.02044,"7.2-7.4":0.72018,"8.2":0.04115,"9.2":0.08231,"10.1":0.05144,"11.1-11.2":0.18519,"12.0":0.08231,"13.0":0.81278,"14.0":2.07823},"android":{"2.1":0,"2.2":0,"2.3":0,"3":0,"4":0,"4.1":0.00107,"4.2-4.3":0.00193,"4.4":0,"4.4.3-4.4.4":0.05758,"0":0},"op_mob":{"10":null,"11":null,"11.1":null,"11.5":null,"12":null,"12.1":null,"0":null},"ie":{"5.5":null,"6":null,"7":null,"8":0.01237,"9":0.03093,"10":null,"11":1.81231},"bb":{"7":0,"10":0.00551},"ie_mob":{"10":null,"11":null},"kaios":{"2.5":0.02203},"baidu":{"0":null},"and_ff":{"0":0.14321},"and_qq":{"10.4":0.01652},"and_uc":{"0":1.35497},"op_mini":{"0":0.91256},"and_chr":{"0":48.12205}},"total":99.32909}