{"id":"BW","name":"Botswana","month":"2021-10","access_date":"2021-11-04","data":{"firefox":{"2":null,"3":null,"3.5":null,"3.6":null,"4":null,"5":null,"6":null,"7":null,"8":null,"9":null,"10":null,"11":null,"12":null,"13":null,"14":null,"15":null,"16":null,"17":null,"18":null,"19":null,"20":null,"21":null,"22":null,"23":null,"24":null,"25":null,"26":null,"27":null,"28":null,"29":null,"30":null,"31":null,"32":0.00463,"33":null,"34":0.01853,"35":null,"36":0.00463,"37":null,"38":null,"39":null,"40":null,"41":null,"42":null,"43":null,"44":null,"45":null,"46":null,"47":0.00926,"48":null,"49":0.00463,"50":0.00926,"51":null,"52":0.06948,"53":null,"54":null,"55":null,"56":null,"57":null,"58":null,"59":null,"60":0.01853,"61":null,"62":null,"63":null,"64":null,"65":0.00926,"66":null,"67":null,"68":null,"69":null,"70":0.00926,"71":null,"72":0.00926,"73":null,"74":null,"75":null,"76":null,"77":null,"78":0.1297,"79":null,"80":null,"81":0.00463,"82":0.0139,"83":0.00463,"84":0.00463,"85":null,"86":0.00926,"87":0.00463,"88":0.02316,"89":0.06485,"90":0.01853,"91":0.02316,"92":0.73186,"93":1.77406,"94":0.1297,"95":null},"chrome":{"4":null,"5":null,"6":null,"7":null,"8":null,"9":null,"10":null,"11":null,"12":null,"13":null,"14":null,"15":null,"16":null,"17":null,"18":null,"19":null,"20":null,"21":null,"22":null,"23":null,"24":null,"25":null,"26":null,"27":null,"28":null,"29":null,"30":null,"31":null,"32":null,"33":null,"34":null,"35":null,"36":null,"37":null,"38":0.00463,"39":null,"40":null,"41":null,"42":null,"43":0.05095,"44":null,"45":null,"46":null,"47":null,"48":null,"49":0.03242,"50":null,"51":null,"52":null,"53":0.00926,"54":null,"55":null,"56":null,"57":0.03242,"58":0.00926,"59":null,"60":null,"61":null,"62":0.00463,"63":0.01853,"64":null,"65":0.05558,"66":0.02779,"67":0.03242,"68":0.00926,"69":0.02316,"70":null,"71":0.02779,"72":0.00926,"73":0.0139,"74":0.02779,"75":0.01853,"76":0.0139,"77":0.00926,"78":0.00926,"79":0.02779,"80":0.05095,"81":0.05095,"83":0.02316,"84":0.03706,"85":0.02779,"86":0.03706,"87":0.15749,"88":0.07874,"89":0.05095,"90":0.1019,"91":0.49562,"92":0.43541,"93":1.3757,"94":19.99634,"95":5.76684,"96":0.13433,"97":0.0139,"98":null},"opera":{"9":null,"9.5-9.6":null,"10.0-10.1":0,"10.5":null,"10.6":null,"11":null,"11.1":null,"11.5":null,"11.6":null,"12":null,"12.1":null,"15":null,"16":null,"17":null,"18":null,"19":null,"20":null,"21":null,"22":null,"23":null,"24":null,"25":null,"26":null,"27":null,"28":null,"29":null,"30":null,"31":null,"32":null,"33":null,"34":null,"35":null,"36":null,"37":null,"38":null,"39":null,"40":null,"41":null,"42":null,"43":null,"44":null,"45":null,"46":null,"47":null,"48":null,"49":null,"50":null,"51":null,"52":null,"53":null,"54":null,"55":null,"56":null,"57":null,"58":null,"60":null,"62":null,"63":null,"64":null,"65":null,"66":null,"67":null,"68":null,"69":null,"70":null,"71":null,"72":null,"73":0.00926,"74":null,"75":null,"76":null,"77":0.00926,"78":0.02316,"79":0.73186,"80":0.31498},"ios_saf":{"3.2":0,"4.0-4.1":0,"4.2-4.3":0,"5.0-5.1":0.0138,"6.0-6.1":0.00039,"7.0-7.1":0.21013,"8":0,"8.1-8.4":0,"9.0-9.2":0.00237,"9.3":0.05204,"10.0-10.2":0.00158,"10.3":0.05401,"11.0-11.2":0.04849,"11.3-11.4":0.01892,"12.0-12.1":0.041,"12.2-12.5":0.32643,"13.0-13.1":0.00355,"13.2":0.0067,"13.3":0.08516,"13.4-13.7":0.10211,"14.0-14.4":0.24049,"14.5-14.8":1.66173,"15":1.07194},"edge":{"12":0.03706,"13":0.04169,"14":0.02316,"15":0.04169,"16":0.06485,"17":0.04169,"18":0.15286,"79":null,"80":0.0139,"81":null,"83":null,"84":0.05558,"85":0.00926,"86":null,"87":null,"88":0.00463,"89":0.1158,"90":0.01853,"91":0.06485,"92":0.05095,"93":0.17602,"94":3.64075,"95":1.33402},"safari":{"3.1":null,"3.2":null,"4":0,"5":null,"5.1":null,"6":null,"6.1":null,"7":null,"7.1":null,"8":null,"9":null,"9.1":null,"10":null,"10.1":0.00926,"11":0.0139,"11.1":0.01853,"12":0.02316,"12.1":0.02779,"13":0.00926,"13.1":0.10654,"14":0.31498,"14.1":0.58826,"15":0.26402,"0":null},"samsung":{"4":0.33715,"5.0-5.4":0.09425,"6.2-6.4":0.01022,"7.2-7.4":0.35759,"8.2":0.01029,"9.2":0.0613,"10.1":0.02054,"11.1-11.2":0.14303,"12.0":0.03065,"13.0":0.1839,"14.0":0.39845,"15.0":1.63468},"android":{"2.1":0,"2.2":0,"2.3":0,"3":0,"4":0,"4.1":0.00071,"4.2-4.3":0.00355,"4.4":0,"4.4.3-4.4.4":0.08164,"0":0},"op_mob":{"10":null,"11":null,"11.1":null,"11.5":null,"12":null,"12.1":null,"0":null},"ie":{"5.5":null,"6":null,"7":null,"8":null,"9":0.00564,"10":null,"11":1.41638},"bb":{"7":0,"10":0.01611},"ie_mob":{"10":null,"11":null},"baidu":{"0":null},"and_ff":{"0":0.18255},"and_qq":{"10.4":0},"and_uc":{"0":1.49795},"op_mini":{"0":1.11826},"and_chr":{"0":47.1007},"kaios":{"2.5":0.03758}},"total":99.44088}