{"id":"BW","name":"Botswana","month":"2021-07","access_date":"2021-08-04","data":{"firefox":{"2":null,"3":null,"3.5":null,"3.6":null,"4":null,"5":null,"6":null,"7":null,"8":null,"9":null,"10":null,"11":null,"12":null,"13":null,"14":null,"15":null,"16":null,"17":null,"18":null,"19":null,"20":null,"21":null,"22":null,"23":null,"24":null,"25":null,"26":null,"27":null,"28":null,"29":0.0041,"30":null,"31":null,"32":null,"33":null,"34":0.02458,"35":null,"36":null,"37":null,"38":0.0041,"39":null,"40":0.00819,"41":null,"42":null,"43":null,"44":0.0041,"45":null,"46":null,"47":0.0041,"48":0.00819,"49":0.00819,"50":0.0041,"51":null,"52":0.05326,"53":null,"54":null,"55":null,"56":0.01229,"57":null,"58":null,"59":null,"60":0.00819,"61":null,"62":null,"63":null,"64":null,"65":null,"66":null,"67":null,"68":null,"69":null,"70":null,"71":null,"72":0.00819,"73":null,"74":0.00819,"75":0.0041,"76":null,"77":null,"78":0.09013,"79":null,"80":null,"81":0.0041,"82":null,"83":null,"84":0.00819,"85":0.00819,"86":0.01229,"87":0.01229,"88":0.06965,"89":1.46263,"90":0.74975,"91":0.03278,"92":null},"chrome":{"4":null,"5":null,"6":null,"7":null,"8":null,"9":null,"10":null,"11":0.00819,"12":null,"13":null,"14":null,"15":null,"16":null,"17":null,"18":null,"19":null,"20":null,"21":null,"22":null,"23":null,"24":null,"25":null,"26":null,"27":null,"28":null,"29":null,"30":null,"31":null,"32":null,"33":null,"34":null,"35":null,"36":null,"37":null,"38":null,"39":null,"40":0.00819,"41":null,"42":0.00819,"43":0.04916,"44":null,"45":null,"46":null,"47":null,"48":null,"49":0.05326,"50":0.0041,"51":null,"52":null,"53":null,"54":null,"55":null,"56":null,"57":0.01639,"58":0.0041,"59":null,"60":0.00819,"61":0.00819,"62":0.00819,"63":0.01229,"64":null,"65":null,"66":0.01229,"67":0.02458,"68":0.01639,"69":0.02049,"70":0.01229,"71":0.0041,"72":0.00819,"73":0.0041,"74":0.02868,"75":0.01229,"76":0.02458,"77":0.01229,"78":0.0041,"79":0.06146,"80":0.01639,"81":0.08194,"83":0.04916,"84":0.08604,"85":0.02868,"86":0.12291,"87":0.14749,"88":0.20075,"89":0.25811,"90":0.50803,"91":18.01451,"92":4.43705,"93":0.0041,"94":null,"95":null},"opera":{"9":null,"9.5-9.6":null,"10.0-10.1":0,"10.5":null,"10.6":null,"11":null,"11.1":null,"11.5":null,"11.6":null,"12":null,"12.1":null,"15":null,"16":null,"17":null,"18":null,"19":null,"20":null,"21":null,"22":null,"23":null,"24":null,"25":null,"26":null,"27":null,"28":0.0041,"29":null,"30":null,"31":null,"32":null,"33":null,"34":null,"35":null,"36":null,"37":null,"38":null,"39":null,"40":null,"41":null,"42":null,"43":null,"44":null,"45":null,"46":null,"47":null,"48":null,"49":null,"50":null,"51":null,"52":null,"53":null,"54":null,"55":null,"56":null,"57":null,"58":null,"60":null,"62":null,"63":null,"64":null,"65":null,"66":null,"67":null,"68":null,"69":null,"70":null,"71":null,"72":null,"73":null,"74":null,"75":null,"76":0.07784,"77":1.00377},"ios_saf":{"3.2":0.00043,"4.0-4.1":0,"4.2-4.3":0,"5.0-5.1":0.01945,"6.0-6.1":0.00519,"7.0-7.1":0.24988,"8":0,"8.1-8.4":0.00043,"9.0-9.2":0.00173,"9.3":0.05231,"10.0-10.2":0.0013,"10.3":0.0562,"11.0-11.2":0.03977,"11.3-11.4":0.01773,"12.0-12.1":0.1137,"12.2-12.4":0.04972,"13.0-13.1":0.00735,"13.2":0.01989,"13.3":0.02378,"13.4-13.7":0.11543,"14.0-14.4":0.53564,"14.5-14.7":2.6687},"safari":{"3.1":null,"3.2":null,"4":0,"5":0.00819,"5.1":0.01229,"6":null,"6.1":null,"7":null,"7.1":null,"8":null,"9":null,"9.1":null,"10":null,"10.1":0.04097,"11":null,"11.1":0.0041,"12":0.0041,"12.1":0.14749,"13":0.00819,"13.1":0.11881,"14":0.30728,"14.1":0.79072,"15":0.0041,"0":null},"edge":{"12":0.05326,"13":0.05736,"14":0.02458,"15":0.05326,"16":0.02868,"17":0.04097,"18":0.18437,"79":null,"80":0.02868,"81":null,"83":null,"84":0.02049,"85":0.01639,"86":null,"87":0.00819,"88":0.00819,"89":0.09833,"90":0.06965,"91":3.26531,"92":0.88086},"samsung":{"4":0.52216,"5.0-5.4":0.01019,"6.2-6.4":0.02048,"7.2-7.4":0.63478,"8.2":0.01024,"9.2":0.08191,"10.1":0.09215,"11.1-11.2":0.31739,"12.0":0.09215,"13.0":0.36858,"14.0":2.79508},"android":{"2.1":0,"2.2":0,"2.3":0,"3":0,"4":0.00123,"4.1":0.00061,"4.2-4.3":0.00338,"4.4":0,"4.4.3-4.4.4":0.07742,"0":0},"op_mob":{"10":null,"11":null,"11.1":null,"11.5":null,"12":null,"12.1":null,"0":null},"ie":{"5.5":null,"6":null,"7":null,"8":0.01239,"9":null,"10":null,"11":1.58544},"bb":{"7":0,"10":0.0059},"ie_mob":{"10":null,"11":null},"and_chr":{"0":51.5255},"kaios":{"2.5":0.01771},"baidu":{"0":null},"and_ff":{"0":0.17119},"and_qq":{"10.4":0.01771},"and_uc":{"0":1.45804},"op_mini":{"0":1.05624}},"total":99.23032}