{"id":"BY","name":"Belarus","month":"2018-08","access_date":"2018-09-04","data":{"chrome":{"4":0,"5":0,"6":0,"7":0,"8":0,"9":0,"10":0,"11":0.007472,"12":0.007472,"13":0,"14":0.007472,"15":0.007472,"16":0.007472,"17":0.007472,"18":0.007472,"19":0.007472,"20":0.007472,"21":0.007472,"22":0.03736,"23":0,"24":0.007472,"25":0.03736,"26":0.014944,"27":0.007472,"28":0.007472,"29":0.007472,"30":0,"31":0.007472,"32":0,"33":0,"34":0.007472,"35":0.007472,"36":0.022416,"37":0.007472,"38":0.03736,"39":0.014944,"40":0.029888,"41":0.007472,"42":0.007472,"43":0.03736,"44":0.007472,"45":0.014944,"46":0.007472,"47":0.007472,"48":0.067248,"49":0.919056,"50":0.014944,"51":0.059776,"52":0.014944,"53":0.052304,"54":0.029888,"55":0.044832,"56":0.082192,"57":0.044832,"58":0.141968,"59":0.239104,"60":0.171856,"61":0.268992,"62":0.164384,"63":0.283936,"64":0.1868,"65":0.231632,"66":0.268992,"67":7.016208,"68":24.851872,"69":0.059776,"70":0.044832,"71":0},"firefox":{"2":0.007472,"3":0.022416,"3.5":0.022416,"3.6":0.052304,"4":0,"5":0,"6":0,"7":0,"8":0,"9":0,"10":0,"11":0,"12":0.007472,"13":0,"14":0,"15":0,"16":0,"17":0,"18":0,"19":0,"20":0,"21":0,"22":0,"23":0,"24":0,"25":0.014944,"26":0,"27":0.007472,"28":0.014944,"29":0,"30":0,"31":0,"32":0,"33":0,"34":0.007472,"35":0.007472,"36":0,"37":0,"38":0.044832,"39":0.014944,"40":0.014944,"41":0.007472,"42":0.014944,"43":0.014944,"44":0,"45":0.007472,"46":0,"47":0.03736,"48":0.03736,"49":0.014944,"50":0.03736,"51":0.014944,"52":0.717312,"53":0.07472,"54":0.097136,"55":0.104608,"56":0.11208,"57":0.07472,"58":0.029888,"59":0.059776,"60":0.104608,"61":2.854304,"62":0.044832,"63":0},"opera":{"9":0,"9.5-9.6":0,"10.0-10.1":0,"10.5":0.007472,"10.6":0.007472,"11":0.029888,"11.1":0,"11.5":0.089664,"11.6":0.022416,"12":0.029888,"12.1":0.216688,"15":0,"16":0,"17":0,"18":0.007472,"19":0,"20":0.007472,"21":0,"22":0.007472,"23":0,"24":0,"25":0.007472,"26":0.007472,"27":0.014944,"28":0.007472,"29":0.007472,"30":0.007472,"31":0,"32":0.007472,"33":0.014944,"34":0.014944,"35":0.022416,"36":0.343712,"37":0.029888,"38":0.007472,"39":0.014944,"40":0.014944,"41":0.007472,"42":0.022416,"43":0.03736,"44":0.007472,"45":0.022416,"46":0.022416,"47":0.052304,"48":0.059776,"49":0.029888,"50":0.014944,"51":0.029888,"52":0.044832,"53":0.283936,"54":5.536752,"55":0.52304},"safari":{"3.1":0,"3.2":0.007472,"4":0.014944,"5":0.007472,"5.1":0.007472,"6":0,"6.1":0,"7":0,"7.1":0,"8":0.014944,"9":0.007472,"9.1":0.029888,"10":0.022416,"10.1":0.059776,"11":0.201744,"11.1":1.397264,"12":0.029888,"0":null},"ios_saf":{"3.2":0.000513413506753,"4.0-4.1":0,"4.2-4.3":0.000513413506753,"5.0-5.1":0.0077012026013,"6.0-6.1":0.00410730805403,"7.0-7.1":0.0205365402701,"8":0.00410730805403,"8.1-8.4":0.035425531966,"9.0-9.2":0.0236170213107,"9.3":0.141188714357,"10.0-10.2":0.161725254627,"10.3":0.267488437019,"11.0-11.2":0.558080481841,"11.3-11.4":3.86240981131,"12":0.0441535615808},"android":{"2.1":0,"2.2":0,"2.3":0,"3":0,"4":0,"4.1":0,"4.2-4.3":0.16125846729,"4.4":0.544247327103,"4.4.3-4.4.4":0.372910205607,"67":null},"op_mob":{"10":null,"11":null,"11.1":null,"11.5":null,"12":null,"12.1":null,"0":null},"ie":{"5.5":0,"6":0.00810914728682,"7":0.00810914728682,"8":0.194619534884,"9":0.089200620155,"10":0.0729823255814,"11":0.673059224806},"edge":{"12":0.007472,"13":0.022416,"14":0.044832,"15":0.067248,"16":0.082192,"17":0.463264,"18":null},"samsung":{"4":0.678494502924,"5":0.486085614035,"6.2":0.0911410526316,"7.2":null},"bb":{"7":0.0010112,"10":0.0040448},"ie_mob":{"10":0.023068,"11":0.161476},"baidu":{"0":null},"and_ff":{"0":0.055616},"and_qq":{"1.2":null},"and_uc":{"0":0.432288},"op_mini":{"0":1.30437415808},"and_chr":{"0":30.609088}},"total":91.6134713277}