{"id":"BY","name":"Belarus","month":"2020-08","access_date":"2020-09-15","data":{"firefox":{"2":0,"3":0,"3.5":0,"3.6":0,"4":0,"5":0,"6":0,"7":0,"8":0,"9":0,"10":0,"11":0,"12":0,"13":0,"14":0,"15":0,"16":0,"17":0,"18":0,"19":0,"20":0,"21":0,"22":0,"23":0,"24":0,"25":0,"26":0,"27":0.00733,"28":0.00733,"29":0,"30":0,"31":0,"32":0,"33":0,"34":0,"35":0,"36":0,"37":0,"38":0,"39":0,"40":0,"41":0,"42":0.00733,"43":0.00733,"44":0,"45":0.01465,"46":0.00733,"47":0.00733,"48":0.00733,"49":0.00733,"50":0.02198,"51":0.01465,"52":0.10989,"53":0.01465,"54":0.00733,"55":0.0293,"56":0.01465,"57":0.01465,"58":0,"59":0,"60":0.00733,"61":0,"62":0,"63":0.03663,"64":0.01465,"65":0.01465,"66":0.01465,"67":0.06593,"68":0.10989,"69":0.00733,"70":0.00733,"71":0.01465,"72":0.03663,"73":0.08059,"74":0.01465,"75":0.0293,"76":0.02198,"77":0.17582,"78":0.15385,"79":1.87546,"80":0.24176,"81":0.00733,"82":0},"chrome":{"4":0,"5":0,"6":0,"7":0,"8":0,"9":0,"10":0,"11":0,"12":0,"13":0,"14":0,"15":0,"16":0,"17":0,"18":0,"19":0,"20":0,"21":0,"22":0.00733,"23":0,"24":0,"25":0,"26":0.00733,"27":0,"28":0,"29":0,"30":0,"31":0,"32":0,"33":0,"34":0,"35":0,"36":0.00733,"37":0,"38":0.00733,"39":0,"40":0,"41":0,"42":0.00733,"43":0.00733,"44":0,"45":0,"46":0.00733,"47":0,"48":0.00733,"49":0.48352,"50":0.00733,"51":0.00733,"52":0,"53":0.01465,"54":0,"55":0,"56":0.00733,"57":0.00733,"58":0.00733,"59":0.00733,"60":0.00733,"61":0.03663,"62":0.04396,"63":0.00733,"64":0.01465,"65":0.02198,"66":0.02198,"67":0.04396,"68":0.05861,"69":0.0293,"70":0.06593,"71":0.17582,"72":0.15385,"73":0.14652,"74":0.0293,"75":0.08791,"76":0.05861,"77":0.08791,"78":0.10256,"79":0.13187,"80":0.32967,"81":0.27106,"83":0.79121,"84":30.05858,"85":1.11355,"86":0.0293,"87":0,"88":0},"opera":{"9":0,"9.5-9.6":0,"10.0-10.1":0,"10.5":0,"10.6":0,"11":0,"11.1":0,"11.5":0,"11.6":0.01465,"12":0,"12.1":0.07326,"15":0,"16":0,"17":0,"18":0,"19":0,"20":0,"21":0,"22":0,"23":0,"24":0,"25":0,"26":0,"27":0,"28":0,"29":0,"30":0,"31":0,"32":0,"33":0,"34":0.00733,"35":0,"36":0.16117,"37":0.00733,"38":0,"39":0,"40":0,"41":0.00733,"42":0.00733,"43":0.01465,"44":0.00733,"45":0.00733,"46":0,"47":0,"48":0,"49":0,"50":0.04396,"51":0.02198,"52":0,"53":0.00733,"54":0,"55":0,"56":0.00733,"57":0.01465,"58":0.02198,"60":0.00733,"62":0.00733,"63":0.00733,"64":0,"65":0,"66":0.01465,"67":0.02198,"68":0.49084,"69":2.54212,"70":3.11355},"ios_saf":{"3.2":0,"4.0-4.1":0,"4.2-4.3":0,"5.0-5.1":0.0066,"6.0-6.1":0.0022,"7.0-7.1":0.0088,"8":0,"8.1-8.4":0.0176,"9.0-9.2":0.011,"9.3":0.12318,"10.0-10.2":0.03519,"10.3":0.16497,"11.0-11.2":0.12538,"11.3-11.4":0.17377,"12.0-12.1":0.27935,"12.2-12.4":1.58374,"13.0-13.1":0.27055,"13.2":0.13638,"13.3":1.2186,"13.4-13.7":1.72671,"14.0":null},"safari":{"3.1":0,"3.2":0,"4":0,"5":0,"5.1":0.92308,"6":0,"6.1":0,"7":0,"7.1":0,"8":0,"9":0,"9.1":0,"10":0,"10.1":0.01465,"11":0.00733,"11.1":0.04396,"12":0.04396,"12.1":0.17582,"13":0.25641,"13.1":1.68498,"14":0.01465,"0":null},"edge":{"12":0,"13":0,"14":0,"15":0.00733,"16":0,"17":0.04396,"18":0.3663,"79":0,"80":0,"81":0.00733,"83":0.00733,"84":0.30769,"85":0.0293},"android":{"2.1":0,"2.2":0,"2.3":0.00082,"3":0,"4":0.01068,"4.1":0.03205,"4.2-4.3":0.01972,"4.4":0,"4.4.3-4.4.4":0.11752,"81":null},"samsung":{"4":0.08981,"5.0-5.4":0.00998,"6.2-6.4":0.09979,"7.2-7.4":0.00998,"8.2":0.00998,"9.2":0.06985,"10.1":0.02994,"11.1-11.2":0.06985,"12.0":1.54678},"op_mob":{"10":null,"11":null,"11.1":null,"11.5":null,"12":null,"12.1":null,"0":null},"ie":{"5.5":0,"6":0,"7":0,"8":0.01618,"9":0.00809,"10":0.00809,"11":0.35592},"bb":{"7":0,"10":0.00535},"ie_mob":{"10":0,"11":0},"and_chr":{"0":33.78407},"kaios":{"2.5":0},"baidu":{"0":null},"and_ff":{"0":0.07487},"and_qq":{"10.4":0.02139},"and_uc":{"0":0.23799},"op_mini":{"0":0.69365}},"total":91.52149}