{"id":"BY","name":"Belarus","month":"2015-03","access_date":"2015-04-23","data":{"chrome":{"4":0.017584,"5":0.017584,"6":0.026376,"7":0.017584,"8":0.061544,"9":0.017584,"10":0.035168,"11":0.070336,"12":0.052752,"13":0.035168,"14":0.026376,"15":0.04396,"16":0.04396,"17":0.096712,"18":0.026376,"19":0,"20":0.017584,"21":0.026376,"22":0.105504,"23":0.017584,"24":0.061544,"25":0.026376,"26":0.096712,"27":0.079128,"28":0.254968,"29":0.035168,"30":0.04396,"31":0.140672,"32":0.04396,"33":0.079128,"34":0.105504,"35":0.272552,"36":0.404432,"37":0.369264,"38":0.237384,"39":0.756112,"40":11.728528,"41":19.755624,"42":0.325304,"43":0.641816,"44":0,"45":0},"firefox":{"2":0.008792,"3":0.04396,"3.5":0.04396,"3.6":0.123088,"4":0.017584,"5":0.008792,"6":0.026376,"7":0.008792,"8":0.008792,"9":0.017584,"10":0.017584,"11":0.026376,"12":0.052752,"13":0.017584,"14":0.017584,"15":0.017584,"16":0.026376,"17":0.017584,"18":0.026376,"19":0.052752,"20":0.017584,"21":0.026376,"22":0.017584,"23":0.035168,"24":0.079128,"25":0.04396,"26":0.04396,"27":0.026376,"28":0.035168,"29":0.035168,"30":0.096712,"31":0.360472,"32":0.237384,"33":0.193424,"34":0.246176,"35":1.732024,"36":8.607368,"37":0.079128,"38":0.017584,"39":0.008792,"40":0},"opera":{"9":0,"9.5-9.6":0.026376,"10.0-10.1":0.052752,"10.5":0.017584,"10.6":0.04396,"11":0.052752,"11.1":0.070336,"11.5":0.096712,"11.6":0.246176,"12":0.48356,"12.1":7.728168,"15":0.052752,"16":0.13188,"17":0.061544,"18":0.096712,"19":0.052752,"20":0.167048,"21":0.061544,"22":0.123088,"23":0.061544,"24":0.105504,"25":0.114296,"26":0.2198,"27":3.82452,"28":7.411656,"29":0.079128},"safari":{"3.1":0,"3.2":0,"4":0.008792,"5":0.035168,"5.1":0.061544,"6":0.017584,"6.1":0.04396,"7":0.193424,"7.1":0.123088,"8":0.676984},"android":{"2.1":0,"2.2":0,"2.3":0.0690299755749,"3":0,"4":0.153009117835,"4.1":0.528936691825,"4.2-4.3":0.916735662889,"4.4":1.57098154604,"4.4.3-4.4.4":0.757571005831,"40":null},"ios_saf":{"3.2":0,"4.0-4.1":0,"4.2-4.3":0,"5.0-5.1":0.0129817741579,"6.0-6.1":0.0327494757164,"7.0-7.1":0.517795764706,"8":0.103854193263,"8.1-8.3":2.26679479216},"op_mob":{"10":0,"11":0,"11.1":0,"11.5":0,"12":0.000599106835443,"12.1":0.00239642734177,"0":0.0149776708861},"ie":{"5.5":0,"6":0.0800918002436,"7":0.106789066991,"8":3.20367200974,"9":0.551743512789,"10":0.631835313033,"11":2.70532303045,"0":null},"ie_mob":{"10":0.186236017778,"11":0.468499982222},"bb":{"7":0.00604,"10":null},"and_uc":{"0":0.330992},"op_mini":{"5.0-8.0":2.34849879494},"and_chr":{"0":5.652704},"and_ff":{"0":0.068856}},"total":94.5664387333}