{"id":"BZ","name":"Belize","month":"2020-06","access_date":"2020-07-17","data":{"firefox":{"2":0,"3":0,"3.5":0,"3.6":0,"4":0,"5":0,"6":0,"7":0,"8":0,"9":0,"10":0,"11":0,"12":0,"13":0,"14":0,"15":0,"16":0,"17":0,"18":0,"19":0,"20":0,"21":0,"22":0,"23":0,"24":0,"25":0,"26":0,"27":0,"28":0,"29":0,"30":0,"31":0,"32":0,"33":0,"34":0,"35":0,"36":0,"37":0,"38":0,"39":0,"40":0,"41":0,"42":0.00519,"43":0,"44":0,"45":0,"46":0.00519,"47":0.00519,"48":0,"49":0,"50":0,"51":0,"52":0.01556,"53":0,"54":0,"55":0,"56":0,"57":0,"58":0.01037,"59":0,"60":0,"61":0,"62":0.01037,"63":0,"64":0,"65":0,"66":0,"67":0.02074,"68":0.12446,"69":0.01037,"70":0.04667,"71":0,"72":0.05705,"73":0.01037,"74":0.02074,"75":0.00519,"76":0.31116,"77":1.95512,"78":0.0363,"79":0,"80":0},"chrome":{"4":0,"5":0,"6":0,"7":0,"8":0,"9":0,"10":0,"11":0,"12":0,"13":0,"14":0,"15":0,"16":0,"17":0,"18":0,"19":0,"20":0,"21":0,"22":0,"23":0,"24":0,"25":0,"26":0,"27":0,"28":0,"29":0,"30":0,"31":0,"32":0,"33":0,"34":0,"35":0,"36":0.00519,"37":0,"38":0.00519,"39":0,"40":0,"41":0.16077,"42":0,"43":0,"44":0,"45":0,"46":0,"47":0,"48":0,"49":0.09335,"50":0,"51":0,"52":0.01037,"53":0.03112,"54":0,"55":0.05705,"56":0.01037,"57":0,"58":0,"59":0.00519,"60":0.01037,"61":0,"62":0,"63":0.00519,"64":0.00519,"65":0.01556,"66":0,"67":0.00519,"68":0.00519,"69":0.00519,"70":0.01556,"71":0.01556,"72":0.01037,"73":0.01037,"74":0.01037,"75":0.07779,"76":0.12446,"77":0.23856,"78":0.01556,"79":0.04149,"80":0.18151,"81":0.66899,"83":14.74898,"84":0.0726,"85":0.00519,"86":0},"opera":{"9":0,"9.5-9.6":0,"10.0-10.1":0,"10.5":0,"10.6":0,"11":0,"11.1":0,"11.5":0,"11.6":0,"12":0,"12.1":0,"15":0,"16":0,"17":0,"18":0,"19":0,"20":0,"21":0,"22":0,"23":0,"24":0,"25":0,"26":0,"27":0,"28":0,"29":0,"30":0,"31":0,"32":0,"33":0,"34":0,"35":0,"36":0,"37":0,"38":0,"39":0,"40":0,"41":0,"42":0,"43":0,"44":0,"45":0,"46":0,"47":0,"48":0,"49":0,"50":0,"51":0,"52":0,"53":0,"54":0,"55":0,"56":0,"57":0,"58":0,"60":0,"62":0,"63":0,"64":0,"65":0,"66":0,"67":0,"68":0.57046,"69":0.00519},"safari":{"3.1":0,"3.2":0,"4":0,"5":0,"5.1":0.00519,"6":0,"6.1":0,"7":0,"7.1":0,"8":0,"9":0.00519,"9.1":0.01037,"10":0.00519,"10.1":0.03112,"11":0.02074,"11.1":0.0726,"12":0.06742,"12.1":0.07779,"13":0.21263,"13.1":1.09943,"14":0,"0":null},"ios_saf":{"3.2":0.00428,"4.0-4.1":0.00214,"4.2-4.3":0,"5.0-5.1":0.01069,"6.0-6.1":0.00214,"7.0-7.1":0.01497,"8":0,"8.1-8.4":0.01925,"9.0-9.2":0.01925,"9.3":0.19891,"10.0-10.2":0.05561,"10.3":0.20961,"11.0-11.2":0.13689,"11.3-11.4":0.22458,"12.0-12.1":0.31655,"12.2-12.4":1.87792,"13.0-13.1":0.39569,"13.2":0.19036,"13.3":2.74629,"13.4-13.5":8.05279,"14.0":null},"edge":{"12":0.01037,"13":0,"14":0.03112,"15":0.00519,"16":0.05186,"17":0.16077,"18":1.13573,"79":0,"80":0,"81":0.10372,"83":0.82457},"android":{"2.1":0,"2.2":0,"2.3":0.00456,"3":0,"4":0.05471,"4.1":0.10942,"4.2-4.3":0.18693,"4.4":0,"4.4.3-4.4.4":1.04864,"81":null},"samsung":{"4":0.18286,"5.0-5.4":0,"6.2-6.4":0.01076,"7.2-7.4":0.09681,"8.2":0.13983,"9.2":0.16135,"10.1":0.08605,"11.1-11.2":3.14089,"12.0":0.4948},"op_mob":{"10":null,"11":null,"11.1":null,"11.5":null,"12":null,"12.1":null,"0":null},"ie":{"5.5":0,"6":0,"7":0,"8":0.00535,"9":0,"10":0,"11":0.16579},"ie_mob":{"10":0,"11":0},"bb":{"7":0,"10":0},"and_uc":{"0":0.27921},"op_mini":{"0":0.08204},"and_chr":{"0":52.60819},"kaios":{"2.5":0},"baidu":{"0":null},"and_ff":{"0":0.22144},"and_qq":{"10.4":0.00481}},"total":97.38689}