{"id":"CA","name":"Canada","month":"2019-05","access_date":"2019-06-04","data":{"chrome":{"4":0,"5":0,"6":0,"7":0,"8":0,"9":0,"10":0,"11":0,"12":0,"13":0,"14":0,"15":0,"16":0,"17":0,"18":0,"19":0,"20":0,"21":0,"22":0,"23":0,"24":0,"25":0.012128,"26":0,"27":0,"28":0,"29":0,"30":0,"31":0.012128,"32":0.012128,"33":0,"34":0.006064,"35":0,"36":0,"37":0,"38":0.012128,"39":0,"40":0.012128,"41":0.006064,"42":0,"43":0.006064,"44":0,"45":0.006064,"46":0.006064,"47":0.012128,"48":0.127344,"49":0.33352,"50":0.006064,"51":0.006064,"52":0.006064,"53":0.012128,"54":0.012128,"55":0.018192,"56":0.018192,"57":0.03032,"58":0.024256,"59":0.018192,"60":0.018192,"61":0.139472,"62":0.024256,"63":0.169792,"64":0.03032,"65":0.06064,"66":0.036384,"67":0.109152,"68":0.066704,"69":0.097024,"70":0.127344,"71":0.187984,"72":0.539696,"73":4.887584,"74":12.449392,"75":0.024256,"76":0.018192,"77":0},"firefox":{"2":0,"3":0,"3.5":0,"3.6":0,"4":0,"5":0,"6":0,"7":0,"8":0,"9":0,"10":0,"11":0,"12":0,"13":0,"14":0,"15":0,"16":0,"17":0,"18":0,"19":0,"20":0,"21":0,"22":0,"23":0,"24":0,"25":0,"26":0,"27":0,"28":0,"29":0,"30":0,"31":0,"32":0,"33":0,"34":0,"35":0,"36":0,"37":0,"38":0.012128,"39":0,"40":0,"41":0,"42":0,"43":0.012128,"44":0.048512,"45":0.024256,"46":0,"47":0.006064,"48":0.042448,"49":0,"50":0.006064,"51":0.006064,"52":0.321392,"53":0.006064,"54":0.006064,"55":0.006064,"56":0.03032,"57":0.006064,"58":0.006064,"59":0.006064,"60":0.103088,"61":0.024256,"62":0.012128,"63":0.018192,"64":0.042448,"65":0.048512,"66":2.48624,"67":0.048512,"68":0.006064,"69":0},"opera":{"9":0,"9.5-9.6":0,"10.0-10.1":0,"10.5":0,"10.6":0,"11":0,"11.1":0,"11.5":0,"11.6":0,"12":0,"12.1":0,"15":0,"16":0,"17":0,"18":0,"19":0,"20":0,"21":0,"22":0,"23":0,"24":0,"25":0,"26":0,"27":0,"28":0,"29":0,"30":0,"31":0,"32":0,"33":0,"34":0,"35":0,"36":0.006064,"37":0,"38":0,"39":0,"40":0,"41":0,"42":0.006064,"43":0,"44":0,"45":0,"46":0,"47":0,"48":0,"49":0,"50":0,"51":0,"52":0.006064,"53":0,"54":0,"55":0,"56":0.006064,"57":0,"58":0.309264},"safari":{"3.1":0,"3.2":0,"4":0.006064,"5":0.006064,"5.1":0.018192,"6":0,"6.1":0.012128,"7":0.006064,"7.1":0,"8":0.012128,"9":0.036384,"9.1":0.078832,"10":0.024256,"10.1":0.163728,"11":0.048512,"11.1":0.297136,"12":0.48512,"12.1":1.528128,"0":null},"ios_saf":{"3.2":0.029023496744466,"4.0-4.1":0.021767622558349,"4.2-4.3":0.0036279370930582,"5.0-5.1":0.032651433837524,"6.0-6.1":0.010883811279175,"7.0-7.1":0.050791119302815,"8":0.35916577221276,"8.1-8.4":0.11972192407092,"9.0-9.2":0.07981461604728,"9.3":0.56595818651708,"10.0-10.2":0.34102608674747,"10.3":0.79451822337975,"11.0-11.2":0.92512395872984,"11.3-11.4":1.8901552254833,"12.0-12.1":5.9171653987779,"12.2":25.076301187218},"android":{"2.1":0.0078826024096386,"2.2":0.013137670682731,"2.3":0.0032844176706827,"3":0,"4":0.12677852208835,"4.1":0.0341579437751,"4.2-4.3":0.21677156626506,"4.4":0,"4.4.3-4.4.4":0.25224327710843,"67":null},"edge":{"12":0.006064,"13":0.012128,"14":0.03032,"15":0.054576,"16":0.09096,"17":0.891408,"18":1.661536,"75":null},"op_mob":{"10":null,"11":null,"11.1":null,"11.5":null,"12":null,"12.1":null,"0":null},"ie":{"5.5":0,"6":0.012261863134658,"7":0.0061309315673289,"8":0.036785589403974,"9":0.061309315673289,"10":0.024523726269316,"11":2.6363005739514},"samsung":{"4":0.20066774566474,"5.0-5.4":0.022296416184971,"6.2-6.4":0.044592832369942,"7.2-7.4":0.089185664739884,"8.2":0.10033387283237,"9.2":3.4002034682081},"ie_mob":{"10":0,"11":0.01968},"bb":{"7":0,"10":0.070848},"baidu":{"0":null},"and_ff":{"0":0.228288},"and_uc":{"0":0.366048},"and_qq":{"1.2":0.031488},"op_mini":{"0":0.11551686597938},"and_chr":{"0":23.633984},"kaios":{"2.5":0}},"total":96.812780865979}