{"id":"CA","name":"Canada","month":"2019-10","access_date":"2019-11-04","data":{"chrome":{"4":0,"5":0,"6":0,"7":0,"8":0,"9":0,"10":0,"11":0,"12":0,"13":0,"14":0,"15":0,"16":0,"17":0,"18":0,"19":0,"20":0,"21":0,"22":0,"23":0,"24":0,"25":0.011624,"26":0,"27":0,"28":0,"29":0,"30":0,"31":0,"32":0,"33":0,"34":0.005812,"35":0,"36":0,"37":0,"38":0.005812,"39":0,"40":0.011624,"41":0.005812,"42":0,"43":0,"44":0,"45":0.005812,"46":0.005812,"47":0.011624,"48":0.063932,"49":0.31966,"50":0.005812,"51":0.005812,"52":0,"53":0.005812,"54":0.005812,"55":0.011624,"56":0.011624,"57":0.011624,"58":0.011624,"59":0.011624,"60":0.017436,"61":0.040684,"62":0.011624,"63":0.1453,"64":0.017436,"65":0.034872,"66":0.023248,"67":0.063932,"68":0.02906,"69":0.05812,"70":0.069744,"71":0.081368,"72":0.081368,"73":0.168548,"74":0.151112,"75":0.2906,"76":1.063596,"77":14.570684,"78":1.3077,"79":0.017436,"80":0,"81":null},"firefox":{"2":0,"3":0,"3.5":0,"3.6":0,"4":0,"5":0,"6":0,"7":0,"8":0,"9":0,"10":0,"11":0,"12":0,"13":0,"14":0,"15":0,"16":0,"17":0,"18":0,"19":0,"20":0.005812,"21":0,"22":0,"23":0,"24":0,"25":0,"26":0,"27":0,"28":0,"29":0,"30":0,"31":0,"32":0,"33":0,"34":0,"35":0,"36":0,"37":0,"38":0.005812,"39":0,"40":0,"41":0,"42":0,"43":0.005812,"44":0.023248,"45":0.011624,"46":0,"47":0.005812,"48":0.02906,"49":0,"50":0.005812,"51":0.005812,"52":0.069744,"53":0,"54":0.005812,"55":0.005812,"56":0.017436,"57":0.005812,"58":0.011624,"59":0.005812,"60":0.08718,"61":0.011624,"62":0.005812,"63":0.005812,"64":0.005812,"65":0.017436,"66":0.02906,"67":0.02906,"68":0.238292,"69":1.761036,"70":0.430088,"71":0.005812,"72":0},"opera":{"9":0,"9.5-9.6":0,"10.0-10.1":0,"10.5":0,"10.6":0,"11":0,"11.1":0,"11.5":0,"11.6":0,"12":0,"12.1":0,"15":0,"16":0,"17":0,"18":0,"19":0,"20":0,"21":0,"22":0,"23":0,"24":0,"25":0,"26":0,"27":0,"28":0,"29":0,"30":0,"31":0,"32":0,"33":0,"34":0,"35":0,"36":0.005812,"37":0,"38":0,"39":0,"40":0,"41":0,"42":0,"43":0,"44":0,"45":0,"46":0,"47":0,"48":0,"49":0,"50":0,"51":0,"52":0,"53":0.005812,"54":0.011624,"55":0,"56":0,"57":0,"58":0,"60":0,"62":0,"63":0.215044,"64":0.034872},"safari":{"3.1":0,"3.2":0,"4":0,"5":0.005812,"5.1":0.040684,"6":0,"6.1":0.005812,"7":0,"7.1":0,"8":0.011624,"9":0.011624,"9.1":0.052308,"10":0.017436,"10.1":0.1453,"11":0.034872,"11.1":0.23248,"12":0.1453,"12.1":0.650944,"13":2.022576,"0":null},"ios_saf":{"3.2":0,"4.0-4.1":0.010049092366259,"4.2-4.3":0,"5.0-5.1":0.026797579643358,"6.0-6.1":0,"7.0-7.1":0.020098184732519,"8":0,"8.1-8.4":0.040196369465037,"9.0-9.2":0.043546066920457,"9.3":0.43881036665999,"10.0-10.2":0.18423336004809,"10.3":0.49575522340212,"11.0-11.2":0.52255280304548,"11.3-11.4":0.90106861550791,"12.0-12.1":1.2795844279703,"12.2-12.4":13.308347990383,"13.0-13.2":16.165639919856},"android":{"2.1":0,"2.2":0.0052172277992278,"2.3":0.00094858687258687,"3":0.0014228803088803,"4":0.017074563706564,"4.1":0.043160702702703,"4.2-4.3":0.27319301930502,"4.4":0,"4.4.3-4.4.4":0.15035101930502,"76":null},"samsung":{"4":0.1311766779661,"5.0-5.4":0.021862779661017,"6.2-6.4":0.010931389830508,"7.2-7.4":0.043725559322034,"8.2":0.021862779661017,"9.2":0.20769640677966,"10.1":3.4324564067797},"edge":{"12":0.005812,"13":0.005812,"14":0.017436,"15":0.017436,"16":0.052308,"17":0.215044,"18":2.12138,"76":null},"op_mob":{"10":null,"11":null,"11.1":null,"11.5":null,"12":null,"12.1":null,"0":null},"ie":{"5.5":0,"6":0.11114506493506,"7":0,"8":0.058497402597403,"9":0.029248701298701,"10":0.011699480519481,"11":2.4919893506494},"ie_mob":{"10":0,"11":0.012564},"bb":{"7":0,"10":0.050256},"baidu":{"0":null},"and_ff":{"0":0.276408},"and_uc":{"0":0.284784},"and_qq":{"1.2":0.037692},"kaios":{"2.5":0.004188},"op_mini":{"0":0.11894783505155},"and_chr":{"0":28.100428}},"total":97.091411835052}