{"id":"CA","name":"Canada","month":"2018-02","access_date":"2018-03-03","data":{"chrome":{"4":0,"5":0,"6":0,"7":0,"8":0,"9":0,"10":0,"11":0.006226,"12":0,"13":0,"14":0,"15":0,"16":0,"17":0,"18":0.012452,"19":0,"20":0,"21":0,"22":0.006226,"23":0,"24":0,"25":0,"26":0,"27":0,"28":0,"29":0.06226,"30":0,"31":0.006226,"32":0.006226,"33":0.006226,"34":0.006226,"35":0.006226,"36":0.006226,"37":0.006226,"38":0.012452,"39":0.006226,"40":0.006226,"41":0.006226,"42":0.006226,"43":0.012452,"44":0.012452,"45":0.012452,"46":0.012452,"47":0.012452,"48":0.018678,"49":0.491854,"50":0.018678,"51":0.037356,"52":0.024904,"53":0.03113,"54":0.043582,"55":0.193006,"56":0.080938,"57":0.087164,"58":0.099616,"59":0.161876,"60":0.130746,"61":0.161876,"62":0.273944,"63":10.092346,"64":8.149834,"65":0.037356,"66":0.018678,"67":0},"firefox":{"2":0,"3":0.006226,"3.5":0,"3.6":0.006226,"4":0,"5":0,"6":0,"7":0,"8":0,"9":0,"10":0,"11":0,"12":0,"13":0,"14":0,"15":0,"16":0.006226,"17":0,"18":0,"19":0,"20":0,"21":0,"22":0,"23":0,"24":0,"25":0,"26":0,"27":0,"28":0.006226,"29":0,"30":0,"31":0.006226,"32":0.006226,"33":0,"34":0.006226,"35":0.006226,"36":0.006226,"37":0.006226,"38":0.012452,"39":0.006226,"40":0.006226,"41":0.018678,"42":0.006226,"43":0.012452,"44":0.006226,"45":0.018678,"46":0.006226,"47":0.018678,"48":0.087164,"49":0.012452,"50":0.024904,"51":0.018678,"52":0.292622,"53":0.018678,"54":0.03113,"55":0.03113,"56":0.06226,"57":0.230362,"58":2.720762,"59":0.037356,"60":0,"61":0},"opera":{"9":0,"9.5-9.6":0,"10.0-10.1":0,"10.5":0,"10.6":0,"11":0,"11.1":0,"11.5":0,"11.6":0,"12":0,"12.1":0.006226,"15":0,"16":0,"17":0,"18":0,"19":0,"20":0,"21":0,"22":0,"23":0,"24":0,"25":0,"26":0,"27":0,"28":0,"29":0,"30":0,"31":0,"32":0.012452,"33":0,"34":0,"35":0,"36":0.012452,"37":0.006226,"38":0,"39":0,"40":0,"41":0,"42":0,"43":0,"44":0,"45":0.012452,"46":0,"47":0,"48":0,"49":0.006226,"50":0.211684,"51":0.056034,"52":0},"safari":{"3.1":0,"3.2":0,"4":0.012452,"5":0.018678,"5.1":0.043582,"6":0,"6.1":0.024904,"7":0.006226,"7.1":0.006226,"8":0.037356,"9":0.037356,"9.1":0.267718,"10":0.118294,"10.1":0.516758,"11":2.191552,"11.1":0.012452,"0":null},"ios_saf":{"3.2":0.00343990277083,"4.0-4.1":0,"4.2-4.3":0.0309591249375,"5.0-5.1":0.0515985415625,"6.0-6.1":0.0309591249375,"7.0-7.1":0.151355721917,"8":0.0756778609583,"8.1-8.4":0.28895183275,"9.0-9.2":0.244233096729,"9.3":1.35532169171,"10.0-10.2":1.75779031589,"10.3":3.84237139502,"11.0-11.2":26.5560493908,"11.3":null},"android":{"2.1":0,"2.2":0,"2.3":0,"3":0,"4":0,"4.1":0.0605519268293,"4.2-4.3":0.175719317073,"4.4":0.516472317073,"4.4.3-4.4.4":0.318194439024,"62":null},"op_mob":{"10":null,"11":null,"11.1":null,"11.5":null,"12":null,"12.1":null,"0":null},"ie":{"5.5":0,"6":0,"7":0.00637647734139,"8":0.121153069486,"9":0.0765177280967,"10":0.0956471601208,"11":3.92153356495},"edge":{"12":0.006226,"13":0.024904,"14":0.112068,"15":0.230362,"16":2.098162,"17":0},"samsung":{"4":0.338616497696,"5":0.135446599078,"6.2":1.97526290323},"ie_mob":{"10":0.011322,"11":0.022644},"bb":{"7":0.0573648,"10":0.2294592},"and_uc":{"0":0.686868},"op_mini":{"0":0.210805783505},"and_chr":{"0":23.511248},"baidu":{"0":null},"and_ff":{"0":0.196248},"and_qq":{"1.2":null}},"total":97.2709377835}