{"id":"CD","name":"Congo, The Democratic Republic of","month":"2018-03","access_date":"2018-04-03","data":{"chrome":{"4":null,"5":null,"6":0.000747,"7":null,"8":null,"9":null,"10":0.000747,"11":0.108315,"12":0.002988,"13":null,"14":0.000747,"15":0.000747,"16":0.000747,"17":0.000747,"18":null,"19":null,"20":null,"21":null,"22":0.000747,"23":0.001494,"24":null,"25":0.005976,"26":0.008217,"27":null,"28":0.001494,"29":0.016434,"30":0.000747,"31":0.000747,"32":0.001494,"33":0.020916,"34":null,"35":0.000747,"36":0.002241,"37":null,"38":0.003735,"39":0.009711,"40":0.008217,"41":0.001494,"42":0.001494,"43":0.055278,"44":null,"45":null,"46":null,"47":0.002988,"48":0.000747,"49":0.038844,"50":0.017928,"51":0.00747,"52":0.001494,"53":0.003735,"54":null,"55":0.04482,"56":0.003735,"57":0.030627,"58":0.032121,"59":0.006723,"60":0.067977,"61":0.021663,"62":0.035109,"63":0.129231,"64":1.37448,"65":0.8964,"66":0.005229,"67":0.002988,"68":null},"firefox":{"2":null,"3":0.046314,"3.5":0.000747,"3.6":0.002988,"4":0.003735,"5":0.005229,"6":null,"7":null,"8":null,"9":null,"10":0.000747,"11":0.001494,"12":0.005976,"13":0.002241,"14":0.000747,"15":0.002988,"16":0.005229,"17":0.003735,"18":null,"19":0.000747,"20":0.00747,"21":0.00747,"22":0.01494,"23":0.001494,"24":0.005229,"25":0.001494,"26":0.005229,"27":0.000747,"28":0.002241,"29":0.003735,"30":0.006723,"31":0.011952,"32":0.002988,"33":0.002241,"34":0.021663,"35":0.003735,"36":0.004482,"37":0.006723,"38":0.003735,"39":0.00747,"40":0.017181,"41":0.004482,"42":0.001494,"43":0.035109,"44":0.008964,"45":0.050796,"46":0.005229,"47":0.056772,"48":0.018675,"49":0.005229,"50":0.006723,"51":0.003735,"52":0.045567,"53":0.005229,"54":0.005976,"55":0.009711,"56":0.028386,"57":0.042579,"58":0.82917,"59":0.585648,"60":0.016434,"61":0.001494},"opera":{"9":null,"9.5-9.6":null,"10.0-10.1":0,"10.5":null,"10.6":0.008217,"11":0.002241,"11.1":0.002241,"11.5":0.003735,"11.6":0.006723,"12":0.000747,"12.1":0.004482,"15":0.002241,"16":0.002241,"17":0.001494,"18":0.005976,"19":null,"20":0.011952,"21":0.002241,"22":0.005976,"23":null,"24":null,"25":0.003735,"26":0.004482,"27":null,"28":null,"29":0.001494,"30":0.003735,"31":0.001494,"32":0.002241,"33":0.002988,"34":0.002241,"35":0.002241,"36":0.013446,"37":0.003735,"38":null,"39":0.000747,"40":0.002988,"41":null,"42":0.031374,"43":0.005229,"44":0.011205,"45":0.00747,"46":0.005229,"47":0.003735,"48":0.014193,"49":0.039591,"50":0.056025,"51":0.469116,"52":0.02241},"safari":{"3.1":null,"3.2":null,"4":0,"5":0.001494,"5.1":0.008217,"6":0.000747,"6.1":null,"7":0.003735,"7.1":0.006723,"8":0.016434,"9":0.004482,"9.1":0.019422,"10":0.02241,"10.1":0.043326,"11":0.077688,"11.1":0.001494,"0":null},"ios_saf":{"3.2":0.00013704032823,"4.0-4.1":0,"4.2-4.3":0.00013704032823,"5.0-5.1":0.00246672590814,"6.0-6.1":0.00191856459522,"7.0-7.1":0.00671497608326,"8":0.00191856459522,"8.1-8.4":0.010140984289,"9.0-9.2":0.00767425838087,"9.3":0.0549531716201,"10.0-10.2":0.0548161312919,"10.3":0.127036384269,"11.0-11.2":1.10153015831,"11.3":null},"android":{"2.1":0,"2.2":0,"2.3":0,"3":0,"4":0,"4.1":0.240712752427,"4.2-4.3":0.732604029126,"4.4":2.06698993932,"4.4.3-4.4.4":1.27159127913,"62":null},"ie":{"5.5":null,"6":null,"7":0.00160315068493,"8":0.0553086986301,"9":0.00801575342466,"10":0.0609197260274,"11":0.395978219178},"op_mob":{"10":null,"11":null,"11.1":null,"11.5":null,"12":null,"12.1":null,"0":null},"edge":{"12":0.101592,"13":0.056772,"14":0.05229,"15":0.026892,"16":0.091134,"17":null},"samsung":{"4":0.876423266129,"5":0.100738306452,"6.2":0.271993427419},"bb":{"7":0.018506,"10":0.074024},"ie_mob":{"10":0.289995120879,"11":0.857376879121},"and_ff":{"0":0.120289},"and_qq":{"1.2":null},"and_uc":{"0":14.638246},"op_mini":{"0":52.1666492526},"and_chr":{"0":14.405339},"baidu":{"0":null}},"total":96.2997888005}