{"id":"CD","name":"Congo, The Democratic Republic of","month":"2021-11","access_date":"2021-12-03","data":{"firefox":{"2":null,"3":0.00179,"3.5":null,"3.6":null,"4":null,"5":null,"6":null,"7":null,"8":null,"9":null,"10":null,"11":null,"12":null,"13":null,"14":null,"15":null,"16":null,"17":null,"18":null,"19":null,"20":null,"21":null,"22":null,"23":null,"24":null,"25":null,"26":null,"27":null,"28":null,"29":0.00179,"30":null,"31":null,"32":0.00179,"33":null,"34":null,"35":null,"36":null,"37":null,"38":0.00359,"39":null,"40":0.00179,"41":null,"42":null,"43":null,"44":null,"45":0.00179,"46":null,"47":0.00359,"48":null,"49":null,"50":null,"51":null,"52":0.01076,"53":null,"54":null,"55":null,"56":0.00718,"57":0.00897,"58":null,"59":0.00179,"60":null,"61":null,"62":null,"63":0.00179,"64":null,"65":null,"66":null,"67":null,"68":null,"69":null,"70":0.00179,"71":null,"72":0.00897,"73":null,"74":null,"75":null,"76":null,"77":null,"78":0.02512,"79":null,"80":null,"81":null,"82":null,"83":null,"84":0.00718,"85":0.00179,"86":0.00359,"87":null,"88":0.00179,"89":0.00897,"90":0.00897,"91":0.02332,"92":0.01076,"93":0.21528,"94":0.836,"95":0.01435,"96":null},"chrome":{"4":null,"5":null,"6":null,"7":null,"8":null,"9":null,"10":null,"11":0.00359,"12":null,"13":null,"14":null,"15":null,"16":null,"17":null,"18":null,"19":null,"20":null,"21":null,"22":null,"23":null,"24":null,"25":null,"26":null,"27":null,"28":null,"29":null,"30":null,"31":null,"32":null,"33":null,"34":null,"35":null,"36":null,"37":null,"38":0.00179,"39":null,"40":null,"41":null,"42":null,"43":0.00359,"44":null,"45":null,"46":null,"47":null,"48":null,"49":0.00897,"50":null,"51":null,"52":null,"53":null,"54":null,"55":0.00179,"56":null,"57":0.00718,"58":0.00897,"59":null,"60":null,"61":null,"62":0.00179,"63":0.01076,"64":0.00897,"65":0.00179,"66":null,"67":null,"68":null,"69":0.00359,"70":0.00538,"71":null,"72":0.00179,"73":0.00359,"74":0.00359,"75":0.00538,"76":0.01435,"77":0.00538,"78":0.01256,"79":0.01435,"80":0.00718,"81":0.00718,"83":0.00897,"84":0.01435,"85":0.02153,"86":0.15967,"87":0.0287,"88":0.02512,"89":0.02691,"90":0.01973,"91":0.04485,"92":0.09149,"93":0.07714,"94":0.4198,"95":3.05339,"96":1.70251,"97":0.00179,"98":null,"99":null},"opera":{"9":null,"9.5-9.6":null,"10.0-10.1":0,"10.5":null,"10.6":null,"11":null,"11.1":null,"11.5":0.00179,"11.6":null,"12":null,"12.1":null,"15":null,"16":null,"17":null,"18":null,"19":null,"20":null,"21":null,"22":null,"23":null,"24":null,"25":null,"26":null,"27":null,"28":null,"29":null,"30":null,"31":null,"32":null,"33":null,"34":null,"35":null,"36":0.00179,"37":0.00179,"38":null,"39":null,"40":null,"41":null,"42":0.00359,"43":null,"44":null,"45":null,"46":null,"47":null,"48":null,"49":null,"50":null,"51":null,"52":null,"53":null,"54":null,"55":null,"56":null,"57":null,"58":null,"60":null,"62":null,"63":0.00179,"64":null,"65":0.00718,"66":0.00538,"67":null,"68":null,"69":null,"70":null,"71":null,"72":null,"73":0.00359,"74":null,"75":null,"76":0.00179,"77":0.00538,"78":0.00538,"79":0.02332,"80":0.36956,"81":0.16146},"edge":{"12":0.04844,"13":0.01615,"14":0.01076,"15":0.01794,"16":0.00718,"17":0.02332,"18":0.05382,"79":null,"80":0.00359,"81":null,"83":null,"84":0.01256,"85":0.01256,"86":null,"87":0.00179,"88":null,"89":0.01615,"90":0.00718,"91":0.01256,"92":0.06458,"93":0.01973,"94":0.06279,"95":0.88803,"96":0.27986},"safari":{"3.1":null,"3.2":null,"4":0,"5":null,"5.1":0.00359,"6":null,"6.1":null,"7":null,"7.1":0.00538,"8":null,"9":null,"9.1":null,"10":null,"10.1":null,"11":0.00179,"11.1":0.00718,"12":0.00179,"12.1":0.00718,"13":0.01076,"13.1":0.05203,"14":0.02332,"14.1":0.13993,"15":0.01973,"15.1":0.061,"0":null},"ios_saf":{"3.2":0,"4.0-4.1":0,"4.2-4.3":0.0033,"5.0-5.1":0.00083,"6.0-6.1":0.00248,"7.0-7.1":0.02145,"8":0,"8.1-8.4":0,"9.0-9.2":0,"9.3":0.0462,"10.0-10.2":0,"10.3":0.10725,"11.0-11.2":0.32176,"11.3-11.4":0.0495,"12.0-12.1":0.1452,"12.2-12.5":1.92063,"13.0-13.1":0.02558,"13.2":0.03053,"13.3":0.15263,"13.4-13.7":0.47356,"14.0-14.4":1.59558,"14.5-14.8":2.11781,"15.0-15.1":1.23175},"samsung":{"4":0.45948,"5.0-5.4":0.02089,"6.2-6.4":0.01022,"7.2-7.4":0.12531,"8.2":0.02044,"9.2":0.08354,"10.1":0.03065,"11.1-11.2":0.08354,"12.0":0.03133,"13.0":0.10443,"14.0":0.11487,"15.0":0.41771},"android":{"2.1":0,"2.2":0,"2.3":0,"3":0,"4":0,"4.1":0.00357,"4.2-4.3":0.03036,"4.4":0,"4.4.3-4.4.4":0.15478,"0":0},"op_mob":{"10":null,"11":null,"11.1":null,"11.5":null,"12":null,"12.1":null,"0":null},"ie":{"5.5":null,"6":null,"7":null,"8":0.0083,"9":null,"10":null,"11":0.19084},"bb":{"7":0,"10":0.03282},"ie_mob":{"10":0.00821,"11":null},"and_chr":{"0":52.07587},"kaios":{"2.5":0.09846},"baidu":{"0":null},"and_ff":{"0":0.12308},"and_qq":{"10.4":0.05744},"and_uc":{"0":1.39485},"op_mini":{"0":24.49239}},"total":97.95984}