{"id":"CD","name":"Congo, The Democratic Republic of","month":"2018-11","access_date":"2018-12-04","data":{"chrome":{"4":null,"5":null,"6":null,"7":null,"8":null,"9":null,"10":null,"11":0.043171,"12":null,"13":null,"14":0.001877,"15":null,"16":null,"17":null,"18":null,"19":null,"20":null,"21":null,"22":null,"23":null,"24":0.003754,"25":0.001877,"26":0.003754,"27":null,"28":0.007508,"29":0.011262,"30":null,"31":null,"32":null,"33":0.015016,"34":0.001877,"35":null,"36":0.003754,"37":null,"38":null,"39":null,"40":0.024401,"41":0.007508,"42":null,"43":0.048802,"44":0.005631,"45":0.001877,"46":null,"47":0.007508,"48":null,"49":0.219609,"50":0.005631,"51":0.039417,"52":null,"53":0.011262,"54":0.001877,"55":0.007508,"56":0.024401,"57":0.013139,"58":0.080711,"59":0.003754,"60":0.024401,"61":0.005631,"62":0.003754,"63":0.178315,"64":0.01877,"65":0.11262,"66":0.016893,"67":0.144529,"68":0.097604,"69":0.45048,"70":6.25041,"71":0.009385,"72":0.007508,"73":null},"firefox":{"2":null,"3":0.13139,"3.5":null,"3.6":0.005631,"4":0.001877,"5":null,"6":null,"7":null,"8":null,"9":null,"10":0.003754,"11":0.001877,"12":0.001877,"13":null,"14":0.001877,"15":null,"16":0.003754,"17":null,"18":0.001877,"19":0.001877,"20":0.005631,"21":0.001877,"22":0.003754,"23":0.001877,"24":null,"25":0.001877,"26":0.003754,"27":0.007508,"28":null,"29":0.001877,"30":0.001877,"31":0.003754,"32":0.003754,"33":0.003754,"34":0.003754,"35":0.003754,"36":0.005631,"37":0.061941,"38":0.001877,"39":0.001877,"40":0.009385,"41":0.009385,"42":0.001877,"43":0.01877,"44":0.009385,"45":0.01877,"46":0.005631,"47":0.078834,"48":0.039417,"49":0.003754,"50":0.011262,"51":0.001877,"52":0.045048,"53":0.011262,"54":0.007508,"55":null,"56":0.039417,"57":0.043171,"58":0.01877,"59":0.011262,"60":0.063818,"61":0.060064,"62":0.249641,"63":2.625923,"64":0.052556,"65":null},"opera":{"9":null,"9.5-9.6":null,"10.0-10.1":0,"10.5":null,"10.6":0.001877,"11":null,"11.1":null,"11.5":null,"11.6":0.003754,"12":null,"12.1":0.005631,"15":0.001877,"16":null,"17":0.001877,"18":0.003754,"19":null,"20":0.011262,"21":0.003754,"22":null,"23":null,"24":null,"25":null,"26":null,"27":null,"28":null,"29":null,"30":0.001877,"31":null,"32":null,"33":null,"34":0.007508,"35":0.005631,"36":0.016893,"37":0.003754,"38":0.001877,"39":0.003754,"40":null,"41":null,"42":0.030032,"43":null,"44":null,"45":0.001877,"46":null,"47":0.011262,"48":0.033786,"49":0.003754,"50":null,"51":0.001877,"52":0.007508,"53":0.005631,"54":0.007508,"55":0.103235,"56":1.72684},"safari":{"3.1":null,"3.2":null,"4":0,"5":null,"5.1":0.001877,"6":null,"6.1":null,"7":0.001877,"7.1":0.003754,"8":0.060064,"9":null,"9.1":0.015016,"10":0.09385,"10.1":0.095727,"11":0.067572,"11.1":0.084465,"12":0.330352,"0":null},"ios_saf":{"3.2":0.0002235389772841,"4.0-4.1":0,"4.2-4.3":0.0002235389772841,"5.0-5.1":0.0026824677274092,"6.0-6.1":0.0013412338637046,"7.0-7.1":0.0051413964775343,"8":0.036213314320024,"8.1-8.4":0.01251818272791,"9.0-9.2":0.0071532472730912,"9.3":0.051637503752627,"10.0-10.2":0.060579062843991,"10.3":0.078238642049435,"11.0-11.2":0.14127663364355,"11.3-11.4":0.37599255979185,"12-12.1":1.4606036775743},"android":{"2.1":0,"2.2":0.0036866601520087,"2.3":0.10322648425624,"3":0.0036866601520087,"4":0.46083251900109,"4.1":0.18064634744843,"4.2-4.3":0.87373845602606,"4.4":0,"4.4.3-4.4.4":1.7695968729642,"67":null},"ie":{"5.5":null,"6":null,"7":null,"8":0.24791416,"9":0.00390416,"10":0.09955608,"11":0.42555344},"edge":{"12":0.176438,"13":0.041294,"14":0.052556,"15":0.039417,"16":0.148283,"17":0.335983,"18":null},"op_mob":{"10":null,"11":null,"11.1":null,"11.5":null,"12":null,"12.1":null,"0":null},"samsung":{"4":0.77363863291139,"5":0.071256189873418,"6.2":0.08143564556962,"7.2":null},"ie_mob":{"10":0.10196502631579,"11":0.32855397368421},"bb":{"7":0.0389904,"10":0.1559616},"baidu":{"0":null},"and_ff":{"0":0.16246},"and_uc":{"0":3.834056},"and_qq":{"1.2":null},"op_mini":{"0":48.741321776632},"and_chr":{"0":19.771994}},"total":95.654607084987}