{"id":"CF","name":"Central African Republic","month":"2021-04","access_date":"2021-05-04","data":{"firefox":{"2":0,"3":0,"3.5":0,"3.6":0,"4":0,"5":0,"6":0,"7":0,"8":0,"9":0,"10":0,"11":0,"12":0,"13":0,"14":0,"15":0,"16":0,"17":0,"18":0,"19":0,"20":0.00218,"21":0,"22":0,"23":0,"24":0,"25":0,"26":0,"27":0.00436,"28":0,"29":0,"30":0.0109,"31":0,"32":0,"33":0,"34":0,"35":0,"36":0,"37":0,"38":0,"39":0,"40":0,"41":0,"42":0,"43":0.00218,"44":0,"45":0,"46":0.00436,"47":0,"48":0,"49":0,"50":0,"51":0,"52":0.04576,"53":0.00218,"54":0,"55":0,"56":0.00654,"57":0,"58":0,"59":0,"60":0.00436,"61":0,"62":0,"63":0,"64":0,"65":0,"66":0,"67":0,"68":0.13728,"69":0,"70":0,"71":0,"72":0.01307,"73":0,"74":0,"75":0,"76":0,"77":0,"78":0.05883,"79":0,"80":0,"81":0,"82":0,"83":0,"84":0.00436,"85":0.0109,"86":0.01961,"87":0.25712,"88":0.07191,"89":0,"90":0},"chrome":{"4":0,"5":0,"6":0,"7":0,"8":0,"9":0,"10":0,"11":0,"12":0,"13":0,"14":0,"15":0,"16":0,"17":0,"18":0,"19":0,"20":0,"21":0,"22":0,"23":0,"24":0,"25":0,"26":0,"27":0,"28":0,"29":0,"30":0,"31":0,"32":0,"33":0,"34":0.00218,"35":0,"36":0,"37":0,"38":0,"39":0,"40":0.00654,"41":0,"42":0,"43":0,"44":0.00872,"45":0,"46":0,"47":0.00218,"48":0,"49":0,"50":0,"51":0,"52":0,"53":0,"54":0,"55":0,"56":0.28545,"57":0,"58":0.00436,"59":0,"60":0,"61":0,"62":0,"63":0,"64":0,"65":0,"66":0,"67":0,"68":0,"69":0.00654,"70":0.01307,"71":0,"72":0,"73":0,"74":0,"75":0,"76":0,"77":0.00218,"78":0,"79":0.00218,"80":0.00218,"81":0.03051,"83":0.00436,"84":0.00654,"85":0,"86":0.06755,"87":0.01743,"88":0.02833,"89":1.18102,"90":0.26802,"91":0,"92":0,"93":0},"opera":{"9":0,"9.5-9.6":0,"10.0-10.1":0,"10.5":0,"10.6":0,"11":0,"11.1":0,"11.5":0,"11.6":0,"12":0.00218,"12.1":0.06101,"15":0,"16":0.03704,"17":0,"18":0,"19":0,"20":0,"21":0,"22":0,"23":0,"24":0,"25":0,"26":0,"27":0,"28":0.01307,"29":0,"30":0,"31":0,"32":0,"33":0,"34":0,"35":0,"36":0,"37":0.00436,"38":0,"39":0,"40":0,"41":0,"42":0,"43":0,"44":0,"45":0,"46":0,"47":0,"48":0,"49":0,"50":0,"51":0.00654,"52":0,"53":0.00218,"54":0.02397,"55":0.00654,"56":0,"57":0,"58":0,"60":0,"62":0,"63":0.03269,"64":0,"65":0,"66":0,"67":0,"68":0,"69":0,"70":0,"71":0,"72":0,"73":0.00436,"74":0.02397,"75":0.06973},"ios_saf":{"3.2":0,"4.0-4.1":0,"4.2-4.3":0,"5.0-5.1":0.01377,"6.0-6.1":0,"7.0-7.1":0.00936,"8":0,"8.1-8.4":0,"9.0-9.2":0.00936,"9.3":0.00441,"10.0-10.2":0.00441,"10.3":0.04187,"11.0-11.2":0.32832,"11.3-11.4":0.02314,"12.0-12.1":0.09255,"12.2-12.4":0.12009,"13.0-13.1":0.02314,"13.2":0.00441,"13.3":0.25395,"13.4-13.7":0.5685,"14.0-14.4":3.59116,"14.5":0.01377},"safari":{"3.1":0,"3.2":0,"4":0,"5":0,"5.1":0.00218,"6":0,"6.1":0,"7":0,"7.1":0,"8":0,"9":0,"9.1":0,"10":0,"10.1":0,"11":0,"11.1":0,"12":0,"12.1":0,"13":0,"13.1":0.00654,"14":0.06973,"14.1":0,"0":null},"edge":{"12":0,"13":0.03704,"14":0.01743,"15":0.01307,"16":0.0109,"17":0.00218,"18":0.01961,"79":0,"80":0,"81":0,"83":0,"84":0,"85":0.00218,"86":0,"87":0.13946,"88":0.00436,"89":0.14381,"90":0.01743},"samsung":{"4":0.17029,"5.0-5.4":0.01002,"6.2-6.4":0.02003,"7.2-7.4":0.09015,"8.2":0,"9.2":0.09015,"10.1":1.19201,"11.1-11.2":0.0601,"12.0":0.03005,"13.0":0.82139,"14.0":0.1202},"android":{"2.1":0,"2.2":0,"2.3":0,"3":0,"4":0,"4.1":0,"4.2-4.3":0.1973,"4.4":0,"4.4.3-4.4.4":3.76184,"0":0},"op_mob":{"10":null,"11":null,"11.1":null,"11.5":null,"12":null,"12.1":null,"0":null},"ie":{"5.5":0,"6":0,"7":0,"8":0,"9":0,"10":0,"11":0.03051},"bb":{"7":0,"10":0},"ie_mob":{"10":0,"11":0},"and_chr":{"0":69.31197},"kaios":{"2.5":0.09385},"baidu":{"0":null},"and_ff":{"0":0.09385},"and_qq":{"10.4":0.01564},"and_uc":{"0":0.4849},"op_mini":{"0":11.07701}},"total":96.14227}