{"id":"CF","name":"Central African Republic","month":"2019-08","access_date":"2019-09-04","data":{"chrome":{"4":0,"5":0,"6":0,"7":0,"8":0,"9":0,"10":0,"11":0.004098,"12":0,"13":0,"14":0,"15":0,"16":0,"17":0,"18":0,"19":0,"20":0,"21":0,"22":0,"23":0,"24":0,"25":0.002049,"26":0,"27":0,"28":0,"29":0,"30":0,"31":0,"32":0,"33":0,"34":0,"35":0,"36":0.004098,"37":0,"38":0,"39":0,"40":0,"41":0,"42":0,"43":0.008196,"44":0,"45":0,"46":0.004098,"47":0,"48":0,"49":0.02049,"50":0.002049,"51":0,"52":0,"53":0,"54":0,"55":0,"56":0.002049,"57":0,"58":0,"59":0,"60":0,"61":0.002049,"62":0,"63":0.301203,"64":0.004098,"65":0.002049,"66":0,"67":0,"68":0,"69":0.002049,"70":0.002049,"71":0.012294,"72":0.006147,"73":0.006147,"74":0.034833,"75":0.202851,"76":0.551181,"77":0,"78":0,"79":0},"firefox":{"2":0,"3":0,"3.5":0,"3.6":0,"4":0,"5":0,"6":0,"7":0,"8":0,"9":0,"10":0,"11":0,"12":0,"13":0,"14":0,"15":0,"16":0,"17":0,"18":0,"19":0,"20":0.004098,"21":0,"22":0.008196,"23":0,"24":0,"25":0.002049,"26":0.010245,"27":0,"28":0.002049,"29":0,"30":0.002049,"31":0,"32":0,"33":0,"34":0.002049,"35":0.002049,"36":0,"37":0.002049,"38":0.004098,"39":0,"40":0,"41":0.002049,"42":0,"43":0.002049,"44":0,"45":0,"46":0.002049,"47":0.024588,"48":0,"49":0,"50":0.004098,"51":0,"52":0.014343,"53":0.002049,"54":0,"55":0,"56":0.002049,"57":0.002049,"58":0,"59":0.002049,"60":0.016392,"61":0.002049,"62":0.004098,"63":0,"64":0.004098,"65":0.004098,"66":0.002049,"67":0.012294,"68":0.688464,"69":0.002049,"70":0,"71":0},"opera":{"9":0,"9.5-9.6":0,"10.0-10.1":0,"10.5":0,"10.6":0,"11":0,"11.1":0,"11.5":0,"11.6":0,"12":0,"12.1":0.008196,"15":0,"16":0,"17":0,"18":0,"19":0,"20":0,"21":0,"22":0,"23":0.002049,"24":0,"25":0,"26":0,"27":0,"28":0,"29":0,"30":0.010245,"31":0,"32":0.002049,"33":0,"34":0,"35":0,"36":0,"37":0,"38":0.002049,"39":0,"40":0.004098,"41":0,"42":0.002049,"43":0.006147,"44":0,"45":0,"46":0,"47":0,"48":0,"49":0,"50":0,"51":0.002049,"52":0,"53":0.018441,"54":0,"55":0,"56":0.002049,"57":0.010245,"58":0.010245,"60":0.002049,"62":0.073764},"safari":{"3.1":0,"3.2":0,"4":0,"5":0,"5.1":0,"6":0,"6.1":0,"7":0,"7.1":0,"8":0,"9":0,"9.1":0.006147,"10":0,"10.1":0.028686,"11":0.002049,"11.1":0.002049,"12":0.002049,"12.1":0.012294,"13":0,"0":null},"ios_saf":{"3.2":0.00071681538923354,"4.0-4.1":0.00047787692615569,"4.2-4.3":0,"5.0-5.1":0.0019115077046228,"6.0-6.1":0.00071681538923354,"7.0-7.1":0.003106200020012,"8":0.00023893846307785,"8.1-8.4":0.0035840769461677,"9.0-9.2":0.0033451384830899,"9.3":0.034885015609366,"10.0-10.2":0.015292061636982,"10.3":0.039663784870923,"11.0-11.2":0.046115123374024,"11.3-11.4":0.080044385131079,"12.0-12.1":0.15339849329598,"12.2-12.3":1.979844105063,"13":0.024610661697018},"android":{"2.1":0,"2.2":0.01086340733945,"2.3":0.0090528394495413,"3":0.0036211357798165,"4":0.081475555045872,"4.1":0.31141767706422,"4.2-4.3":0.8781254266055,"4.4":0,"4.4.3-4.4.4":0.6789629587156,"67":null},"edge":{"12":0.086058,"13":0.014343,"14":0.004098,"15":0.110646,"16":0.010245,"17":0.063519,"18":0.010245,"76":null},"op_mob":{"10":null,"11":null,"11.1":null,"11.5":null,"12":null,"12.1":null,"0":null},"ie":{"5.5":0,"6":0,"7":0,"8":0.014343,"9":0,"10":0.022539,"11":0.086058},"samsung":{"4":0.53158114285714,"5.0-5.4":1.2369484285714,"6.2-6.4":0.081781714285714,"7.2-7.4":0.071559,"8.2":0.071559,"9.2":0.94048971428571},"ie_mob":{"10":0.030944432432432,"11":1.1139995675676},"bb":{"7":0,"10":0.007951},"and_chr":{"0":77.556568},"baidu":{"0":null},"and_ff":{"0":0.087461},"and_uc":{"0":1.526592},"kaios":{"2.5":0},"and_qq":{"1.2":0.047706},"op_mini":{"0":6.6844138969072}},"total":96.988087896907}