{"id":"CG","name":"Congo, Republic of the","month":"2018-06","access_date":"2018-07-05","data":{"chrome":{"4":null,"5":null,"6":null,"7":null,"8":null,"9":null,"10":null,"11":0.108747,"12":null,"13":null,"14":null,"15":null,"16":null,"17":null,"18":null,"19":null,"20":null,"21":0.002529,"22":null,"23":null,"24":null,"25":null,"26":0.045522,"27":null,"28":null,"29":null,"30":null,"31":null,"32":null,"33":0.007587,"34":null,"35":null,"36":null,"37":null,"38":0.005058,"39":null,"40":0.015174,"41":0.030348,"42":null,"43":0.05058,"44":null,"45":null,"46":0.007587,"47":null,"48":0.15174,"49":0.333828,"50":0.005058,"51":0.010116,"52":0.010116,"53":0.005058,"54":0.005058,"55":0.189675,"56":0.015174,"57":0.010116,"58":0.171972,"59":0.015174,"60":0.070812,"61":0.010116,"62":0.060696,"63":0.040464,"64":0.045522,"65":0.192204,"66":3.267468,"67":6.944634,"68":0.007587,"69":null,"70":null},"firefox":{"2":null,"3":0.520974,"3.5":null,"3.6":0.005058,"4":null,"5":null,"6":null,"7":null,"8":0.005058,"9":null,"10":0.010116,"11":null,"12":0.007587,"13":null,"14":0.005058,"15":0.012645,"16":null,"17":null,"18":0.007587,"19":0.005058,"20":null,"21":null,"22":0.002529,"23":null,"24":null,"25":0.005058,"26":0.020232,"27":null,"28":null,"29":0.005058,"30":0.005058,"31":0.010116,"32":0.005058,"33":null,"34":null,"35":0.005058,"36":0.012645,"37":0.010116,"38":0.002529,"39":0.012645,"40":0.010116,"41":0.012645,"42":0.002529,"43":0.083457,"44":0.007587,"45":0.035406,"46":0.002529,"47":0.073341,"48":0.073341,"49":0.007587,"50":0.017703,"51":0.007587,"52":0.15174,"53":0.007587,"54":0.005058,"55":0.005058,"56":0.078399,"57":0.040464,"58":0.207378,"59":0.128979,"60":5.045355,"61":0.212436,"62":0.010116},"opera":{"9":null,"9.5-9.6":null,"10.0-10.1":0,"10.5":null,"10.6":0.035406,"11":null,"11.1":null,"11.5":null,"11.6":0.005058,"12":0.005058,"12.1":0.037935,"15":0.010116,"16":null,"17":null,"18":0.010116,"19":null,"20":0.005058,"21":null,"22":null,"23":null,"24":null,"25":null,"26":null,"27":null,"28":null,"29":null,"30":null,"31":null,"32":null,"33":null,"34":0.002529,"35":0.002529,"36":0.002529,"37":0.035406,"38":null,"39":null,"40":null,"41":null,"42":0.042993,"43":null,"44":0.002529,"45":0.005058,"46":null,"47":0.020232,"48":null,"49":null,"50":0.010116,"51":0.005058,"52":0.027819,"53":1.206333},"safari":{"3.1":null,"3.2":null,"4":0,"5":0.005058,"5.1":null,"6":null,"6.1":0.002529,"7":0.005058,"7.1":0.002529,"8":0.022761,"9":null,"9.1":0.121392,"10":0.05058,"10.1":0.032877,"11":0.192204,"11.1":0.20232,"12":null,"0":null},"ios_saf":{"3.2":0.000317055750175,"4.0-4.1":0,"4.2-4.3":0.00063411150035,"5.0-5.1":0.00475583625263,"6.0-6.1":0.0025364460014,"7.0-7.1":0.0133163415074,"8":0.0038046690021,"8.1-8.4":0.019974512261,"9.0-9.2":0.0152186760084,"9.3":0.0909950003003,"10.0-10.2":0.0998725613052,"10.3":0.228914251626,"11.0-11.2":0.513947371034,"11.3-11.4":2.16390549495,"12":0.00951167250525},"android":{"2.1":0,"2.2":0,"2.3":0,"3":0,"4":0,"4.1":0.439463318797,"4.2-4.3":1.00287783008,"4.4":3.71853577444,"4.4.3-4.4.4":2.33253607669,"67":null},"ie":{"5.5":null,"6":null,"7":0.00256720241692,"8":0.141196132931,"9":0.0128360120846,"10":0.0924192870091,"11":1.45046936556},"op_mob":{"10":null,"11":null,"11.1":null,"11.5":null,"12":null,"12.1":null,"0":null},"edge":{"12":0.156798,"13":0.070812,"14":0.030348,"15":0.037935,"16":0.187146,"17":0.111276,"18":null},"samsung":{"4":1.10750360515,"5":0.281910008584,"6.2":0.755116094421,"7.2":null},"bb":{"7":0.0657448,"10":0.2629792},"ie_mob":{"10":0.209535488372,"11":0.291021511628},"and_ff":{"0":0.22413},"and_qq":{"1.2":null},"and_uc":{"0":17.773509},"op_mini":{"0":11.3876268213},"and_chr":{"0":31.875646},"baidu":{"0":null}},"total":98.0361895295}