{"id":"CG","name":"Congo, Republic of the","month":"2019-08","access_date":"2019-09-04","data":{"chrome":{"4":null,"5":null,"6":null,"7":null,"8":null,"9":null,"10":null,"11":0.021498,"12":null,"13":null,"14":null,"15":null,"16":null,"17":null,"18":null,"19":null,"20":null,"21":null,"22":0.017915,"23":null,"24":null,"25":null,"26":null,"27":null,"28":null,"29":0.128988,"30":0.193482,"31":0.025081,"32":null,"33":0.017915,"34":0.003583,"35":null,"36":0.014332,"37":0.003583,"38":0.014332,"39":null,"40":0.007166,"41":null,"42":null,"43":0.021498,"44":null,"45":0.007166,"46":0.003583,"47":null,"48":0.014332,"49":0.279474,"50":0.014332,"51":0.010749,"52":null,"53":0.032247,"54":null,"55":0.003583,"56":0.003583,"57":null,"58":0.014332,"59":0.014332,"60":0.032247,"61":0.014332,"62":0.046579,"63":0.229312,"64":0.021498,"65":0.14332,"66":0.017915,"67":0.028664,"68":0.003583,"69":0.032247,"70":0.028664,"71":0.028664,"72":0.902916,"73":0.093158,"74":0.204231,"75":3.328607,"76":9.054241,"77":0.014332,"78":null,"79":null},"firefox":{"2":null,"3":0.064494,"3.5":0.003583,"3.6":null,"4":0.028664,"5":null,"6":null,"7":null,"8":null,"9":null,"10":null,"11":null,"12":null,"13":null,"14":null,"15":null,"16":null,"17":null,"18":0.017915,"19":null,"20":null,"21":null,"22":0.010749,"23":null,"24":null,"25":0.003583,"26":null,"27":null,"28":null,"29":null,"30":null,"31":null,"32":0.007166,"33":null,"34":null,"35":0.007166,"36":null,"37":null,"38":null,"39":0.093158,"40":0.007166,"41":0.014332,"42":0.007166,"43":0.042996,"44":0.003583,"45":null,"46":0.003583,"47":0.039413,"48":0.046579,"49":0.003583,"50":0.039413,"51":null,"52":0.046579,"53":null,"54":0.010749,"55":null,"56":0.060911,"57":null,"58":0.028664,"59":0.007166,"60":0.121822,"61":0.017915,"62":0.770345,"63":0.014332,"64":0.014332,"65":0.050162,"66":0.121822,"67":0.508786,"68":5.170269,"69":0.028664,"70":null,"71":null},"opera":{"9":null,"9.5-9.6":null,"10.0-10.1":0,"10.5":null,"10.6":null,"11":null,"11.1":null,"11.5":null,"11.6":null,"12":null,"12.1":0.014332,"15":null,"16":null,"17":null,"18":null,"19":null,"20":0.003583,"21":null,"22":null,"23":null,"24":null,"25":null,"26":null,"27":null,"28":null,"29":null,"30":null,"31":null,"32":null,"33":null,"34":null,"35":null,"36":0.021498,"37":0.010749,"38":null,"39":null,"40":null,"41":null,"42":0.014332,"43":null,"44":0.007166,"45":null,"46":null,"47":null,"48":null,"49":null,"50":null,"51":null,"52":null,"53":0.021498,"54":null,"55":0.007166,"56":null,"57":null,"58":0.032247,"60":0.039413,"62":3.038384},"safari":{"3.1":null,"3.2":null,"4":0.007166,"5":null,"5.1":0.085992,"6":null,"6.1":null,"7":0.010749,"7.1":0.010749,"8":0.014332,"9":null,"9.1":0.07166,"10":0.03583,"10.1":0.028664,"11":0.032247,"11.1":0.050162,"12":0.100324,"12.1":0.333219,"13":null,"0":null},"ios_saf":{"3.2":0.0011942785671403,"4.0-4.1":0.00079618571142686,"4.2-4.3":0,"5.0-5.1":0.0031847428457074,"6.0-6.1":0.0011942785671403,"7.0-7.1":0.0051752071242746,"8":0.00039809285571343,"8.1-8.4":0.0059713928357014,"9.0-9.2":0.005573299979988,"9.3":0.058121556934161,"10.0-10.2":0.025477942765659,"10.3":0.066083414048429,"11.0-11.2":0.076831921152692,"11.3-11.4":0.133361106664,"12.0-12.1":0.25557561336802,"12.2-12.3":3.2985974024415,"13":0.041003564138483},"android":{"2.1":0,"2.2":0.016036612844037,"2.3":0.013363844036697,"3":0.0053455376146789,"4":0.12027459633028,"4.1":0.45971623486239,"4.2-4.3":1.2962928715596,"4.4":0,"4.4.3-4.4.4":1.0022883027523,"67":null},"edge":{"12":0.121822,"13":0.046579,"14":0.050162,"15":0.03583,"16":0.154069,"17":1.698342,"18":0.343968,"76":null},"op_mob":{"10":null,"11":null,"11.1":null,"11.5":null,"12":null,"12.1":null,"0":null},"ie":{"5.5":null,"6":null,"7":null,"8":0.25081,"9":null,"10":0.060911,"11":1.336459},"samsung":{"4":0.83242481954887,"5.0-5.4":0.1027684962406,"6.2-6.4":0.03083054887218,"7.2-7.4":0.34941288721805,"8.2":0.11304534586466,"9.2":1.3051599022556},"ie_mob":{"10":0.04278,"11":0.053475},"bb":{"7":0,"10":0.211761},"and_chr":{"0":44.040891},"baidu":{"0":null},"and_ff":{"0":0.237429},"and_uc":{"0":3.182832},"kaios":{"2.5":0.211761},"and_qq":{"1.2":0.032085},"op_mini":{"0":10.218488134021}},"total":98.455822134021}