{"id":"CG","name":"Congo, Republic of the","month":"2019-01","access_date":"2019-02-03","data":{"chrome":{"4":null,"5":null,"6":0.008518,"7":null,"8":null,"9":null,"10":null,"11":0.038331,"12":null,"13":null,"14":null,"15":null,"16":null,"17":null,"18":null,"19":null,"20":null,"21":null,"22":null,"23":null,"24":null,"25":null,"26":0.004259,"27":null,"28":null,"29":null,"30":null,"31":null,"32":null,"33":0.012777,"34":null,"35":null,"36":null,"37":null,"38":0.012777,"39":null,"40":0.008518,"41":null,"42":null,"43":0.017036,"44":null,"45":null,"46":null,"47":0.004259,"48":null,"49":0.477008,"50":0.008518,"51":null,"52":0.008518,"53":0.004259,"54":null,"55":null,"56":0.017036,"57":0.004259,"58":0.208691,"59":0.021295,"60":0.012777,"61":0.072403,"62":0.029813,"63":0.059626,"64":0.034072,"65":0.110734,"66":0.04259,"67":0.25554,"68":0.034072,"69":0.259799,"70":0.881613,"71":15.822185,"72":0.144806,"73":0.004259,"74":null,"75":null},"firefox":{"2":null,"3":0.17036,"3.5":null,"3.6":0.068144,"4":null,"5":null,"6":null,"7":null,"8":null,"9":null,"10":null,"11":null,"12":null,"13":null,"14":null,"15":null,"16":null,"17":0.004259,"18":null,"19":null,"20":0.004259,"21":0.004259,"22":null,"23":null,"24":0.012777,"25":null,"26":null,"27":null,"28":null,"29":null,"30":0.004259,"31":null,"32":null,"33":null,"34":0.017036,"35":0.008518,"36":null,"37":null,"38":0.004259,"39":0.106475,"40":0.012777,"41":0.008518,"42":0.012777,"43":0.136288,"44":0.017036,"45":0.034072,"46":null,"47":0.063885,"48":0.319425,"49":0.008518,"50":0.017036,"51":null,"52":0.055367,"53":0.004259,"54":0.008518,"55":0.021295,"56":0.051108,"57":0.04259,"58":0.055367,"59":0.302389,"60":0.174619,"61":0.059626,"62":1.303254,"63":0.183137,"64":6.520529,"65":0.204432,"66":0.004259,"67":null},"opera":{"9":null,"9.5-9.6":null,"10.0-10.1":0,"10.5":null,"10.6":null,"11":null,"11.1":null,"11.5":null,"11.6":0.004259,"12":null,"12.1":0.004259,"15":null,"16":null,"17":null,"18":null,"19":0.017036,"20":null,"21":null,"22":null,"23":null,"24":null,"25":null,"26":null,"27":null,"28":null,"29":null,"30":null,"31":null,"32":null,"33":null,"34":0.008518,"35":0.046849,"36":0.025554,"37":0.025554,"38":null,"39":null,"40":0.017036,"41":null,"42":0.017036,"43":0.012777,"44":0.004259,"45":0.012777,"46":null,"47":null,"48":null,"49":0.004259,"50":0.017036,"51":null,"52":null,"53":null,"54":null,"55":0.021295,"56":0.149065,"57":2.68317},"safari":{"3.1":null,"3.2":null,"4":0,"5":null,"5.1":null,"6":null,"6.1":0.004259,"7":0.025554,"7.1":0.025554,"8":null,"9":null,"9.1":0.038331,"10":null,"10.1":0.063885,"11":0.046849,"11.1":0.059626,"12":1.469355,"0":null},"ios_saf":{"3.2":0.0024375893482831,"4.0-4.1":0.0013929081990189,"4.2-4.3":0.00069645409950946,"5.0-5.1":0.003830497547302,"6.0-6.1":0.0024375893482831,"7.0-7.1":0.0076609950946041,"8":0.091235487035739,"8.1-8.4":0.016714898388227,"9.0-9.2":0.016714898388227,"9.3":0.076261723896286,"10.0-10.2":0.050144695164681,"10.3":0.10411988787666,"11.0-11.2":0.13963904695165,"11.3-11.4":0.34474477925718,"12.0-12.1":2.6204085494043},"android":{"2.1":0.029838978388998,"2.2":0.093779646365422,"2.3":0.046889823182711,"3":0.0042627111984283,"4":0.57120330058939,"4.1":0.42627111984283,"4.2-4.3":1.1040422003929,"4.4":0,"4.4.3-4.4.4":2.0631522200393,"67":null},"op_mob":{"10":null,"11":null,"11.1":null,"11.5":null,"12":null,"12.1":null,"0":null},"ie":{"5.5":null,"6":0.0087227596153846,"7":null,"8":0.19626209134615,"9":0.017445519230769,"10":0.14392553365385,"11":1.4479780961538},"edge":{"12":0.336461,"13":0.029813,"14":0.093698,"15":0.140547,"16":0.080921,"17":0.971052,"18":null},"samsung":{"4":0.67199,"5.0-5.4":0.091635,"6.2-6.4":0.10181666666667,"7.2-7.4":null,"8.2":null},"ie_mob":{"10":0.03444,"11":0.1722},"bb":{"7":0.061992,"10":0.247968},"baidu":{"0":null},"and_ff":{"0":0.38458},"and_uc":{"0":8.30578},"and_qq":{"1.2":null},"op_mini":{"0":10.276187869416},"and_chr":{"0":29.544795}},"total":94.628276536082}