{"id":"CG","name":"Congo, Republic of the","month":"2019-05","access_date":"2019-06-04","data":{"chrome":{"4":null,"5":null,"6":null,"7":null,"8":null,"9":null,"10":null,"11":0.0221,"12":null,"13":null,"14":null,"15":null,"16":null,"17":null,"18":null,"19":null,"20":null,"21":null,"22":0.01326,"23":null,"24":null,"25":0.01326,"26":null,"27":null,"28":null,"29":null,"30":null,"31":null,"32":null,"33":0.03536,"34":null,"35":null,"36":null,"37":null,"38":null,"39":null,"40":0.05304,"41":null,"42":0.00442,"43":0.11934,"44":null,"45":null,"46":null,"47":null,"48":0.00884,"49":0.41106,"50":0.01326,"51":null,"52":null,"53":null,"54":0.00442,"55":null,"56":0.03536,"57":0.03978,"58":0.03978,"59":null,"60":null,"61":0.00442,"62":0.0221,"63":0.1326,"64":0.00884,"65":0.16796,"66":0.00884,"67":0.2431,"68":null,"69":0.26962,"70":0.12818,"71":0.19448,"72":1.73706,"73":3.40782,"74":13.33956,"75":null,"76":null,"77":null},"firefox":{"2":null,"3":0.21216,"3.5":null,"3.6":0.00884,"4":null,"5":null,"6":null,"7":null,"8":null,"9":null,"10":null,"11":null,"12":null,"13":0.00442,"14":null,"15":null,"16":null,"17":null,"18":0.00442,"19":0.00884,"20":null,"21":null,"22":null,"23":null,"24":null,"25":null,"26":null,"27":null,"28":null,"29":null,"30":null,"31":null,"32":null,"33":null,"34":null,"35":null,"36":0.03094,"37":null,"38":0.00884,"39":0.03978,"40":null,"41":0.00884,"42":null,"43":0.0221,"44":null,"45":null,"46":null,"47":0.04862,"48":0.00884,"49":0.00442,"50":0.0221,"51":0.00884,"52":0.07072,"53":null,"54":null,"55":0.01326,"56":0.0221,"57":0.00884,"58":0.00884,"59":0.00884,"60":0.11492,"61":0.00884,"62":1.07848,"63":0.05746,"64":0.07956,"65":0.26962,"66":6.66536,"67":1.75474,"68":0.00442,"69":null},"opera":{"9":null,"9.5-9.6":null,"10.0-10.1":0,"10.5":null,"10.6":null,"11":null,"11.1":0.01326,"11.5":null,"11.6":null,"12":null,"12.1":null,"15":null,"16":null,"17":null,"18":null,"19":null,"20":null,"21":null,"22":null,"23":null,"24":null,"25":null,"26":null,"27":null,"28":null,"29":null,"30":null,"31":null,"32":null,"33":null,"34":0.00884,"35":null,"36":null,"37":0.00884,"38":0.00442,"39":null,"40":null,"41":null,"42":0.01326,"43":null,"44":0.00442,"45":null,"46":null,"47":null,"48":null,"49":null,"50":null,"51":null,"52":0.10608,"53":0.00884,"54":null,"55":null,"56":0.01326,"57":0.03094,"58":2.50614},"safari":{"3.1":null,"3.2":null,"4":0,"5":null,"5.1":null,"6":null,"6.1":0.00442,"7":null,"7.1":null,"8":0.06188,"9":null,"9.1":0.11934,"10":0.01326,"10.1":0.02652,"11":0.03094,"11.1":0.09282,"12":0.14586,"12.1":0.43316,"0":null},"ios_saf":{"3.2":0.0031971952318942,"4.0-4.1":0.0023978964239207,"4.2-4.3":0.00039964940398678,"5.0-5.1":0.003596844635881,"6.0-6.1":0.0011989482119603,"7.0-7.1":0.0055950916558149,"8":0.039565290994691,"8.1-8.4":0.013188430331564,"9.0-9.2":0.0087922868877091,"9.3":0.062345307021937,"10.0-10.2":0.037567043974757,"10.3":0.087523219473104,"11.0-11.2":0.10191059801663,"11.3-11.4":0.20821733947711,"12.0-12.1":0.65182817790243,"12.2":2.7623766803566},"android":{"2.1":0.057413493975904,"2.2":0.095689156626506,"2.3":0.023922289156627,"3":0,"4":0.92340036144578,"4.1":0.24879180722892,"4.2-4.3":1.5788710843373,"4.4":0,"4.4.3-4.4.4":1.8372318072289,"67":null},"edge":{"12":0.12376,"13":0.03094,"14":0.0221,"15":0.01326,"16":0.11492,"17":1.61772,"18":0.221,"75":null},"op_mob":{"10":null,"11":null,"11.1":null,"11.5":null,"12":null,"12.1":null,"0":null},"ie":{"5.5":null,"6":null,"7":null,"8":0.19006,"9":0.01326,"10":0.35802,"11":1.59562},"samsung":{"4":0.88364110344828,"5.0-5.4":0.10274896551724,"6.2-6.4":0.030824689655172,"7.2-7.4":0.27742220689655,"8.2":0.34934648275862,"9.2":1.3357365517241},"ie_mob":{"10":0.035154,"11":0.082026},"bb":{"7":0,"10":0.18414},"baidu":{"0":null},"and_ff":{"0":0.22878},"and_uc":{"0":3.28662},"and_qq":{"1.2":0.01674},"op_mini":{"0":8.7007444329897},"and_chr":{"0":33.32476},"kaios":{"2.5":0.03906}},"total":96.66578443299}