{"id":"CH","name":"Switzerland","month":"2018-01","access_date":"2018-02-05","data":{"chrome":{"4":0,"5":0,"6":0,"7":0,"8":0,"9":0,"10":0,"11":0.006194,"12":0,"13":0,"14":0,"15":0,"16":0,"17":0,"18":0,"19":0,"20":0,"21":0,"22":0.012388,"23":0,"24":0,"25":0,"26":0.006194,"27":0,"28":0,"29":0,"30":0,"31":0.006194,"32":0,"33":0.006194,"34":0.012388,"35":0,"36":0,"37":0,"38":0.018582,"39":0.006194,"40":0.006194,"41":0.018582,"42":0.049552,"43":0.006194,"44":0,"45":0.012388,"46":0.012388,"47":0.006194,"48":0.012388,"49":0.266342,"50":0.006194,"51":0.018582,"52":0.049552,"53":0.012388,"54":0.043358,"55":0.055746,"56":0.037164,"57":0.06194,"58":0.074328,"59":0.111492,"60":0.09291,"61":0.117686,"62":0.272536,"63":11.564198,"64":0.3097,"65":0.018582,"66":0,"67":0},"firefox":{"2":0,"3":0,"3.5":0,"3.6":0.006194,"4":0,"5":0,"6":0,"7":0,"8":0,"9":0,"10":0,"11":0,"12":0,"13":0,"14":0,"15":0,"16":0.006194,"17":0,"18":0,"19":0,"20":0,"21":0,"22":0,"23":0,"24":0.006194,"25":0,"26":0,"27":0,"28":0,"29":0,"30":0,"31":0.012388,"32":0.03097,"33":0.006194,"34":0.006194,"35":0.006194,"36":0.006194,"37":0.006194,"38":0.074328,"39":0.006194,"40":0.006194,"41":0.018582,"42":0.012388,"43":0.012388,"44":0.006194,"45":0.068134,"46":0.012388,"47":0.03097,"48":0.198208,"49":0.03097,"50":0.055746,"51":0.049552,"52":0.786638,"53":0.086716,"54":0.055746,"55":0.037164,"56":0.111492,"57":4.92423,"58":0.532684,"59":0.012388,"60":0,"61":0},"opera":{"9":0,"9.5-9.6":0,"10.0-10.1":0,"10.5":0,"10.6":0,"11":0,"11.1":0,"11.5":0,"11.6":0,"12":0,"12.1":0.024776,"15":0,"16":0,"17":0,"18":0,"19":0,"20":0,"21":0,"22":0,"23":0,"24":0,"25":0,"26":0,"27":0,"28":0,"29":0,"30":0,"31":0,"32":0.006194,"33":0.006194,"34":0,"35":0,"36":0.006194,"37":0,"38":0,"39":0,"40":0,"41":0,"42":0,"43":0.006194,"44":0,"45":0.006194,"46":0.006194,"47":0.006194,"48":0.006194,"49":0.241566,"50":0.266342,"51":0,"52":0},"safari":{"3.1":0,"3.2":0,"4":0,"5":0.018582,"5.1":0.080522,"6":0.012388,"6.1":0.049552,"7":0.012388,"7.1":0,"8":0.068134,"9":0.049552,"9.1":0.439774,"10":0.24776,"10.1":0.848578,"11":3.580132,"11.1":0.006194,"0":null},"ios_saf":{"3.2":0.00726242164329,"4.0-4.1":0,"4.2-4.3":0.101673903006,"5.0-5.1":0.0653617947896,"6.0-6.1":0.0326808973948,"7.0-7.1":0.196085384369,"8":0.050836951503,"8.1-8.4":0.326808973948,"9.0-9.2":0.33044018477,"9.3":1.53237096673,"10.0-10.2":1.91727931383,"10.3":4.15773639078,"11.0-11.2":27.5209468172,"11.3":null},"android":{"2.1":0,"2.2":0,"2.3":0,"3":0,"4":0,"4.1":0.0473271838006,"4.2-4.3":0.141981551402,"4.4":0.417014996885,"4.4.3-4.4.4":0.253602267913,"62":null},"op_mob":{"10":null,"11":null,"11.1":null,"11.5":null,"12":null,"12.1":null,"0":null},"ie":{"5.5":0,"6":0.0062008745838,"7":0,"8":0.031004372919,"9":0.062008745838,"10":0.0682096204218,"11":5.41956438624},"edge":{"12":0.006194,"13":0.037164,"14":0.229178,"15":0.637982,"16":1.926334,"17":0},"samsung":{"4":0.49005,"5":0.34848,"6.2":2.92941},"ie_mob":{"10":0.0126866666667,"11":0.101493333333},"bb":{"7":0.003806,"10":0.015224},"and_uc":{"0":0.15224},"op_mini":{"0":0.122511347079},"and_chr":{"0":20.288198},"baidu":{"0":null},"and_ff":{"0":0.395824},"and_qq":{"1.2":null}},"total":96.9120753471}