{"id":"CI","name":"Cote d'Ivoire","month":"2022-02","access_date":"2022-03-03","data":{"firefox":{"2":null,"3":null,"3.5":null,"3.6":null,"4":null,"5":null,"6":null,"7":null,"8":null,"9":null,"10":null,"11":null,"12":null,"13":null,"14":null,"15":null,"16":null,"17":null,"18":null,"19":null,"20":null,"21":null,"22":null,"23":null,"24":null,"25":null,"26":null,"27":null,"28":null,"29":null,"30":null,"31":null,"32":null,"33":null,"34":null,"35":null,"36":null,"37":null,"38":0.00303,"39":null,"40":null,"41":0.00606,"42":null,"43":0.00303,"44":null,"45":null,"46":null,"47":0.00606,"48":null,"49":null,"50":null,"51":null,"52":0.04239,"53":null,"54":null,"55":null,"56":0.00303,"57":null,"58":null,"59":null,"60":0.00908,"61":null,"62":null,"63":null,"64":null,"65":null,"66":null,"67":0.00303,"68":0.01211,"69":null,"70":0.00908,"71":0.00303,"72":0.0212,"73":null,"74":null,"75":0.00303,"76":null,"77":null,"78":0.01514,"79":null,"80":null,"81":0.00303,"82":0.00303,"83":0.00303,"84":0.00606,"85":null,"86":null,"87":null,"88":0.00303,"89":0.01211,"90":null,"91":0.04542,"92":0.00303,"93":0.00908,"94":0.01514,"95":0.03331,"96":0.84178,"97":1.62301,"98":0.01817,"99":null},"chrome":{"4":null,"5":null,"6":null,"7":null,"8":null,"9":null,"10":null,"11":0.07267,"12":null,"13":null,"14":null,"15":null,"16":null,"17":null,"18":null,"19":null,"20":null,"21":null,"22":null,"23":null,"24":null,"25":null,"26":null,"27":null,"28":null,"29":null,"30":null,"31":null,"32":null,"33":null,"34":null,"35":null,"36":null,"37":null,"38":0.00606,"39":null,"40":0.01514,"41":null,"42":0.00303,"43":null,"44":null,"45":null,"46":null,"47":null,"48":null,"49":0.02422,"50":0.00303,"51":null,"52":null,"53":null,"54":null,"55":null,"56":0.00303,"57":null,"58":0.00303,"59":null,"60":null,"61":0.00303,"62":0.00303,"63":0.00908,"64":null,"65":0.00606,"66":0.05148,"67":0.01211,"68":null,"69":0.00908,"70":0.03331,"71":0.00606,"72":0.00908,"73":0.00908,"74":0.0757,"75":0.03028,"76":0.0212,"77":0.0212,"78":0.05753,"79":0.05148,"80":0.04542,"81":0.04239,"83":0.03028,"84":0.05148,"85":0.03634,"86":0.07267,"87":0.14534,"88":0.03634,"89":0.08781,"90":0.07873,"91":0.09387,"92":0.20893,"93":0.10901,"94":0.12112,"95":0.17865,"96":0.69947,"97":5.18091,"98":11.83342,"99":0.03634,"100":0.03331,"101":0.00606},"opera":{"9":null,"9.5-9.6":null,"10.0-10.1":0,"10.5":null,"10.6":null,"11":null,"11.1":null,"11.5":null,"11.6":null,"12":null,"12.1":null,"15":null,"16":null,"17":null,"18":null,"19":null,"20":null,"21":null,"22":null,"23":null,"24":null,"25":null,"26":null,"27":null,"28":null,"29":null,"30":null,"31":null,"32":null,"33":null,"34":null,"35":null,"36":null,"37":null,"38":null,"39":null,"40":null,"41":null,"42":null,"43":null,"44":null,"45":null,"46":null,"47":null,"48":null,"49":null,"50":null,"51":null,"52":null,"53":null,"54":null,"55":null,"56":null,"57":null,"58":null,"60":null,"62":null,"63":null,"64":null,"65":null,"66":null,"67":null,"68":null,"69":null,"70":0.01514,"71":null,"72":null,"73":null,"74":null,"75":null,"76":null,"77":null,"78":null,"79":0.00303,"80":0.01211,"81":0.00908,"82":0.08478,"83":0.62074},"edge":{"12":0.06056,"13":0.00606,"14":0.00606,"15":0.00606,"16":null,"17":0.00606,"18":0.03028,"79":null,"80":null,"81":null,"83":null,"84":0.00606,"85":0.00606,"86":null,"87":null,"88":null,"89":0.01211,"90":0.00303,"91":null,"92":0.01514,"93":0.00606,"94":0.00606,"95":0.01211,"96":0.02725,"97":0.44814,"98":1.53217},"safari":{"3.1":null,"3.2":null,"4":0,"5":null,"5.1":null,"6":null,"6.1":null,"7":null,"7.1":null,"8":null,"9":null,"9.1":0.00606,"10":null,"10.1":0.00303,"11":null,"11.1":0.00908,"12":null,"12.1":0.01211,"13":0.00606,"13.1":0.03634,"14":0.06359,"14.1":0.08781,"15":0.02422,"15.1":0.06056,"15.2-15.3":0.08781,"15.4":0.00303,"0":null},"ios_saf":{"3.2":0,"4.0-4.1":0,"4.2-4.3":0,"5.0-5.1":0.00142,"6.0-6.1":0,"7.0-7.1":0.01705,"8":0.00142,"8.1-8.4":0,"9.0-9.2":0.00142,"9.3":0.15486,"10.0-10.2":0,"10.3":0.19322,"11.0-11.2":0.50295,"11.3-11.4":0.11224,"12.0-12.1":0.05825,"12.2-12.5":4.07049,"13.0-13.1":0.03268,"13.2":0.01279,"13.3":0.12361,"13.4-13.7":0.37224,"14.0-14.4":1.43923,"14.5-14.8":1.86688,"15.0-15.1":1.87115,"15.2-15.3":3.28765,"15.4":0.0824},"samsung":{"4":0.14791,"5.0-5.4":0.01056,"6.2-6.4":0.01056,"7.2-7.4":0.16904,"8.2":0.01049,"9.2":0.09508,"10.1":0.02035,"11.1-11.2":0.10565,"12.0":0.02113,"13.0":0.04226,"14.0":0.1796,"15.0":0.16904,"16.0":0.77124},"android":{"2.1":0,"2.2":0,"2.3":0,"3":0,"4":0.00338,"4.1":0.00725,"4.2-4.3":0.00145,"4.4":0,"4.4.3-4.4.4":0.03672,"0":0},"ie":{"5.5":null,"6":null,"7":null,"8":null,"9":null,"10":null,"11":0.06056},"op_mob":{"10":null,"11":null,"11.1":null,"11.5":null,"12":null,"12.1":null,"0":null},"bb":{"7":0,"10":0.01394},"ie_mob":{"10":null,"11":null},"baidu":{"0":null},"and_ff":{"0":0.1255},"and_qq":{"10.4":0.01394},"and_uc":{"0":0.2231},"op_mini":{"0":1.27392},"and_chr":{"0":55.51518},"kaios":{"2.5":0.01394}},"total":99.00301}