{"id":"CI","name":"Cote d'Ivoire","month":"2018-06","access_date":"2018-07-05","data":{"chrome":{"4":0,"5":0,"6":0,"7":0,"8":0,"9":0,"10":0,"11":0.003813,"12":0.003813,"13":0.003813,"14":0,"15":0,"16":0,"17":0,"18":0,"19":0,"20":0,"21":0,"22":0,"23":0.003813,"24":0,"25":0,"26":0.003813,"27":0.003813,"28":0.003813,"29":0.011439,"30":0.003813,"31":0.015252,"32":0.003813,"33":0.003813,"34":0.003813,"35":0,"36":0.007626,"37":0.003813,"38":0,"39":0,"40":0.007626,"41":0,"42":0,"43":0.049569,"44":0.003813,"45":0.003813,"46":0.007626,"47":0.003813,"48":0.003813,"49":0.835047,"50":0.019065,"51":0.007626,"52":0.003813,"53":0.011439,"54":0.003813,"55":0.022878,"56":0.011439,"57":0.019065,"58":0.064821,"59":0.022878,"60":0.129642,"61":0.034317,"62":0.049569,"63":0.080073,"64":0.072447,"65":0.175398,"66":2.733921,"67":5.551728,"68":0.011439,"69":0.022878,"70":0},"firefox":{"2":0,"3":0.003813,"3.5":0,"3.6":0.007626,"4":0,"5":0,"6":0,"7":0,"8":0,"9":0,"10":0,"11":0,"12":0.015252,"13":0,"14":0,"15":0.007626,"16":0.003813,"17":0,"18":0,"19":0,"20":0,"21":0,"22":0,"23":0.003813,"24":0,"25":0,"26":0,"27":0.003813,"28":0,"29":0.003813,"30":0.003813,"31":0,"32":0.095325,"33":0,"34":0,"35":0.003813,"36":0,"37":0,"38":0.003813,"39":0,"40":0.003813,"41":0.003813,"42":0.003813,"43":0.026691,"44":0.007626,"45":0.003813,"46":0.011439,"47":0.034317,"48":0.041943,"49":0.007626,"50":0.007626,"51":0.003813,"52":0.137268,"53":0.019065,"54":0.003813,"55":0.003813,"56":0.034317,"57":0.061008,"58":0.011439,"59":0.049569,"60":1.658655,"61":0.080073,"62":0.003813},"opera":{"9":0,"9.5-9.6":0,"10.0-10.1":0,"10.5":0,"10.6":0,"11":0,"11.1":0,"11.5":0,"11.6":0,"12":0.003813,"12.1":0.022878,"15":0.003813,"16":0.003813,"17":0.003813,"18":0,"19":0.003813,"20":0.030504,"21":0.003813,"22":0.003813,"23":0.007626,"24":0,"25":0,"26":0,"27":0,"28":0.007626,"29":0,"30":0.003813,"31":0,"32":0.003813,"33":0.003813,"34":0,"35":0.007626,"36":0.007626,"37":0.003813,"38":0,"39":0,"40":0.003813,"41":0,"42":0.003813,"43":0.003813,"44":0,"45":0.003813,"46":0,"47":0.007626,"48":0,"49":0,"50":0.003813,"51":0,"52":0.011439,"53":0.510942},"safari":{"3.1":0,"3.2":0,"4":0,"5":0.003813,"5.1":0.003813,"6":0.003813,"6.1":0,"7":0.003813,"7.1":0,"8":0.019065,"9":0.003813,"9.1":0.061008,"10":0.019065,"10.1":0.053382,"11":0.064821,"11.1":0.224967,"12":0,"0":null},"ios_saf":{"3.2":0.000534940946852,"4.0-4.1":0,"4.2-4.3":0.0010698818937,"5.0-5.1":0.00802411420278,"6.0-6.1":0.00427952757482,"7.0-7.1":0.0224675197678,"8":0.00641929136223,"8.1-8.4":0.0337012796517,"9.0-9.2":0.0256771654489,"9.3":0.153528051747,"10.0-10.2":0.168506398258,"10.3":0.386227363627,"11.0-11.2":0.867139274847,"11.3-11.4":3.65097196227,"12":0.0160482284056},"android":{"2.1":0,"2.2":0,"2.3":0,"3":0,"4":0,"4.1":0.138203390977,"4.2-4.3":0.315387225564,"4.4":1.16941330827,"4.4.3-4.4.4":0.733541075188,"67":null},"ie":{"5.5":0,"6":0.003813,"7":0,"8":0.015252,"9":0.003813,"10":0.007626,"11":0.11439},"op_mob":{"10":null,"11":null,"11.1":null,"11.5":null,"12":null,"12.1":null,"0":null},"edge":{"12":0.019065,"13":0.026691,"14":0.041943,"15":0.045756,"16":0.080073,"17":0.118203,"18":null},"samsung":{"4":0.468299654545,"5":0.132345554545,"6.2":0.376675809091,"7.2":null},"bb":{"7":0.0383594,"10":0.1534376},"ie_mob":{"10":0.0319661666667,"11":0.351627833333},"and_ff":{"0":0.482586},"and_qq":{"1.2":null},"and_uc":{"0":2.604727},"op_mini":{"0":10.1861088368},"and_chr":{"0":54.823263},"baidu":{"0":null}},"total":91.382376855}