{"id":"CK","name":"Cook Islands","month":"2019-08","access_date":"2019-09-04","data":{"chrome":{"4":0,"5":0,"6":0,"7":0,"8":0,"9":0,"10":0,"11":0,"12":0,"13":0,"14":0,"15":0,"16":0,"17":0,"18":0,"19":0,"20":0,"21":0,"22":0,"23":0,"24":0,"25":0,"26":0,"27":0,"28":0,"29":0,"30":0,"31":0,"32":0,"33":0,"34":0,"35":0,"36":0,"37":0,"38":0,"39":0,"40":0,"41":0,"42":0,"43":0,"44":0,"45":0,"46":0,"47":0,"48":0,"49":0.27139,"50":0,"51":0.003877,"52":0,"53":0,"54":0,"55":0.007754,"56":0.170588,"57":0,"58":0.003877,"59":0,"60":0,"61":0,"62":0,"63":0.07754,"64":0,"65":0.031016,"66":0.003877,"67":0.081417,"68":0,"69":0,"70":0.023262,"71":0.011631,"72":0.046524,"73":0.054278,"74":0.027139,"75":1.651602,"76":5.819377,"77":0,"78":0,"79":0},"firefox":{"2":0,"3":0,"3.5":0,"3.6":0,"4":0,"5":0,"6":0,"7":0,"8":0,"9":0,"10":0,"11":0,"12":0,"13":0,"14":0,"15":0,"16":0,"17":0,"18":0,"19":0,"20":0,"21":0,"22":0,"23":0,"24":0,"25":0,"26":0,"27":0,"28":0,"29":0,"30":0,"31":0,"32":0,"33":0,"34":0,"35":0,"36":0,"37":0,"38":0,"39":0,"40":0,"41":0,"42":0,"43":0,"44":0,"45":0,"46":0,"47":0,"48":0,"49":0,"50":0.023262,"51":0,"52":0.023262,"53":0,"54":0,"55":0,"56":0,"57":0,"58":0,"59":0,"60":0,"61":0,"62":0.007754,"63":0,"64":0.003877,"65":0,"66":0.011631,"67":0.089171,"68":0.841309,"69":0,"70":0,"71":0},"opera":{"9":0,"9.5-9.6":0,"10.0-10.1":0,"10.5":0,"10.6":0,"11":0,"11.1":0,"11.5":0,"11.6":0,"12":0,"12.1":0,"15":0,"16":0,"17":0,"18":0,"19":0,"20":0,"21":0,"22":0,"23":0,"24":0,"25":0,"26":0,"27":0,"28":0,"29":0,"30":0,"31":0,"32":0,"33":0,"34":0,"35":0,"36":0,"37":0.019385,"38":0,"39":0,"40":0,"41":0,"42":0,"43":0,"44":0,"45":0,"46":0,"47":0,"48":0,"49":0,"50":0,"51":0,"52":0,"53":0,"54":0,"55":0,"56":0,"57":0,"58":0,"60":0.007754,"62":0.069786},"safari":{"3.1":0,"3.2":0,"4":0,"5":0,"5.1":0,"6":0,"6.1":0,"7":0,"7.1":0,"8":0,"9":0,"9.1":0.003877,"10":0,"10.1":0,"11":0.019385,"11.1":0.027139,"12":0.031016,"12.1":0.201604,"13":0,"0":null},"ios_saf":{"3.2":0.0096218095857515,"4.0-4.1":0.0064145397238343,"4.2-4.3":0,"5.0-5.1":0.025658158895337,"6.0-6.1":0.0096218095857515,"7.0-7.1":0.041694508204923,"8":0.0032072698619172,"8.1-8.4":0.048109047928757,"9.0-9.2":0.04490177806684,"9.3":0.4682613998399,"10.0-10.2":0.2052652711627,"10.3":0.53240679707825,"11.0-11.2":0.61900308335001,"11.3-11.4":1.0744354037422,"12.0-12.1":2.0590672513508,"12.2-12.3":26.575438075846,"13":0.33034879577747},"android":{"2.1":0,"2.2":0.00066275779816514,"2.3":0.00055229816513761,"3":0.00022091926605505,"4":0.0049706834862385,"4.1":0.018999056880734,"4.2-4.3":0.053572922018349,"4.4":0,"4.4.3-4.4.4":0.041422362385321,"67":null},"edge":{"12":0.007754,"13":0.023262,"14":0.003877,"15":0.007754,"16":0.011631,"17":0.410962,"18":0.147326,"76":null},"op_mob":{"10":null,"11":null,"11.1":null,"11.5":null,"12":null,"12.1":null,"0":null},"ie":{"5.5":0,"6":0,"7":0,"8":2.28743,"9":0,"10":0,"11":0.597058},"samsung":{"4":0.29266437423313,"5.0-5.4":0.020904598159509,"6.2-6.4":0.17768908435583,"7.2-7.4":0.20904598159509,"8.2":1.620106357362,"9.2":4.4944886042945},"ie_mob":{"10":0,"11":0.018369},"bb":{"7":0,"10":0},"and_chr":{"0":43.683031},"baidu":{"0":null},"and_ff":{"0":0.214305},"and_uc":{"0":0.146952},"kaios":{"2.5":0},"and_qq":{"1.2":0},"op_mini":{"0":0.24346815463918}},"total":96.457295154639}