{"id":"CK","name":"Cook Islands","month":"2018-09","access_date":"2018-10-03","data":{"chrome":{"4":0,"5":0,"6":0,"7":0,"8":0,"9":0,"10":0,"11":0.005639,"12":0,"13":0,"14":0,"15":0,"16":0,"17":0,"18":0,"19":0,"20":0,"21":0,"22":0,"23":0,"24":0,"25":0,"26":0,"27":0,"28":0,"29":0,"30":0,"31":0,"32":0,"33":0,"34":0,"35":0,"36":0,"37":0,"38":0,"39":0,"40":0,"41":0,"42":0,"43":0,"44":0,"45":0,"46":0,"47":0.005639,"48":0,"49":0.219921,"50":0,"51":0.011278,"52":0,"53":0,"54":0.005639,"55":0,"56":0.005639,"57":0.016917,"58":0,"59":0,"60":0.011278,"61":0,"62":0.078946,"63":0.033834,"64":0.11278,"65":0.011278,"66":0,"67":0.135336,"68":6.152149,"69":3.236786,"70":0,"71":0,"72":null},"firefox":{"2":0,"3":0,"3.5":0,"3.6":0,"4":0,"5":0.005639,"6":0,"7":0,"8":0,"9":0,"10":0,"11":0,"12":0.039473,"13":0,"14":0,"15":0,"16":0,"17":0,"18":0,"19":0,"20":0,"21":0,"22":0,"23":0,"24":0,"25":0,"26":0,"27":0,"28":0.011278,"29":0,"30":0.005639,"31":0,"32":0,"33":0,"34":0,"35":0,"36":0,"37":0,"38":0,"39":0,"40":0,"41":0,"42":0,"43":0,"44":0.005639,"45":0.011278,"46":0,"47":0,"48":0.016917,"49":0.005639,"50":0,"51":0,"52":0.033834,"53":0,"54":0,"55":0,"56":0.005639,"57":0.011278,"58":0,"59":0.005639,"60":0.129697,"61":0.5639,"62":0.637207,"63":0,"64":0},"opera":{"9":0,"9.5-9.6":0,"10.0-10.1":0,"10.5":0,"10.6":0,"11":0,"11.1":0,"11.5":0,"11.6":0,"12":0,"12.1":0,"15":0,"16":0,"17":0,"18":0,"19":0,"20":0,"21":0,"22":0,"23":0,"24":0,"25":0,"26":0,"27":0,"28":0,"29":0,"30":0,"31":0,"32":0,"33":0,"34":0,"35":0,"36":0,"37":0.011278,"38":0,"39":0,"40":0,"41":0,"42":0,"43":0,"44":0,"45":0,"46":0,"47":0,"48":0,"49":0,"50":0,"51":0,"52":0,"53":0,"54":0.005639,"55":0.062029},"safari":{"3.1":0,"3.2":0,"4":0.062029,"5":0,"5.1":0,"6":0,"6.1":0,"7":0,"7.1":0,"8":0,"9":0.005639,"9.1":0.005639,"10":0,"10.1":0.084585,"11":0.022556,"11.1":0.417286,"12":0.310145,"0":null},"ios_saf":{"3.2":0.00269213765142,"4.0-4.1":0,"4.2-4.3":0.00269213765142,"5.0-5.1":0.0376899271198,"6.0-6.1":0.0188449635599,"7.0-7.1":0.0780719918911,"8":0.0269213765142,"8.1-8.4":0.161528259085,"9.0-9.2":0.102301230754,"9.3":0.662265862248,"10.0-10.2":0.953016728601,"10.3":1.25184400791,"11.0-11.2":2.57368359475,"11.3-11.4":18.7265095033,"12":2.29370127901},"android":{"2.1":0,"2.2":0.000445217654172,"2.3":0.0031165235792,"3":0.000445217654172,"4":0.0342817593712,"4.1":0.0244869709794,"4.2-4.3":0.0948313603386,"4.4":0,"4.4.3-4.4.4":0.210587950423,"67":null},"op_mob":{"10":null,"11":null,"11.1":null,"11.5":null,"12":null,"12.1":null,"0":null},"ie":{"5.5":0,"6":0,"7":0,"8":4.573229,"9":0,"10":0.005639,"11":11.481004},"edge":{"12":0,"13":0.045112,"14":0.033834,"15":0.033834,"16":0.050751,"17":0.744348,"18":null},"samsung":{"4":0.35003255,"5":0.195606425,"6.2":0.22649165,"7.2":null},"bb":{"7":0,"10":0},"ie_mob":{"10":0,"11":0.100303},"baidu":{"0":null},"and_ff":{"0":0.252938},"and_qq":{"1.2":null},"and_uc":{"0":0.497154},"op_mini":{"0":0.173405948454},"and_chr":{"0":37.156966}},"total":95.6991865735}