{"id":"CK","name":"Cook Islands","month":"2015-12","access_date":"2016-01-02","data":{"firefox":{"2":0,"3":0,"3.5":0.016548,"3.6":0.016548,"4":0,"5":0.008274,"6":0.008274,"7":0,"8":0,"9":0,"10":0.016548,"11":0,"12":0,"13":0.008274,"14":0,"15":0.008274,"16":0.008274,"17":0,"18":0,"19":0,"20":0,"21":0,"22":0,"23":0,"24":0,"25":0,"26":0,"27":0,"28":0.099288,"29":0.08274,"30":0.024822,"31":0,"32":0.016548,"33":0.099288,"34":0.024822,"35":0.08274,"36":0,"37":0.024822,"38":0.173754,"39":0.04137,"40":0.322686,"41":0.157206,"42":6.213774,"43":1.133538,"44":0.016548,"45":0,"46":0},"chrome":{"4":0.016548,"5":0,"6":0,"7":0,"8":0,"9":0,"10":0,"11":0,"12":0.024822,"13":0,"14":0,"15":0,"16":0,"17":0,"18":0,"19":0,"20":0,"21":0,"22":0,"23":0,"24":0,"25":0.008274,"26":0.008274,"27":0,"28":0.066192,"29":0,"30":0.008274,"31":0.04137,"32":0.049644,"33":0.008274,"34":0.008274,"35":0.008274,"36":0.016548,"37":0,"38":0.016548,"39":0,"40":0.033096,"41":0.08274,"42":0.057918,"43":0.562632,"44":0.057918,"45":0.20685,"46":5.527032,"47":9.84606,"48":0.04137,"49":0,"50":0},"opera":{"9":0,"9.5-9.6":0,"10.0-10.1":0,"10.5":0,"10.6":0,"11":0,"11.1":0,"11.5":0,"11.6":0,"12":0,"12.1":0.049644,"15":0,"16":0,"17":0,"18":0,"19":0,"20":0,"21":0,"22":0,"23":0,"24":0,"25":0,"26":0,"27":0,"28":0,"29":0,"30":0,"31":0,"32":0,"33":0.074466,"34":0.08274,"35":0,"36":0},"safari":{"3.1":0,"3.2":0,"4":0.016548,"5":0,"5.1":0.074466,"6":0.074466,"6.1":0.04137,"7":0.066192,"7.1":0.115836,"8":0.587454,"9":0.901866},"android":{"2.1":0,"2.2":0,"2.3":0.0206357845777,"3":0,"4":0.0596144887801,"4.1":0.282022389229,"4.2-4.3":0.620219969808,"4.4":1.20490053284,"4.4.3-4.4.4":0.622512834761,"46":null},"ios_saf":{"3.2":0,"4.0-4.1":0,"4.2-4.3":0,"5.0-5.1":0,"6.0-6.1":0,"7.0-7.1":0.326606784928,"8":0.0434928633195,"8.1-8.4":1.08321848268,"9.0-9.2":6.66999986908},"op_mob":{"10":0,"11":0,"11.1":0,"11.5":0,"12":0,"12.1":1.48437649307e-5,"0":0.000348828475872},"ie":{"5.5":0,"6":0.008274,"7":0.016548,"8":3.532998,"9":0.264768,"10":0.446796,"11":5.287086},"bb":{"7":0,"10":null},"ie_mob":{"10":0.0434080934579,"11":0.194779906542},"edge":{"12":null,"13":null,"14":null},"and_uc":{"0":0.417692},"op_mini":{"5.0-8.0":0.108374327759},"and_chr":{"0":9.52809},"and_ff":{"0":0.020712}},"total":58.190054}