{"id":"CL","name":"Chile","month":"2014-08","access_date":"2014-09-01","data":{"chrome":{"4":null,"5":null,"6":null,"7":null,"8":null,"9":null,"10":null,"11":0.064629,"12":0.021543,"13":0.014362,"14":null,"15":0.007181,"16":0.014362,"17":null,"18":0.028724,"19":null,"20":0.007181,"21":0.035905,"22":0.114896,"23":0.021543,"24":0.028724,"25":0.028724,"26":0.078991,"27":0.100534,"28":0.064629,"29":0.07181,"30":0.07181,"31":0.531394,"32":0.330326,"33":0.653471,"34":0.868901,"35":2.577979,"36":43.409145,"37":1.285399,"38":0.100534,"39":0.007181,"40":null},"firefox":{"2":null,"3":0.021543,"3.5":0.007181,"3.6":0.057448,"4":0.007181,"5":0.007181,"6":null,"7":null,"8":null,"9":0.014362,"10":0.014362,"11":0.021543,"12":0.035905,"13":0.014362,"14":0.014362,"15":0.014362,"16":0.035905,"17":0.021543,"18":0.014362,"19":0.021543,"20":0.028724,"21":0.035905,"22":0.035905,"23":0.021543,"24":0.043086,"25":0.028724,"26":0.057448,"27":0.07181,"28":0.057448,"29":0.100534,"30":0.387774,"31":7.590317,"32":0.050267,"33":null,"34":0.007181},"opera":{"9":null,"9.5-9.6":null,"10.0-10.1":0,"10.5":null,"10.6":null,"11":null,"11.1":null,"11.5":null,"11.6":null,"12":null,"12.1":0.078991,"15":null,"16":0.007181,"17":null,"18":0.014362,"19":0.007181,"20":0.028724,"21":0.014362,"22":0.021543,"23":0.452403,"24":0.043086,"25":null},"safari":{"3.1":null,"3.2":null,"4":0.043086,"5":0.107715,"5.1":0.294421,"6":0.129258,"6.1":0.272878,"7":0.983797,"8":0.014362},"android":{"2.1":0.00780082917083,"2.2":0.0546058041958,"2.3":1.06091276723,"3":0,"4":0.826887892108,"4.1":2.06721973027,"4.2-4.3":2.16082968032,"4.4":1.6303732967,"4.4.3":null},"op_mob":{"10":0,"11":0,"11.1":0,"11.5":0,"12":0.00472242735043,"12.1":0.0259733504274,"0":null},"ie":{"5.5":null,"6":0.0365545970395,"7":0.0877310328947,"8":1.92277180428,"9":1.00890687829,"10":1.92277180428,"11":3.91134188322},"ios_saf":{"3.2":0,"4.0-4.1":0,"4.2-4.3":0,"5.0-5.1":0.0439533064972,"6.0-6.1":0.221560544996,"7.0-7.1":4.18004914851,"8":0},"bb":{"7":0.01620925,"10":null},"and_ff":{"0":0.138131},"ie_mob":{"10":0.61733281},"op_mini":{"5.0-7.0":1.74527422222},"and_chr":{"0":12.682681}},"total":98.26763406}