{"id":"CL","name":"Chile","month":"2019-07","access_date":"2019-08-05","data":{"chrome":{"4":0,"5":0,"6":0,"7":0,"8":0,"9":0,"10":0,"11":0,"12":0,"13":0,"14":0,"15":0,"16":0,"17":0,"18":0,"19":0,"20":0,"21":0,"22":0.012528,"23":0,"24":0,"25":0,"26":0.006264,"27":0,"28":0,"29":0,"30":0,"31":0,"32":0,"33":0,"34":0.012528,"35":0,"36":0,"37":0,"38":0.037584,"39":0.006264,"40":0.006264,"41":0.006264,"42":0,"43":0.006264,"44":0,"45":0,"46":0.006264,"47":0,"48":0.006264,"49":0.369576,"50":0.006264,"51":0.006264,"52":0.006264,"53":0.03132,"54":0.006264,"55":0.006264,"56":0.012528,"57":0.012528,"58":0.025056,"59":0.006264,"60":0.018792,"61":0.162864,"62":0.012528,"63":0.043848,"64":0.018792,"65":0.068904,"66":0.025056,"67":0.131544,"68":0.03132,"69":0.050112,"70":0.087696,"71":0.12528,"72":0.12528,"73":0.212976,"74":0.613872,"75":26.114616,"76":0.09396,"77":0.018792,"78":0,"79":0},"firefox":{"2":0,"3":0,"3.5":0,"3.6":0,"4":0,"5":0,"6":0,"7":0,"8":0,"9":0,"10":0,"11":0,"12":0,"13":0,"14":0,"15":0,"16":0,"17":0,"18":0,"19":0,"20":0,"21":0,"22":0,"23":0,"24":0,"25":0,"26":0,"27":0,"28":0,"29":0,"30":0,"31":0,"32":0,"33":0,"34":0,"35":0,"36":0,"37":0,"38":0,"39":0,"40":0,"41":0,"42":0,"43":0,"44":0,"45":0,"46":0,"47":0.006264,"48":0.037584,"49":0,"50":0,"51":0,"52":0.050112,"53":0,"54":0,"55":0,"56":0.012528,"57":0,"58":0.006264,"59":0.006264,"60":0.056376,"61":0.006264,"62":0.006264,"63":0.006264,"64":0.012528,"65":0.018792,"66":0.037584,"67":0.902016,"68":1.171368,"69":0.025056,"70":0},"opera":{"9":0,"9.5-9.6":0,"10.0-10.1":0,"10.5":0,"10.6":0,"11":0,"11.1":0,"11.5":0,"11.6":0,"12":0,"12.1":0,"15":0,"16":0,"17":0,"18":0,"19":0,"20":0,"21":0,"22":0,"23":0,"24":0,"25":0,"26":0,"27":0,"28":0,"29":0,"30":0,"31":0,"32":0,"33":0,"34":0,"35":0,"36":0.006264,"37":0,"38":0,"39":0,"40":0,"41":0,"42":0,"43":0,"44":0,"45":0,"46":0,"47":0,"48":0,"49":0,"50":0,"51":0,"52":0,"53":0.037584,"54":0,"55":0,"56":0.006264,"57":0,"58":0.006264,"60":0.350784,"62":0.620136},"safari":{"3.1":0,"3.2":0,"4":0,"5":0,"5.1":0.006264,"6":0,"6.1":0,"7":0.006264,"7.1":0,"8":0.181656,"9":0.006264,"9.1":0.025056,"10":0.018792,"10.1":0.137808,"11":0.081432,"11.1":0.244296,"12":0.338256,"12.1":1.528416,"13":0.018792,"0":null},"ios_saf":{"3.2":0,"4.0-4.1":0,"4.2-4.3":0,"5.0-5.1":0.0095467525410084,"6.0-6.1":0.0038187010164033,"7.0-7.1":0.013365453557412,"8":0,"8.1-8.4":0.019093505082017,"9.0-9.2":0.016229479319714,"9.3":0.16038544268894,"10.0-10.2":0.066827267787058,"10.3":0.17566024675455,"11.0-11.2":0.19379907658247,"11.3-11.4":0.37136867384522,"12.0-12.1":0.75514812599376,"12.2-12.3":7.7013652748314,"13":null},"android":{"2.1":0,"2.2":0,"2.3":0.0012430285152409,"3":0.0040398426745329,"4":0.019577699115044,"4.1":0.030454198623402,"4.2-4.3":0.12399209439528,"4.4":0,"4.4.3-4.4.4":0.1367331366765,"67":null},"ie":{"5.5":0,"6":0,"7":0,"8":0.031809375,"9":0.019085625,"10":0.019085625,"11":0.337179375},"edge":{"12":0.006264,"13":0.006264,"14":0.012528,"15":0.006264,"16":0.025056,"17":0.444744,"18":0.18792,"76":null},"op_mob":{"10":null,"11":null,"11.1":null,"11.5":null,"12":null,"12.1":null,"0":null},"samsung":{"4":0.26544095049505,"5.0-5.4":0.010209267326733,"6.2-6.4":0.040837069306931,"7.2-7.4":0.11230194059406,"8.2":0.091883405940594,"9.2":1.5415993663366},"ie_mob":{"10":0,"11":0.01868},"bb":{"7":0,"10":0},"kaios":{"2.5":0},"baidu":{"0":null},"and_ff":{"0":0.11208},"and_uc":{"0":0.041096},"and_qq":{"1.2":0.003736},"op_mini":{"0":0.1627021580756},"and_chr":{"0":50.384304}},"total":98.217150158076}