{"id":"CM","name":"Cameroon","month":"2019-09","access_date":"2019-10-06","data":{"chrome":{"4":0,"5":0,"6":0,"7":0,"8":0,"9":0,"10":0,"11":0.007704,"12":0,"13":0,"14":0,"15":0,"16":0,"17":0,"18":0,"19":0,"20":0,"21":0,"22":0,"23":0,"24":0,"25":0,"26":0,"27":0.003852,"28":0.003852,"29":0.003852,"30":0,"31":0,"32":0,"33":0.034668,"34":0,"35":0.003852,"36":0.011556,"37":0.003852,"38":0,"39":0,"40":0.007704,"41":0,"42":0.003852,"43":0.015408,"44":0.003852,"45":0,"46":0.003852,"47":0,"48":0.003852,"49":0.0963,"50":0.007704,"51":0.003852,"52":0,"53":0.015408,"54":0.011556,"55":0.011556,"56":0.015408,"57":0.003852,"58":0.026964,"59":0,"60":0.015408,"61":0.011556,"62":0.007704,"63":0.050076,"64":0.007704,"65":0.053928,"66":0.007704,"67":0.026964,"68":0.007704,"69":0.030816,"70":0.030816,"71":0.03852,"72":0.026964,"73":0.034668,"74":0.073188,"75":0.11556,"76":3.424428,"77":1.163304,"78":0.011556,"79":0.003852,"80":0},"firefox":{"2":0,"3":0.003852,"3.5":0,"3.6":0.003852,"4":0,"5":0,"6":0,"7":0,"8":0,"9":0,"10":0,"11":0,"12":0,"13":0,"14":0,"15":0,"16":0,"17":0,"18":0,"19":0.003852,"20":0,"21":0,"22":0,"23":0,"24":0,"25":0,"26":0,"27":0,"28":0,"29":0,"30":0.003852,"31":0.003852,"32":0.015408,"33":0,"34":0.003852,"35":0.003852,"36":0.003852,"37":0.003852,"38":0.003852,"39":0.003852,"40":0.003852,"41":0.003852,"42":0.003852,"43":0.01926,"44":0.003852,"45":0.011556,"46":0.003852,"47":0.042372,"48":0.03852,"49":0.015408,"50":0.007704,"51":0.003852,"52":0.111708,"53":0.011556,"54":0.003852,"55":0.015408,"56":0.023112,"57":0.011556,"58":0.011556,"59":0.007704,"60":0.080892,"61":0.011556,"62":0.01926,"63":0.015408,"64":0.011556,"65":0.023112,"66":0.034668,"67":0.07704,"68":0.7704,"69":1.991484,"70":0.100152,"71":0},"opera":{"9":0,"9.5-9.6":0,"10.0-10.1":0,"10.5":0,"10.6":0,"11":0,"11.1":0,"11.5":0,"11.6":0,"12":0,"12.1":0.042372,"15":0,"16":0.003852,"17":0,"18":0,"19":0.003852,"20":0.01926,"21":0,"22":0,"23":0.011556,"24":0,"25":0,"26":0,"27":0,"28":0,"29":0,"30":0.003852,"31":0,"32":0.003852,"33":0,"34":0,"35":0,"36":0.003852,"37":0,"38":0.003852,"39":0,"40":0,"41":0,"42":0.003852,"43":0,"44":0,"45":0,"46":0,"47":0,"48":0.003852,"49":0,"50":0,"51":0,"52":0,"53":0.034668,"54":0.007704,"55":0,"56":0,"57":0.003852,"58":0.003852,"60":0.003852,"62":0.142524},"safari":{"3.1":0,"3.2":0,"4":0,"5":0,"5.1":1.706436,"6":0,"6.1":0,"7":0,"7.1":0,"8":0.003852,"9":0.003852,"9.1":0.003852,"10":0.003852,"10.1":0.034668,"11":0.011556,"11.1":0.015408,"12":0.007704,"12.1":0.080892,"13":0.003852,"13.1":0,"0":null},"ios_saf":{"3.2":0.0016006501200961,"4.0-4.1":0.00080032506004804,"4.2-4.3":0,"5.0-5.1":0.0028011377101681,"6.0-6.1":0,"7.0-7.1":0.0032013002401922,"8":0,"8.1-8.4":0.0060024379503603,"9.0-9.2":0.0068027630104083,"9.3":0.049219991192954,"10.0-10.2":0.023609589271417,"10.3":0.059624216973579,"11.0-11.2":0.064826329863891,"11.3-11.4":0.11724762129704,"12.0-12.1":0.19687996477182,"12.2-12.3":3.1856939015212,"13.0-13.1":0.28011377101681},"android":{"2.1":0,"2.2":0.011180378109453,"2.3":0.0060983880597015,"3":0.0071147860696517,"4":0.03963952238806,"4.1":0.090459422885572,"4.2-4.3":0.53462535323383,"4.4":0,"4.4.3-4.4.4":0.33236214925373,"76":null},"samsung":{"4":0.58755318181818,"5.0-5.4":0.12156272727273,"6.2-6.4":0.040520909090909,"7.2-7.4":0.15195340909091,"8.2":0.081041818181818,"9.2":0.61794386363636,"10.1":0.18234409090909},"edge":{"12":0.026964,"13":0.023112,"14":0.05778,"15":0.061632,"16":0.01926,"17":0.15408,"18":0.142524,"76":null},"op_mob":{"10":null,"11":null,"11.1":null,"11.5":null,"12":null,"12.1":null,"0":null},"ie":{"5.5":0,"6":0,"7":0,"8":0.055028571428571,"9":0,"10":0.011791836734694,"11":0.12577959183673},"ie_mob":{"10":0.023274571428571,"11":0.30256942857143},"bb":{"7":0,"10":0.06148},"and_chr":{"0":59.146588},"baidu":{"0":null},"and_ff":{"0":0.448804},"and_uc":{"0":1.991952},"and_qq":{"1.2":0.036888},"kaios":{"2.5":0.067628},"op_mini":{"0":11.297647195876}},"total":92.028407195876}