{"id":"CM","name":"Cameroon","month":"2018-01","access_date":"2018-02-05","data":{"chrome":{"4":0,"5":0,"6":0,"7":0,"8":0,"9":0,"10":0,"11":0.009964,"12":0,"13":0.002491,"14":0,"15":0,"16":0,"17":0,"18":0,"19":0.002491,"20":0,"21":0,"22":0,"23":0,"24":0,"25":0.004982,"26":0,"27":0,"28":0.004982,"29":0.007473,"30":0,"31":0.004982,"32":0,"33":0.002491,"34":0,"35":0.004982,"36":0.007473,"37":0,"38":0,"39":0,"40":0.007473,"41":0,"42":0.007473,"43":0.034874,"44":0.002491,"45":0,"46":0.007473,"47":0.002491,"48":0.004982,"49":0.087185,"50":0.007473,"51":0.007473,"52":0.002491,"53":0.007473,"54":0.002491,"55":0.022419,"56":0.019928,"57":0.029892,"58":0.037365,"59":0.012455,"60":0.017437,"61":0.042347,"62":0.052311,"63":1.888178,"64":0.069748,"65":0.012455,"66":0,"67":0},"firefox":{"2":0,"3":0.017437,"3.5":0,"3.6":0.004982,"4":0,"5":0.002491,"6":0,"7":0,"8":0,"9":0,"10":0,"11":0,"12":0.002491,"13":0,"14":0,"15":0,"16":0.004982,"17":0.002491,"18":0,"19":0,"20":0.002491,"21":0.004982,"22":0.002491,"23":0.002491,"24":0.002491,"25":0.002491,"26":0.002491,"27":0.002491,"28":0.002491,"29":0.004982,"30":0.009964,"31":0.007473,"32":0.017437,"33":0.004982,"34":0.012455,"35":0.009964,"36":0.009964,"37":0.007473,"38":0.009964,"39":0.007473,"40":0.009964,"41":0.009964,"42":0.007473,"43":0.059784,"44":0.012455,"45":0.039856,"46":0.007473,"47":0.07473,"48":0.059784,"49":0.037365,"50":0.014946,"51":0.009964,"52":0.184334,"53":0.009964,"54":0.012455,"55":0.034874,"56":0.064766,"57":1.377523,"58":0.191807,"59":0.019928,"60":0,"61":0},"opera":{"9":0,"9.5-9.6":0,"10.0-10.1":0,"10.5":0,"10.6":0,"11":0,"11.1":0,"11.5":0,"11.6":0.002491,"12":0,"12.1":0.027401,"15":0,"16":0.002491,"17":0,"18":0.007473,"19":0.007473,"20":0.02491,"21":0.002491,"22":0.002491,"23":0.012455,"24":0,"25":0,"26":0,"27":0,"28":0.004982,"29":0.007473,"30":0.007473,"31":0,"32":0.017437,"33":0,"34":0,"35":0.007473,"36":0.009964,"37":0.002491,"38":0,"39":0,"40":0,"41":0,"42":0.007473,"43":0.017437,"44":0.004982,"45":0.009964,"46":0.002491,"47":0.002491,"48":0.009964,"49":0.154442,"50":0.156933,"51":0,"52":0},"safari":{"3.1":0,"3.2":0,"4":0,"5":0.002491,"5.1":0,"6":0,"6.1":0,"7":0,"7.1":0,"8":0.012455,"9":0.002491,"9.1":0.009964,"10":0.002491,"10.1":0.012455,"11":0.027401,"11.1":0,"0":null},"ios_saf":{"3.2":0.000381296793587,"4.0-4.1":0,"4.2-4.3":0.00533815511022,"5.0-5.1":0.00343167114228,"6.0-6.1":0.00171583557114,"7.0-7.1":0.0102950134269,"8":0.00266907755511,"8.1-8.4":0.0171583557114,"9.0-9.2":0.0173490041082,"9.3":0.0804536234469,"10.0-10.2":0.100662353507,"10.3":0.218292414329,"11.0-11.2":1.4449241993,"11.3":null},"android":{"2.1":0,"2.2":0,"2.3":0,"3":0,"4":0,"4.1":0.318010622015,"4.2-4.3":0.954031866044,"4.4":2.80209359398,"4.4.3-4.4.4":1.70405691796,"62":null},"op_mob":{"10":null,"11":null,"11.1":null,"11.5":null,"12":null,"12.1":null,"0":null},"ie":{"5.5":0,"6":0.002491,"7":0,"8":0.037365,"9":0.007473,"10":0.022419,"11":0.159424},"edge":{"12":0.022419,"13":0.032383,"14":0.029892,"15":0.09964,"16":0.04982,"17":0},"samsung":{"4":0.726578814159,"5":0.112568548673,"6.2":0.317238637168},"ie_mob":{"10":0.241171411765,"11":0.539764588235},"bb":{"7":0.022527,"10":0.090108},"and_uc":{"0":18.051636},"op_mini":{"0":13.3436607268},"and_chr":{"0":41.966509},"baidu":{"0":null},"and_ff":{"0":0.480576},"and_qq":{"1.2":null}},"total":89.4594357268}