{"id":"CN","name":"China","month":"2014-06","access_date":"2014-07-28","data":{"chrome":{"4":null,"5":null,"6":null,"7":null,"8":null,"9":0.008356,"10":null,"11":0.100272,"12":0.016712,"13":0.008356,"14":0.025068,"15":0.008356,"16":0.008356,"17":0.175476,"18":0.025068,"19":0.016712,"20":0.25068,"21":18.541964,"22":0.066848,"23":0.08356,"24":0.066848,"25":0.142052,"26":1.261756,"27":0.476292,"28":0.183832,"29":2.623784,"30":4.645936,"31":3.016516,"32":0.676836,"33":1.011076,"34":1.136416,"35":4.203068,"36":0.100272,"37":0.116984,"38":null,"39":null},"firefox":{"2":null,"3":0.267392,"3.5":null,"3.6":0.08356,"4":null,"5":null,"6":0.016712,"7":null,"8":0.45958,"9":null,"10":0.008356,"11":0.016712,"12":0.016712,"13":null,"14":null,"15":0.033424,"16":0.04178,"17":0.033424,"18":null,"19":0.008356,"20":0.008356,"21":0.04178,"22":0.033424,"23":0.016712,"24":0.058492,"25":0.04178,"26":0.050136,"27":0.116984,"28":0.142052,"29":1.529148,"30":1.069568,"31":0.025068,"32":null,"33":null,"34":null},"opera":{"9":null,"9.5-9.6":null,"10.0-10.1":0,"10.5":null,"10.6":null,"11":null,"11.1":null,"11.5":null,"11.6":null,"12":null,"12.1":0.116984,"15":null,"16":null,"17":null,"18":null,"19":null,"20":null,"21":0.025068,"22":0.142052,"23":null,"24":null},"safari":{"3.1":null,"3.2":null,"4":0.08356,"5":0.04178,"5.1":0.066848,"6":0.075204,"6.1":0.08356,"7":0.434512,"8":null},"android":{"2.1":0.0278089552239,"2.2":0.0945504477612,"2.3":1.46275104478,"3":0.00556179104478,"4":1.10123462687,"4.1":2.0745480597,"4.2-4.3":0.823145074627,"4.4":null,"4.4.3":null},"op_mob":{"10":0,"11":0.000219397358944,"11.1":0,"11.5":0.000219397358944,"12":0.00109698679472,"12.1":0.00307156302521,"0":null},"ie":{"5.5":null,"6":2.03259157403,"7":0.240414057143,"8":18.4790986649,"9":5.74808154805,"10":2.79754539221,"11":4.36023676364},"ios_saf":{"3.2":0.002633688,"4.0-4.1":0.005267376,"4.2-4.3":0.018435816,"5.0-5.1":0.186991848,"6.0-6.1":0.761135832,"7.0-7.1":1.65922344,"8":null},"bb":{"7":0.003699,"10":null},"and_ff":{"0":0.021372},"ie_mob":{"10":0.07421016},"op_mini":{"5.0-7.0":0.138420655462},"and_chr":{"0":0.581976}},"total":86.89206916}