{"id":"CN","name":"China","month":"2016-08","access_date":"2016-09-04","data":{"chrome":{"4":null,"5":null,"6":null,"7":null,"8":null,"9":null,"10":null,"11":0.106775,"12":0.012813,"13":null,"14":null,"15":null,"16":null,"17":0.025626,"18":0.008542,"19":null,"20":0.025626,"21":0.12813,"22":0.025626,"23":null,"24":0.004271,"25":0.008542,"26":0.025626,"27":0.017084,"28":0.017084,"29":0.08542,"30":0.046981,"31":0.785864,"32":0.025626,"33":0.064065,"34":0.034168,"35":0.029897,"36":0.064065,"37":0.021355,"38":0.072607,"39":0.145214,"40":0.025626,"41":0.068336,"42":1.400888,"43":0.111046,"44":0.111046,"45":11.369402,"46":0.158027,"47":1.507663,"48":0.324596,"49":0.525333,"50":1.345365,"51":1.234319,"52":1.046395,"53":0.068336,"54":0.034168,"55":null},"firefox":{"2":null,"3":0.017084,"3.5":null,"3.6":0.008542,"4":0.008542,"5":null,"6":1.302655,"7":null,"8":0.444184,"9":null,"10":null,"11":null,"12":null,"13":null,"14":null,"15":null,"16":null,"17":null,"18":null,"19":null,"20":null,"21":0.012813,"22":null,"23":null,"24":null,"25":null,"26":null,"27":null,"28":null,"29":0.004271,"30":null,"31":0.004271,"32":null,"33":0.008542,"34":null,"35":0.008542,"36":0.004271,"37":0.017084,"38":0.017084,"39":0.008542,"40":0.021355,"41":0.008542,"42":0.008542,"43":0.038439,"44":0.012813,"45":0.034168,"46":0.025626,"47":0.820032,"48":0.461268,"49":0.008542,"50":null,"51":null},"opera":{"9":null,"9.5-9.6":null,"10.0-10.1":0,"10.5":null,"10.6":null,"11":null,"11.1":null,"11.5":null,"11.6":null,"12":null,"12.1":0.017084,"15":null,"16":null,"17":null,"18":null,"19":null,"20":null,"21":null,"22":null,"23":null,"24":null,"25":null,"26":null,"27":null,"28":0.021355,"29":null,"30":null,"31":null,"32":null,"33":null,"34":null,"35":null,"36":0.008542,"37":null,"38":0.034168,"39":0.055523,"40":null,"41":null},"safari":{"3.1":null,"3.2":null,"4":0.017084,"5":0.008542,"5.1":0.008542,"6":0.008542,"6.1":0.004271,"7":0.008542,"7.1":0.004271,"8":0.034168,"9":0.04271,"9.1":0.311783,"10":0.004271,"0":null},"ios_saf":{"3.2":0,"4.0-4.1":0,"4.2-4.3":0,"5.0-5.1":0,"6.0-6.1":0,"7.0-7.1":0.145216180431,"8":0,"8.1-8.4":0.337671359315,"9.0-9.2":0.468016003196,"9.3":7.53374545706},"android":{"2.1":0,"2.2":0,"2.3":0.0144824625443,"3":0,"4":0.108618469082,"4.1":0.398267719967,"4.2-4.3":0.990238376464,"4.4":2.74623695996,"4.4.3-4.4.4":2.38779601199,"51":null},"op_mob":{"10":0,"11":0,"11.1":0,"11.5":0,"12":0,"12.1":6.04508275862e-5,"0":0.00235758227586},"ie":{"5.5":null,"6":0.374355223301,"7":0.153424271845,"8":4.14859231068,"9":1.68153001942,"10":0.705751650485,"11":3.63308675728},"edge":{"12":0.046981,"13":0.563772,"14":0.072607},"bb":{"7":0.00429675,"10":null},"ie_mob":{"10":0.0211723913043,"11":0.0762206086957},"and_ff":{"0":0.017187},"samsung":{"0":0.813518},"and_uc":{"0":13.852722},"op_mini":{"0":0.0319559668966},"and_chr":{"0":28.125517}},"total":94.462101983}