{"id":"CN","name":"China","month":"2020-04","access_date":"2020-05-07","data":{"chrome":{"4":0,"5":0,"6":0,"7":0,"8":0,"9":0,"10":0,"11":0.0122,"12":0,"13":0,"14":0,"15":0,"16":0,"17":0.00407,"18":0,"19":0,"20":0,"21":0,"22":0,"23":0,"24":0,"25":0,"26":0,"27":0.00407,"28":0,"29":0,"30":0,"31":0.00813,"32":0,"33":0,"34":0,"35":0,"36":0,"37":0,"38":0,"39":0.00407,"40":0.03253,"41":0.00813,"42":0.00813,"43":0.00407,"44":0.00407,"45":0.09758,"46":0,"47":0.10572,"48":0.2277,"49":0.11385,"50":0.00813,"51":0.00407,"52":0,"53":0.00407,"54":0.01626,"55":0.08945,"56":0.0244,"57":0.1789,"58":0.01626,"59":0.02033,"60":0.02033,"61":0.0122,"62":0.11385,"63":0.09352,"64":0.00813,"65":0.05286,"66":0.0122,"67":0.05692,"68":0.02846,"69":0.59364,"70":0.08132,"71":0.06912,"72":0.52451,"73":0.08539,"74":0.52045,"75":0.17484,"76":0.09758,"77":0.09758,"78":0.29682,"79":0.20737,"80":1.46376,"81":0.58957,"83":0.00813,"84":0.00407,"85":null},"firefox":{"2":0,"3":0.00407,"3.5":0,"3.6":0.00407,"4":0.00407,"5":0,"6":0,"7":0,"8":0,"9":0,"10":0,"11":0,"12":0,"13":0,"14":0,"15":0,"16":0,"17":0.0244,"18":0,"19":0,"20":0,"21":0,"22":0,"23":0,"24":0,"25":0,"26":0,"27":0,"28":0,"29":0,"30":0.00407,"31":0.00407,"32":0,"33":0.29275,"34":0,"35":0,"36":0.01626,"37":0,"38":0,"39":0,"40":0.00407,"41":0,"42":0,"43":0.19517,"44":0,"45":0.00813,"46":0,"47":0.00813,"48":0.00813,"49":0.00407,"50":0.00813,"51":0.00813,"52":0.04066,"53":0.02846,"54":0.03253,"55":0.0244,"56":0.02846,"57":0.02846,"58":0.02033,"59":0.0244,"60":0.02033,"61":0.01626,"62":0.0122,"63":0.0122,"64":0.0122,"65":0.0122,"66":0.0122,"67":0.0122,"68":0.04879,"69":0.0122,"70":0.0122,"71":0.0122,"72":0.01626,"73":0.01626,"74":0.2155,"75":0.21956,"76":0,"77":0,"78":0},"opera":{"9":0,"9.5-9.6":0,"10.0-10.1":0,"10.5":0,"10.6":0,"11":0,"11.1":0,"11.5":0,"11.6":0,"12":0,"12.1":0.00813,"15":0,"16":0,"17":0,"18":0,"19":0,"20":0,"21":0,"22":0,"23":0,"24":0,"25":0,"26":0,"27":0,"28":0,"29":0,"30":0,"31":0,"32":0,"33":0,"34":0,"35":0,"36":0,"37":0,"38":0,"39":0,"40":0,"41":0,"42":0,"43":0,"44":0,"45":0,"46":0,"47":0,"48":0,"49":0,"50":0,"51":0,"52":0,"53":0,"54":0,"55":0,"56":0,"57":0,"58":0,"60":0,"62":0,"63":0,"64":0,"65":0.00407,"66":0.00407,"67":0.03253,"68":0},"ios_saf":{"3.2":0.00098,"4.0-4.1":0,"4.2-4.3":0.00197,"5.0-5.1":0.00983,"6.0-6.1":0.00295,"7.0-7.1":0.00983,"8":0.00098,"8.1-8.4":0.01376,"9.0-9.2":0.0118,"9.3":0.14154,"10.0-10.2":0.03637,"10.3":0.12483,"11.0-11.2":0.0806,"11.3-11.4":0.13663,"12.0-12.1":0.16906,"12.2-12.4":1.10775,"13.0-13.1":0.2359,"13.2":0.115,"13.3":6.44011,"13.4":1.19327},"safari":{"3.1":0,"3.2":0,"4":0.00813,"5":0.00407,"5.1":0,"6":0.14638,"6.1":0,"7":0,"7.1":0,"8":0.00407,"9":0.00407,"9.1":0.00813,"10":0.0122,"10.1":0.02033,"11":0.02033,"11.1":0.02846,"12":0.03659,"12.1":0.08945,"13":0.26429,"13.1":0.14231,"0":null},"android":{"2.1":0,"2.2":0.02254,"2.3":0.00751,"3":0.00751,"4":0.06761,"4.1":0.15025,"4.2-4.3":0.31553,"4.4":0,"4.4.3-4.4.4":2.17113,"81":null},"edge":{"12":0.00407,"13":0.00407,"14":0.00407,"15":0.00407,"16":0.0122,"17":0.04473,"18":0.62616,"79":null,"80":null,"81":null},"samsung":{"4":0.03229,"5.0-5.4":0,"6.2-6.4":0,"7.2-7.4":0,"8.2":0,"9.2":0.12917,"10.1":0.1184,"11.1":0.18299},"op_mob":{"10":null,"11":null,"11.1":null,"11.5":null,"12":null,"12.1":null,"0":null},"ie":{"5.5":0,"6":0.03568,"7":0.03568,"8":0.74925,"9":0.64221,"10":0.33895,"11":3.58569},"ie_mob":{"10":0,"11":0},"bb":{"7":0,"10":0.00593},"baidu":{"0":null},"and_ff":{"0":0.08308},"and_uc":{"0":12.26558},"and_qq":{"1.2":7.30475},"kaios":{"2.5":0},"op_mini":{"0":0.05618},"and_chr":{"0":42.71821}},"total":90.09325}