{"id":"CN","name":"China","month":"2015-07","access_date":"2015-08-02","data":{"chrome":{"4":0,"5":0,"6":0,"7":0,"8":0,"9":0,"10":0,"11":0.070158,"12":0.006378,"13":0,"14":0.006378,"15":0,"16":0,"17":0.057402,"18":0.006378,"19":0,"20":0.076536,"21":0.121182,"22":0.012756,"23":0.012756,"24":0.012756,"25":0.025512,"26":0.057402,"27":0.070158,"28":0.057402,"29":0.051024,"30":0.344412,"31":21.997722,"32":0.146694,"33":0.248742,"34":0.140316,"35":0.133938,"36":0.172206,"37":0.114804,"38":0.676068,"39":2.130252,"40":0.248742,"41":1.696548,"42":5.555238,"43":2.181276,"44":0.229608,"45":0.09567,"46":0,"47":0},"firefox":{"2":0,"3":0.012756,"3.5":0.006378,"3.6":0.006378,"4":0.006378,"5":0,"6":0,"7":0,"8":0.28701,"9":0,"10":0,"11":0,"12":0,"13":0,"14":0,"15":0,"16":0.006378,"17":0.006378,"18":0,"19":0,"20":0.006378,"21":0.006378,"22":0.006378,"23":0,"24":0.006378,"25":0.006378,"26":0.006378,"27":0.006378,"28":0.006378,"29":0.006378,"30":0.006378,"31":0.03189,"32":0.012756,"33":0.019134,"34":0.019134,"35":0.044646,"36":0.019134,"37":0.038268,"38":0.535752,"39":1.122528,"40":0.012756,"41":0,"42":0},"opera":{"9":0,"9.5-9.6":0,"10.0-10.1":0.006378,"10.5":0,"10.6":0,"11":0.044646,"11.1":0,"11.5":0,"11.6":0,"12":0.019134,"12.1":0.019134,"15":0,"16":0,"17":0,"18":0,"19":0,"20":0,"21":0,"22":0,"23":0,"24":0.006378,"25":0,"26":0,"27":0,"28":0.006378,"29":0.006378,"30":0.178584,"31":0,"32":0},"safari":{"3.1":0,"3.2":0,"4":0.012756,"5":0.012756,"5.1":0.012756,"6":0.006378,"6.1":0.012756,"7":0.025512,"7.1":0.038268,"8":0.267876,"9":0.006378},"android":{"2.1":0,"2.2":0,"2.3":0.135133413172,"3":0,"4":0.424705012826,"4.1":1.45487791584,"4.2-4.3":2.8623713881,"4.4":5.10874500966,"4.4.3-4.4.4":2.19196926041,"40":null},"ios_saf":{"3.2":0,"4.0-4.1":0,"4.2-4.3":0,"5.0-5.1":0.0162397789986,"6.0-6.1":0.0668696782295,"7.0-7.1":0.466177185371,"8":0.0659143971119,"8.1-8.4":5.47089496029,"9":null},"op_mob":{"10":0,"11":0,"11.1":0,"11.5":0,"12":0.000133501806794,"12.1":0.000400505420381,"0":0.0041385560106},"ie":{"5.5":0,"6":1.24332666285,"7":0.0659339896966,"8":6.30140558672,"9":2.81632327418,"10":1.79905600458,"11":4.21977534058},"bb":{"7":0.0045275,"10":null},"ie_mob":{"10":0.0281190089286,"11":0.105894991071},"and_uc":{"0":13.47384},"op_mini":{"5.0-8.0":0.0569014367622},"and_chr":{"0":3.34547},"edge":{"0":0.038268},"and_ff":{"0":0.032598}},"total":91.4903043586}