{"id":"CO","name":"Colombia","month":"2015-12","access_date":"2016-01-02","data":{"firefox":{"2":0,"3":0.042918,"3.5":0.007153,"3.6":0.021459,"4":0.007153,"5":0,"6":0.028612,"7":0,"8":0,"9":0,"10":0.007153,"11":0.007153,"12":0.007153,"13":0.007153,"14":0.007153,"15":0.007153,"16":0.007153,"17":0.007153,"18":0.007153,"19":0.007153,"20":0.028612,"21":0.057224,"22":0.014306,"23":0.014306,"24":0.014306,"25":0.014306,"26":0.007153,"27":0.014306,"28":0.014306,"29":0.021459,"30":0.014306,"31":0.042918,"32":0.021459,"33":0.028612,"34":0.021459,"35":0.028612,"36":0.035765,"37":0.092989,"38":0.092989,"39":0.121601,"40":0.107295,"41":0.128754,"42":2.689528,"43":1.14448,"44":0.021459,"45":0.007153,"46":0},"chrome":{"4":0,"5":0,"6":0,"7":0,"8":0.007153,"9":0,"10":0,"11":0.028612,"12":0.007153,"13":0.007153,"14":0,"15":0,"16":0,"17":0,"18":0.021459,"19":0,"20":0,"21":0.014306,"22":0.157366,"23":0.014306,"24":0.007153,"25":0.014306,"26":0.064377,"27":0.035765,"28":0.028612,"29":0.078683,"30":0.028612,"31":0.085836,"32":0.050071,"33":0.042918,"34":0.078683,"35":0.085836,"36":0.128754,"37":0.092989,"38":0.114448,"39":0.157366,"40":0.107295,"41":0.21459,"42":0.228896,"43":0.400568,"44":0.751065,"45":0.64377,"46":10.808183,"47":36.916633,"48":0.14306,"49":0.050071,"50":0},"opera":{"9":0,"9.5-9.6":0,"10.0-10.1":0,"10.5":0,"10.6":0,"11":0,"11.1":0,"11.5":0,"11.6":0.007153,"12":0.014306,"12.1":0.042918,"15":0,"16":0,"17":0,"18":0,"19":0,"20":0,"21":0,"22":0,"23":0,"24":0,"25":0,"26":0,"27":0,"28":0.085836,"29":0.014306,"30":0.007153,"31":0.021459,"32":0.014306,"33":0.221743,"34":0.350497,"35":0.007153,"36":0},"safari":{"3.1":0,"3.2":0,"4":0.042918,"5":0.021459,"5.1":0.064377,"6":0.028612,"6.1":0.07153,"7":0.085836,"7.1":0.064377,"8":0.457792,"9":1.380529},"android":{"2.1":0,"2.2":0,"2.3":0.0434150452876,"3":0,"4":0.125421241942,"4.1":0.593338952264,"4.2-4.3":1.30486330559,"4.4":2.53495625541,"4.4.3-4.4.4":1.30968719951,"46":null},"ios_saf":{"3.2":0,"4.0-4.1":0,"4.2-4.3":0,"5.0-5.1":0,"6.0-6.1":0,"7.0-7.1":0.183208981109,"8":0.0243971758764,"8.1-8.4":0.607627776543,"9.0-9.2":3.74151406647},"op_mob":{"10":0,"11":0,"11.1":0,"11.5":0,"12":0,"12.1":8.9387755102e-5,"0":0.0021006122449},"ie":{"5.5":0,"6":0.0391161631664,"7":0.0312929305331,"8":1.34559601292,"9":0.445924260097,"10":0.672798006462,"11":2.26873746365},"bb":{"7":0.116727,"10":null},"ie_mob":{"10":0.203387551402,"11":0.912636448598},"edge":{"12":null,"13":null,"14":null},"and_uc":{"0":0.728832},"op_mini":{"5.0-8.0":0.65262},"and_chr":{"0":20.768603},"and_ff":{"0":0.048399}},"total":98.3040858368}