{"id":"CO","name":"Colombia","month":"2022-02","access_date":"2022-03-03","data":{"firefox":{"2":null,"3":null,"3.5":null,"3.6":null,"4":null,"5":null,"6":null,"7":null,"8":null,"9":null,"10":null,"11":null,"12":null,"13":null,"14":null,"15":null,"16":null,"17":null,"18":null,"19":null,"20":null,"21":null,"22":null,"23":null,"24":null,"25":null,"26":null,"27":null,"28":null,"29":null,"30":null,"31":null,"32":null,"33":null,"34":null,"35":null,"36":null,"37":null,"38":null,"39":null,"40":null,"41":null,"42":null,"43":null,"44":null,"45":null,"46":null,"47":null,"48":null,"49":null,"50":0.00817,"51":null,"52":0.01226,"53":null,"54":null,"55":null,"56":null,"57":null,"58":null,"59":null,"60":null,"61":null,"62":null,"63":null,"64":null,"65":null,"66":null,"67":null,"68":null,"69":null,"70":null,"71":null,"72":null,"73":null,"74":null,"75":null,"76":null,"77":null,"78":0.01635,"79":null,"80":null,"81":null,"82":null,"83":null,"84":0.00409,"85":null,"86":null,"87":null,"88":0.01226,"89":0.00409,"90":0.02044,"91":0.02452,"92":null,"93":0.00409,"94":0.00817,"95":0.02044,"96":0.39235,"97":0.64983,"98":0.00817,"99":null},"chrome":{"4":null,"5":null,"6":null,"7":null,"8":null,"9":null,"10":null,"11":null,"12":null,"13":null,"14":null,"15":null,"16":null,"17":null,"18":null,"19":null,"20":null,"21":null,"22":0.00409,"23":null,"24":null,"25":null,"26":0.00409,"27":null,"28":null,"29":null,"30":null,"31":null,"32":null,"33":null,"34":null,"35":null,"36":null,"37":null,"38":0.01635,"39":0.00409,"40":null,"41":null,"42":null,"43":null,"44":null,"45":null,"46":null,"47":0.00817,"48":null,"49":0.0327,"50":null,"51":null,"52":null,"53":0.00409,"54":null,"55":null,"56":null,"57":null,"58":0.00817,"59":null,"60":null,"61":null,"62":0.00817,"63":0.00409,"64":null,"65":0.00817,"66":null,"67":0.00817,"68":0.00409,"69":0.01226,"70":0.00817,"71":0.00817,"72":0.00817,"73":0.00409,"74":0.00817,"75":0.00817,"76":0.01635,"77":0.00817,"78":0.00817,"79":0.11852,"80":0.02452,"81":0.02044,"83":0.02861,"84":0.02861,"85":0.02044,"86":0.04496,"87":0.13487,"88":0.03678,"89":0.04904,"90":0.02861,"91":0.1267,"92":0.08583,"93":0.11852,"94":0.06131,"95":0.07765,"96":0.47818,"97":8.56635,"98":21.62023,"99":0.00817,"100":0.01226,"101":null},"opera":{"9":null,"9.5-9.6":null,"10.0-10.1":0,"10.5":null,"10.6":null,"11":null,"11.1":null,"11.5":null,"11.6":null,"12":null,"12.1":null,"15":null,"16":null,"17":null,"18":null,"19":null,"20":null,"21":null,"22":null,"23":null,"24":null,"25":null,"26":null,"27":null,"28":null,"29":null,"30":null,"31":null,"32":null,"33":null,"34":null,"35":null,"36":null,"37":null,"38":null,"39":null,"40":null,"41":null,"42":null,"43":null,"44":null,"45":null,"46":null,"47":null,"48":null,"49":null,"50":null,"51":null,"52":null,"53":null,"54":null,"55":null,"56":null,"57":null,"58":null,"60":null,"62":null,"63":null,"64":null,"65":null,"66":null,"67":null,"68":null,"69":null,"70":null,"71":null,"72":null,"73":null,"74":null,"75":null,"76":null,"77":null,"78":null,"79":null,"80":null,"81":0.00409,"82":0.47818,"83":1.21384},"edge":{"12":null,"13":null,"14":null,"15":null,"16":null,"17":null,"18":0.01226,"79":null,"80":null,"81":null,"83":null,"84":0.00409,"85":null,"86":null,"87":null,"88":null,"89":0.00409,"90":null,"91":null,"92":0.01226,"93":null,"94":0.00817,"95":0.01226,"96":0.02452,"97":0.42914,"98":1.68384},"safari":{"3.1":null,"3.2":null,"4":0,"5":null,"5.1":null,"6":null,"6.1":null,"7":null,"7.1":null,"8":null,"9":null,"9.1":null,"10":null,"10.1":0.00409,"11":null,"11.1":0.00817,"12":null,"12.1":0.02044,"13":0.02044,"13.1":0.094,"14":0.08583,"14.1":0.22887,"15":0.06131,"15.1":0.13078,"15.2-15.3":0.24522,"15.4":null,"0":null},"ios_saf":{"3.2":0,"4.0-4.1":0,"4.2-4.3":0,"5.0-5.1":0.00226,"6.0-6.1":0.00226,"7.0-7.1":0.00767,"8":0,"8.1-8.4":0.0009,"9.0-9.2":0,"9.3":0.04062,"10.0-10.2":0.00045,"10.3":0.02392,"11.0-11.2":0.00271,"11.3-11.4":0.00812,"12.0-12.1":0.00451,"12.2-12.5":0.24373,"13.0-13.1":0.00587,"13.2":0.00181,"13.3":0.01896,"13.4-13.7":0.0677,"14.0-14.4":0.18686,"14.5-14.8":0.82959,"15.0-15.1":0.6987,"15.2-15.3":2.35382,"15.4":0.01038},"samsung":{"4":0.1819,"5.0-5.4":0.0504,"6.2-6.4":0.0107,"7.2-7.4":0.0749,"8.2":0.01049,"9.2":0.03081,"10.1":0.04032,"11.1-11.2":0.0321,"12.0":0.02054,"13.0":0.0428,"14.0":0.0642,"15.0":0.0535,"16.0":0.83462},"android":{"2.1":0,"2.2":0,"2.3":0,"3":0,"4":0,"4.1":0.00271,"4.2-4.3":0.00721,"4.4":0,"4.4.3-4.4.4":0.04329,"0":0},"ie":{"5.5":null,"6":null,"7":null,"8":null,"9":null,"10":null,"11":0.11852},"op_mob":{"10":null,"11":null,"11.1":null,"11.5":null,"12":null,"12.1":null,"0":null},"bb":{"7":0,"10":0},"ie_mob":{"10":null,"11":null},"baidu":{"0":null},"and_ff":{"0":0.14189},"and_qq":{"10.4":0},"and_uc":{"0":0.02365},"op_mini":{"0":0.11194},"and_chr":{"0":42.60527},"kaios":{"2.5":0}},"total":86.87865}