{"id":"CO","name":"Colombia","month":"2014-08","access_date":"2014-09-01","data":{"chrome":{"4":0.00838,"5":0.00838,"6":0.01676,"7":0.01676,"8":0.03352,"9":0.01676,"10":0.01676,"11":0.10894,"12":0.0419,"13":0.05866,"14":0.01676,"15":0.02514,"16":0.00838,"17":0.01676,"18":0.11732,"19":0.00838,"20":0.01676,"21":0.05028,"22":0.23464,"23":0.05028,"24":0.05028,"25":0.05028,"26":0.11732,"27":0.20112,"28":0.10894,"29":0.13408,"30":0.1257,"31":0.4609,"32":0.38548,"33":0.77096,"34":1.16482,"35":2.71512,"36":53.85826,"37":1.86874,"38":0.0838,"39":0.00838,"40":null},"firefox":{"2":null,"3":0.02514,"3.5":0.01676,"3.6":0.10894,"4":0.02514,"5":0.01676,"6":0.01676,"7":0.00838,"8":0.01676,"9":0.01676,"10":0.02514,"11":0.02514,"12":0.05866,"13":0.02514,"14":0.02514,"15":0.01676,"16":0.0419,"17":0.03352,"18":0.03352,"19":0.03352,"20":0.03352,"21":0.07542,"22":0.03352,"23":0.03352,"24":0.06704,"25":0.0419,"26":0.05028,"27":0.05028,"28":0.07542,"29":0.15922,"30":0.40224,"31":6.4526,"32":0.05866,"33":null,"34":null},"opera":{"9":null,"9.5-9.6":null,"10.0-10.1":0,"10.5":null,"10.6":null,"11":null,"11.1":null,"11.5":null,"11.6":null,"12":null,"12.1":0.05028,"15":null,"16":null,"17":null,"18":null,"19":0.01676,"20":0.02514,"21":0.01676,"22":0.01676,"23":0.36872,"24":0.02514,"25":null},"safari":{"3.1":null,"3.2":null,"4":0.03352,"5":0.0838,"5.1":0.3352,"6":0.25978,"6.1":0.4609,"7":1.4665,"8":0.01676},"android":{"2.1":0.00431784215784,"2.2":0.0302248951049,"2.3":0.587226533467,"3":0,"4":0.457691268731,"4.1":1.14422817183,"4.2-4.3":1.19604227772,"4.4":0.902429010989,"4.4.3":null},"op_mob":{"10":0,"11":0,"11.1":0,"11.5":0,"12":0.00334707692308,"12.1":0.0184089230769,"0":null},"ie":{"5.5":null,"6":0.0431298582996,"7":0.0603818016194,"8":2.19099680162,"9":1.20763603239,"10":1.85458390688,"11":3.16573159919},"ios_saf":{"3.2":0,"4.0-4.1":0,"4.2-4.3":0,"5.0-5.1":0.0206938983051,"6.0-6.1":0.104314140436,"7.0-7.1":1.96803196126,"8":0},"bb":{"7":0.19602,"10":null},"and_ff":{"0":0.08586},"ie_mob":{"10":0.6146604},"op_mini":{"5.0-7.0":1.236984},"and_chr":{"0":6.06852}},"total":97.4166404}