{"id":"CR","name":"Costa Rica","month":"2015-05","access_date":"2015-06-03","data":{"chrome":{"4":0.011802,"5":0.005901,"6":0.094416,"7":0.005901,"8":0,"9":0.005901,"10":0.005901,"11":0.05901,"12":0.005901,"13":0.011802,"14":0,"15":0.005901,"16":0.005901,"17":0,"18":0.017703,"19":0.005901,"20":0.011802,"21":0.017703,"22":0.029505,"23":0.005901,"24":0.023604,"25":0.005901,"26":0.035406,"27":0.047208,"28":0.041307,"29":0.017703,"30":0.023604,"31":0.070812,"32":0.047208,"33":0.05901,"34":0.088515,"35":0.135723,"36":0.35406,"37":0.324555,"38":0.289149,"39":0.631407,"40":0.418971,"41":0.454377,"42":20.488272,"43":8.137479,"44":0.064911,"45":0.011802,"46":0},"firefox":{"2":0.005901,"3":0.017703,"3.5":0.011802,"3.6":0.041307,"4":0.029505,"5":0.011802,"6":0.005901,"7":0.017703,"8":0.005901,"9":0.005901,"10":0.064911,"11":0.011802,"12":0.035406,"13":0.005901,"14":0.041307,"15":0.011802,"16":0.041307,"17":0.011802,"18":0.011802,"19":0.011802,"20":0.029505,"21":0.070812,"22":0.017703,"23":0.023604,"24":0.023604,"25":0.017703,"26":0.017703,"27":0.011802,"28":0.029505,"29":0.035406,"30":0.047208,"31":0.218337,"32":0.100317,"33":0.076713,"34":0.088515,"35":0.112119,"36":0.200634,"37":4.95684,"38":3.635016,"39":0.011802,"40":0.011802,"41":0},"opera":{"9":0,"9.5-9.6":0.005901,"10.0-10.1":0.005901,"10.5":0,"10.6":0,"11":0.011802,"11.1":0.005901,"11.5":0.017703,"11.6":0.005901,"12":0.017703,"12.1":0.147525,"15":0,"16":0.005901,"17":0,"18":0,"19":0,"20":0.005901,"21":0.005901,"22":0,"23":0,"24":0.005901,"25":0,"26":0,"27":0.011802,"28":0.053109,"29":0.619605,"30":0.011802,"31":0},"safari":{"3.1":0,"3.2":0,"4":0.035406,"5":0.076713,"5.1":0.218337,"6":0.070812,"6.1":0.165228,"7":0.29505,"7.1":0.489783,"8":1.805706},"android":{"2.1":0,"2.2":0,"2.3":0.219357547143,"3":0,"4":0.55728674139,"4.1":1.89714635367,"4.2-4.3":3.67967344847,"4.4":6.31591640242,"4.4.3-4.4.4":2.6520525069,"40":null},"ios_saf":{"3.2":0,"4.0-4.1":0,"4.2-4.3":0,"5.0-5.1":0.0335533011467,"6.0-6.1":0.0721395974653,"7.0-7.1":1.18778686059,"8":0.182026658721,"8.1-8.3":6.86416658208},"op_mob":{"10":0,"11":0,"11.1":0,"11.5":0,"12":0.00110706402794,"12.1":0.00442825611176,"0":0.0243554086147},"ie":{"5.5":0.00594574220725,"6":0.0118914844145,"7":0.023782968829,"8":0.784837971356,"9":0.654031642797,"10":0.808620940185,"11":4.7565937658,"0":null},"ie_mob":{"10":0.339740372093,"11":0.988335627907},"bb":{"7":0.01332175,"10":null},"and_uc":{"0":0.495979},"op_mini":{"5.0-8.0":4.24946527125},"and_chr":{"0":14.795137},"and_ff":{"0":0.176257}},"total":98.1059852656}