{"id":"CR","name":"Costa Rica","month":"2017-06","access_date":"2017-07-11","data":{"chrome":{"4":0,"5":0,"6":0,"7":0,"8":0,"9":0,"10":0,"11":0.011796,"12":0,"13":0,"14":0,"15":0,"16":0,"17":0,"18":0,"19":0,"20":0,"21":0,"22":0.005898,"23":0,"24":0,"25":0.005898,"26":0,"27":0,"28":0,"29":0,"30":0,"31":0.011796,"32":0.023592,"33":0.005898,"34":0.005898,"35":0.011796,"36":0.076674,"37":0.023592,"38":0.017694,"39":0.023592,"40":0.011796,"41":0.005898,"42":0.005898,"43":0.023592,"44":0.023592,"45":0.02949,"46":0.011796,"47":0.035388,"48":0.02949,"49":0.872904,"50":0.035388,"51":0.05898,"52":0.035388,"53":0.035388,"54":0.961374,"55":0.112062,"56":0.371574,"57":0.241818,"58":31.648668,"59":5.07228,"60":0.05898,"61":0.017694,"62":0},"firefox":{"2":0,"3":0,"3.5":0,"3.6":0,"4":0,"5":0,"6":0,"7":0,"8":0,"9":0,"10":0,"11":0,"12":0,"13":0,"14":0,"15":0,"16":0,"17":0,"18":0,"19":0,"20":0,"21":0.005898,"22":0,"23":0,"24":0,"25":0.005898,"26":0,"27":0,"28":0,"29":0,"30":0,"31":0,"32":0,"33":0.005898,"34":0.005898,"35":0.017694,"36":0.005898,"37":0.005898,"38":0.017694,"39":0.005898,"40":0.011796,"41":0.011796,"42":0.011796,"43":0.02949,"44":0.005898,"45":0.11796,"46":0.017694,"47":0.076674,"48":0.241818,"49":0.053082,"50":0.05898,"51":0.076674,"52":0.312594,"53":3.59778,"54":1.751706,"55":0.023592,"56":0,"57":0},"opera":{"9":0,"9.5-9.6":0,"10.0-10.1":0,"10.5":0,"10.6":0,"11":0,"11.1":0,"11.5":0,"11.6":0,"12":0,"12.1":0.005898,"15":0,"16":0,"17":0,"18":0,"19":0,"20":0,"21":0,"22":0,"23":0,"24":0,"25":0,"26":0,"27":0.011796,"28":0.005898,"29":0.017694,"30":0,"31":0,"32":0,"33":0,"34":0,"35":0,"36":0.005898,"37":0.005898,"38":0.005898,"39":0.011796,"40":0,"41":0,"42":0.005898,"43":0.005898,"44":0.005898,"45":0.53082,"46":0.023592,"47":0,"48":0},"safari":{"3.1":0,"3.2":0,"4":0.005898,"5":0.011796,"5.1":0.041286,"6":0.017694,"6.1":0.02949,"7":0.005898,"7.1":0,"8":0.153348,"9":0.200532,"9.1":0.760842,"10":0.837516,"10.1":3.09645,"11":0,"0":null},"ios_saf":{"3.2":0,"4.0-4.1":0,"4.2-4.3":0,"5.0-5.1":0,"6.0-6.1":0,"7.0-7.1":0.0358838978873,"8":0,"8.1-8.4":0.0274406277962,"9.0-9.2":0.0211081752278,"9.3":0.385576000829,"10.0-10.2":1.31503931669,"10.3":5.00896998157,"11":null},"android":{"2.1":0,"2.2":0,"2.3":0,"3":0,"4":0,"4.1":0.260900921452,"4.2-4.3":0.674830267987,"4.4":1.81376313663,"4.4.3-4.4.4":1.05112967393,"56":null},"op_mob":{"10":0,"11":0,"11.1":0,"11.5":0,"12":0,"12.1":0,"0":0.00784018625277},"ie":{"5.5":0,"6":0,"7":0,"8":0.0890371153846,"9":0.0415506538462,"10":0.0771655,"11":1.64421873077},"edge":{"12":0.05898,"13":0.129756,"14":0.790332,"15":null,"16":null},"bb":{"7":0.0030765,"10":null},"samsung":{"4":4.618852,"5":null},"ie_mob":{"10":0.0429132307692,"11":0.236022769231},"op_mini":{"0":1.76012181375},"and_chr":{"0":26.212798},"baidu":{"0":null},"and_ff":{"0":0.045122},"and_qq":{"1.2":null},"and_uc":{"0":0.406098}},"total":98.9617245}