{"id":"CU","name":"Cuba","month":"2014-06","access_date":"2014-07-29","data":{"chrome":{"4":0.039592,"5":0.04949,"6":0.09898,"7":0.039592,"8":0.029694,"9":0.079184,"10":0.09898,"11":0.178164,"12":0.04949,"13":0.009898,"14":0.039592,"15":0.069286,"16":0.04949,"17":0.207858,"18":0.14847,"19":0.069286,"20":0.059388,"21":0.19796,"22":0.108878,"23":0.336532,"24":0.267246,"25":0.583982,"26":0.504798,"27":0.336532,"28":0.386022,"29":0.376124,"30":0.4949,"31":0.514696,"32":0.821534,"33":1.33623,"34":1.108576,"35":0.950208,"36":0.277144,"37":0.069286,"38":null,"39":null},"firefox":{"2":0.118776,"3":0.574084,"3.5":0.574084,"3.6":1.464904,"4":0.900718,"5":0.24745,"6":0.485002,"7":1.672762,"8":0.64337,"9":0.34643,"10":0.633472,"11":0.504798,"12":1.662864,"13":0.702758,"14":0.583982,"15":2.088478,"16":0.673064,"17":1.68266,"18":1.08878,"19":0.950208,"20":1.712354,"21":1.811334,"22":4.60257,"23":1.751946,"24":3.86022,"25":5.958596,"26":4.048282,"27":3.622668,"28":3.51379,"29":18.727016,"30":9.45259,"31":0.415716,"32":0.069286,"33":0.059388,"34":null},"opera":{"9":null,"9.5-9.6":0.019796,"10.0-10.1":0.069286,"10.5":null,"10.6":0.009898,"11":0.019796,"11.1":0.108878,"11.5":0.089082,"11.6":0.089082,"12":0.069286,"12.1":0.14847,"15":null,"16":null,"17":0.009898,"18":0.029694,"19":0.019796,"20":0.108878,"21":0.059388,"22":0.089082,"23":null,"24":null},"safari":{"3.1":null,"3.2":null,"4":0.029694,"5":0.029694,"5.1":0.029694,"6":0.039592,"6.1":0.019796,"7":0.128674,"8":null},"android":{"2.1":0.00154217910448,"2.2":0.00524340895522,"2.3":0.0811186208955,"3":0.000308435820896,"4":0.0610702925373,"4.1":0.115046561194,"4.2-4.3":0.0456485014925,"4.4":null,"4.4.3":null},"op_mob":{"10":0,"11":7.54149659864e-5,"11.1":0,"11.5":7.54149659864e-5,"12":0.000377074829932,"12.1":0.00105580952381,"0":null},"ie":{"5.5":0.0199632312566,"6":0.419227856389,"7":0.159705850053,"8":4.5516167265,"9":1.10795933474,"10":1.62700334741,"11":1.56711365364},"ios_saf":{"3.2":0.000347208,"4.0-4.1":0.000694416,"4.2-4.3":0.002430456,"5.0-5.1":0.024651768,"6.0-6.1":0.100343112,"7.0-7.1":0.21874104,"8":null},"bb":{"7":0.0039525,"10":null},"and_ff":{"0":0.039576},"ie_mob":{"10":0.00833748},"op_mini":{"5.0-7.0":0.0475802857143},"and_chr":{"0":0.190842}},"total":98.81058398}