{"id":"CU","name":"Cuba","month":"2015-07","access_date":"2015-08-02","data":{"chrome":{"4":0.028782,"5":0.009594,"6":0.057564,"7":0.009594,"8":0,"9":0.019188,"10":0.163098,"11":0.04797,"12":0.124722,"13":0.019188,"14":0.038376,"15":0.028782,"16":0.009594,"17":0.019188,"18":0.086346,"19":0,"20":0.009594,"21":0.009594,"22":0.153504,"23":0.067158,"24":0.038376,"25":0.09594,"26":0.067158,"27":0.038376,"28":0.067158,"29":0.086346,"30":0.09594,"31":0.901836,"32":0.105534,"33":0.316602,"34":0.326196,"35":0.09594,"36":0.134316,"37":0.153504,"38":1.132092,"39":0.38376,"40":0.345384,"41":0.422136,"42":0.844272,"43":3.377088,"44":0.709956,"45":0.124722,"46":0,"47":0},"firefox":{"2":0.211068,"3":0.230256,"3.5":1.026558,"3.6":0.62361,"4":0.33579,"5":0.09594,"6":0.230256,"7":0.364572,"8":0.09594,"9":0.09594,"10":0.508482,"11":0.201474,"12":0.38376,"13":0.153504,"14":0.28782,"15":1.467882,"16":0.307008,"17":0.633204,"18":0.230256,"19":0.364572,"20":0.4797,"21":0.700362,"22":0.518076,"23":1.861236,"24":3.616938,"25":4.039074,"26":1.9188,"27":2.436876,"28":0.546858,"29":1.410318,"30":1.9188,"31":1.77489,"32":1.4391,"33":2.97414,"34":2.964546,"35":3.578562,"36":2.68632,"37":6.2361,"38":10.60137,"39":13.297284,"40":0.91143,"41":0.134316,"42":0.019188},"opera":{"9":0,"9.5-9.6":0,"10.0-10.1":0.009594,"10.5":0,"10.6":0,"11":0.009594,"11.1":0,"11.5":0,"11.6":0.028782,"12":0.019188,"12.1":0.086346,"15":0,"16":0,"17":0.009594,"18":0.009594,"19":0.009594,"20":0.105534,"21":0.009594,"22":0.009594,"23":0,"24":0.028782,"25":0.028782,"26":0.009594,"27":0.04797,"28":0.009594,"29":0.019188,"30":0.23985,"31":0,"32":0.019188},"safari":{"3.1":0,"3.2":0,"4":0,"5":0.019188,"5.1":0.04797,"6":0.009594,"6.1":0,"7":0.009594,"7.1":0.028782,"8":0.115128,"9":0},"android":{"2.1":0,"2.2":0,"2.3":0.0135332243839,"3":0,"4":0.0425329909209,"4.1":0.145701857328,"4.2-4.3":0.286658298314,"4.4":0.511626184176,"4.4.3-4.4.4":0.219519444877,"40":null},"ios_saf":{"3.2":0,"4.0-4.1":0,"4.2-4.3":0,"5.0-5.1":0.00309656160728,"6.0-6.1":0.0127505477947,"7.0-7.1":0.0888895331973,"8":0.0125683971119,"8.1-8.4":1.04317696029,"9":null},"op_mob":{"10":0,"11":0,"11.1":0,"11.5":0,"12":0.000374114671164,"12.1":0.00112234401349,"0":0.0115975548061},"ie":{"5.5":0.0192953154362,"6":0.183305496644,"7":0.0868289194631,"8":3.55998569799,"9":0.501678201342,"10":0.77181261745,"11":3.50209975168},"bb":{"7":0.0143115,"10":null},"ie_mob":{"10":0.0222339375,"11":0.0837320625},"and_uc":{"0":0.167678},"op_mini":{"5.0-8.0":0.159455986509},"and_chr":{"0":1.654654},"edge":{"0":0.019188},"and_ff":{"0":0.215586}},"total":98.9718495}