{"id":"CU","name":"Cuba","month":"2022-01","access_date":"2022-02-02","data":{"firefox":{"2":null,"3":null,"3.5":null,"3.6":null,"4":null,"5":null,"6":null,"7":null,"8":null,"9":null,"10":null,"11":null,"12":null,"13":null,"14":null,"15":null,"16":null,"17":null,"18":null,"19":null,"20":null,"21":null,"22":null,"23":null,"24":0.01112,"25":null,"26":null,"27":null,"28":null,"29":null,"30":null,"31":null,"32":null,"33":null,"34":0.01669,"35":null,"36":null,"37":null,"38":0.00556,"39":0.00556,"40":0.01669,"41":0.00834,"42":0.00556,"43":0.00834,"44":0.00278,"45":0.00834,"46":0.00556,"47":0.01947,"48":0.01669,"49":0.00834,"50":0.02781,"51":0.00556,"52":0.16964,"53":0.00556,"54":0.40046,"55":0.00556,"56":0.03337,"57":0.1168,"58":0.05562,"59":0.01947,"60":0.05006,"61":0.02781,"62":0.01669,"63":0.01391,"64":0.01947,"65":0.0445,"66":0.03893,"67":0.05562,"68":0.06118,"69":0.02503,"70":0.0445,"71":0.03893,"72":0.14739,"73":0.02225,"74":0.02225,"75":0.01391,"76":0.00834,"77":0.01947,"78":0.10012,"79":0.01669,"80":0.0584,"81":0.05562,"82":0.04728,"83":0.02503,"84":0.06674,"85":0.03893,"86":0.02781,"87":0.02781,"88":0.20023,"89":0.14183,"90":0.10568,"91":0.26141,"92":0.11958,"93":0.11402,"94":0.32538,"95":4.26049,"96":3.40116,"97":0.06396,"98":null},"chrome":{"4":null,"5":null,"6":null,"7":null,"8":null,"9":null,"10":null,"11":null,"12":null,"13":null,"14":null,"15":null,"16":null,"17":null,"18":null,"19":null,"20":null,"21":null,"22":null,"23":null,"24":null,"25":null,"26":null,"27":null,"28":null,"29":null,"30":null,"31":null,"32":null,"33":null,"34":null,"35":null,"36":null,"37":null,"38":null,"39":null,"40":0.00834,"41":null,"42":null,"43":0.00278,"44":null,"45":null,"46":null,"47":null,"48":null,"49":0.01669,"50":null,"51":0.00278,"52":null,"53":null,"54":null,"55":0.00278,"56":0.00278,"57":0.00278,"58":0.00278,"59":null,"60":null,"61":null,"62":0.01391,"63":0.02225,"64":null,"65":0.00278,"66":null,"67":0.00834,"68":0.01947,"69":0.00278,"70":0.02503,"71":0.02225,"72":0.01112,"73":0.00556,"74":0.01669,"75":0.02503,"76":0.00556,"77":0.05562,"78":0.00834,"79":0.07509,"80":0.06118,"81":0.06396,"83":0.03893,"84":0.06118,"85":0.07509,"86":0.18077,"87":0.32538,"88":0.19467,"89":0.0584,"90":0.14739,"91":0.18633,"92":0.15574,"93":0.06396,"94":0.10012,"95":0.25029,"96":2.60302,"97":3.94902,"98":0.00556,"99":0.00278,"100":null,"101":null},"opera":{"9":null,"9.5-9.6":null,"10.0-10.1":0,"10.5":null,"10.6":null,"11":null,"11.1":null,"11.5":null,"11.6":null,"12":null,"12.1":null,"15":null,"16":null,"17":null,"18":null,"19":null,"20":null,"21":null,"22":null,"23":null,"24":null,"25":null,"26":null,"27":0.00278,"28":null,"29":null,"30":null,"31":null,"32":null,"33":null,"34":null,"35":null,"36":0.00278,"37":null,"38":null,"39":null,"40":null,"41":null,"42":0.00278,"43":null,"44":null,"45":null,"46":null,"47":null,"48":null,"49":null,"50":null,"51":null,"52":null,"53":null,"54":null,"55":null,"56":null,"57":null,"58":null,"60":null,"62":null,"63":null,"64":null,"65":null,"66":null,"67":null,"68":null,"69":null,"70":null,"71":0.00834,"72":null,"73":null,"74":null,"75":0.00556,"76":null,"77":0.00556,"78":0.00278,"79":0.02225,"80":0.01947,"81":0.01947,"82":0.92607,"83":0.06674},"edge":{"12":0.01391,"13":0.01947,"14":0.01947,"15":0.01112,"16":0.01669,"17":0.02225,"18":0.1029,"79":null,"80":null,"81":null,"83":0.00278,"84":0.03893,"85":0.01391,"86":0.00278,"87":null,"88":null,"89":0.02781,"90":0.05284,"91":0.01391,"92":0.03615,"93":0.00556,"94":0.01391,"95":0.03615,"96":0.38656,"97":0.71472},"safari":{"3.1":null,"3.2":null,"4":0,"5":null,"5.1":0.05284,"6":null,"6.1":null,"7":null,"7.1":null,"8":null,"9":null,"9.1":null,"10":null,"10.1":null,"11":null,"11.1":null,"12":null,"12.1":0.00278,"13":0.01669,"13.1":0.00834,"14":0.02225,"14.1":0.02503,"15":0.01112,"15.1":0.02781,"15.2-15.3":0.05284,"15.4":null,"0":null},"ios_saf":{"3.2":0,"4.0-4.1":0,"4.2-4.3":0,"5.0-5.1":0.00121,"6.0-6.1":0.00482,"7.0-7.1":0.03256,"8":0.0006,"8.1-8.4":0.03436,"9.0-9.2":0.00422,"9.3":0.11455,"10.0-10.2":0.01145,"10.3":0.11093,"11.0-11.2":0.06149,"11.3-11.4":0.14831,"12.0-12.1":0.07476,"12.2-12.5":0.82535,"13.0-13.1":0.05185,"13.2":0.05788,"13.3":0.18931,"13.4-13.7":0.46422,"14.0-14.4":1.09423,"14.5-14.8":0.82535,"15.0-15.1":1.05143,"15.2-15.3":0.86815,"15.4":0},"samsung":{"4":0.37794,"5.0-5.4":0.03064,"6.2-6.4":0.03064,"7.2-7.4":0.31665,"8.2":0.01021,"9.2":0.12258,"10.1":0.05107,"11.1-11.2":0.143,"12.0":0.06129,"13.0":0.20429,"14.0":0.25537,"15.0":0.31665,"16.0":0.9091},"android":{"2.1":0,"2.2":0,"2.3":0,"3":0,"4":0.0022,"4.1":0.00661,"4.2-4.3":0.06467,"4.4":0,"4.4.3-4.4.4":0.25132,"0":0},"ie":{"5.5":null,"6":null,"7":null,"8":0.00699,"9":0.01049,"10":null,"11":0.10488},"op_mob":{"10":null,"11":null,"11.1":null,"11.5":null,"12":null,"12.1":null,"0":null},"bb":{"7":0,"10":0.00722},"ie_mob":{"10":0.02781,"11":0.01419},"and_qq":{"10.4":0},"and_uc":{"0":0.23098},"op_mini":{"0":1.1002},"and_chr":{"0":65.17754},"kaios":{"2.5":0},"baidu":{"0":null},"and_ff":{"0":0.77954}},"total":99.4898}