{"id":"CY","name":"Cyprus","month":"2022-01","access_date":"2022-02-02","data":{"firefox":{"2":null,"3":null,"3.5":null,"3.6":null,"4":null,"5":null,"6":null,"7":null,"8":null,"9":null,"10":null,"11":null,"12":null,"13":null,"14":null,"15":null,"16":null,"17":null,"18":null,"19":null,"20":null,"21":null,"22":null,"23":null,"24":null,"25":null,"26":null,"27":null,"28":null,"29":null,"30":null,"31":null,"32":null,"33":null,"34":null,"35":null,"36":null,"37":null,"38":null,"39":null,"40":null,"41":null,"42":null,"43":null,"44":null,"45":null,"46":null,"47":null,"48":null,"49":null,"50":null,"51":null,"52":0.24883,"53":null,"54":null,"55":null,"56":null,"57":null,"58":null,"59":null,"60":null,"61":null,"62":null,"63":null,"64":null,"65":null,"66":null,"67":null,"68":null,"69":null,"70":null,"71":null,"72":null,"73":null,"74":null,"75":null,"76":null,"77":null,"78":0.02592,"79":null,"80":null,"81":0.00518,"82":null,"83":null,"84":0.01555,"85":null,"86":null,"87":null,"88":0.02592,"89":0.04666,"90":0.01037,"91":0.02592,"92":0.00518,"93":null,"94":0.01037,"95":0.71021,"96":0.82944,"97":null,"98":null},"chrome":{"4":null,"5":null,"6":null,"7":null,"8":null,"9":null,"10":null,"11":null,"12":null,"13":null,"14":null,"15":null,"16":null,"17":null,"18":null,"19":null,"20":null,"21":null,"22":null,"23":null,"24":null,"25":null,"26":null,"27":null,"28":null,"29":null,"30":null,"31":null,"32":null,"33":null,"34":null,"35":null,"36":null,"37":null,"38":0.02074,"39":null,"40":null,"41":null,"42":1.46189,"43":null,"44":null,"45":null,"46":null,"47":0.01037,"48":null,"49":0.04147,"50":null,"51":null,"52":null,"53":0.02592,"54":null,"55":null,"56":0.01037,"57":null,"58":null,"59":null,"60":null,"61":null,"62":null,"63":0.00518,"64":null,"65":0.01555,"66":null,"67":0.00518,"68":0.01037,"69":0.01037,"70":1.53446,"71":0.01037,"72":0.01037,"73":0.01555,"74":0.01555,"75":0.01037,"76":0.00518,"77":0.00518,"78":0.01037,"79":0.17626,"80":0.0311,"81":0.02592,"83":0.01555,"84":0.02592,"85":0.02074,"86":0.03629,"87":0.14515,"88":0.02074,"89":0.06221,"90":0.02592,"91":0.05702,"92":0.06221,"93":0.07776,"94":0.08813,"95":0.1296,"96":12.20314,"97":21.77798,"98":0.00518,"99":null,"100":0.01037,"101":null},"opera":{"9":null,"9.5-9.6":null,"10.0-10.1":0,"10.5":null,"10.6":null,"11":null,"11.1":null,"11.5":null,"11.6":null,"12":null,"12.1":null,"15":null,"16":null,"17":null,"18":null,"19":null,"20":null,"21":null,"22":null,"23":null,"24":null,"25":null,"26":null,"27":null,"28":0.04147,"29":null,"30":null,"31":null,"32":null,"33":null,"34":null,"35":null,"36":null,"37":null,"38":null,"39":null,"40":null,"41":null,"42":null,"43":null,"44":null,"45":null,"46":0.00518,"47":null,"48":null,"49":null,"50":null,"51":null,"52":null,"53":null,"54":null,"55":null,"56":null,"57":null,"58":null,"60":null,"62":null,"63":null,"64":null,"65":null,"66":null,"67":null,"68":null,"69":null,"70":null,"71":null,"72":null,"73":null,"74":null,"75":null,"76":null,"77":null,"78":null,"79":null,"80":null,"81":0.00518,"82":1.91808,"83":0.04666},"edge":{"12":null,"13":0.00518,"14":null,"15":0.01037,"16":null,"17":null,"18":0.01555,"79":null,"80":null,"81":null,"83":null,"84":0.01555,"85":null,"86":null,"87":null,"88":null,"89":null,"90":null,"91":null,"92":null,"93":null,"94":0.01037,"95":0.01037,"96":1.17158,"97":3.53549},"safari":{"3.1":null,"3.2":null,"4":0,"5":null,"5.1":null,"6":null,"6.1":null,"7":null,"7.1":null,"8":null,"9":null,"9.1":0.02592,"10":null,"10.1":null,"11":null,"11.1":0.01555,"12":null,"12.1":0.03629,"13":0.06739,"13.1":1.0679,"14":0.24883,"14.1":0.69466,"15":0.10368,"15.1":0.71021,"15.2-15.3":0.52358,"15.4":null,"0":null},"ios_saf":{"3.2":0,"4.0-4.1":0,"4.2-4.3":0,"5.0-5.1":0.00351,"6.0-6.1":0,"7.0-7.1":0.01289,"8":0,"8.1-8.4":0.00117,"9.0-9.2":0.00469,"9.3":0.06092,"10.0-10.2":0.01054,"10.3":0.11246,"11.0-11.2":0.0902,"11.3-11.4":0.01992,"12.0-12.1":0.01992,"12.2-12.5":0.43227,"13.0-13.1":0.01171,"13.2":0.01054,"13.3":0.05389,"13.4-13.7":0.18392,"14.0-14.4":0.54356,"14.5-14.8":2.87362,"15.0-15.1":4.78078,"15.2-15.3":2.48118,"15.4":0},"samsung":{"4":0.16756,"5.0-5.4":0.03064,"6.2-6.4":0.03064,"7.2-7.4":0.01047,"8.2":0.01021,"9.2":0.12258,"10.1":0.05107,"11.1-11.2":0.06283,"12.0":0.03142,"13.0":0.09425,"14.0":0.10472,"15.0":0.12567,"16.0":3.18363},"android":{"2.1":0,"2.2":0,"2.3":0,"3":0,"4":0,"4.1":0.00283,"4.2-4.3":0.00472,"4.4":0,"4.4.3-4.4.4":0.04061,"0":0},"ie":{"5.5":null,"6":null,"7":null,"8":null,"9":0.00518,"10":null,"11":0.2592},"op_mob":{"10":null,"11":null,"11.1":null,"11.5":null,"12":null,"12.1":null,"0":null},"bb":{"7":0,"10":0},"ie_mob":{"10":0.02781,"11":0.01419},"and_qq":{"10.4":0},"and_uc":{"0":0.7224},"op_mini":{"0":0.42403},"and_chr":{"0":31.53678},"kaios":{"2.5":0},"baidu":{"0":null},"and_ff":{"0":0.14448}},"total":99.3922}