{"id":"CY","name":"Cyprus","month":"2020-08","access_date":"2020-09-15","data":{"firefox":{"2":0,"3":0,"3.5":0,"3.6":0,"4":0,"5":0,"6":0,"7":0,"8":0,"9":0,"10":0,"11":0,"12":0,"13":0,"14":0,"15":0,"16":0,"17":0,"18":0,"19":0,"20":0,"21":0,"22":0,"23":0,"24":0,"25":0,"26":0,"27":0,"28":0.00523,"29":0,"30":0,"31":0,"32":0,"33":0,"34":0,"35":0,"36":0,"37":0,"38":0,"39":0,"40":0,"41":0,"42":0,"43":0,"44":0,"45":0,"46":0,"47":0,"48":0.02092,"49":0,"50":0,"51":0,"52":0.04706,"53":0,"54":0,"55":0.00523,"56":0,"57":0,"58":0,"59":0,"60":0.01569,"61":0,"62":0,"63":0,"64":0,"65":0,"66":0,"67":0,"68":0.08366,"69":0,"70":0,"71":0,"72":0.00523,"73":0,"74":0,"75":0,"76":0.00523,"77":0.04183,"78":0.08889,"79":0.95691,"80":0.1255,"81":0,"82":0},"chrome":{"4":0,"5":0,"6":0,"7":0,"8":0,"9":0,"10":0,"11":0,"12":0,"13":0,"14":0,"15":0,"16":0,"17":0,"18":0,"19":0,"20":0,"21":0,"22":0,"23":0,"24":0,"25":0,"26":0,"27":0,"28":0,"29":0,"30":0,"31":0,"32":0,"33":0,"34":0,"35":0,"36":0,"37":0,"38":0.01046,"39":0,"40":0,"41":0,"42":0.97782,"43":0,"44":0,"45":0,"46":0,"47":0,"48":0,"49":0.25099,"50":0,"51":0.00523,"52":0,"53":0.03137,"54":0,"55":0,"56":0,"57":0,"58":0.00523,"59":0,"60":0,"61":0,"62":0,"63":0.00523,"64":0,"65":0.02092,"66":0.00523,"67":0.00523,"68":0.00523,"69":0.02092,"70":0.87324,"71":0.05229,"72":0.06275,"73":0.01046,"74":0.01569,"75":0.01046,"76":0.04183,"77":0.01046,"78":0.02092,"79":0.07321,"80":0.05752,"81":0.07321,"83":0.81572,"84":15.84387,"85":0.44969,"86":0.00523,"87":0,"88":0},"opera":{"9":0,"9.5-9.6":0,"10.0-10.1":0,"10.5":0,"10.6":0,"11":0,"11.1":0,"11.5":0,"11.6":0,"12":0,"12.1":0,"15":0,"16":0,"17":0,"18":0,"19":0,"20":0,"21":0,"22":0,"23":0,"24":0,"25":0,"26":0,"27":0,"28":0,"29":0,"30":0,"31":0,"32":0,"33":0,"34":0,"35":0,"36":0,"37":0,"38":0,"39":0,"40":0.00523,"41":0,"42":0,"43":0,"44":0,"45":0,"46":0,"47":0,"48":0,"49":0,"50":0.02615,"51":0.01569,"52":0,"53":0,"54":0,"55":0,"56":0,"57":0.00523,"58":0,"60":0,"62":0,"63":0,"64":0,"65":0,"66":0,"67":0,"68":0.0366,"69":0.18302,"70":0.17256},"ios_saf":{"3.2":0,"4.0-4.1":0,"4.2-4.3":0,"5.0-5.1":0.01666,"6.0-6.1":0.00555,"7.0-7.1":0.02221,"8":0,"8.1-8.4":0.04442,"9.0-9.2":0.02776,"9.3":0.31094,"10.0-10.2":0.08884,"10.3":0.41644,"11.0-11.2":0.31649,"11.3-11.4":0.43865,"12.0-12.1":0.70516,"12.2-12.4":3.99778,"13.0-13.1":0.68295,"13.2":0.34425,"13.3":3.07607,"13.4-13.7":4.35869,"14.0":null},"safari":{"3.1":0,"3.2":0,"4":0,"5":0,"5.1":0.01046,"6":0,"6.1":0,"7":0,"7.1":0,"8":0,"9":0,"9.1":0.01046,"10":0,"10.1":0.02092,"11":0.01046,"11.1":0.04183,"12":0.02092,"12.1":0.23008,"13":0.15687,"13.1":1.6942,"14":0.00523,"0":null},"edge":{"12":0,"13":0.01046,"14":0,"15":0.02615,"16":0.00523,"17":0.02615,"18":0.25622,"79":0,"80":0,"81":0.06798,"83":0.00523,"84":1.52687,"85":0.10458},"android":{"2.1":0,"2.2":0,"2.3":0.00136,"3":0,"4":0.01766,"4.1":0.05299,"4.2-4.3":0.03261,"4.4":0,"4.4.3-4.4.4":0.19428,"81":null},"samsung":{"4":0.05217,"5.0-5.4":0,"6.2-6.4":0,"7.2-7.4":0,"8.2":0.01043,"9.2":0.0313,"10.1":0.05217,"11.1-11.2":0.16693,"12.0":4.10018},"op_mob":{"10":null,"11":null,"11.1":null,"11.5":null,"12":null,"12.1":null,"0":null},"ie":{"5.5":0,"6":0,"7":0,"8":0.02115,"9":0.00529,"10":0,"11":0.44417},"bb":{"7":0,"10":0.00477},"ie_mob":{"10":0,"11":0},"and_chr":{"0":47.79243},"kaios":{"2.5":0},"baidu":{"0":null},"and_ff":{"0":0.16699},"and_qq":{"10.4":0.00477},"and_uc":{"0":1.48855},"op_mini":{"0":0.22133}},"total":95.55096}