{"id":"CY","name":"Cyprus","month":"2015-09","access_date":"2015-10-02","data":{"firefox":{"2":0,"3":0.007864,"3.5":0,"3.6":0.031456,"4":0.007864,"5":0,"6":0.007864,"7":0,"8":0,"9":0.007864,"10":0.007864,"11":0,"12":0.007864,"13":0.007864,"14":0.015728,"15":0.007864,"16":0.015728,"17":0,"18":0,"19":0.007864,"20":0.007864,"21":0.015728,"22":0.007864,"23":0.007864,"24":0.007864,"25":0.007864,"26":0.031456,"27":0.007864,"28":0.007864,"29":0.023592,"30":0.015728,"31":0.023592,"32":0.023592,"33":0.023592,"34":0.023592,"35":0.03932,"36":0.03932,"37":0.07864,"38":0.228056,"39":1.934544,"40":7.801088,"41":0.581936,"42":0.015728,"43":0.007864,"44":0.007864},"chrome":{"4":0,"5":0,"6":0,"7":0,"8":0.007864,"9":0,"10":0.007864,"11":0.047184,"12":0.007864,"13":0,"14":0,"15":0,"16":0.015728,"17":0,"18":0.007864,"19":0,"20":0,"21":0.007864,"22":0.055048,"23":0.015728,"24":0,"25":0.015728,"26":0.023592,"27":0.007864,"28":0.007864,"29":0.015728,"30":0.03932,"31":0.086504,"32":0.015728,"33":0.047184,"34":0.031456,"35":0.070776,"36":0.086504,"37":0.062912,"38":0.125824,"39":0.212328,"40":0.07864,"41":0.204464,"42":0.896496,"43":0.935816,"44":5.882272,"45":33.807336,"46":0.094368,"47":0.102232,"48":0},"opera":{"9":0,"9.5-9.6":0,"10.0-10.1":0,"10.5":0,"10.6":0,"11":0,"11.1":0,"11.5":0,"11.6":0,"12":0,"12.1":0.070776,"15":0,"16":0,"17":0,"18":0,"19":0,"20":0,"21":0,"22":0,"23":0,"24":0,"25":0,"26":0,"27":0,"28":0.007864,"29":0.007864,"30":0.023592,"31":0.503296,"32":0.338152,"33":0,"34":0},"safari":{"3.1":0,"3.2":0,"4":0.031456,"5":0.070776,"5.1":0.220192,"6":0.023592,"6.1":0.094368,"7":0.03932,"7.1":0.377472,"8":1.093096,"9":0.023592},"android":{"2.1":0,"2.2":0,"2.3":0.0540547093403,"3":0,"4":0.163853337688,"4.1":0.570108262573,"4.2-4.3":1.20778491182,"4.4":2.14360706728,"4.4.3-4.4.4":1.0329517113,"44":null},"ios_saf":{"3.2":0,"4.0-4.1":0,"4.2-4.3":0,"5.0-5.1":0.0241807544426,"6.0-6.1":0.0219825040388,"7.0-7.1":0.702341004039,"8":0.0978221429725,"8.1-8.4":6.88382113974,"9":3.15558845477},"op_mob":{"10":0,"11":0,"11.1":0,"11.5":0,"12":0.000835221011911,"12.1":0.00167044202382,"0":0.0292327354169},"ie":{"5.5":0,"6":0.0158943751763,"7":0.0715246882934,"8":1.66890939351,"9":0.802665946403,"10":0.6039862567,"11":8.04255383921},"bb":{"7":0.009078,"10":null},"ie_mob":{"10":0.0662737297297,"11":0.28403027027},"and_uc":{"0":0.484872},"op_mini":{"5.0-8.0":0.324973601547},"and_chr":{"0":12.653416},"and_ff":{"0":0.070488},"edge":{"12":0.684168,"13":null}},"total":98.9259884993}