{"id":"CZ","name":"Czech Republic","month":"2019-11","access_date":"2019-12-04","data":{"chrome":{"4":0,"5":0,"6":0,"7":0,"8":0,"9":0,"10":0,"11":0,"12":0,"13":0,"14":0,"15":0,"16":0,"17":0,"18":0,"19":0,"20":0,"21":0,"22":0,"23":0,"24":0,"25":0,"26":0.006822,"27":0,"28":0,"29":0,"30":0,"31":0,"32":0,"33":0.013644,"34":0.006822,"35":0,"36":0.006822,"37":0,"38":0.006822,"39":0,"40":0.006822,"41":0.020466,"42":0,"43":0.006822,"44":0,"45":0,"46":0.006822,"47":0.006822,"48":0,"49":0.791352,"50":0.013644,"51":0.006822,"52":0.006822,"53":0.03411,"54":0.006822,"55":0.013644,"56":0.013644,"57":0.006822,"58":0.020466,"59":0.006822,"60":0.013644,"61":0.061398,"62":0.013644,"63":0.047754,"64":0.013644,"65":0.027288,"66":0.013644,"67":0.040932,"68":0.020466,"69":0.040932,"70":0.088686,"71":0.109152,"72":0.122796,"73":0.075042,"74":0.13644,"75":0.17055,"76":0.3411,"77":2.721978,"78":22.151034,"79":0.061398,"80":0.020466,"81":null},"firefox":{"2":0,"3":0.006822,"3.5":0,"3.6":0,"4":0,"5":0,"6":0,"7":0,"8":0,"9":0,"10":0,"11":0,"12":0,"13":0,"14":0,"15":0,"16":0,"17":0,"18":0,"19":0.006822,"20":0.006822,"21":0,"22":0,"23":0,"24":0.006822,"25":0,"26":0,"27":0,"28":0,"29":0,"30":0,"31":0,"32":0,"33":0,"34":0,"35":0,"36":0,"37":0,"38":0.006822,"39":0,"40":0,"41":0,"42":0,"43":0.006822,"44":0.006822,"45":0.006822,"46":0.006822,"47":0.006822,"48":0.047754,"49":0,"50":0.006822,"51":0.013644,"52":0.23877,"53":0.006822,"54":0.006822,"55":0.006822,"56":0.047754,"57":0.027288,"58":0.020466,"59":0.006822,"60":0.075042,"61":0.013644,"62":0.020466,"63":0.013644,"64":0.027288,"65":0.040932,"66":0.054576,"67":0.040932,"68":0.382032,"69":0.259236,"70":5.553108,"71":0.054576,"72":0.006822,"73":0},"opera":{"9":0,"9.5-9.6":0.006822,"10.0-10.1":0,"10.5":0,"10.6":0,"11":0,"11.1":0,"11.5":0,"11.6":0,"12":0,"12.1":0.061398,"15":0,"16":0,"17":0,"18":0,"19":0,"20":0,"21":0,"22":0,"23":0,"24":0,"25":0,"26":0,"27":0,"28":0,"29":0,"30":0,"31":0,"32":0,"33":0,"34":0,"35":0.006822,"36":0.027288,"37":0,"38":0,"39":0,"40":0,"41":0,"42":0,"43":0,"44":0,"45":0.075042,"46":0,"47":0,"48":0,"49":0,"50":0,"51":0,"52":0.006822,"53":0.006822,"54":0.013644,"55":0,"56":0.006822,"57":0.006822,"58":0.013644,"60":0.006822,"62":0.006822,"63":0.61398,"64":1.22796},"safari":{"3.1":0,"3.2":0,"4":0,"5":0,"5.1":0.900504,"6":0,"6.1":0,"7":0,"7.1":0,"8":0.006822,"9":0.006822,"9.1":0.013644,"10":0.013644,"10.1":0.061398,"11":0.020466,"11.1":0.143262,"12":0.129618,"12.1":0.40932,"13":1.923804,"0":null},"ios_saf":{"3.2":0,"4.0-4.1":0,"4.2-4.3":0,"5.0-5.1":0.0073710266533066,"6.0-6.1":0,"7.0-7.1":0.011583041883768,"8":0,"8.1-8.4":0.013689049498998,"9.0-9.2":0.012636045691383,"9.3":0.14426152164329,"10.0-10.2":0.053703194188377,"10.3":0.15163254829659,"11.0-11.2":0.15479155971944,"11.3-11.4":0.26009194048096,"12.0-12.1":0.36223330981964,"12.2-12.4":2.5946013819639,"13.0-13.1":5.1555066420842,"13.2":1.5542336200401,"13.3":0.032643118036072},"android":{"2.1":0,"2.2":0.0033255095948827,"2.3":0.00083137739872068,"3":0.001247066098081,"4":0.0095608400852878,"4.1":0.010807906183369,"4.2-4.3":0.23070722814499,"4.4":0,"4.4.3-4.4.4":0.13343607249467,"76":null},"ie":{"5.5":0,"6":0,"7":0,"8":0.041292105571848,"9":0.013764035190616,"10":0.082584211143695,"11":2.2091276480938},"samsung":{"4":0.13329201052632,"5.0-5.4":0.010253231578947,"6.2-6.4":0.010253231578947,"7.2-7.4":0.030759694736842,"8.2":0.020506463157895,"9.2":0.13329201052632,"10.1":1.6097573578947},"edge":{"12":0.006822,"13":0.006822,"14":0.027288,"15":0.03411,"16":0.047754,"17":0.245592,"18":2.01249,"76":null},"op_mob":{"10":null,"11":null,"11.1":null,"11.5":null,"12":null,"12.1":null,"0":null},"ie_mob":{"10":0.011123,"11":0.055615},"bb":{"7":0,"10":0.025424},"baidu":{"0":null},"and_ff":{"0":0.247884},"and_uc":{"0":0.375004},"and_qq":{"1.2":0.012712},"kaios":{"2.5":0.003178},"op_mini":{"0":0.63484099312715},"and_chr":{"0":37.768044}},"total":96.767262993127}