{"id":"CZ","name":"Czech Republic","month":"2014-08","access_date":"2014-09-01","data":{"chrome":{"4":null,"5":null,"6":null,"7":null,"8":null,"9":null,"10":0.008988,"11":0.161784,"12":0.035952,"13":0.017976,"14":null,"15":0.04494,"16":null,"17":null,"18":0.04494,"19":null,"20":0.04494,"21":0.035952,"22":0.062916,"23":0.017976,"24":0.035952,"25":0.026964,"26":0.206724,"27":2.912112,"28":0.098868,"29":0.071904,"30":0.053928,"31":0.332556,"32":0.17976,"33":0.422436,"34":0.503328,"35":1.03362,"36":30.595152,"37":1.231356,"38":0.071904,"39":0.008988,"40":null},"firefox":{"2":0.017976,"3":0.026964,"3.5":0.008988,"3.6":0.071904,"4":0.017976,"5":0.008988,"6":0.008988,"7":0.008988,"8":0.017976,"9":0.026964,"10":0.062916,"11":0.026964,"12":0.107856,"13":0.026964,"14":0.026964,"15":0.026964,"16":0.071904,"17":0.107856,"18":0.035952,"19":0.04494,"20":0.062916,"21":1.52796,"22":0.206724,"23":0.071904,"24":0.620172,"25":0.08988,"26":0.152796,"27":0.071904,"28":0.161784,"29":0.206724,"30":0.692076,"31":21.454356,"32":0.107856,"33":0.008988,"34":0.017976},"opera":{"9":null,"9.5-9.6":null,"10.0-10.1":0,"10.5":null,"10.6":null,"11":null,"11.1":null,"11.5":0.026964,"11.6":0.035952,"12":0.053928,"12.1":1.48302,"15":0.008988,"16":0.017976,"17":0.035952,"18":0.053928,"19":0.035952,"20":0.188748,"21":0.13482,"22":0.053928,"23":2.20206,"24":0.071904,"25":null},"safari":{"3.1":null,"3.2":null,"4":0.017976,"5":0.080892,"5.1":0.31458,"6":0.566244,"6.1":0.170772,"7":0.871836,"8":0.035952},"android":{"2.1":0.0039196043956,"2.2":0.0274372307692,"2.3":0.533066197802,"3":0,"4":0.415478065934,"4.1":1.03869516484,"4.2-4.3":1.08573041758,"4.4":0.819197318681,"4.4.3":null},"op_mob":{"10":0,"11":0,"11.1":0,"11.5":0,"12":0.00118403038936,"12.1":0.0065121671415,"0":null},"ie":{"5.5":null,"6":0.091205943098,"7":0.091205943098,"8":2.95507255638,"9":1.82411886196,"10":1.96092777661,"11":10.3883569189},"ios_saf":{"3.2":0,"4.0-4.1":0,"4.2-4.3":0,"5.0-5.1":0.0149684519774,"6.0-6.1":0.0754532171106,"7.0-7.1":1.42353033091,"8":0},"bb":{"7":0.012144,"10":null},"and_ff":{"0":0.105248},"ie_mob":{"10":0.27285544},"op_mini":{"5.0-7.0":0.437583802469},"and_chr":{"0":3.341624}},"total":97.85881144}