{"id":"DE","name":"Germany","month":"2016-03","access_date":"2016-04-02","data":{"firefox":{"2":0.007419,"3":0.014838,"3.5":0.007419,"3.6":0.051933,"4":0.007419,"5":0.007419,"6":0.022257,"7":0.007419,"8":0.007419,"9":0.007419,"10":0.022257,"11":0.014838,"12":0.044514,"13":0.007419,"14":0.007419,"15":0.014838,"16":0.037095,"17":0.014838,"18":0.014838,"19":0.007419,"20":0.022257,"21":0.007419,"22":0.014838,"23":0.014838,"24":0.044514,"25":0.014838,"26":0.029676,"27":0.014838,"28":0.037095,"29":0.029676,"30":0.037095,"31":0.096447,"32":0.037095,"33":0.096447,"34":0.089028,"35":0.096447,"36":0.103866,"37":0.103866,"38":0.949632,"39":0.289341,"40":0.341274,"41":0.37095,"42":1.053498,"43":0.845766,"44":12.24135,"45":8.294442,"46":0.089028,"47":0.014838,"48":0.007419},"chrome":{"4":0.007419,"5":0,"6":0,"7":0,"8":0,"9":0,"10":0,"11":0.044514,"12":0,"13":0,"14":0,"15":0,"16":0.007419,"17":0,"18":0.007419,"19":0,"20":0,"21":0.007419,"22":0.051933,"23":0,"24":0,"25":0,"26":0.022257,"27":0.007419,"28":0.007419,"29":0.422883,"30":0.007419,"31":0.051933,"32":0.014838,"33":0.051933,"34":0.037095,"35":0.029676,"36":0.022257,"37":0.281922,"38":0.037095,"39":0.066771,"40":0.044514,"41":0.118704,"42":0.07419,"43":0.118704,"44":0.089028,"45":0.133542,"46":0.163218,"47":0.348693,"48":9.281169,"49":10.675941,"50":0.07419,"51":0.037095,"52":0},"opera":{"9":0,"9.5-9.6":0,"10.0-10.1":0,"10.5":0,"10.6":0,"11":0,"11.1":0,"11.5":0.007419,"11.6":0.014838,"12":0.007419,"12.1":0.29676,"15":0,"16":0,"17":0,"18":0,"19":0,"20":0,"21":0,"22":0.007419,"23":0,"24":0.007419,"25":0.007419,"26":0,"27":0.007419,"28":0.014838,"29":0.007419,"30":0.014838,"31":0.007419,"32":0.007419,"33":0.014838,"34":0.081609,"35":0.801252,"36":0.638034,"37":0,"38":0},"safari":{"3.1":0,"3.2":0,"4":0.029676,"5":0.081609,"5.1":0.22257,"6":0.022257,"6.1":0.140961,"7":0.066771,"7.1":0.044514,"8":0.37095,"9":2.581812,"9.1":0.289341,"0":null},"android":{"2.1":0,"2.2":0,"2.3":0.0177084829573,"3":0,"4":0.100938352856,"4.1":0.342659145223,"4.2-4.3":0.772089856937,"4.4":1.59907601104,"4.4.3-4.4.4":0.856205150984,"47":null},"ios_saf":{"3.2":0,"4.0-4.1":0,"4.2-4.3":0,"5.0-5.1":0,"6.0-6.1":0.0308892542253,"7.0-7.1":0.372959143609,"8":0.0240249755086,"8.1-8.4":0.998752553284,"9.0-9.2":7.90764908167,"9.3":1.9700479917},"op_mob":{"10":0,"11":0,"11.1":0,"11.5":0,"12":0,"12.1":3.11314734835e-5,"0":0.00118299599237},"ie":{"5.5":0,"6":0.0374564955022,"7":0.0374564955022,"8":0.50191703973,"9":0.464460544228,"10":0.412021450525,"11":8.51011577811},"ie_mob":{"10":0.099812109375,"11":0.480912890625},"edge":{"12":0.385788,"13":1.676694,"14":0.007419},"bb":{"7":0.012905,"10":null},"and_uc":{"0":0.640088},"op_mini":{"5.0-8.0":0.398840872534},"and_chr":{"0":11.869442},"and_ff":{"0":0.074849}},"total":94.4589138036}