{"id":"DE","name":"Germany","month":"2015-03","access_date":"2015-04-20","data":{"firefox":{"2":0.01635,"3":0.024525,"3.5":0.01635,"3.6":0.106275,"4":0.01635,"5":0.01635,"6":0.01635,"7":0.01635,"8":0.01635,"9":0.01635,"10":0.04905,"11":0.024525,"12":0.08175,"13":0.024525,"14":0.024525,"15":0.0327,"16":0.057225,"17":0.04905,"18":0.0327,"19":0.0327,"20":0.04905,"21":0.040875,"22":0.0327,"23":0.040875,"24":0.1308,"25":0.040875,"26":0.089925,"27":0.17985,"28":0.106275,"29":0.106275,"30":0.155325,"31":0.874725,"32":0.37605,"33":0.31065,"34":0.4578,"35":4.62705,"36":24.47595,"37":0.220725,"38":0.040875,"39":0.024525,"40":0},"chrome":{"4":0,"5":0,"6":0,"7":0,"8":0,"9":0,"10":0,"11":0.08175,"12":0.008175,"13":0,"14":0,"15":0,"16":0,"17":0.008175,"18":0.01635,"19":0,"20":0.008175,"21":0.01635,"22":0.057225,"23":0.008175,"24":0.01635,"25":0.008175,"26":0.0327,"27":0.01635,"28":0.024525,"29":0.01635,"30":0.024525,"31":0.155325,"32":0.040875,"33":0.0981,"34":0.073575,"35":0.1962,"36":0.4251,"37":0.613125,"38":0.204375,"39":0.515025,"40":6.8343,"41":11.5758,"42":0.08175,"43":0.08175,"44":0},"opera":{"9":0,"9.5-9.6":0,"10.0-10.1":0.008175,"10.5":0,"10.6":0,"11":0,"11.1":0.008175,"11.5":0.008175,"11.6":0.024525,"12":0.01635,"12.1":0.645825,"15":0,"16":0,"17":0,"18":0.008175,"19":0.008175,"20":0.01635,"21":0.008175,"22":0.01635,"23":0.008175,"24":0.01635,"25":0.024525,"26":0.01635,"27":0.498675,"28":0.956475,"29":0.008175},"safari":{"3.1":0,"3.2":0,"4":0.057225,"5":0.138975,"5.1":0.50685,"6":0.0654,"6.1":0.27795,"7":0.416925,"7.1":0.67035,"8":2.068275},"android":{"2.1":0,"2.2":0,"2.3":0.0931139206733,"3":0,"4":0.206392639454,"4.1":0.713478003631,"4.2-4.3":1.23657658983,"4.4":2.11908304819,"4.4.3-4.4.4":1.02188079822,"40":null},"ios_saf":{"3.2":0,"4.0-4.1":0,"4.2-4.3":0,"5.0-5.1":0.0217524585219,"6.0-6.1":0.054875520362,"7.0-7.1":0.867626470588,"8":0.174019668175,"8.1-8.3":3.79827588235},"op_mob":{"10":0,"11":0,"11.1":0,"11.5":0,"12":4.52784810127e-5,"12.1":0.000181113924051,"0":0.00113196202532},"ie":{"5.5":0,"6":0.0411004136029,"7":0.0657606617647,"8":0.986409926471,"9":1.19191199449,"10":0.879548851103,"11":10.2340029871,"0":null},"ie_mob":{"10":0.126663111111,"11":0.318636888889},"bb":{"7":0.01095,"10":null},"and_uc":{"0":0.21535},"op_mini":{"5.0-8.0":0.17749164557},"and_chr":{"0":8.8872},"and_ff":{"0":0.28105}},"total":94.5138098346}