{"id":"DE","name":"Germany","month":"2016-08","access_date":"2016-09-04","data":{"chrome":{"4":null,"5":null,"6":null,"7":null,"8":null,"9":null,"10":null,"11":0.032975,"12":null,"13":null,"14":null,"15":null,"16":null,"17":null,"18":0.01319,"19":null,"20":null,"21":null,"22":0.046165,"23":null,"24":0.01319,"25":null,"26":0.019785,"27":null,"28":0.006595,"29":0.125305,"30":null,"31":0.046165,"32":0.006595,"33":0.03957,"34":0.02638,"35":0.019785,"36":0.01319,"37":0.32975,"38":0.019785,"39":0.059355,"40":0.046165,"41":0.112115,"42":0.059355,"43":0.125305,"44":0.05276,"45":0.07914,"46":0.072545,"47":0.10552,"48":0.1319,"49":0.97606,"50":0.22423,"51":5.256215,"52":13.038315,"53":0.085735,"54":0.03957,"55":null},"firefox":{"2":0.01319,"3":0.01319,"3.5":0.006595,"3.6":0.03957,"4":null,"5":null,"6":null,"7":null,"8":null,"9":0.006595,"10":0.01319,"11":0.006595,"12":0.032975,"13":null,"14":null,"15":0.006595,"16":0.02638,"17":0.01319,"18":0.01319,"19":null,"20":0.019785,"21":0.006595,"22":0.01319,"23":0.006595,"24":0.059355,"25":0.006595,"26":0.019785,"27":0.01319,"28":0.02638,"29":0.02638,"30":0.02638,"31":0.07914,"32":0.032975,"33":0.059355,"34":0.059355,"35":0.072545,"36":0.09233,"37":0.059355,"38":0.824375,"39":0.17147,"40":0.164875,"41":0.178065,"42":0.455055,"43":0.389105,"44":0.25061,"45":0.784805,"46":0.34294,"47":13.288925,"48":6.746685,"49":0.151685,"50":0.019785,"51":0.006595},"opera":{"9":null,"9.5-9.6":null,"10.0-10.1":0,"10.5":null,"10.6":null,"11":null,"11.1":null,"11.5":null,"11.6":0.006595,"12":0.006595,"12.1":0.230825,"15":null,"16":null,"17":null,"18":null,"19":null,"20":null,"21":null,"22":null,"23":null,"24":null,"25":null,"26":null,"27":null,"28":0.006595,"29":null,"30":0.006595,"31":null,"32":null,"33":null,"34":0.01319,"35":0.01319,"36":0.072545,"37":0.05276,"38":0.27699,"39":0.850755,"40":0.01319,"41":null},"safari":{"3.1":null,"3.2":null,"4":0.02638,"5":0.059355,"5.1":0.15828,"6":0.01319,"6.1":0.098925,"7":0.046165,"7.1":0.019785,"8":0.21104,"9":0.48803,"9.1":2.71714,"10":0.032975,"0":null},"ios_saf":{"3.2":0,"4.0-4.1":0,"4.2-4.3":0,"5.0-5.1":0,"6.0-6.1":0,"7.0-7.1":0.156648957624,"8":0,"8.1-8.4":0.364256009898,"9.0-9.2":0.504862604392,"9.3":8.12687242809},"android":{"2.1":0,"2.2":0,"2.3":0.00511260147099,"3":0,"4":0.0383445110324,"4.1":0.140596540452,"4.2-4.3":0.349574125579,"4.4":0.969477053936,"4.4.3-4.4.4":0.842940167529,"51":null},"op_mob":{"10":0,"11":0,"11.1":0,"11.5":0,"12":0,"12.1":0.000550905517241,"0":0.0214853151724},"ie":{"5.5":null,"6":0.0332698584203,"7":0.0266158867362,"8":0.319390640835,"9":0.326044612519,"10":0.239542980626,"11":7.98476602086},"edge":{"12":0.14509,"13":2.59843,"14":0.29018},"bb":{"7":0.01617375,"10":null},"ie_mob":{"10":0.133979347826,"11":0.482325652174},"and_ff":{"0":0.091935},"samsung":{"0":6.05409},"and_uc":{"0":0.52437},"op_mini":{"0":0.29122377931},"and_chr":{"0":15.70627}},"total":98.07373375}