{"id":"DJ","name":"Djibouti","month":"2020-08","access_date":"2020-09-15","data":{"firefox":{"2":0,"3":0,"3.5":0,"3.6":0,"4":0,"5":0,"6":0,"7":0,"8":0,"9":0,"10":0,"11":0,"12":0,"13":0,"14":0,"15":0,"16":0,"17":0,"18":0,"19":0,"20":0,"21":0,"22":0,"23":0,"24":0,"25":0,"26":0,"27":0,"28":0,"29":0.00335,"30":0,"31":0,"32":0,"33":0,"34":0,"35":0,"36":0,"37":0,"38":0,"39":0,"40":0,"41":0,"42":0,"43":0,"44":0.00335,"45":0,"46":0,"47":0.01005,"48":0,"49":0,"50":0,"51":0,"52":0.00335,"53":0,"54":0,"55":0,"56":0.00335,"57":0,"58":0,"59":0,"60":0,"61":0,"62":0,"63":0,"64":0,"65":0,"66":0,"67":0,"68":0.03016,"69":0,"70":0.00335,"71":0.00335,"72":0.0134,"73":0.00335,"74":0.00335,"75":0.00335,"76":0.03016,"77":0.00335,"78":0.12064,"79":0.58307,"80":0.04691,"81":0,"82":0},"chrome":{"4":0,"5":0,"6":0,"7":0,"8":0,"9":0,"10":0,"11":0,"12":0,"13":0,"14":0,"15":0,"16":0,"17":0,"18":0,"19":0,"20":0,"21":0,"22":0,"23":0,"24":0,"25":0,"26":0,"27":0,"28":0,"29":0,"30":0,"31":0,"32":0,"33":0,"34":0,"35":0,"36":0,"37":0,"38":0.0067,"39":0,"40":0,"41":0,"42":0.00335,"43":0,"44":0,"45":0,"46":0.00335,"47":0.00335,"48":0,"49":0.02011,"50":0,"51":0,"52":0,"53":0,"54":0,"55":0,"56":0,"57":0.00335,"58":0.05697,"59":0,"60":0,"61":0,"62":0,"63":0.0067,"64":0.00335,"65":0.00335,"66":0.00335,"67":0,"68":0,"69":0.00335,"70":0.00335,"71":0,"72":0.01005,"73":0.0067,"74":0.01005,"75":0.00335,"76":0,"77":0.03351,"78":0.08042,"79":0.0134,"80":0.07707,"81":0.07037,"83":0.07037,"84":7.61347,"85":0.39877,"86":0.02681,"87":0,"88":0},"opera":{"9":0,"9.5-9.6":0,"10.0-10.1":0,"10.5":0,"10.6":0,"11":0,"11.1":0,"11.5":0,"11.6":0,"12":0,"12.1":0.03351,"15":0,"16":0,"17":0,"18":0,"19":0,"20":0,"21":0,"22":0,"23":0,"24":0,"25":0,"26":0,"27":0,"28":0,"29":0,"30":0,"31":0,"32":0,"33":0,"34":0,"35":0,"36":0.00335,"37":0,"38":0.0067,"39":0,"40":0,"41":0,"42":0,"43":0,"44":0,"45":0,"46":0.00335,"47":0,"48":0,"49":0,"50":0.04356,"51":0.02011,"52":0,"53":0,"54":0,"55":0,"56":0,"57":0,"58":0,"60":0,"62":0,"63":0,"64":0,"65":0,"66":0.00335,"67":0,"68":0.00335,"69":0.04691,"70":0.15415},"ios_saf":{"3.2":0,"4.0-4.1":0,"4.2-4.3":0,"5.0-5.1":0.00682,"6.0-6.1":0.00227,"7.0-7.1":0.00909,"8":0,"8.1-8.4":0.01818,"9.0-9.2":0.01136,"9.3":0.12727,"10.0-10.2":0.03636,"10.3":0.17045,"11.0-11.2":0.12955,"11.3-11.4":0.17954,"12.0-12.1":0.28864,"12.2-12.4":1.63636,"13.0-13.1":0.27954,"13.2":0.14091,"13.3":1.25909,"13.4-13.7":1.78409,"14.0":null},"safari":{"3.1":0,"3.2":0,"4":0,"5":0,"5.1":0,"6":0,"6.1":0,"7":0,"7.1":0,"8":0,"9":0,"9.1":0,"10":0,"10.1":0.0067,"11":0,"11.1":0.0067,"12":0,"12.1":0.04691,"13":0.1508,"13.1":0.16755,"14":0,"0":null},"edge":{"12":0.0067,"13":0.00335,"14":0,"15":0.0067,"16":0.0134,"17":0.02011,"18":0.11058,"79":0,"80":0,"81":0.0067,"83":0.0067,"84":0.31164,"85":0.08042},"android":{"2.1":0,"2.2":0,"2.3":0.00274,"3":0,"4":0.03565,"4.1":0.10696,"4.2-4.3":0.06582,"4.4":0,"4.4.3-4.4.4":0.39218,"81":null},"samsung":{"4":0.7952,"5.0-5.4":0.0604,"6.2-6.4":0.05033,"7.2-7.4":1.22803,"8.2":0.02013,"9.2":0.56369,"10.1":0.80527,"11.1-11.2":0.86566,"12.0":4.30818},"op_mob":{"10":null,"11":null,"11.1":null,"11.5":null,"12":null,"12.1":null,"0":null},"ie":{"5.5":0,"6":0,"7":0,"8":0.01728,"9":0,"10":0,"11":0.14691},"bb":{"7":0,"10":0},"ie_mob":{"10":0,"11":0},"and_chr":{"0":65.30345},"kaios":{"2.5":0},"baidu":{"0":null},"and_ff":{"0":0.21942},"and_qq":{"10.4":1.49603},"and_uc":{"0":0.9774},"op_mini":{"0":1.08901}},"total":95.29542}