{"id":"DK","name":"Denmark","month":"2021-07","access_date":"2021-08-04","data":{"firefox":{"2":null,"3":null,"3.5":null,"3.6":null,"4":null,"5":null,"6":null,"7":null,"8":null,"9":null,"10":null,"11":null,"12":null,"13":null,"14":null,"15":null,"16":null,"17":null,"18":null,"19":null,"20":null,"21":null,"22":null,"23":null,"24":null,"25":null,"26":null,"27":null,"28":null,"29":null,"30":null,"31":null,"32":null,"33":null,"34":null,"35":null,"36":null,"37":null,"38":null,"39":null,"40":null,"41":null,"42":null,"43":null,"44":null,"45":null,"46":null,"47":0.01153,"48":0.02306,"49":null,"50":null,"51":null,"52":0.05189,"53":null,"54":null,"55":null,"56":null,"57":null,"58":null,"59":null,"60":null,"61":null,"62":null,"63":0.01153,"64":0.0173,"65":null,"66":null,"67":null,"68":0.01153,"69":null,"70":0.00577,"71":null,"72":null,"73":null,"74":null,"75":null,"76":null,"77":null,"78":0.09802,"79":null,"80":null,"81":null,"82":0.09802,"83":0.01153,"84":null,"85":0.00577,"86":null,"87":0.04613,"88":0.23641,"89":1.67791,"90":0.98022,"91":null,"92":null},"chrome":{"4":null,"5":null,"6":null,"7":null,"8":null,"9":null,"10":null,"11":null,"12":null,"13":null,"14":null,"15":null,"16":null,"17":null,"18":null,"19":null,"20":null,"21":null,"22":null,"23":null,"24":null,"25":null,"26":null,"27":null,"28":null,"29":null,"30":null,"31":null,"32":null,"33":null,"34":null,"35":null,"36":null,"37":null,"38":0.0173,"39":null,"40":null,"41":null,"42":null,"43":null,"44":null,"45":null,"46":null,"47":null,"48":null,"49":0.10379,"50":null,"51":null,"52":0.02883,"53":0.01153,"54":null,"55":null,"56":null,"57":null,"58":0.01153,"59":0.02306,"60":null,"61":0.17298,"62":null,"63":null,"64":null,"65":0.01153,"66":0.01153,"67":0.02883,"68":null,"69":0.50741,"70":0.01153,"71":0.00577,"72":0.01153,"73":null,"74":0.01153,"75":0.02306,"76":0.02883,"77":0.01153,"78":0.01153,"79":0.08649,"80":0.04613,"81":0.05189,"83":0.02883,"84":0.14415,"85":0.04036,"86":0.05766,"87":0.22487,"88":0.10379,"89":0.20758,"90":0.83607,"91":28.48404,"92":5.58149,"93":0.01153,"94":null,"95":null},"opera":{"9":null,"9.5-9.6":null,"10.0-10.1":0,"10.5":null,"10.6":null,"11":null,"11.1":null,"11.5":null,"11.6":null,"12":null,"12.1":null,"15":null,"16":null,"17":null,"18":null,"19":null,"20":null,"21":null,"22":null,"23":null,"24":null,"25":null,"26":null,"27":null,"28":null,"29":null,"30":null,"31":null,"32":null,"33":null,"34":null,"35":null,"36":null,"37":null,"38":null,"39":null,"40":null,"41":null,"42":null,"43":null,"44":null,"45":null,"46":0.00577,"47":null,"48":null,"49":null,"50":null,"51":null,"52":null,"53":null,"54":null,"55":null,"56":null,"57":null,"58":null,"60":null,"62":null,"63":null,"64":null,"65":null,"66":null,"67":null,"68":null,"69":null,"70":null,"71":null,"72":null,"73":null,"74":null,"75":0.01153,"76":0.33443,"77":0.68039},"ios_saf":{"3.2":0,"4.0-4.1":0,"4.2-4.3":0,"5.0-5.1":0,"6.0-6.1":0,"7.0-7.1":0.00493,"8":0,"8.1-8.4":0.00493,"9.0-9.2":0.06658,"9.3":0.15783,"10.0-10.2":0.0148,"10.3":0.26387,"11.0-11.2":0.07152,"11.3-11.4":0.08385,"12.0-12.1":0.04686,"12.2-12.4":0.22441,"13.0-13.1":0.03206,"13.2":0.01973,"13.3":0.16276,"13.4-13.7":0.47595,"14.0-14.4":3.07274,"14.5-14.7":18.95677},"safari":{"3.1":null,"3.2":null,"4":0,"5":0.02306,"5.1":null,"6":null,"6.1":null,"7":null,"7.1":null,"8":null,"9":null,"9.1":null,"10":null,"10.1":0.04036,"11":null,"11.1":0.10955,"12":0.0173,"12.1":0.14992,"13":0.16145,"13.1":0.68039,"14":1.61448,"14.1":5.70257,"15":0.02883,"0":null},"edge":{"12":null,"13":null,"14":null,"15":null,"16":null,"17":null,"18":0.04036,"79":null,"80":null,"81":null,"83":null,"84":0.01153,"85":0.0173,"86":0.02306,"87":0.0173,"88":0.0173,"89":0.04036,"90":0.05189,"91":4.20341,"92":1.03211},"samsung":{"4":0.04317,"5.0-5.4":0.07118,"6.2-6.4":0.02034,"7.2-7.4":0.27454,"8.2":0.02034,"9.2":0.02084,"10.1":0.14236,"11.1-11.2":0.03238,"12.0":0.02159,"13.0":0.14031,"14.0":2.18017},"android":{"2.1":0,"2.2":0,"2.3":0,"3":0,"4":0,"4.1":0.00192,"4.2-4.3":0.00866,"4.4":0,"4.4.3-4.4.4":0.05293,"0":0},"op_mob":{"10":null,"11":null,"11.1":null,"11.5":null,"12":null,"12.1":null,"0":null},"ie":{"5.5":null,"6":null,"7":null,"8":0.00596,"9":0.00596,"10":0.07746,"11":0.62561},"bb":{"7":0,"10":0},"ie_mob":{"10":null,"11":0.01518},"and_chr":{"0":16.66198},"kaios":{"2.5":0},"baidu":{"0":null},"and_ff":{"0":0.39376},"and_qq":{"10.4":0.00423},"and_uc":{"0":0.03387},"op_mini":{"0":0.0962}},"total":99.86031}