{"id":"DM","name":"Dominica","month":"2014-06","access_date":"2014-07-29","data":{"chrome":{"4":null,"5":null,"6":null,"7":null,"8":null,"9":null,"10":null,"11":0.054509,"12":0.015574,"13":null,"14":null,"15":null,"16":null,"17":null,"18":0.147953,"19":null,"20":0.015574,"21":0.163527,"22":0.070083,"23":0.031148,"24":1.269281,"25":null,"26":0.015574,"27":0.171314,"28":0.342628,"29":1.541826,"30":null,"31":0.552877,"32":0.802061,"33":2.896764,"34":0.965588,"35":39.464516,"36":0.07787,"37":0.31148,"38":null,"39":null},"firefox":{"2":null,"3":0.023361,"3.5":null,"3.6":0.031148,"4":null,"5":0.015574,"6":null,"7":null,"8":0.015574,"9":null,"10":null,"11":null,"12":0.031148,"13":0.070083,"14":null,"15":0.023361,"16":0.038935,"17":0.15574,"18":0.023361,"19":null,"20":0.007787,"21":0.023361,"22":0.070083,"23":0.140166,"24":0.163527,"25":0.007787,"26":0.046722,"27":0.054509,"28":0.124592,"29":5.879185,"30":4.508673,"31":0.256971,"32":0.062296,"33":null,"34":null},"opera":{"9":null,"9.5-9.6":null,"10.0-10.1":0,"10.5":null,"10.6":null,"11":null,"11.1":null,"11.5":null,"11.6":null,"12":0.038935,"12.1":0.124592,"15":null,"16":null,"17":null,"18":null,"19":null,"20":0.054509,"21":0.109018,"22":0.358202,"23":0.023361,"24":null},"safari":{"3.1":null,"3.2":null,"4":0,"5":0.147953,"5.1":1.261494,"6":0.241397,"6.1":0.303693,"7":1.097967,"8":0.023361},"android":{"2.1":0.0210179950249,"2.2":0.0714611830846,"2.3":1.10554653831,"3":0.00420359900498,"4":0.832312602985,"4.1":1.56794242886,"4.2-4.3":0.622132652736,"4.4":null,"4.4.3":null},"op_mob":{"10":0,"11":0.000947100240096,"11.1":0,"11.5":0.000947100240096,"12":0.00473550120048,"12.1":0.0132594033613,"0":null},"ie":{"5.5":null,"6":0.334841,"7":null,"8":0.988949,"9":0.965588,"10":3.50415,"11":6.969365},"ios_saf":{"3.2":0.001155186,"4.0-4.1":0.002310372,"4.2-4.3":0.008086302,"5.0-5.1":0.082018206,"6.0-6.1":0.333848754,"7.0-7.1":0.72776718,"8":null},"bb":{"7":0.60470225,"10":null},"and_ff":{"0":0.104011},"ie_mob":{"10":0.27808558},"op_mini":{"5.0-7.0":0.597537894958},"and_chr":{"0":12.063063}},"total":96.27855783}