{"id":"DM","name":"Dominica","month":"2016-03","access_date":"2016-04-02","data":{"firefox":{"2":0,"3":0,"3.5":0,"3.6":0,"4":0.120042,"5":0,"6":0,"7":0,"8":0,"9":0,"10":0,"11":0,"12":0,"13":0.026676,"14":0,"15":0,"16":0,"17":0.006669,"18":0,"19":0,"20":0.033345,"21":0,"22":0.006669,"23":0,"24":0,"25":0,"26":0,"27":0,"28":0.026676,"29":0.006669,"30":0,"31":0,"32":0,"33":0,"34":0.026676,"35":0.013338,"36":0,"37":0.006669,"38":0.026676,"39":0.040014,"40":0.146718,"41":0.166725,"42":0.120042,"43":0.253422,"44":2.627586,"45":1.700595,"46":0.040014,"47":0.006669,"48":0.006669},"chrome":{"4":0,"5":0,"6":0,"7":0,"8":0,"9":0,"10":0,"11":0.020007,"12":0.013338,"13":0,"14":0,"15":0,"16":0,"17":0,"18":0.040014,"19":0,"20":0.020007,"21":0.006669,"22":0.146718,"23":0,"24":0,"25":0,"26":0.006669,"27":0,"28":0.006669,"29":0.006669,"30":0.033345,"31":0.253422,"32":0.560196,"33":0.013338,"34":0.100035,"35":0.033345,"36":0.193401,"37":0.020007,"38":0.006669,"39":0.413478,"40":0.020007,"41":0,"42":0.020007,"43":0.060021,"44":0.146718,"45":0.720252,"46":0.13338,"47":0.273429,"48":17.80623,"49":17.426097,"50":0.206739,"51":0.13338,"52":0},"opera":{"9":0,"9.5-9.6":0,"10.0-10.1":0,"10.5":0,"10.6":0,"11":0,"11.1":0,"11.5":0,"11.6":0,"12":0,"12.1":0.026676,"15":0,"16":0,"17":0,"18":0,"19":0,"20":0,"21":0,"22":0,"23":0,"24":0,"25":0,"26":0,"27":0.020007,"28":0,"29":0.053352,"30":0,"31":0,"32":0.060021,"33":0.006669,"34":0.040014,"35":0.846963,"36":0.513513,"37":0,"38":0},"safari":{"3.1":0,"3.2":0,"4":0.013338,"5":0,"5.1":0.080028,"6":0.006669,"6.1":0.033345,"7":0.140049,"7.1":0.060021,"8":0.180063,"9":1.960686,"9.1":0.20007,"0":null},"android":{"2.1":0,"2.2":0,"2.3":0.0637523091695,"3":0,"4":0.363388162266,"4.1":1.23360718243,"4.2-4.3":2.77960067979,"4.4":5.756833518,"4.4.3-4.4.4":3.08242414834,"47":null},"ios_saf":{"3.2":0,"4.0-4.1":0,"4.2-4.3":0,"5.0-5.1":0,"6.0-6.1":0.0147610593057,"7.0-7.1":0.178226123469,"8":0.0114808239045,"8.1-8.4":0.477274250886,"9.0-9.2":3.77883118227,"9.3":0.941427560166},"op_mob":{"10":0,"11":0,"11.1":0,"11.5":0,"12":0,"12.1":3.08461927551e-5,"0":0.0011721553247},"ie":{"5.5":0,"6":0,"7":0.00667748473282,"8":0.166937118321,"9":0.126872209924,"10":0.240389450382,"11":4.70762673664},"ie_mob":{"10":0.1442739375,"11":0.6951380625},"edge":{"12":0.320112,"13":1.93401,"14":0},"bb":{"7":0.193198,"10":null},"and_uc":{"0":0.73282},"op_mini":{"5.0-8.0":0.395185998483},"and_chr":{"0":19.168409},"and_ff":{"0":0.006662}},"total":96.011421}