{"id":"DM","name":"Dominica","month":"2018-08","access_date":"2018-09-04","data":{"chrome":{"4":0,"5":0,"6":0,"7":0,"8":0,"9":0,"10":0,"11":0,"12":0,"13":0,"14":0,"15":0,"16":0,"17":0,"18":0,"19":0,"20":0,"21":0,"22":0.01004,"23":0,"24":0,"25":0,"26":0,"27":0,"28":0,"29":0.5271,"30":0,"31":0,"32":0,"33":0,"34":0.01506,"35":0,"36":0,"37":0,"38":0.01506,"39":0,"40":0,"41":0.26104,"42":0,"43":0,"44":0,"45":0,"46":0,"47":0.00502,"48":0.00502,"49":0.15562,"50":0,"51":0,"52":0,"53":0.00502,"54":0.0753,"55":0.07028,"56":0.00502,"57":0.1757,"58":0.04016,"59":0.01004,"60":0.25602,"61":0.30622,"62":0.58232,"63":0.46184,"64":0.3012,"65":0.06024,"66":0.0502,"67":2.54012,"68":8.77496,"69":0.07028,"70":0.67268,"71":0},"firefox":{"2":0,"3":0,"3.5":0,"3.6":0,"4":0,"5":0,"6":0,"7":0,"8":0,"9":0,"10":0,"11":0,"12":0,"13":0,"14":0,"15":0,"16":0,"17":0,"18":0,"19":0,"20":0,"21":0,"22":0,"23":0,"24":0,"25":0,"26":0,"27":0,"28":0,"29":0,"30":0,"31":0,"32":0,"33":0,"34":0,"35":0.00502,"36":0,"37":0,"38":0,"39":0,"40":0,"41":0,"42":0,"43":0,"44":0,"45":0,"46":0,"47":0,"48":0.01004,"49":0.00502,"50":0.00502,"51":0.01004,"52":0.1255,"53":0,"54":0,"55":0.00502,"56":0.23594,"57":0.04016,"58":0.02008,"59":0.0251,"60":0.01506,"61":0.8785,"62":0.01004,"63":0},"opera":{"9":0,"9.5-9.6":0,"10.0-10.1":0,"10.5":0,"10.6":0,"11":0,"11.1":0,"11.5":0,"11.6":0,"12":0,"12.1":0,"15":0,"16":0,"17":0.00502,"18":0,"19":0,"20":0,"21":0,"22":0,"23":0,"24":0,"25":0,"26":0,"27":0,"28":0,"29":0.00502,"30":0,"31":0,"32":0,"33":0,"34":0,"35":0,"36":0.00502,"37":0,"38":0,"39":0,"40":0,"41":0,"42":0,"43":0,"44":0,"45":0,"46":0,"47":0,"48":0,"49":0,"50":0,"51":0,"52":0,"53":0,"54":0.84336,"55":0.02008},"safari":{"3.1":0,"3.2":0,"4":0,"5":0,"5.1":0,"6":0,"6.1":0.00502,"7":0,"7.1":0,"8":0,"9":0,"9.1":0.01506,"10":0.00502,"10.1":0.01506,"11":0.0251,"11.1":0.24096,"12":0.00502,"0":null},"ios_saf":{"3.2":0.000978171085543,"4.0-4.1":0,"4.2-4.3":0.000978171085543,"5.0-5.1":0.0146725662831,"6.0-6.1":0.00782536868434,"7.0-7.1":0.0391268434217,"8":0.00782536868434,"8.1-8.4":0.0674938049025,"9.0-9.2":0.044995869935,"9.3":0.268997048524,"10.0-10.2":0.308123891946,"10.3":0.509627135568,"11.0-11.2":1.06327196998,"11.3-11.4":7.35878107654,"12":0.0841227133567},"android":{"2.1":0,"2.2":0,"2.3":0,"3":0,"4":0,"4.1":0,"4.2-4.3":0.313602990654,"4.4":1.05841009346,"4.4.3-4.4.4":0.725206915888,"67":null},"op_mob":{"10":null,"11":null,"11.1":null,"11.5":null,"12":null,"12.1":null,"0":null},"ie":{"5.5":0,"6":0,"7":0.00502,"8":0.03012,"9":0.01004,"10":0.00502,"11":0.6024},"edge":{"12":0.01506,"13":0.11546,"14":0.09036,"15":0.14558,"16":0.49196,"17":1.29516,"18":null},"samsung":{"4":0.852609300912,"5":0.518041094225,"6.2":0.291398115502,"7.2":null},"bb":{"7":0.010956,"10":0.043824},"ie_mob":{"10":0.02241,"11":0.15687},"baidu":{"0":null},"and_ff":{"0":0.18924},"and_qq":{"1.2":null},"and_uc":{"0":0.43824},"op_mini":{"0":1.70673670103},"and_chr":{"0":57.10344}},"total":94.0458252117}