{"id":"DM","name":"Dominica","month":"2017-04","access_date":"2017-05-03","data":{"chrome":{"4":null,"5":null,"6":null,"7":null,"8":null,"9":null,"10":null,"11":0.081945,"12":0.010926,"13":null,"14":null,"15":null,"16":null,"17":0.05463,"18":null,"19":null,"20":null,"21":null,"22":0.10926,"23":null,"24":null,"25":null,"26":null,"27":null,"28":null,"29":0.010926,"30":null,"31":0.016389,"32":0.087408,"33":null,"34":0.010926,"35":0.005463,"36":0.797598,"37":null,"38":0.027315,"39":0.010926,"40":0.010926,"41":0.010926,"42":null,"43":0.010926,"44":0.016389,"45":0.409725,"46":null,"47":0.016389,"48":null,"49":1.076211,"50":0.087408,"51":0.032778,"52":0.158427,"53":0.316854,"54":0.060093,"55":0.540837,"56":5.146146,"57":25.097022,"58":2.092329,"59":0.131112,"60":null,"61":null},"firefox":{"2":null,"3":0.010926,"3.5":null,"3.6":null,"4":null,"5":null,"6":null,"7":null,"8":null,"9":null,"10":null,"11":null,"12":null,"13":null,"14":null,"15":null,"16":null,"17":null,"18":null,"19":null,"20":null,"21":null,"22":null,"23":null,"24":null,"25":null,"26":null,"27":null,"28":0.038241,"29":null,"30":null,"31":null,"32":null,"33":null,"34":null,"35":null,"36":null,"37":null,"38":0.005463,"39":null,"40":null,"41":0.016389,"42":null,"43":0.010926,"44":0.071019,"45":null,"46":null,"47":0.05463,"48":0.049167,"49":0.027315,"50":0.366021,"51":0.114723,"52":3.2778,"53":1.048896,"54":0.027315,"55":null,"56":null},"opera":{"9":null,"9.5-9.6":null,"10.0-10.1":0,"10.5":null,"10.6":null,"11":null,"11.1":null,"11.5":null,"11.6":null,"12":null,"12.1":0.092871,"15":null,"16":null,"17":null,"18":null,"19":null,"20":null,"21":null,"22":null,"23":null,"24":null,"25":null,"26":null,"27":null,"28":null,"29":0.027315,"30":null,"31":null,"32":null,"33":null,"34":null,"35":null,"36":0.016389,"37":null,"38":null,"39":null,"40":0.010926,"41":null,"42":0.016389,"43":0.426114,"44":0.267687,"45":null,"46":null},"safari":{"3.1":null,"3.2":null,"4":0,"5":null,"5.1":null,"6":null,"6.1":null,"7":0.005463,"7.1":null,"8":0.021852,"9":0.038241,"9.1":0.125649,"10":0.950562,"10.1":0.71019,"0":null},"ios_saf":{"3.2":0,"4.0-4.1":0,"4.2-4.3":0,"5.0-5.1":0,"6.0-6.1":0,"7.0-7.1":0.0438684879367,"8":0,"8.1-8.4":0.0387307370973,"9.0-9.2":0.0146228293122,"9.3":0.235546115408,"10.0-10.2":1.97171068754,"10.3":1.37956514271},"android":{"2.1":0,"2.2":0,"2.3":0,"3":0,"4":0.10006634461,"4.1":0.357379802179,"4.2-4.3":0.940623639335,"4.4":2.3129620797,"4.4.3-4.4.4":1.27513113417,"56":null},"op_mob":{"10":0,"11":0,"11.1":0,"11.5":0,"12":0,"12.1":0,"0":0.00177053658537},"ie":{"5.5":null,"6":null,"7":null,"8":0.103797,"9":0.10926,"10":0.038241,"11":2.562147},"edge":{"12":0.147501,"13":0.240372,"14":3.616506,"15":null},"bb":{"7":0.37770525,"10":null},"ie_mob":{"10":0.123471214286,"11":0.452727785714},"op_mini":{"0":0.397485463415},"and_chr":{"0":30.473302},"and_ff":{"0":0.031759},"and_qq":{"1.2":null},"samsung":{"0":4.559685},"and_uc":{"0":0.734994}},"total":96.90762025}