{"id":"DM","name":"Dominica","month":"2016-04","access_date":"2016-05-03","data":{"firefox":{"2":0,"3":0,"3.5":0,"3.6":0.006604,"4":0.039624,"5":0,"6":0,"7":0.006604,"8":0,"9":0,"10":0,"11":0.019812,"12":0,"13":0,"14":0,"15":0,"16":0,"17":0.019812,"18":0,"19":0,"20":0.03302,"21":0,"22":0,"23":0,"24":0.006604,"25":0,"26":0,"27":0,"28":0.03302,"29":0,"30":0,"31":0,"32":0,"33":0,"34":0.013208,"35":0,"36":0,"37":0.013208,"38":0.019812,"39":0.013208,"40":0.072644,"41":0.026416,"42":0.09906,"43":0.085852,"44":0.416052,"45":3.83032,"46":0.336804,"47":0.013208,"48":0.006604,"49":0},"chrome":{"4":0,"5":0,"6":0,"7":0,"8":0,"9":0,"10":0,"11":0.03302,"12":0,"13":0,"14":0,"15":0,"16":0,"17":0,"18":0.046228,"19":0,"20":0,"21":0.03302,"22":0.151892,"23":0,"24":0,"25":0,"26":0.013208,"27":0,"28":0,"29":0.310388,"30":0.039624,"31":0.184912,"32":0.316992,"33":0.03302,"34":0.085852,"35":0.052832,"36":0.118872,"37":0.026416,"38":0.013208,"39":0.118872,"40":0.026416,"41":0,"42":0.006604,"43":0.039624,"44":0.059436,"45":0.75946,"46":0.03302,"47":0.145288,"48":0.475488,"49":32.597344,"50":2.337816,"51":0.449072,"52":0.079248,"53":0},"opera":{"9":0,"9.5-9.6":0,"10.0-10.1":0,"10.5":0,"10.6":0,"11":0,"11.1":0,"11.5":0,"11.6":0,"12":0,"12.1":0.026416,"15":0,"16":0,"17":0,"18":0,"19":0,"20":0,"21":0,"22":0,"23":0,"24":0,"25":0,"26":0,"27":0.006604,"28":0,"29":0.09906,"30":0,"31":0,"32":0,"33":0.026416,"34":0.019812,"35":0.06604,"36":1.802892,"37":0.006604,"38":0},"safari":{"3.1":0,"3.2":0,"4":0.006604,"5":0.06604,"5.1":0.06604,"6":0.019812,"6.1":0.03302,"7":0.03302,"7.1":0.013208,"8":0.178308,"9":0.785876,"9.1":1.069848,"0":null},"android":{"2.1":0,"2.2":0,"2.3":0.0531447429806,"3":0,"4":0.318868457883,"4.1":1.06953795248,"4.2-4.3":2.48783828078,"4.4":5.39751295896,"4.4.3-4.4.4":2.97610560691,"47":null},"ios_saf":{"3.2":0,"4.0-4.1":0,"4.2-4.3":0,"5.0-5.1":0,"6.0-6.1":0.0163048121003,"7.0-7.1":0.168108235103,"8":0,"8.1-8.4":0.424487349508,"9.0-9.2":1.37241539092,"9.3":3.55726021236},"ie":{"5.5":0,"6":0,"7":0.006604,"8":0.158496,"9":0.244348,"10":0.171704,"11":3.744468},"op_mob":{"10":0,"11":0,"11.1":0,"11.5":0,"12":0,"12.1":0.000105100557846,"0":0.00357341896677},"ie_mob":{"10":0.597064186047,"11":0.686623813953},"edge":{"12":0.356616,"13":2.001012,"14":0.006604},"bb":{"7":0.207156,"10":null},"and_uc":{"0":0.750516},"op_mini":{"5.0-8.0":1.07964548048},"and_chr":{"0":20.35332},"and_ff":{"0":0.006792}},"total":96.24052}