{"id":"DM","name":"Dominica","month":"2019-05","access_date":"2019-06-04","data":{"chrome":{"4":0,"5":0,"6":0,"7":0,"8":0,"9":0,"10":0,"11":0,"12":0,"13":0,"14":0,"15":0,"16":0,"17":0,"18":0,"19":0,"20":0,"21":0,"22":0.009094,"23":0,"24":0,"25":0,"26":0,"27":0,"28":0,"29":0,"30":0,"31":0.004547,"32":0,"33":0,"34":0,"35":0,"36":0.004547,"37":0,"38":0.018188,"39":0,"40":0,"41":0.004547,"42":0,"43":0,"44":0,"45":0,"46":0,"47":0,"48":0,"49":0.127316,"50":0.004547,"51":0,"52":0,"53":0.068205,"54":0.009094,"55":0.004547,"56":0,"57":0.027282,"58":0.009094,"59":0,"60":0,"61":1.709672,"62":0.004547,"63":0.190974,"64":0,"65":0.040923,"66":0,"67":0.013641,"68":0,"69":0.013641,"70":0.009094,"71":0.027282,"72":0.04547,"73":2.564508,"74":8.361933,"75":0.100034,"76":0,"77":0},"firefox":{"2":0,"3":0,"3.5":0,"3.6":0,"4":0,"5":0,"6":0,"7":0,"8":0,"9":0,"10":0,"11":0,"12":0,"13":0,"14":0,"15":0,"16":0,"17":0,"18":0,"19":0,"20":0,"21":0,"22":0,"23":0,"24":0,"25":0,"26":0,"27":0,"28":0,"29":0,"30":0,"31":0,"32":0,"33":0,"34":0,"35":0,"36":0,"37":0,"38":0,"39":0,"40":0,"41":0,"42":0,"43":0,"44":0,"45":0,"46":0,"47":0,"48":0,"49":0,"50":0,"51":0,"52":0.004547,"53":0,"54":0,"55":0,"56":0,"57":0,"58":0,"59":0,"60":0.004547,"61":0,"62":0,"63":0,"64":0.050017,"65":0.04547,"66":0.604751,"67":0.004547,"68":0,"69":0},"opera":{"9":0,"9.5-9.6":0,"10.0-10.1":0,"10.5":0,"10.6":0,"11":0,"11.1":0,"11.5":0,"11.6":0,"12":0,"12.1":0,"15":0,"16":0,"17":0.004547,"18":0,"19":0,"20":0,"21":0,"22":0,"23":0,"24":0,"25":0,"26":0,"27":0,"28":0,"29":0,"30":0,"31":0,"32":0,"33":0,"34":0,"35":0,"36":0.004547,"37":0.013641,"38":0,"39":0,"40":0,"41":0,"42":0,"43":0.004547,"44":0,"45":0,"46":0,"47":0,"48":0,"49":0,"50":0,"51":0.013641,"52":0.004547,"53":0,"54":0,"55":0,"56":0,"57":0,"58":0.291008},"safari":{"3.1":0,"3.2":0,"4":0,"5":0,"5.1":0.031829,"6":0,"6.1":0,"7":0,"7.1":0,"8":0,"9":0,"9.1":0.004547,"10":0.009094,"10.1":0.009094,"11":0.009094,"11.1":0.04547,"12":0.418324,"12.1":0.13641,"0":null},"ios_saf":{"3.2":0.0061950251427427,"4.0-4.1":0.004646268857057,"4.2-4.3":0.00077437814284283,"5.0-5.1":0.0069694032855855,"6.0-6.1":0.0023231344285285,"7.0-7.1":0.0108412939998,"8":0.07666343614144,"8.1-8.4":0.025554478713813,"9.0-9.2":0.017036319142542,"9.3":0.12080299028348,"10.0-10.2":0.072791545427226,"10.3":0.16958881328258,"11.0-11.2":0.19746642642492,"11.3-11.4":0.40345101242112,"12.0-12.1":1.2630107509767,"12.2":5.3525017233297},"android":{"2.1":0.014831626506024,"2.2":0.02471937751004,"2.3":0.00617984437751,"3":0,"4":0.23854199297189,"4.1":0.064270381526104,"4.2-4.3":0.40786972891566,"4.4":0,"4.4.3-4.4.4":0.47461204819277,"67":null},"edge":{"12":0.004547,"13":0.004547,"14":0.022735,"15":0.036376,"16":0.040923,"17":1.236784,"18":0.190974,"75":null},"op_mob":{"10":null,"11":null,"11.1":null,"11.5":null,"12":null,"12.1":null,"0":null},"ie":{"5.5":0,"6":0,"7":0,"8":0.013641,"9":0,"10":0,"11":0.331931},"samsung":{"4":0.63394770053476,"5.0-5.4":0.021131590017825,"6.2-6.4":0.1690527201426,"7.2-7.4":0.38036862032086,"8.2":0.39093441532977,"9.2":4.3319759536542},"ie_mob":{"10":0,"11":0.043624},"bb":{"7":0,"10":0.119966},"baidu":{"0":null},"and_ff":{"0":0.196308},"and_uc":{"0":0.190855},"and_qq":{"1.2":0},"op_mini":{"0":1.0686474587629},"and_chr":{"0":62.876265},"kaios":{"2.5":0}},"total":96.354122458763}