{"id":"DO","name":"Dominican Republic","month":"2019-05","access_date":"2019-06-04","data":{"chrome":{"4":0,"5":0,"6":0,"7":0,"8":0,"9":0,"10":0,"11":0,"12":0,"13":0,"14":0,"15":0,"16":0,"17":0,"18":0,"19":0,"20":0,"21":0,"22":0,"23":0,"24":0,"25":0,"26":0,"27":0,"28":0,"29":0.007044,"30":0,"31":0,"32":0,"33":0.007044,"34":0,"35":0,"36":0.007044,"37":0.007044,"38":0.014088,"39":0,"40":0.007044,"41":0.063396,"42":0,"43":0.014088,"44":0.007044,"45":0,"46":0.007044,"47":0.007044,"48":0.007044,"49":0.394464,"50":0.007044,"51":0,"52":0.007044,"53":0.049308,"54":0.014088,"55":0.014088,"56":0.007044,"57":0,"58":0.042264,"59":0.021132,"60":0.021132,"61":0.021132,"62":0.028176,"63":0.03522,"64":0.03522,"65":0.07044,"66":0.049308,"67":0.14088,"68":0.056352,"69":0.10566,"70":0.380376,"71":0.542388,"72":0.73962,"73":7.50186,"74":24.351108,"75":0.03522,"76":0.014088,"77":0},"firefox":{"2":0,"3":0,"3.5":0,"3.6":0,"4":0,"5":0,"6":0,"7":0,"8":0,"9":0,"10":0,"11":0,"12":0,"13":0,"14":0,"15":0,"16":0,"17":0,"18":0,"19":0,"20":0,"21":0,"22":0,"23":0,"24":0,"25":0,"26":0,"27":0,"28":0,"29":0,"30":0,"31":0,"32":0,"33":0,"34":0,"35":0,"36":0,"37":0,"38":0,"39":0,"40":0,"41":0,"42":0,"43":0,"44":0,"45":0.007044,"46":0,"47":0.007044,"48":0.049308,"49":0,"50":0,"51":0,"52":0.056352,"53":0.021132,"54":0,"55":0.007044,"56":0.007044,"57":0.007044,"58":0,"59":0.007044,"60":0.028176,"61":0.007044,"62":0.007044,"63":0.063396,"64":0.056352,"65":0.07044,"66":1.79622,"67":0.03522,"68":0.007044,"69":0},"opera":{"9":0,"9.5-9.6":0,"10.0-10.1":0,"10.5":0,"10.6":0,"11":0,"11.1":0,"11.5":0,"11.6":0,"12":0,"12.1":0,"15":0,"16":0,"17":0,"18":0,"19":0,"20":0,"21":0,"22":0,"23":0,"24":0,"25":0,"26":0,"27":0,"28":0,"29":0,"30":0,"31":0,"32":0,"33":0,"34":0,"35":0,"36":0.007044,"37":0,"38":0,"39":0,"40":0,"41":0,"42":0,"43":0,"44":0,"45":0,"46":0,"47":0,"48":0,"49":0,"50":0,"51":0,"52":0,"53":0,"54":0,"55":0,"56":0.021132,"57":0.014088,"58":0.81006},"safari":{"3.1":0,"3.2":0,"4":0.007044,"5":0,"5.1":4.198224,"6":0,"6.1":0,"7":0,"7.1":0,"8":0.084528,"9":0.197232,"9.1":0.042264,"10":0.028176,"10.1":0.119748,"11":0.084528,"11.1":0.260628,"12":0.711444,"12.1":1.465152,"0":null},"ios_saf":{"3.2":0.0080134949414004,"4.0-4.1":0.0060101212060503,"4.2-4.3":0.001001686867675,"5.0-5.1":0.0090151818090754,"6.0-6.1":0.0030050606030251,"7.0-7.1":0.014023616147451,"8":0.09916699989983,"8.1-8.4":0.033055666633277,"9.0-9.2":0.022037111088851,"9.3":0.15626315135731,"10.0-10.2":0.094158565561454,"10.3":0.21936942402084,"11.0-11.2":0.25543015125714,"11.3-11.4":0.5218788580587,"12.0-12.1":1.633751281178,"12.2":6.9236596293699},"android":{"2.1":0.009862843373494,"2.2":0.016438072289157,"2.3":0.0041095180722892,"3":0,"4":0.15862739759036,"4.1":0.042738987951807,"4.2-4.3":0.27122819277108,"4.4":0,"4.4.3-4.4.4":0.31561098795181,"67":null},"edge":{"12":0.014088,"13":0.014088,"14":0.028176,"15":0.03522,"16":0.028176,"17":0.577608,"18":0.232452,"75":null},"op_mob":{"10":null,"11":null,"11.1":null,"11.5":null,"12":null,"12.1":null,"0":null},"ie":{"5.5":0,"6":0.0076001052631579,"7":0,"8":0.13680189473684,"9":0.022800315789474,"10":0.038000526315789,"11":0.37240515789474},"samsung":{"4":0.2123236433121,"5.0-5.4":0.080885197452229,"6.2-6.4":0.050553248407643,"7.2-7.4":0.090995847133758,"8.2":0.12132779617834,"9.2":1.0312862675159},"ie_mob":{"10":0.0112328,"11":0.0449312},"bb":{"7":0,"10":0.008868},"baidu":{"0":null},"and_ff":{"0":0.08868},"and_uc":{"0":0.112328},"and_qq":{"1.2":0.005912},"op_mini":{"0":0.1315318419244},"and_chr":{"0":38.387172},"kaios":{"2.5":0}},"total":97.834807841924}