{"id":"DO","name":"Dominican Republic","month":"2018-01","access_date":"2018-02-05","data":{"chrome":{"4":0,"5":0,"6":0,"7":0,"8":0,"9":0,"10":0,"11":0.005743,"12":0,"13":0,"14":0,"15":0,"16":0,"17":0,"18":0.005743,"19":0,"20":0,"21":0.005743,"22":0.005743,"23":0,"24":0,"25":0,"26":0.005743,"27":0,"28":0,"29":0.074659,"30":0,"31":0.005743,"32":0,"33":0,"34":0.011486,"35":0.005743,"36":0.005743,"37":0.005743,"38":0.017229,"39":0.005743,"40":0.005743,"41":0.005743,"42":0.005743,"43":0.017229,"44":0.005743,"45":0.005743,"46":0.005743,"47":0.011486,"48":0.011486,"49":0.838478,"50":0.011486,"51":0.017229,"52":0.011486,"53":0.017229,"54":0.040201,"55":0.05743,"56":0.149318,"57":0.05743,"58":0.178033,"59":0.183776,"60":0.223977,"61":0.281407,"62":0.338837,"63":21.725769,"64":0.505384,"65":0.022972,"66":0,"67":0},"firefox":{"2":0,"3":0,"3.5":0,"3.6":0.005743,"4":0,"5":0,"6":0,"7":0,"8":0,"9":0,"10":0,"11":0,"12":0,"13":0,"14":0,"15":0,"16":0,"17":0,"18":0,"19":0,"20":0,"21":0,"22":0,"23":0,"24":0,"25":0,"26":0,"27":0,"28":0,"29":0,"30":0,"31":0,"32":0,"33":0,"34":0,"35":0,"36":0,"37":0,"38":0,"39":0,"40":0,"41":0,"42":0,"43":0.005743,"44":0,"45":0.017229,"46":0,"47":0.011486,"48":0.080402,"49":0.005743,"50":0.011486,"51":0.005743,"52":0.132089,"53":0.022972,"54":0.040201,"55":0.034458,"56":0.040201,"57":1.37832,"58":0.160804,"59":0.005743,"60":0,"61":0},"opera":{"9":0,"9.5-9.6":0,"10.0-10.1":0,"10.5":0,"10.6":0,"11":0,"11.1":0,"11.5":0,"11.6":0,"12":0,"12.1":0.005743,"15":0,"16":0,"17":0,"18":0,"19":0,"20":0,"21":0,"22":0,"23":0,"24":0,"25":0,"26":0,"27":0,"28":0,"29":0.005743,"30":0,"31":0,"32":0.011486,"33":0,"34":0,"35":0,"36":0.005743,"37":0,"38":0,"39":0,"40":0,"41":0,"42":0,"43":0,"44":0,"45":0.005743,"46":0.017229,"47":0.017229,"48":0.011486,"49":0.264178,"50":0.264178,"51":0,"52":0},"safari":{"3.1":0,"3.2":0,"4":0.005743,"5":0.005743,"5.1":0.011486,"6":0,"6.1":0.005743,"7":0,"7.1":0,"8":0.034458,"9":0.028715,"9.1":0.166547,"10":0.218234,"10.1":0.379038,"11":1.257717,"11.1":0,"0":null},"ios_saf":{"3.2":0.00293402324649,"4.0-4.1":0,"4.2-4.3":0.0410763254509,"5.0-5.1":0.0264062092184,"6.0-6.1":0.0132031046092,"7.0-7.1":0.0792186276553,"8":0.0205381627255,"8.1-8.4":0.132031046092,"9.0-9.2":0.133498057715,"9.3":0.61907890501,"10.0-10.2":0.774582137074,"10.3":1.67972830862,"11.0-11.2":11.1184810926,"11.3":null},"android":{"2.1":0,"2.2":0,"2.3":0,"3":0,"4":0,"4.1":0.149223563863,"4.2-4.3":0.447670691589,"4.4":1.31485668536,"4.4.3-4.4.4":0.79961305919,"62":null},"op_mob":{"10":null,"11":null,"11.1":null,"11.5":null,"12":null,"12.1":null,"0":null},"ie":{"5.5":0,"6":0,"7":0.00601647619048,"8":0.0962636190476,"9":0.0360988571429,"10":0.0782141904762,"11":0.541482857143},"edge":{"12":0.028715,"13":0.040201,"14":0.097631,"15":0.201005,"16":0.315865,"17":0},"samsung":{"4":0.595266251497,"5":0.148816562874,"6.2":1.03108618563},"ie_mob":{"10":0.0364885714286,"11":0.133791428571},"bb":{"7":0.0076626,"10":0.0306504},"and_uc":{"0":0.221364},"op_mini":{"0":0.455418541237},"and_chr":{"0":46.718481},"baidu":{"0":null},"and_ff":{"0":0.076626},"and_qq":{"1.2":null}},"total":97.8257345412}