{"id":"DZ","name":"Algeria","month":"2020-04","access_date":"2020-05-07","data":{"chrome":{"4":0,"5":0,"6":0,"7":0,"8":0,"9":0,"10":0,"11":0.00968,"12":0,"13":0.00484,"14":0,"15":0,"16":0,"17":0,"18":0.00484,"19":0,"20":0,"21":0,"22":0.00484,"23":0,"24":0,"25":0,"26":0.00968,"27":0,"28":0.00484,"29":0.00484,"30":0.00484,"31":0.00484,"32":0.00484,"33":0.02419,"34":0.00484,"35":0.00484,"36":0.00484,"37":0,"38":0.00968,"39":0.00484,"40":0.03387,"41":0,"42":0.00968,"43":0.2419,"44":0.00484,"45":0.00484,"46":0.00484,"47":0.00484,"48":0.01451,"49":0.33382,"50":0.01451,"51":0.01451,"52":0.00484,"53":0.00968,"54":0.00484,"55":0.00484,"56":0.01935,"57":0.00968,"58":0.02419,"59":0.00484,"60":0.00968,"61":0.04354,"62":0.01451,"63":0.08225,"64":0.00968,"65":0.02903,"66":0.00968,"67":0.01935,"68":0.01451,"69":0.04838,"70":0.05322,"71":0.09192,"72":0.06773,"73":0.08708,"74":0.09192,"75":0.05322,"76":0.06289,"77":0.05806,"78":0.10644,"79":0.2806,"80":8.94546,"81":4.68318,"83":0.01935,"84":0.00968,"85":null},"firefox":{"2":0,"3":0,"3.5":0,"3.6":0,"4":0,"5":0,"6":0,"7":0,"8":0,"9":0,"10":0,"11":0,"12":0,"13":0,"14":0,"15":0,"16":0,"17":0,"18":0,"19":0,"20":0,"21":0,"22":0,"23":0,"24":0,"25":0,"26":0.00484,"27":0,"28":0,"29":0,"30":0.00484,"31":0,"32":0,"33":0.00484,"34":0.00484,"35":0,"36":0.00484,"37":0,"38":0.00484,"39":0,"40":0,"41":0.00484,"42":0,"43":0.01451,"44":0.00484,"45":0.00484,"46":0,"47":0.02419,"48":0.00968,"49":0.00484,"50":0.00484,"51":0,"52":0.12095,"53":0,"54":0,"55":0.00484,"56":0.00968,"57":0.00484,"58":0.00484,"59":0,"60":0.00484,"61":0.00968,"62":0,"63":0.00484,"64":0.00484,"65":0.00968,"66":0.00968,"67":0.00484,"68":0.1403,"69":0.00968,"70":0.01451,"71":0.01451,"72":0.04354,"73":0.02419,"74":0.79343,"75":1.35948,"76":0.04838,"77":0,"78":0},"opera":{"9":0,"9.5-9.6":0,"10.0-10.1":0,"10.5":0,"10.6":0,"11":0,"11.1":0,"11.5":0,"11.6":0,"12":0,"12.1":0,"15":0,"16":0,"17":0,"18":0,"19":0,"20":0,"21":0,"22":0,"23":0,"24":0,"25":0.00484,"26":0,"27":0,"28":0,"29":0,"30":0,"31":0,"32":0,"33":0,"34":0,"35":0,"36":0.00484,"37":0.01935,"38":0,"39":0,"40":0,"41":0,"42":0.00484,"43":0,"44":0,"45":0,"46":0,"47":0,"48":0,"49":0,"50":0,"51":0,"52":0,"53":0,"54":0,"55":0,"56":0.00484,"57":0.00484,"58":0,"60":0,"62":0,"63":0.00484,"64":0,"65":0.01451,"66":0.01451,"67":1.18047,"68":0.02903},"ios_saf":{"3.2":0.00029,"4.0-4.1":0,"4.2-4.3":0.00059,"5.0-5.1":0.00294,"6.0-6.1":0.00088,"7.0-7.1":0.00294,"8":0.00029,"8.1-8.4":0.00411,"9.0-9.2":0.00353,"9.3":0.04231,"10.0-10.2":0.01087,"10.3":0.03732,"11.0-11.2":0.02409,"11.3-11.4":0.04084,"12.0-12.1":0.05054,"12.2-12.4":0.33114,"13.0-13.1":0.07052,"13.2":0.03438,"13.3":1.92515,"13.4":0.35671},"safari":{"3.1":0,"3.2":0,"4":0.00484,"5":0,"5.1":0.00484,"6":0,"6.1":0,"7":0,"7.1":0,"8":0,"9":0,"9.1":0.00484,"10":0,"10.1":0.01451,"11":0.00968,"11.1":0.02419,"12":0.01935,"12.1":0.04354,"13":0.1016,"13.1":0.07257,"0":null},"android":{"2.1":0,"2.2":0.00589,"2.3":0.00196,"3":0.00196,"4":0.01767,"4.1":0.03926,"4.2-4.3":0.08244,"4.4":0,"4.4.3-4.4.4":0.56726,"81":null},"edge":{"12":0.01451,"13":0.00968,"14":0.01451,"15":0.00968,"16":0.00968,"17":0.02903,"18":0.21287,"79":null,"80":null,"81":null},"samsung":{"4":0.23614,"5.0-5.4":0.05133,"6.2-6.4":0.05133,"7.2-7.4":0.1848,"8.2":0.04107,"9.2":0.25667,"10.1":0.36961,"11.1":1.59136},"op_mob":{"10":null,"11":null,"11.1":null,"11.5":null,"12":null,"12.1":null,"0":null},"ie":{"5.5":0,"6":0,"7":0,"8":0.11728,"9":0.02199,"10":0.02199,"11":0.27122},"ie_mob":{"10":0,"11":0.05162},"bb":{"7":0,"10":0.00516},"baidu":{"0":null},"and_ff":{"0":0.19099},"and_uc":{"0":0.94465},"and_qq":{"1.2":0.05162},"kaios":{"2.5":0},"op_mini":{"0":0.53758},"and_chr":{"0":68.06981}},"total":97.11921}