{"id":"EC","name":"Ecuador","month":"2019-05","access_date":"2019-06-04","data":{"chrome":{"4":0,"5":0,"6":0,"7":0,"8":0,"9":0,"10":0,"11":0,"12":0,"13":0,"14":0,"15":0,"16":0,"17":0,"18":0,"19":0,"20":0,"21":0,"22":0.024357,"23":0,"24":0,"25":0,"26":0.008119,"27":0,"28":0,"29":0.008119,"30":0,"31":0.008119,"32":0,"33":0,"34":0.008119,"35":0,"36":0.008119,"37":0,"38":0.064952,"39":0,"40":0.016238,"41":0.008119,"42":0,"43":0,"44":0,"45":0.008119,"46":0,"47":0.008119,"48":0.008119,"49":0.527735,"50":0.008119,"51":0.008119,"52":0.008119,"53":0.032476,"54":0.016238,"55":0.016238,"56":0.016238,"57":0.016238,"58":0.056833,"59":0.008119,"60":0.008119,"61":0.040595,"62":0.016238,"63":0.097428,"64":0.032476,"65":0.089309,"66":0.048714,"67":0.316641,"68":0.105547,"69":0.16238,"70":0.267927,"71":0.332879,"72":0.462783,"73":8.143357,"74":32.451643,"75":0.032476,"76":0.016238,"77":0},"firefox":{"2":0,"3":0,"3.5":0,"3.6":0,"4":0,"5":0,"6":0,"7":0,"8":0,"9":0,"10":0,"11":0,"12":0,"13":0,"14":0,"15":0,"16":0,"17":0,"18":0,"19":0,"20":0,"21":0,"22":0,"23":0,"24":0,"25":0,"26":0,"27":0,"28":0,"29":0,"30":0,"31":0,"32":0,"33":0,"34":0,"35":0.008119,"36":0,"37":0,"38":0,"39":0,"40":0,"41":0.008119,"42":0,"43":0.008119,"44":0.008119,"45":0.024357,"46":0,"47":0.024357,"48":0.129904,"49":0.008119,"50":0.016238,"51":0.016238,"52":0.089309,"53":0.008119,"54":0.008119,"55":0.008119,"56":0.032476,"57":0.016238,"58":0.016238,"59":0.032476,"60":0.073071,"61":0.040595,"62":0.032476,"63":0.056833,"64":0.064952,"65":0.105547,"66":5.431611,"67":0.129904,"68":0.008119,"69":0},"opera":{"9":0,"9.5-9.6":0,"10.0-10.1":0,"10.5":0,"10.6":0,"11":0,"11.1":0,"11.5":0,"11.6":0,"12":0,"12.1":0,"15":0,"16":0,"17":0,"18":0,"19":0,"20":0,"21":0,"22":0,"23":0,"24":0,"25":0,"26":0,"27":0,"28":0,"29":0,"30":0,"31":0,"32":0,"33":0,"34":0,"35":0,"36":0,"37":0,"38":0,"39":0,"40":0,"41":0,"42":0,"43":0,"44":0,"45":0,"46":0,"47":0,"48":0,"49":0,"50":0,"51":0,"52":0,"53":0,"54":0,"55":0,"56":0.016238,"57":0.008119,"58":0.828138},"safari":{"3.1":0,"3.2":0,"4":0,"5":0,"5.1":7.193434,"6":0,"6.1":0,"7":0.008119,"7.1":0,"8":0.138023,"9":0.178618,"9.1":0.113666,"10":0.064952,"10.1":0.251689,"11":0.138023,"11.1":0.503378,"12":0.941804,"12.1":1.94856,"0":null},"ios_saf":{"3.2":0.0033873336672343,"4.0-4.1":0.0025405002504257,"4.2-4.3":0.00042341670840429,"5.0-5.1":0.0038107503756386,"6.0-6.1":0.0012702501252129,"7.0-7.1":0.00592783391766,"8":0.041918254132024,"8.1-8.4":0.013972751377341,"9.0-9.2":0.0093151675848943,"9.3":0.066053006511069,"10.0-10.2":0.039801170590003,"10.3":0.092728259140539,"11.0-11.2":0.10797126064309,"11.3-11.4":0.22060010507863,"12.0-12.1":0.69059265140739,"12.2":2.9266562884904},"android":{"2.1":0.0067897710843373,"2.2":0.011316285140562,"2.3":0.0028290712851406,"3":0,"4":0.10920215160643,"4.1":0.029422341365462,"4.2-4.3":0.18671870481928,"4.4":0,"4.4.3-4.4.4":0.2172726746988,"67":null},"edge":{"12":0.008119,"13":0.008119,"14":0.040595,"15":0.024357,"16":0.040595,"17":0.479021,"18":0.202975,"75":null},"op_mob":{"10":null,"11":null,"11.1":null,"11.5":null,"12":null,"12.1":null,"0":null},"ie":{"5.5":0,"6":0,"7":0,"8":0.033249238095238,"9":0.016624619047619,"10":0.016624619047619,"11":0.28261852380952},"samsung":{"4":0.288596,"5.0-5.4":0.010307,"6.2-6.4":0.041228,"7.2-7.4":0.082456,"8.2":0.123684,"9.2":1.216226},"ie_mob":{"10":0.0122265,"11":0.0855855},"bb":{"7":0,"10":0.005643},"baidu":{"0":null},"and_ff":{"0":0.069597},"and_uc":{"0":0.069597},"and_qq":{"1.2":0.003762},"op_mini":{"0":0.11575260309278},"and_chr":{"0":27.036192},"kaios":{"2.5":0}},"total":97.360762603093}