{"id":"EC","name":"Ecuador","month":"2017-07","access_date":"2017-08-04","data":{"chrome":{"4":0,"5":0,"6":0,"7":0,"8":0,"9":0,"10":0,"11":0.014156,"12":0,"13":0,"14":0,"15":0,"16":0,"17":0,"18":0.007078,"19":0,"20":0,"21":0.007078,"22":0.113248,"23":0.007078,"24":0,"25":0.007078,"26":0.042468,"27":0.007078,"28":0.007078,"29":0.014156,"30":0.007078,"31":0.014156,"32":0.014156,"33":0.007078,"34":0.021234,"35":0.014156,"36":0.169872,"37":0.014156,"38":0.049546,"39":0.021234,"40":0.028312,"41":0.014156,"42":0.007078,"43":0.07078,"44":0.028312,"45":0.042468,"46":0.021234,"47":0.042468,"48":0.03539,"49":1.620862,"50":0.03539,"51":0.240652,"52":0.056624,"53":0.127404,"54":0.198184,"55":0.339744,"56":0.368056,"57":0.233574,"58":1.245728,"59":43.720806,"60":0.587474,"61":0.049546,"62":0.007078,"63":0},"firefox":{"2":0,"3":0.007078,"3.5":0,"3.6":0.007078,"4":0,"5":0,"6":0,"7":0,"8":0,"9":0,"10":0,"11":0,"12":0.007078,"13":0,"14":0.007078,"15":0,"16":0.007078,"17":0,"18":0,"19":0,"20":0.007078,"21":0.007078,"22":0.007078,"23":0.007078,"24":0.007078,"25":0,"26":0,"27":0.007078,"28":0.007078,"29":0.014156,"30":0.007078,"31":0.014156,"32":0.007078,"33":0.014156,"34":0.014156,"35":0.021234,"36":0.014156,"37":0.028312,"38":0.028312,"39":0.021234,"40":0.028312,"41":0.028312,"42":0.021234,"43":0.099092,"44":0.021234,"45":0.084936,"46":0.03539,"47":0.17695,"48":0.332666,"49":0.099092,"50":0.14156,"51":0.120326,"52":0.396368,"53":0.339744,"54":8.42282,"55":0.07078,"56":0,"57":0},"opera":{"9":0,"9.5-9.6":0,"10.0-10.1":0,"10.5":0,"10.6":0,"11":0,"11.1":0,"11.5":0,"11.6":0,"12":0,"12.1":0.042468,"15":0,"16":0,"17":0,"18":0,"19":0,"20":0,"21":0,"22":0,"23":0,"24":0,"25":0.007078,"26":0.007078,"27":0,"28":0.007078,"29":0,"30":0,"31":0,"32":0,"33":0,"34":0,"35":0,"36":0.007078,"37":0.014156,"38":0,"39":0,"40":0.007078,"41":0.014156,"42":0.007078,"43":0.007078,"44":0,"45":0.03539,"46":0.92014,"47":0.007078,"48":0.007078},"safari":{"3.1":0,"3.2":0,"4":0.007078,"5":0.014156,"5.1":0.03539,"6":0.007078,"6.1":0.021234,"7":0.021234,"7.1":0,"8":0.120326,"9":0.148638,"9.1":0.523772,"10":0.445914,"10.1":2.01723,"11":0.007078,"0":null},"ios_saf":{"3.2":0,"4.0-4.1":0,"4.2-4.3":0,"5.0-5.1":0,"6.0-6.1":0,"7.0-7.1":0.0158950764633,"8":0,"8.1-8.4":0.0121749521847,"9.0-9.2":0.00845482790602,"9.3":0.167067399423,"10.0-10.2":0.476514100783,"10.3":2.60171964324,"11":null},"android":{"2.1":0,"2.2":0,"2.3":0,"3":0,"4":0,"4.1":0.16412340256,"4.2-4.3":0.418856600284,"4.4":1.12663877383,"4.4.3-4.4.4":0.694105223329,"56":null},"op_mob":{"10":0,"11":0,"11.1":0,"11.5":0,"12":0,"12.1":0,"0":0.00320028571429},"ie":{"5.5":0,"6":0,"7":0.00755860493827,"8":0.181406518519,"9":0.0680274444444,"10":0.105820469136,"11":0.861680962963},"edge":{"12":0.056624,"13":0.10617,"14":0.445914,"15":null,"16":null},"bb":{"7":0.0241065,"10":null},"samsung":{"4":2.997972,"5":null},"ie_mob":{"10":0.102471517241,"11":0.557900482759},"op_mini":{"0":0.937683714286},"and_chr":{"0":21.24761},"baidu":{"0":null},"and_ff":{"0":0.017532},"and_qq":{"1.2":null},"and_uc":{"0":0.344796}},"total":98.5794265}