{"id":"EC","name":"Ecuador","month":"2021-12","access_date":"2022-01-03","data":{"firefox":{"2":null,"3":null,"3.5":null,"3.6":null,"4":null,"5":null,"6":null,"7":null,"8":null,"9":null,"10":null,"11":null,"12":null,"13":null,"14":null,"15":null,"16":null,"17":null,"18":null,"19":null,"20":null,"21":null,"22":null,"23":null,"24":null,"25":null,"26":null,"27":null,"28":null,"29":null,"30":null,"31":null,"32":null,"33":null,"34":null,"35":null,"36":null,"37":null,"38":null,"39":null,"40":null,"41":null,"42":null,"43":null,"44":null,"45":null,"46":null,"47":null,"48":null,"49":null,"50":null,"51":null,"52":0.02873,"53":null,"54":null,"55":null,"56":0.00575,"57":null,"58":null,"59":null,"60":null,"61":0.00575,"62":null,"63":null,"64":null,"65":null,"66":0.00575,"67":null,"68":0.01149,"69":null,"70":null,"71":null,"72":0.01149,"73":0.02298,"74":null,"75":null,"76":null,"77":null,"78":0.04596,"79":0.00575,"80":0.00575,"81":0.00575,"82":null,"83":0.01149,"84":0.01149,"85":null,"86":null,"87":0.00575,"88":0.08043,"89":0.02873,"90":0.02873,"91":0.04022,"92":0.03447,"93":0.02298,"94":1.15475,"95":2.09118,"96":0.00575,"97":null},"chrome":{"4":null,"5":null,"6":null,"7":null,"8":null,"9":null,"10":null,"11":null,"12":null,"13":null,"14":null,"15":null,"16":null,"17":null,"18":null,"19":null,"20":null,"21":null,"22":0.02298,"23":null,"24":null,"25":null,"26":null,"27":null,"28":null,"29":null,"30":null,"31":null,"32":null,"33":null,"34":null,"35":null,"36":null,"37":null,"38":0.02298,"39":null,"40":null,"41":null,"42":0.1149,"43":null,"44":null,"45":null,"46":null,"47":0.01149,"48":null,"49":0.03447,"50":null,"51":null,"52":null,"53":0.01149,"54":null,"55":0.01149,"56":null,"57":null,"58":null,"59":null,"60":null,"61":0.12065,"62":null,"63":0.01149,"64":null,"65":0.01724,"66":0.01149,"67":0.01724,"68":null,"69":0.00575,"70":0.01149,"71":0.01149,"72":null,"73":null,"74":0.01149,"75":0.01724,"76":0.02298,"77":0.01149,"78":0.01724,"79":0.08043,"80":0.02298,"81":0.01724,"83":0.03447,"84":0.02873,"85":0.03447,"86":0.04596,"87":0.1149,"88":0.02873,"89":0.03447,"90":0.03447,"91":0.50556,"92":0.32172,"93":0.37343,"94":0.37917,"95":0.56876,"96":35.85455,"97":0.00575,"98":0.01149,"99":null},"opera":{"9":null,"9.5-9.6":null,"10.0-10.1":0,"10.5":null,"10.6":null,"11":null,"11.1":null,"11.5":null,"11.6":null,"12":null,"12.1":null,"15":null,"16":null,"17":null,"18":null,"19":null,"20":null,"21":null,"22":null,"23":null,"24":null,"25":null,"26":null,"27":null,"28":null,"29":0.01149,"30":null,"31":null,"32":null,"33":null,"34":null,"35":null,"36":null,"37":null,"38":null,"39":null,"40":null,"41":null,"42":null,"43":null,"44":null,"45":null,"46":null,"47":null,"48":null,"49":null,"50":null,"51":null,"52":null,"53":null,"54":null,"55":null,"56":null,"57":null,"58":null,"60":null,"62":null,"63":null,"64":null,"65":null,"66":null,"67":null,"68":null,"69":null,"70":null,"71":null,"72":null,"73":null,"74":null,"75":null,"76":null,"77":null,"78":null,"79":null,"80":0.01149,"81":1.19496,"82":0.8043},"safari":{"3.1":null,"3.2":null,"4":0,"5":null,"5.1":0.0632,"6":null,"6.1":null,"7":null,"7.1":null,"8":null,"9":null,"9.1":null,"10":null,"10.1":null,"11":null,"11.1":0.01724,"12":null,"12.1":0.03447,"13":0.01724,"13.1":0.14363,"14":0.10341,"14.1":0.3447,"15":0.14937,"15.1":0.47684,"15.2":0.0632,"0":null},"edge":{"12":null,"13":null,"14":null,"15":null,"16":null,"17":null,"18":0.01724,"79":null,"80":null,"81":null,"83":null,"84":null,"85":0.00575,"86":null,"87":null,"88":null,"89":0.00575,"90":null,"91":0.03447,"92":0.01724,"93":0.00575,"94":0.01724,"95":0.04596,"96":2.92421},"ios_saf":{"3.2":0,"4.0-4.1":0,"4.2-4.3":0,"5.0-5.1":0.00718,"6.0-6.1":0.01244,"7.0-7.1":0.00861,"8":0,"8.1-8.4":0,"9.0-9.2":0.00191,"9.3":0.0244,"10.0-10.2":0.00144,"10.3":0.03397,"11.0-11.2":0.00861,"11.3-11.4":0.00574,"12.0-12.1":0.00574,"12.2-12.5":0.29761,"13.0-13.1":0.00718,"13.2":0.00335,"13.3":0.01531,"13.4-13.7":0.0799,"14.0-14.4":0.25263,"14.5-14.8":1.29952,"15.0-15.1":2.47895,"15.2":0.23924},"samsung":{"4":0.15665,"5.0-5.4":null,"6.2-6.4":null,"7.2-7.4":0.11487,"8.2":null,"9.2":0.01044,"10.1":null,"11.1-11.2":0.0731,"12.0":0.05222,"13.0":0.15665,"14.0":0.12532,"15.0":0.30285},"android":{"2.1":0,"2.2":0,"2.3":0,"3":0,"4":0.00287,"4.1":0.00382,"4.2-4.3":0.00764,"4.4":0,"4.4.3-4.4.4":0.0793,"0":0},"op_mob":{"10":null,"11":null,"11.1":null,"11.5":null,"12":null,"12.1":null,"0":null},"ie":{"5.5":null,"6":null,"7":null,"8":null,"9":null,"10":null,"11":0.12639},"ie_mob":{"10":null,"11":null},"bb":{"7":0,"10":0},"and_uc":{"0":0.04256},"op_mini":{"0":0.12894},"and_chr":{"0":42.55771},"kaios":{"2.5":0},"baidu":{"0":null},"and_ff":{"0":0.15747},"and_qq":{"10.4":0}},"total":98.07716}