{"id":"EE","name":"Estonia","month":"2021-12","access_date":"2022-01-03","data":{"firefox":{"2":null,"3":null,"3.5":null,"3.6":null,"4":null,"5":null,"6":null,"7":null,"8":null,"9":null,"10":null,"11":null,"12":null,"13":null,"14":null,"15":null,"16":null,"17":null,"18":null,"19":null,"20":null,"21":null,"22":null,"23":null,"24":null,"25":null,"26":null,"27":null,"28":null,"29":null,"30":null,"31":null,"32":null,"33":null,"34":null,"35":null,"36":null,"37":null,"38":null,"39":null,"40":null,"41":null,"42":null,"43":null,"44":null,"45":null,"46":null,"47":null,"48":null,"49":null,"50":null,"51":null,"52":0.0421,"53":null,"54":null,"55":0.00601,"56":null,"57":null,"58":null,"59":null,"60":null,"61":null,"62":null,"63":null,"64":null,"65":null,"66":0.01203,"67":null,"68":0.06615,"69":0.0421,"70":null,"71":0.01203,"72":null,"73":null,"74":null,"75":null,"76":null,"77":null,"78":0.03608,"79":null,"80":null,"81":0.00601,"82":0.03007,"83":0.01203,"84":0.05413,"85":null,"86":null,"87":0.44504,"88":0.01804,"89":0.01203,"90":0.00601,"91":0.12629,"92":0.01203,"93":0.0421,"94":1.27497,"95":2.53791,"96":0.01203,"97":null},"chrome":{"4":null,"5":null,"6":null,"7":null,"8":null,"9":null,"10":null,"11":null,"12":null,"13":null,"14":null,"15":null,"16":null,"17":null,"18":null,"19":null,"20":null,"21":null,"22":null,"23":null,"24":null,"25":null,"26":null,"27":null,"28":null,"29":null,"30":null,"31":null,"32":null,"33":null,"34":null,"35":null,"36":null,"37":null,"38":null,"39":null,"40":null,"41":null,"42":null,"43":null,"44":null,"45":null,"46":null,"47":null,"48":0.01804,"49":0.05413,"50":null,"51":null,"52":null,"53":null,"54":null,"55":null,"56":0.00601,"57":null,"58":null,"59":null,"60":0.03608,"61":0.15636,"62":null,"63":0.00601,"64":null,"65":0.01203,"66":null,"67":0.01203,"68":0.00601,"69":0.98028,"70":0.01203,"71":0.01203,"72":0.00601,"73":0.02406,"74":0.00601,"75":0.01203,"76":0.01804,"77":0.00601,"78":0.02406,"79":0.04811,"80":0.01804,"81":0.02406,"83":0.02406,"84":0.0421,"85":0.02406,"86":0.07217,"87":0.0842,"88":0.03608,"89":0.03608,"90":0.05413,"91":2.26126,"92":0.13832,"93":0.28867,"94":0.36685,"95":1.44937,"96":34.01518,"97":0.01203,"98":null,"99":null},"opera":{"9":null,"9.5-9.6":null,"10.0-10.1":0,"10.5":null,"10.6":null,"11":null,"11.1":null,"11.5":null,"11.6":null,"12":null,"12.1":null,"15":null,"16":null,"17":null,"18":null,"19":null,"20":null,"21":null,"22":null,"23":null,"24":null,"25":null,"26":null,"27":null,"28":null,"29":null,"30":null,"31":null,"32":null,"33":null,"34":null,"35":null,"36":0.01203,"37":null,"38":null,"39":null,"40":null,"41":null,"42":null,"43":null,"44":null,"45":null,"46":null,"47":null,"48":null,"49":null,"50":null,"51":null,"52":null,"53":null,"54":null,"55":null,"56":0.00601,"57":null,"58":null,"60":null,"62":null,"63":null,"64":null,"65":null,"66":null,"67":null,"68":0.01203,"69":null,"70":0.00601,"71":null,"72":null,"73":null,"74":null,"75":null,"76":null,"77":null,"78":0.01203,"79":null,"80":0.03007,"81":1.4614,"82":3.01301},"safari":{"3.1":null,"3.2":null,"4":0.00601,"5":null,"5.1":null,"6":null,"6.1":null,"7":null,"7.1":null,"8":null,"9":null,"9.1":null,"10":null,"10.1":0.01203,"11":null,"11.1":0.02406,"12":0.01203,"12.1":0.07217,"13":0.06615,"13.1":0.36685,"14":0.41497,"14.1":1.10056,"15":0.44504,"15.1":1.51553,"15.2":0.20448,"0":null},"edge":{"12":null,"13":null,"14":null,"15":null,"16":null,"17":null,"18":0.02406,"79":null,"80":null,"81":null,"83":null,"84":null,"85":null,"86":null,"87":null,"88":0.00601,"89":0.02406,"90":null,"91":null,"92":0.01203,"93":0.03007,"94":0.01804,"95":0.09021,"96":3.59637},"ios_saf":{"3.2":0,"4.0-4.1":0,"4.2-4.3":0,"5.0-5.1":0.00119,"6.0-6.1":0,"7.0-7.1":0.00119,"8":0,"8.1-8.4":0.02139,"9.0-9.2":0,"9.3":0.02258,"10.0-10.2":0.01188,"10.3":0.14736,"11.0-11.2":0.01901,"11.3-11.4":0.01307,"12.0-12.1":0.02496,"12.2-12.5":0.25906,"13.0-13.1":0.00594,"13.2":0.00594,"13.3":0.02733,"13.4-13.7":0.16162,"14.0-14.4":0.66548,"14.5-14.8":3.32385,"15.0-15.1":6.62513,"15.2":0.54427},"samsung":{"4":0.0812,"5.0-5.4":0.01025,"6.2-6.4":0.12301,"7.2-7.4":0.60478,"8.2":0.01016,"9.2":0.05125,"10.1":0.0232,"11.1-11.2":0.0348,"12.0":0.0232,"13.0":0.0696,"14.0":0.1392,"15.0":0.32481},"android":{"2.1":0,"2.2":0,"2.3":0,"3":0,"4":0.00257,"4.1":0,"4.2-4.3":0.00772,"4.4":0,"4.4.3-4.4.4":0.02958,"0":0},"op_mob":{"10":null,"11":null,"11.1":null,"11.5":null,"12":null,"12.1":null,"0":null},"ie":{"5.5":null,"6":null,"7":null,"8":0.05613,"9":null,"10":0.01123,"11":0.60621},"ie_mob":{"10":null,"11":null},"bb":{"7":0,"10":0},"and_uc":{"0":0.07974},"op_mini":{"0":0.25668},"and_chr":{"0":25.44215},"kaios":{"2.5":0},"baidu":{"0":null},"and_ff":{"0":0.28706},"and_qq":{"10.4":0.00797}},"total":97.96429}