{"id":"EE","name":"Estonia","month":"2020-04","access_date":"2020-05-07","data":{"chrome":{"4":0,"5":0,"6":0,"7":0,"8":0,"9":0,"10":0,"11":0,"12":0,"13":0,"14":0,"15":0,"16":0,"17":0,"18":0,"19":0,"20":0,"21":0,"22":0,"23":0,"24":0,"25":0,"26":0,"27":0,"28":0.027,"29":0,"30":0,"31":0,"32":0,"33":0,"34":0,"35":0,"36":0.00675,"37":0,"38":0.00675,"39":0,"40":0,"41":0,"42":0,"43":0,"44":0,"45":0,"46":0,"47":0,"48":0,"49":0.18222,"50":0,"51":0,"52":0,"53":0.0135,"54":0,"55":0,"56":0.00675,"57":0,"58":0.04049,"59":0.0135,"60":0.0135,"61":0.00675,"62":0,"63":0.00675,"64":0.00675,"65":0.02025,"66":0.00675,"67":0.03375,"68":0.0135,"69":0.49268,"70":0.03375,"71":0.10798,"72":0.18222,"73":0.08774,"74":0.05399,"75":0.07424,"76":0.07424,"77":0.05399,"78":0.16198,"79":0.32395,"80":20.07153,"81":8.89518,"83":0.027,"84":0.00675,"85":null},"firefox":{"2":0,"3":0,"3.5":0,"3.6":0,"4":0.00675,"5":0.00675,"6":0.00675,"7":0,"8":0,"9":0,"10":0,"11":0,"12":0,"13":0,"14":0.00675,"15":0,"16":0,"17":0,"18":0,"19":0,"20":0,"21":0,"22":0,"23":0,"24":0,"25":0,"26":0,"27":0,"28":0,"29":0,"30":0,"31":0,"32":0,"33":0,"34":0,"35":0,"36":0,"37":0,"38":0.00675,"39":0,"40":0,"41":0.0135,"42":0,"43":0,"44":0,"45":0.0135,"46":0.00675,"47":0.00675,"48":0.0135,"49":0.00675,"50":0.00675,"51":0.00675,"52":0.13498,"53":0.00675,"54":0.00675,"55":0.00675,"56":0.03375,"57":0,"58":0.00675,"59":0,"60":0.06074,"61":0.00675,"62":0,"63":0,"64":0.00675,"65":0.02025,"66":0.027,"67":0.04724,"68":0.25646,"69":0.02025,"70":0.027,"71":0.02025,"72":0.06749,"73":0.04049,"74":1.44429,"75":2.40939,"76":0.02025,"77":0,"78":0},"opera":{"9":0,"9.5-9.6":0,"10.0-10.1":0,"10.5":0,"10.6":0,"11":0,"11.1":0,"11.5":0,"11.6":0,"12":0,"12.1":0,"15":0,"16":0,"17":0,"18":0,"19":0,"20":0,"21":0,"22":0,"23":0,"24":0,"25":0,"26":0,"27":0,"28":0,"29":0,"30":0,"31":0,"32":0,"33":0,"34":0,"35":0,"36":0.00675,"37":0,"38":0,"39":0,"40":0,"41":0,"42":0,"43":0,"44":0,"45":0,"46":0,"47":0,"48":0,"49":0,"50":0,"51":0,"52":0,"53":0,"54":0,"55":0,"56":0.00675,"57":0,"58":0,"60":0,"62":0,"63":0,"64":0,"65":0,"66":0.00675,"67":1.46453,"68":0.02025},"ios_saf":{"3.2":0.00185,"4.0-4.1":0,"4.2-4.3":0.00369,"5.0-5.1":0.01847,"6.0-6.1":0.00554,"7.0-7.1":0.01847,"8":0.00185,"8.1-8.4":0.02585,"9.0-9.2":0.02216,"9.3":0.26591,"10.0-10.2":0.06832,"10.3":0.23451,"11.0-11.2":0.15142,"11.3-11.4":0.25667,"12.0-12.1":0.31761,"12.2-12.4":2.08108,"13.0-13.1":0.44318,"13.2":0.21605,"13.3":12.09869,"13.4":2.24173},"safari":{"3.1":0,"3.2":0,"4":0,"5":0,"5.1":0,"6":0,"6.1":0,"7":0,"7.1":0,"8":0,"9":0,"9.1":0.00675,"10":0.00675,"10.1":0.04724,"11":0.027,"11.1":0.17547,"12":0.12148,"12.1":0.39144,"13":1.86947,"13.1":1.57252,"0":null},"android":{"2.1":0,"2.2":0.0012,"2.3":0.0004,"3":0.0004,"4":0.00361,"4.1":0.00801,"4.2-4.3":0.01683,"4.4":0,"4.4.3-4.4.4":0.1158,"81":null},"edge":{"12":0,"13":0.00675,"14":0.00675,"15":0.0135,"16":0.03375,"17":0.07424,"18":1.35655,"79":null,"80":null,"81":null},"samsung":{"4":0.06154,"5.0-5.4":0.01026,"6.2-6.4":0,"7.2-7.4":0.03077,"8.2":0.01026,"9.2":0.11282,"10.1":0.31794,"11.1":2.17427},"op_mob":{"10":null,"11":null,"11.1":null,"11.5":null,"12":null,"12.1":null,"0":null},"ie":{"5.5":0,"6":0,"7":0,"8":0.00684,"9":0.00684,"10":0.00684,"11":1.01883},"ie_mob":{"10":0,"11":0.01626},"bb":{"7":0,"10":0},"baidu":{"0":null},"and_ff":{"0":0.26983},"and_uc":{"0":0.01951},"and_qq":{"1.2":0.00325},"kaios":{"2.5":0},"op_mini":{"0":0.10772},"and_chr":{"0":31.16042}},"total":96.9987}