{"id":"EE","name":"Estonia","month":"2014-12","access_date":"2015-01-01","data":{"chrome":{"4":null,"5":null,"6":null,"7":null,"8":null,"9":null,"10":null,"11":0.050658,"12":0.008443,"13":null,"14":null,"15":null,"16":null,"17":null,"18":0.042215,"19":null,"20":0.016886,"21":0.016886,"22":0.016886,"23":0.008443,"24":0.016886,"25":0.016886,"26":0.059101,"27":0.042215,"28":0.075987,"29":0.016886,"30":0.025329,"31":0.388378,"32":0.177303,"33":0.244847,"34":0.244847,"35":0.481251,"36":0.548795,"37":0.878072,"38":1.747701,"39":39.17552,"40":0.211075,"41":0.25329,"42":null},"firefox":{"2":null,"3":0.008443,"3.5":null,"3.6":0.042215,"4":0.025329,"5":null,"6":null,"7":null,"8":null,"9":0.016886,"10":0.016886,"11":0.016886,"12":0.050658,"13":0.025329,"14":0.016886,"15":0.025329,"16":0.050658,"17":0.109759,"18":0.016886,"19":0.033772,"20":0.489694,"21":0.033772,"22":0.025329,"23":0.042215,"24":0.101316,"25":0.042215,"26":0.059101,"27":0.033772,"28":0.118202,"29":0.109759,"30":0.109759,"31":0.455922,"32":0.320834,"33":5.504836,"34":13.365269,"35":0.211075,"36":0.008443,"37":0.016886},"opera":{"9":null,"9.5-9.6":0.016886,"10.0-10.1":0,"10.5":null,"10.6":null,"11":null,"11.1":null,"11.5":null,"11.6":0.016886,"12":0.008443,"12.1":0.557238,"15":null,"16":null,"17":null,"18":0.016886,"19":null,"20":0.025329,"21":0.008443,"22":null,"23":null,"24":null,"25":0.033772,"26":1.26645,"27":0.025329,"28":null},"android":{"2.1":0,"2.2":0.00272678837663,"2.3":0.0766909230927,"3":0,"4":0.158153725845,"4.1":0.484686633946,"4.2-4.3":0.772021959133,"4.4":1.29556532745,"4.4.3-4.4.4":0.52967864216,"37":0},"safari":{"3.1":null,"3.2":null,"4":0.025329,"5":0.118202,"5.1":0.388378,"6":0.101316,"6.1":0.278619,"7":0.472808,"7.1":0.776756,"8":1.646385},"ios_saf":{"3.2":0,"4.0-4.1":0,"4.2-4.3":0,"5.0-5.1":0.0215118131835,"6.0-6.1":0.0889641087589,"7.0-7.1":1.05371423899,"8":0.298613135547,"8.1":2.17123470352},"op_mob":{"10":0,"11":0,"11.1":0,"11.5":0,"12":0.000160927791262,"12.1":0.000804638956311,"0":null},"ie":{"5.5":null,"6":0.008443,"7":0.025329,"8":1.038489,"9":1.122919,"10":1.198906,"11":7.894205,"0":null},"bb":{"7":0.00116775,"10":null},"ie_mob":{"10":0.28873008,"11":null},"op_mini":{"5.0-8.0":0.112695433252},"and_chr":{"0":7.858707},"and_ff":{"0":0.099648},"and_uc":{"0":0.028026}},"total":98.68435483}