{"id":"EG","name":"Egypt","month":"2021-10","access_date":"2021-11-04","data":{"firefox":{"2":null,"3":null,"3.5":null,"3.6":null,"4":null,"5":null,"6":null,"7":null,"8":null,"9":null,"10":null,"11":null,"12":null,"13":null,"14":null,"15":null,"16":null,"17":null,"18":null,"19":null,"20":null,"21":null,"22":null,"23":null,"24":null,"25":null,"26":null,"27":null,"28":null,"29":null,"30":null,"31":null,"32":null,"33":null,"34":null,"35":null,"36":null,"37":null,"38":null,"39":null,"40":null,"41":null,"42":null,"43":null,"44":null,"45":null,"46":null,"47":0.00395,"48":null,"49":null,"50":null,"51":null,"52":0.07507,"53":null,"54":null,"55":0.00395,"56":0.00395,"57":null,"58":null,"59":null,"60":0.00395,"61":null,"62":null,"63":null,"64":null,"65":null,"66":null,"67":null,"68":null,"69":null,"70":null,"71":null,"72":0.0079,"73":null,"74":null,"75":null,"76":null,"77":null,"78":0.03951,"79":null,"80":null,"81":null,"82":null,"83":null,"84":0.01976,"85":null,"86":null,"87":0.00395,"88":0.01185,"89":0.02371,"90":0.0079,"91":0.01976,"92":4.354,"93":16.7957,"94":0.02371,"95":null},"chrome":{"4":null,"5":null,"6":null,"7":null,"8":null,"9":null,"10":null,"11":null,"12":null,"13":null,"14":null,"15":null,"16":null,"17":null,"18":null,"19":null,"20":null,"21":null,"22":null,"23":null,"24":null,"25":null,"26":0.00395,"27":null,"28":null,"29":null,"30":null,"31":0.00395,"32":null,"33":0.01185,"34":null,"35":null,"36":null,"37":null,"38":0.0079,"39":null,"40":0.0158,"41":null,"42":null,"43":0.15804,"44":null,"45":null,"46":null,"47":0.00395,"48":0.00395,"49":0.08297,"50":null,"51":null,"52":null,"53":0.0079,"54":null,"55":null,"56":null,"57":null,"58":null,"59":null,"60":null,"61":0.0079,"62":null,"63":0.0158,"64":null,"65":0.00395,"66":null,"67":0.00395,"68":0.00395,"69":0.01185,"70":0.0079,"71":0.0079,"72":0.0079,"73":0.0079,"74":0.01185,"75":0.0079,"76":0.0079,"77":0.0079,"78":0.0079,"79":0.09878,"80":0.02371,"81":0.0158,"83":0.01976,"84":0.01976,"85":0.01976,"86":0.05927,"87":0.12643,"88":0.03161,"89":0.03556,"90":0.03556,"91":0.09087,"92":0.26077,"93":0.42276,"94":9.88935,"95":3.12919,"96":0.01185,"97":0.00395,"98":null},"opera":{"9":null,"9.5-9.6":null,"10.0-10.1":0,"10.5":null,"10.6":null,"11":null,"11.1":null,"11.5":null,"11.6":null,"12":null,"12.1":null,"15":null,"16":null,"17":null,"18":null,"19":null,"20":null,"21":null,"22":null,"23":null,"24":null,"25":null,"26":null,"27":null,"28":null,"29":null,"30":null,"31":null,"32":null,"33":null,"34":null,"35":null,"36":null,"37":null,"38":null,"39":null,"40":null,"41":null,"42":null,"43":null,"44":null,"45":null,"46":null,"47":null,"48":null,"49":null,"50":null,"51":null,"52":null,"53":null,"54":null,"55":null,"56":null,"57":null,"58":null,"60":null,"62":0.0079,"63":null,"64":0.0158,"65":null,"66":null,"67":null,"68":0.0079,"69":0.00395,"70":0.01185,"71":0.01976,"72":0.03556,"73":0.02766,"74":0.01185,"75":0.0158,"76":0.0158,"77":0.03951,"78":0.04346,"79":0.04741,"80":0.0158},"ios_saf":{"3.2":0,"4.0-4.1":0,"4.2-4.3":0.00117,"5.0-5.1":0.00466,"6.0-6.1":0.90084,"7.0-7.1":0.01981,"8":0.00117,"8.1-8.4":0.00699,"9.0-9.2":0.02564,"9.3":0.14334,"10.0-10.2":0.16782,"10.3":0.30999,"11.0-11.2":0.11421,"11.3-11.4":0.0909,"12.0-12.1":0.07575,"12.2-12.5":2.78994,"13.0-13.1":0.04662,"13.2":0.02098,"13.3":0.17481,"13.4-13.7":0.50345,"14.0-14.4":2.5487,"14.5-14.8":2.1513,"15":1.5523},"edge":{"12":0.00395,"13":null,"14":0.00395,"15":0.00395,"16":0.0079,"17":null,"18":0.01976,"79":null,"80":null,"81":null,"83":null,"84":0.0079,"85":null,"86":null,"87":null,"88":null,"89":0.01185,"90":null,"91":0.0079,"92":0.01185,"93":0.02766,"94":0.75859,"95":0.26867},"safari":{"3.1":null,"3.2":null,"4":0,"5":null,"5.1":0.0158,"6":null,"6.1":null,"7":null,"7.1":null,"8":null,"9":null,"9.1":null,"10":null,"10.1":null,"11":null,"11.1":0.0079,"12":null,"12.1":0.03951,"13":0.03556,"13.1":0.03951,"14":0.07112,"14.1":0.15409,"15":0.11853,"0":null},"samsung":{"4":0.21666,"5.0-5.4":0.01072,"6.2-6.4":0.14119,"7.2-7.4":0.07222,"8.2":0.01026,"9.2":0.02063,"10.1":0.01072,"11.1-11.2":0.11349,"12.0":0.04127,"13.0":0.13412,"14.0":0.15475,"15.0":1.10391},"android":{"2.1":0,"2.2":0,"2.3":0,"3":0,"4":0,"4.1":0.00527,"4.2-4.3":0.05179,"4.4":0,"4.4.3-4.4.4":0.77771,"0":0},"op_mob":{"10":null,"11":null,"11.1":null,"11.5":null,"12":null,"12.1":null,"0":null},"ie":{"5.5":null,"6":null,"7":null,"8":0.01376,"9":0.00918,"10":0.00459,"11":0.11471},"bb":{"7":0,"10":0},"ie_mob":{"10":null,"11":null},"baidu":{"0":null},"and_ff":{"0":0.13913},"and_qq":{"10.4":0},"and_uc":{"0":0.39319},"op_mini":{"0":0.33215},"and_chr":{"0":46.14847},"kaios":{"2.5":0}},"total":99.72231}