{"id":"EG","name":"Egypt","month":"2014-11","access_date":"2014-12-01","data":{"chrome":{"4":0.016446,"5":0.065784,"6":0.016446,"7":0.024669,"8":0.016446,"9":0.024669,"10":0.098676,"11":0.08223,"12":0.065784,"13":0.049338,"14":0.065784,"15":0.065784,"16":0.074007,"17":0.057561,"18":0.032892,"19":1.274565,"20":0.024669,"21":0.016446,"22":0.090453,"23":0.032892,"24":3.840141,"25":0.057561,"26":0.074007,"27":0.098676,"28":0.08223,"29":0.098676,"30":1.332126,"31":0.180906,"32":0.123345,"33":2.294217,"34":0.238467,"35":2.927388,"36":0.846969,"37":1.39791,"38":14.752062,"39":5.114706,"40":0.16446,"41":0.057561,"42":null},"firefox":{"2":0.444042,"3":0.049338,"3.5":0.065784,"3.6":0.213798,"4":0.098676,"5":0.057561,"6":0.057561,"7":0.041115,"8":0.08223,"9":0.049338,"10":0.131568,"11":0.115122,"12":0.312474,"13":0.222021,"14":0.115122,"15":1.389687,"16":0.148014,"17":0.098676,"18":1.348572,"19":0.098676,"20":0.08223,"21":1.365018,"22":0.123345,"23":1.381464,"24":0.123345,"25":2.639583,"26":0.197352,"27":0.156237,"28":0.131568,"29":0.444042,"30":1.126551,"31":0.616725,"32":2.105088,"33":12.41673,"34":1.89129,"35":0.024669,"36":0.016446},"opera":{"9":null,"9.5-9.6":null,"10.0-10.1":1.258119,"10.5":null,"10.6":null,"11":0.008223,"11.1":null,"11.5":0.008223,"11.6":0.024669,"12":0.032892,"12.1":0.115122,"15":0.016446,"16":0.008223,"17":0.008223,"18":0.016446,"19":0.016446,"20":0.024669,"21":0.016446,"22":0.008223,"23":null,"24":0.016446,"25":0.526272,"26":0.189129,"27":null,"28":null},"android":{"2.1":0,"2.2":0.00892161523771,"2.3":0.124902613328,"3":0.00396516232787,"4":0.257735551312,"4.1":0.842596994673,"4.2-4.3":1.1766619208,"4.4":1.81257482913,"4.4.3-4.4.4":0.703816313197,"37":0},"safari":{"3.1":null,"3.2":null,"4":0.008223,"5":1.291011,"5.1":0.065784,"6":0.024669,"6.1":0.032892,"7":0.08223,"7.1":0.049338,"8":0.090453},"ios_saf":{"3.2":0,"4.0-4.1":0,"4.2-4.3":0,"5.0-5.1":0.00757599739244,"6.0-6.1":0.034150265169,"7.0-7.1":0.412367365761,"8":0.156531761508,"8.1":0.551532610169},"op_mob":{"10":0,"11":0,"11.1":0,"11.5":0,"12":0.00484472938796,"12.1":0.0242236469398,"0":null},"ie":{"5.5":null,"6":0.0661357860963,"7":0.0165339465241,"8":3.14144983957,"9":3.01744524064,"10":3.04224616043,"11":1.53765702674},"bb":{"7":0.019547,"10":null},"ie_mob":{"10":0.10622906,"11":null},"and_chr":{"0":7.545909},"and_ff":{"0":0.170592},"and_uc":{"0":0.40871},"op_mini":{"5.0-8.0":1.33922162367}},"total":96.33090206}