{"id":"ER","name":"Eritrea","month":"2019-09","access_date":"2019-10-06","data":{"chrome":{"4":0,"5":0,"6":0,"7":0,"8":0,"9":0,"10":0,"11":0,"12":0,"13":0,"14":0,"15":0,"16":0,"17":0,"18":0,"19":0,"20":0,"21":0,"22":0,"23":0,"24":0,"25":0.425467,"26":0,"27":0,"28":0,"29":0,"30":0,"31":0,"32":0.069464,"33":0.104196,"34":0,"35":0,"36":0,"37":0,"38":0,"39":0.052098,"40":0,"41":0,"42":0,"43":0.069464,"44":0.199709,"45":0.251807,"46":0.017366,"47":0,"48":0.08683,"49":0.017366,"50":0,"51":0,"52":0,"53":0,"54":0,"55":0.234441,"56":0.234441,"57":0,"58":0,"59":1.866845,"60":0,"61":0.069464,"62":0.069464,"63":0,"64":0.121562,"65":0.034732,"66":0,"67":0,"68":0,"69":0.138928,"70":0.017366,"71":0.17366,"72":0.555712,"73":0.156294,"74":1.033277,"75":0.625176,"76":3.117197,"77":0.408101,"78":0,"79":0,"80":0},"firefox":{"2":0,"3":0,"3.5":0,"3.6":0,"4":1.424012,"5":0.104196,"6":0,"7":0,"8":0.069464,"9":0.017366,"10":0,"11":0,"12":0,"13":0,"14":0,"15":0.017366,"16":0.017366,"17":0,"18":0.034732,"19":0.104196,"20":0.034732,"21":0,"22":0.017366,"23":0.182343,"24":0.052098,"25":0,"26":0.138928,"27":0.069464,"28":0,"29":0.017366,"30":0.104196,"31":0.104196,"32":0.234441,"33":0.998545,"34":0.052098,"35":0.356003,"36":0.425467,"37":0,"38":0.052098,"39":0.069464,"40":2.031822,"41":1.780015,"42":1.189571,"43":2.908805,"44":0.156294,"45":0.442833,"46":0.138928,"47":1.675819,"48":0.321271,"49":0.425467,"50":3.603445,"51":0,"52":3.586079,"53":5.947855,"54":1.528208,"55":0.251807,"56":0.625176,"57":2.353093,"58":0.52098,"59":0.798836,"60":0.555712,"61":1.30245,"62":1.232986,"63":0.182343,"64":1.154839,"65":3.542664,"66":4.845114,"67":1.458744,"68":6.147564,"69":5.096921,"70":0.034732,"71":0.034732},"opera":{"9":0,"9.5-9.6":0,"10.0-10.1":0,"10.5":0,"10.6":0,"11":0.052098,"11.1":0,"11.5":0,"11.6":0,"12":0,"12.1":0,"15":0,"16":0,"17":0,"18":0,"19":0,"20":0,"21":0,"22":0,"23":0,"24":0,"25":0,"26":0,"27":0,"28":0,"29":0,"30":0,"31":0,"32":0,"33":0,"34":0.017366,"35":0,"36":0,"37":0,"38":0,"39":0,"40":0,"41":0,"42":0,"43":0,"44":0,"45":0,"46":0,"47":0,"48":0,"49":0,"50":0.017366,"51":0,"52":0,"53":0,"54":0,"55":0,"56":0,"57":0,"58":0.069464,"60":0,"62":0.234441},"safari":{"3.1":0,"3.2":0,"4":0,"5":0,"5.1":0.017366,"6":0,"6.1":0,"7":0,"7.1":0,"8":0,"9":0,"9.1":0,"10":0.442833,"10.1":0,"11":0,"11.1":0,"12":0,"12.1":0.104196,"13":0,"13.1":0,"0":null},"ios_saf":{"3.2":0.00055383987189752,"4.0-4.1":0.00027691993594876,"4.2-4.3":0,"5.0-5.1":0.00096921977582066,"6.0-6.1":0,"7.0-7.1":0.001107679743795,"8":0,"8.1-8.4":0.0020768995196157,"9.0-9.2":0.0023538194555645,"9.3":0.017030576060849,"10.0-10.2":0.0081691381104884,"10.3":0.020630535228183,"11.0-11.2":0.022430514811849,"11.3-11.4":0.040568770616493,"12.0-12.1":0.068122304243395,"12.2-12.3":1.102279805044,"13.0-13.1":0.096921977582066},"android":{"2.1":0,"2.2":0.0046903781094527,"2.3":0.0025583880597015,"3":0.0029847860696517,"4":0.01662952238806,"4.1":0.037949422885572,"4.2-4.3":0.22428535323383,"4.4":0,"4.4.3-4.4.4":0.13943214925373,"76":null},"samsung":{"4":0.20076472440945,"5.0-5.4":0.28107061417323,"6.2-6.4":0.020076472440945,"7.2-7.4":0.57217946456693,"8.2":0.12045883464567,"9.2":0.08030588976378,"10.1":0},"edge":{"12":0.121562,"13":0,"14":0.104196,"15":0.121562,"16":0.182343,"17":0.121562,"18":0.017366,"76":null},"op_mob":{"10":null,"11":null,"11.1":null,"11.5":null,"12":null,"12.1":null,"0":null},"ie":{"5.5":0,"6":0,"7":0,"8":0.156294,"9":0,"10":0.104196,"11":0.60781},"ie_mob":{"10":0,"11":0},"bb":{"7":0,"10":0},"and_chr":{"0":15.748936},"baidu":{"0":null},"and_ff":{"0":0.239694},"and_uc":{"0":2.929008},"and_qq":{"1.2":0},"kaios":{"2.5":0},"op_mini":{"0":0.018702757731959}},"total":95.238274757732}