{"id":"ER","name":"Eritrea","month":"2016-04","access_date":"2016-05-03","data":{"firefox":{"2":0.019776,"3":0.237312,"3.5":0.23072,"3.6":0.949248,"4":1.357952,"5":0.474624,"6":0.019776,"7":0.29664,"8":0.520768,"9":0.553728,"10":0.158208,"11":0.290048,"12":0.290048,"13":0.533952,"14":0.204352,"15":0.283456,"16":0.435072,"17":0.56032,"18":0.909696,"19":1.245888,"20":0.039552,"21":3.183936,"22":0.533952,"23":0.731712,"24":0.3296,"25":0.283456,"26":0.771264,"27":0.26368,"28":0.698752,"29":0.375744,"30":3.203712,"31":1.608448,"32":1.529344,"33":1.08768,"34":0.336192,"35":0.949248,"36":0.388928,"37":0.92288,"38":0.303232,"39":0.342784,"40":3.651968,"41":2.359936,"42":5.4384,"43":6.82272,"44":2.221504,"45":5.293376,"46":1.338176,"47":0.006592,"48":0,"49":0},"chrome":{"4":0,"5":0,"6":0.006592,"7":0,"8":0,"9":0,"10":0.013184,"11":0.013184,"12":0.026368,"13":0.013184,"14":0.013184,"15":0,"16":0,"17":0.006592,"18":0.112064,"19":0,"20":0,"21":0,"22":0,"23":0,"24":0.013184,"25":0.013184,"26":0.039552,"27":0,"28":0,"29":0,"30":0,"31":0.019776,"32":0,"33":0.006592,"34":0.092288,"35":0,"36":0,"37":0,"38":0.13184,"39":0.006592,"40":0.019776,"41":0.013184,"42":0.026368,"43":0.006592,"44":0.06592,"45":0.046144,"46":0.006592,"47":0.019776,"48":0.085696,"49":4.574848,"50":0.62624,"51":0,"52":0.013184,"53":0},"opera":{"9":0,"9.5-9.6":0,"10.0-10.1":0,"10.5":0,"10.6":0,"11":0,"11.1":0,"11.5":0,"11.6":0.3296,"12":0.151616,"12.1":0.355968,"15":0.079104,"16":0,"17":0,"18":0,"19":0,"20":0,"21":0,"22":0,"23":0,"24":0,"25":0.013184,"26":0,"27":0,"28":0.013184,"29":0.006592,"30":0,"31":0.006592,"32":0,"33":0,"34":0,"35":0,"36":0.191168,"37":0,"38":0},"safari":{"3.1":0,"3.2":0,"4":0.013184,"5":0,"5.1":0,"6":0,"6.1":0,"7":0.006592,"7.1":0.006592,"8":0.019776,"9":0.355968,"9.1":0.019776,"0":null},"android":{"2.1":0,"2.2":0,"2.3":0.0543617105832,"3":0,"4":0.326170263499,"4.1":1.09402942549,"4.2-4.3":2.54480757667,"4.4":5.5211112311,"4.4.3-4.4.4":3.04425579266,"47":null},"ios_saf":{"3.2":0,"4.0-4.1":0,"4.2-4.3":0,"5.0-5.1":0,"6.0-6.1":0.00158662470815,"7.0-7.1":0.016358647853,"8":0,"8.1-8.4":0.0413069536088,"9.0-9.2":0.133550031469,"9.3":0.346157742361},"ie":{"5.5":0,"6":0.092288,"7":0.006592,"8":0.507584,"9":0.092288,"10":0.191168,"11":1.05472},"op_mob":{"10":0,"11":0,"11.1":0,"11.5":0,"12":0,"12.1":0.000223507931118,"0":0.00759926965802},"ie_mob":{"10":0.00951069767442,"11":0.0109373023256},"edge":{"12":0.019776,"13":0.03296,"14":0},"bb":{"7":0.001704,"10":null},"and_uc":{"0":9.160704},"op_mini":{"5.0-8.0":2.29598522241},"and_chr":{"0":9.970304},"and_ff":{"0":0.092016}},"total":98.858984}