{"id":"ER","name":"Eritrea","month":"2020-09","access_date":"2020-10-03","data":{"firefox":{"2":0,"3":0,"3.5":0,"3.6":0,"4":0,"5":0,"6":0,"7":0,"8":0,"9":0,"10":0,"11":0,"12":0,"13":0,"14":0.01491,"15":0.51446,"16":0,"17":0,"18":0,"19":0,"20":0,"21":0,"22":0,"23":0.05219,"24":0,"25":0,"26":0.03728,"27":0.05219,"28":0,"29":0,"30":0.01491,"31":0.01491,"32":0,"33":0.07456,"34":0.01491,"35":0,"36":0,"37":0,"38":0,"39":0.03728,"40":0.46227,"41":0.14912,"42":0.27587,"43":0.33552,"44":0.20131,"45":0.23859,"46":0,"47":0.22368,"48":0.22368,"49":0.05219,"50":0,"51":0,"52":1.14077,"53":0,"54":0,"55":0,"56":0.26096,"57":0.36534,"58":0.20131,"59":0.01491,"60":0.33552,"61":0,"62":0.11184,"63":0,"64":0,"65":0,"66":0,"67":0,"68":0,"69":0,"70":0,"71":0,"72":0,"73":0,"74":0,"75":0,"76":0,"77":0,"78":0.12675,"79":0.82762,"80":18.64746,"81":1.38682,"82":1.17805,"83":0},"chrome":{"4":0,"5":0,"6":0,"7":0,"8":0,"9":0,"10":0,"11":0,"12":0,"13":0,"14":0,"15":0,"16":0,"17":0,"18":0,"19":0,"20":0,"21":0,"22":0,"23":0,"24":0,"25":0,"26":0,"27":0,"28":0,"29":0,"30":0,"31":0,"32":0,"33":0,"34":0,"35":0,"36":0,"37":0,"38":0,"39":0,"40":0.26096,"41":0.05219,"42":0,"43":0.12675,"44":0,"45":0.01491,"46":0,"47":0,"48":0,"49":0.01491,"50":0.07456,"51":0,"52":0,"53":0,"54":0.01491,"55":0.03728,"56":0,"57":0,"58":0,"59":0,"60":0,"61":0.01491,"62":0.01491,"63":0,"64":0.05219,"65":0,"66":0,"67":0,"68":0,"69":1.84163,"70":0,"71":0.1864,"72":0.01491,"73":0.11184,"74":0.29824,"75":0.08947,"76":0,"77":0.27587,"78":0.03728,"79":0.70086,"80":2.21443,"81":0.22368,"83":1.01402,"84":2.40083,"85":12.28749,"86":0.03728,"87":0,"88":0},"opera":{"9":0,"9.5-9.6":0,"10.0-10.1":0,"10.5":0,"10.6":0,"11":0,"11.1":0,"11.5":0,"11.6":0,"12":0,"12.1":0,"15":0,"16":0,"17":0,"18":0,"19":0,"20":0,"21":0,"22":0,"23":0,"24":0,"25":0,"26":0,"27":0.03728,"28":0,"29":0,"30":0,"31":0,"32":0,"33":0,"34":0.11184,"35":0,"36":0.03728,"37":0,"38":0,"39":0,"40":0,"41":0,"42":0.05219,"43":0,"44":0,"45":0,"46":0,"47":0,"48":0,"49":0,"50":0,"51":0,"52":0,"53":0,"54":0,"55":0,"56":0.35043,"57":0.07456,"58":0,"60":0,"62":0,"63":0,"64":0,"65":0,"66":0,"67":0.07456,"68":0.01491,"69":0.01491,"70":3.07933,"71":0},"ios_saf":{"3.2":0.00547,"4.0-4.1":0.00912,"4.2-4.3":0,"5.0-5.1":0.00182,"6.0-6.1":0.00091,"7.0-7.1":0.00365,"8":0,"8.1-8.4":0.00638,"9.0-9.2":0.00456,"9.3":0.05289,"10.0-10.2":0.01459,"10.3":0.0693,"11.0-11.2":0.04286,"11.3-11.4":0.06383,"12.0-12.1":0.1003,"12.2-12.4":0.62642,"13.0-13.1":0.09574,"13.2":0.05015,"13.3":0.36564,"13.4-13.7":0.97565,"14":1.05406},"safari":{"3.1":0,"3.2":0,"4":0,"5":0,"5.1":0,"6":0,"6.1":0,"7":0,"7.1":0,"8":0,"9":0,"9.1":0,"10":0,"10.1":0,"11":0.01491,"11.1":0.01491,"12":0,"12.1":0,"13":0,"13.1":0,"14":0,"0":null},"edge":{"12":0.03728,"13":0,"14":0,"15":0.01491,"16":0.08947,"17":0.08947,"18":0.11184,"79":0,"80":0,"81":0,"83":0.12675,"84":0.07456,"85":0.58902},"android":{"2.1":0,"2.2":0,"2.3":0.00253,"3":0,"4":0.10873,"4.1":0.1416,"4.2-4.3":0.0531,"4.4":0,"4.4.3-4.4.4":0.34388,"81":null},"samsung":{"4":1.54949,"5.0-5.4":0.05031,"6.2-6.4":0,"7.2-7.4":0.07043,"8.2":0,"9.2":4.62834,"10.1":0.02012,"11.1-11.2":0,"12.0":0.17105},"ie":{"5.5":0,"6":0,"7":0,"8":0.35043,"9":0,"10":0,"11":0},"op_mob":{"10":null,"11":null,"11.1":null,"11.5":null,"12":null,"12.1":null,"0":null},"bb":{"7":0,"10":0},"ie_mob":{"10":0,"11":0},"and_ff":{"0":0},"and_qq":{"10.4":0},"and_uc":{"0":7.6091},"op_mini":{"0":0.70569},"and_chr":{"0":14.552},"kaios":{"2.5":0},"baidu":{"0":null}},"total":88.91044}