{"id":"ES","name":"Spain","month":"2016-08","access_date":"2016-09-04","data":{"chrome":{"4":null,"5":null,"6":null,"7":null,"8":null,"9":null,"10":null,"11":0.055957,"12":null,"13":null,"14":null,"15":null,"16":null,"17":null,"18":0.020348,"19":null,"20":null,"21":0.005087,"22":0.025435,"23":null,"24":null,"25":null,"26":0.015261,"27":0.010174,"28":null,"29":0.025435,"30":0.005087,"31":0.030522,"32":0.010174,"33":0.020348,"34":0.040696,"35":0.035609,"36":0.025435,"37":0.030522,"38":0.05087,"39":0.066131,"40":0.040696,"41":0.040696,"42":0.040696,"43":0.096653,"44":0.086479,"45":0.106827,"46":0.10174,"47":0.106827,"48":0.132262,"49":2.762241,"50":0.167871,"51":6.791145,"52":18.781204,"53":0.071218,"54":0.025435,"55":null},"firefox":{"2":null,"3":0.005087,"3.5":null,"3.6":0.015261,"4":null,"5":null,"6":null,"7":null,"8":null,"9":null,"10":null,"11":null,"12":0.010174,"13":null,"14":null,"15":null,"16":0.015261,"17":null,"18":null,"19":0.005087,"20":0.020348,"21":0.005087,"22":null,"23":null,"24":0.015261,"25":0.005087,"26":0.005087,"27":0.005087,"28":0.010174,"29":0.015261,"30":0.010174,"31":0.030522,"32":0.020348,"33":0.020348,"34":0.035609,"35":0.025435,"36":0.025435,"37":0.035609,"38":0.111914,"39":0.05087,"40":0.05087,"41":0.045783,"42":0.040696,"43":0.157697,"44":0.111914,"45":0.178045,"46":0.193306,"47":4.969999,"48":2.919938,"49":0.035609,"50":0.005087,"51":null},"opera":{"9":null,"9.5-9.6":null,"10.0-10.1":0,"10.5":null,"10.6":null,"11":null,"11.1":null,"11.5":null,"11.6":null,"12":null,"12.1":0.030522,"15":null,"16":null,"17":null,"18":null,"19":null,"20":null,"21":null,"22":null,"23":null,"24":null,"25":null,"26":null,"27":null,"28":0.005087,"29":null,"30":null,"31":null,"32":null,"33":null,"34":null,"35":null,"36":0.045783,"37":0.030522,"38":0.086479,"39":0.269611,"40":null,"41":null},"safari":{"3.1":null,"3.2":null,"4":0.010174,"5":0.045783,"5.1":0.10174,"6":0.010174,"6.1":0.066131,"7":0.030522,"7.1":0.015261,"8":0.162784,"9":0.264524,"9.1":1.699058,"10":0.015261,"0":null},"ios_saf":{"3.2":0,"4.0-4.1":0,"4.2-4.3":0,"5.0-5.1":0,"6.0-6.1":0,"7.0-7.1":0.186886938447,"8":0,"8.1-8.4":0.434568423136,"9.0-9.2":0.602316337767,"9.3":9.69560430065},"android":{"2.1":0,"2.2":0,"2.3":0.0062513930809,"3":0,"4":0.0468854481068,"4.1":0.171913309725,"4.2-4.3":0.427439001907,"4.4":1.18542041297,"4.4.3-4.4.4":1.03069843421,"51":null},"op_mob":{"10":0,"11":0,"11.1":0,"11.5":0,"12":0,"12.1":0.000224596965517,"0":0.00875928165517},"ie":{"5.5":null,"6":0.00513058506732,"7":0.015391755202,"8":0.359140954712,"9":0.205223402693,"10":0.169309307222,"11":3.4374919951},"edge":{"12":0.081392,"13":1.378577,"14":0.122088},"bb":{"7":0.013508,"10":null},"ie_mob":{"10":0.0864939130435,"11":0.311378086957},"and_ff":{"0":0.044208},"samsung":{"0":3.133856},"and_uc":{"0":0.083504},"op_mini":{"0":0.118728121379},"and_chr":{"0":33.759097}},"total":99.043453}