{"id":"ES","name":"Spain","month":"2019-09","access_date":"2019-10-06","data":{"chrome":{"4":0,"5":0,"6":0,"7":0,"8":0,"9":0,"10":0,"11":0,"12":0,"13":0,"14":0,"15":0,"16":0,"17":0,"18":0,"19":0,"20":0,"21":0,"22":0,"23":0,"24":0,"25":0,"26":0,"27":0,"28":0,"29":0,"30":0,"31":0,"32":0,"33":0.005142,"34":0.005142,"35":0,"36":0,"37":0,"38":0.010284,"39":0,"40":0,"41":0.005142,"42":0,"43":0.005142,"44":0.005142,"45":0.005142,"46":0.005142,"47":0.005142,"48":0.005142,"49":0.370224,"50":0.005142,"51":0.005142,"52":0,"53":0.010284,"54":0.02571,"55":0.005142,"56":0.010284,"57":0.010284,"58":0.015426,"59":0.005142,"60":0.005142,"61":0.066846,"62":0.010284,"63":0.041136,"64":0.010284,"65":0.030852,"66":0.020568,"67":0.05142,"68":0.02571,"69":0.041136,"70":0.087414,"71":0.082272,"72":0.087414,"73":0.092556,"74":0.107982,"75":0.2571,"76":11.296974,"77":4.612374,"78":0.015426,"79":0.005142,"80":0},"firefox":{"2":0,"3":0,"3.5":0,"3.6":0,"4":0,"5":0,"6":0,"7":0,"8":0,"9":0,"10":0,"11":0,"12":0,"13":0,"14":0,"15":0,"16":0,"17":0,"18":0,"19":0.010284,"20":0,"21":0,"22":0,"23":0,"24":0,"25":0,"26":0,"27":0,"28":0,"29":0,"30":0,"31":0,"32":0,"33":0,"34":0,"35":0,"36":0,"37":0,"38":0.005142,"39":0,"40":0,"41":0,"42":0.005142,"43":0.005142,"44":0,"45":0.010284,"46":0,"47":0.010284,"48":0.035994,"49":0.005142,"50":0.005142,"51":0.005142,"52":0.107982,"53":0.005142,"54":0.005142,"55":0.020568,"56":0.015426,"57":0.005142,"58":0.005142,"59":0.005142,"60":0.066846,"61":0.010284,"62":0.010284,"63":0.010284,"64":0.020568,"65":0.015426,"66":0.041136,"67":0.05142,"68":0.611898,"69":1.887114,"70":0.015426,"71":0},"opera":{"9":0,"9.5-9.6":0,"10.0-10.1":0,"10.5":0,"10.6":0,"11":0,"11.1":0,"11.5":0,"11.6":0,"12":0,"12.1":0.005142,"15":0,"16":0,"17":0,"18":0,"19":0,"20":0,"21":0,"22":0,"23":0,"24":0,"25":0,"26":0,"27":0,"28":0,"29":0,"30":0,"31":0,"32":0,"33":0,"34":0,"35":0,"36":0.005142,"37":0,"38":0,"39":0,"40":0,"41":0,"42":0,"43":0,"44":0,"45":0,"46":0,"47":0,"48":0,"49":0,"50":0,"51":0,"52":0,"53":0.030852,"54":0,"55":0,"56":0.005142,"57":0.005142,"58":0.005142,"60":0,"62":0.046278},"safari":{"3.1":0,"3.2":0,"4":0,"5":0,"5.1":0.195396,"6":0,"6.1":0,"7":0,"7.1":0,"8":0.010284,"9":0.035994,"9.1":0.030852,"10":0.015426,"10.1":0.071988,"11":0.030852,"11.1":0.149118,"12":0.15426,"12.1":0.95127,"13":0.215964,"13.1":0,"0":null},"ios_saf":{"3.2":0.0061993698959167,"4.0-4.1":0.0030996849479584,"4.2-4.3":0,"5.0-5.1":0.010848897317854,"6.0-6.1":0,"7.0-7.1":0.012398739791833,"8":0,"8.1-8.4":0.023247637109688,"9.0-9.2":0.026347322057646,"9.3":0.19063062429944,"10.0-10.2":0.091440705964772,"10.3":0.2309265286229,"11.0-11.2":0.25107448078463,"11.3-11.4":0.4541038448759,"12.0-12.1":0.76252249719776,"12.2-12.3":12.338295935348,"13.0-13.1":1.0848897317854},"android":{"2.1":0,"2.2":0.0029676577114428,"2.3":0.0016187223880597,"3":0.0018885094527363,"4":0.010521695522388,"4.1":0.024011048756219,"4.2-4.3":0.1419079960199,"4.4":0,"4.4.3-4.4.4":0.088220370149254,"76":null},"samsung":{"4":0.16784742028986,"5.0-5.4":0.020980927536232,"6.2-6.4":0.020980927536232,"7.2-7.4":0.062942782608696,"8.2":0.041961855072464,"9.2":1.3742507536232,"10.1":1.2064033333333},"edge":{"12":0.005142,"13":0.005142,"14":0.010284,"15":0.015426,"16":0.020568,"17":0.35994,"18":0.730164,"76":null},"op_mob":{"10":null,"11":null,"11.1":null,"11.5":null,"12":null,"12.1":null,"0":null},"ie":{"5.5":0,"6":0,"7":0,"8":0.047129742331288,"9":0.0052366380368098,"10":0.01047327607362,"11":0.79073234355828},"ie_mob":{"10":0,"11":0.029148},"bb":{"7":0,"10":0.004858},"and_chr":{"0":54.0375},"baidu":{"0":null},"and_ff":{"0":0.262332},"and_uc":{"0":0.077728},"and_qq":{"1.2":0.019432},"kaios":{"2.5":0},"op_mini":{"0":0.19776734364261}},"total":97.721221343643}