{"id":"ES","name":"Spain","month":"2015-09","access_date":"2015-10-02","data":{"firefox":{"2":0.006909,"3":0.020727,"3.5":0.006909,"3.6":0.041454,"4":0.013818,"5":0.013818,"6":0.020727,"7":0.006909,"8":0.006909,"9":0.006909,"10":0.034545,"11":0.006909,"12":0.020727,"13":0.006909,"14":0.006909,"15":0.020727,"16":0.034545,"17":0.027636,"18":0.006909,"19":0.013818,"20":0.027636,"21":0.013818,"22":0.006909,"23":0.006909,"24":0.020727,"25":0.013818,"26":0.020727,"27":0.013818,"28":0.020727,"29":0.027636,"30":0.034545,"31":0.096726,"32":0.055272,"33":0.062181,"34":0.089817,"35":0.096726,"36":0.075999,"37":0.151998,"38":0.421449,"39":0.566538,"40":9.271878,"41":0.815262,"42":0.020727,"43":0,"44":0},"chrome":{"4":0,"5":0.006909,"6":0,"7":0,"8":0,"9":0,"10":0,"11":0.131271,"12":0,"13":0,"14":0,"15":0,"16":0,"17":0,"18":0.013818,"19":0,"20":0,"21":0.013818,"22":0.062181,"23":0.013818,"24":0.027636,"25":0.013818,"26":0.027636,"27":0.013818,"28":0.006909,"29":0.020727,"30":0.013818,"31":0.103635,"32":0.034545,"33":0.06909,"34":0.082908,"35":0.131271,"36":0.124362,"37":0.103635,"38":0.165816,"39":0.290178,"40":0.165816,"41":0.131271,"42":0.165816,"43":0.891261,"44":4.677393,"45":28.015995,"46":0.103635,"47":0.048363,"48":0},"opera":{"9":0,"9.5-9.6":0,"10.0-10.1":0,"10.5":0,"10.6":0,"11":0,"11.1":0,"11.5":0,"11.6":0,"12":0.006909,"12.1":0.06909,"15":0,"16":0,"17":0,"18":0,"19":0,"20":0,"21":0,"22":0,"23":0,"24":0,"25":0,"26":0,"27":0.006909,"28":0.013818,"29":0.006909,"30":0.027636,"31":0.290178,"32":0.234906,"33":0,"34":0},"safari":{"3.1":0,"3.2":0,"4":0.041454,"5":0.096726,"5.1":0.262542,"6":0.027636,"6.1":0.151998,"7":0.117453,"7.1":0.442176,"8":1.685796,"9":0.041454},"android":{"2.1":0,"2.2":0,"2.3":0.0656393677335,"3":0,"4":0.198969333442,"4.1":0.692290206564,"4.2-4.3":1.4666296228,"4.4":2.60301117668,"4.4.3-4.4.4":1.25432729278,"44":null},"ios_saf":{"3.2":0,"4.0-4.1":0,"4.2-4.3":0,"5.0-5.1":0.0225135902666,"6.0-6.1":0.0204669002423,"7.0-7.1":0.653917462742,"8":0.0910777060784,"8.1-8.4":6.40920981088,"9":2.93802352979},"op_mob":{"10":0,"11":0,"11.1":0,"11.5":0,"12":0.000325683090705,"12.1":0.000651366181411,"0":0.0113989081747},"ie":{"5.5":0,"6":0.0210835238468,"7":0.056222730258,"8":1.36340120876,"9":0.920647207975,"10":0.702784128225,"11":5.8612196294},"bb":{"7":0.01468225,"10":null},"ie_mob":{"10":0.116956756757,"11":0.501243243243},"and_uc":{"0":0.064911},"op_mini":{"5.0-8.0":0.126719042553},"and_chr":{"0":20.621613},"and_ff":{"0":0.173096},"edge":{"12":0.601083,"13":null}},"total":99.0254376785}