{"id":"FI","name":"Finland","month":"2014-09","access_date":"2014-10-01","data":{"chrome":{"4":null,"5":null,"6":null,"7":null,"8":null,"9":null,"10":null,"11":0.046102,"12":0.006586,"13":null,"14":null,"15":null,"16":null,"17":null,"18":0.013172,"19":null,"20":null,"21":0.026344,"22":0.019758,"23":0.013172,"24":0.158064,"25":0.013172,"26":0.019758,"27":0.039516,"28":0.03293,"29":0.039516,"30":0.03293,"31":0.158064,"32":0.085618,"33":0.270026,"34":0.19758,"35":0.368816,"36":2.147036,"37":24.40113,"38":0.092204,"39":0.059274,"40":null},"firefox":{"2":null,"3":null,"3.5":null,"3.6":0.039516,"4":0.013172,"5":null,"6":null,"7":0.006586,"8":0.006586,"9":0.013172,"10":0.039516,"11":0.019758,"12":0.03293,"13":0.013172,"14":0.019758,"15":0.026344,"16":0.052688,"17":0.059274,"18":0.019758,"19":0.019758,"20":0.046102,"21":0.039516,"22":0.019758,"23":0.03293,"24":0.381988,"25":0.046102,"26":0.111962,"27":0.046102,"28":0.111962,"29":0.13172,"30":0.243682,"31":4.399448,"32":15.108284,"33":0.302956,"34":0.013172,"35":0.019758},"opera":{"9":null,"9.5-9.6":null,"10.0-10.1":0,"10.5":null,"10.6":null,"11":null,"11.1":null,"11.5":null,"11.6":null,"12":0.006586,"12.1":0.190994,"15":null,"16":null,"17":null,"18":0.006586,"19":null,"20":0.013172,"21":0.013172,"22":0.013172,"23":0.039516,"24":0.507122,"25":0.013172,"26":null},"safari":{"3.1":null,"3.2":null,"4":0.039516,"5":0.177822,"5.1":0.671772,"6":0.138306,"6.1":0.566396,"7":1.633328,"7.1":0.19758,"8":0.019758},"android":{"2.1":0.0062175044955,"2.2":0.0435225314685,"2.3":0.708795512488,"3":0,"4":0.596880431568,"4.1":1.56059362837,"4.2-4.3":1.78442379021,"4.4":1.5232886014,"4.4.3":null},"op_mob":{"10":0,"11":0,"11.1":0,"11.5":0,"12":0.000517261750663,"12.1":0.00284493962865,"0":null},"ie":{"5.5":null,"6":null,"7":0.00659360508083,"8":0.626392482679,"9":1.93192628868,"10":1.68796290069,"11":7.16724872286},"ios_saf":{"3.2":0,"4.0-4.1":0,"4.2-4.3":0,"5.0-5.1":0.0743837240752,"6.0-6.1":0.330141460279,"7.0-7.1":7.49441493936,"8":2.18260187629},"bb":{"7":0,"10":null},"and_chr":{"0":10.696062},"and_ff":{"0":0.232152},"ie_mob":{"10":3.98181648},"op_mini":{"5.0-7.0":0.170751798621},"and_uc":{"0":0.01707}},"total":96.75277048}