{"id":"FJ","name":"Fiji","month":"2019-05","access_date":"2019-06-04","data":{"chrome":{"4":0,"5":0,"6":0,"7":0,"8":0,"9":0,"10":0,"11":0,"12":0,"13":0,"14":0,"15":0,"16":0,"17":0,"18":0,"19":0,"20":0,"21":0,"22":0,"23":0,"24":0,"25":0,"26":0.005187,"27":0,"28":0,"29":0,"30":0,"31":0.005187,"32":0,"33":0,"34":0,"35":0,"36":0.010374,"37":0,"38":0.005187,"39":0.025935,"40":0.005187,"41":0,"42":0,"43":0,"44":0,"45":0,"46":0,"47":0.005187,"48":0.020748,"49":0.119301,"50":0,"51":0,"52":0.005187,"53":0.041496,"54":0,"55":0.005187,"56":0,"57":0.005187,"58":0.062244,"59":0.005187,"60":0.041496,"61":0.010374,"62":0.041496,"63":0.430521,"64":0.010374,"65":0.165984,"66":0.005187,"67":0.082992,"68":0.031122,"69":0.072618,"70":0.057057,"71":0.124488,"72":0.15561,"73":3.272997,"74":11.940474,"75":0.010374,"76":0.010374,"77":0},"firefox":{"2":0,"3":0,"3.5":0,"3.6":0,"4":0,"5":0,"6":0,"7":0,"8":0,"9":0,"10":0.005187,"11":0,"12":0,"13":0,"14":0,"15":0,"16":0,"17":0,"18":0,"19":0,"20":0,"21":0,"22":0,"23":0,"24":0,"25":0,"26":0,"27":0,"28":0,"29":0.005187,"30":0,"31":0.005187,"32":0,"33":0,"34":0,"35":0,"36":0,"37":0.005187,"38":0,"39":0,"40":0,"41":0,"42":0,"43":0.010374,"44":0.005187,"45":0.005187,"46":0,"47":0.020748,"48":0.176358,"49":0,"50":0.010374,"51":0,"52":0.062244,"53":0,"54":0,"55":0,"56":0.005187,"57":0.005187,"58":0.020748,"59":0,"60":0.280098,"61":0.020748,"62":0.010374,"63":0.025935,"64":0.020748,"65":0.05187,"66":2.915094,"67":0.171171,"68":0.005187,"69":0},"opera":{"9":0,"9.5-9.6":0,"10.0-10.1":0,"10.5":0,"10.6":0,"11":0,"11.1":0,"11.5":0,"11.6":0,"12":0,"12.1":0,"15":0,"16":0,"17":0,"18":0,"19":0,"20":0,"21":0,"22":0,"23":0,"24":0,"25":0,"26":0,"27":0,"28":0,"29":0,"30":0,"31":0,"32":0,"33":0,"34":0,"35":0,"36":0,"37":0.005187,"38":0,"39":0,"40":0,"41":0,"42":0,"43":0,"44":0,"45":0,"46":0,"47":0,"48":0,"49":0,"50":0,"51":0,"52":0.015561,"53":0,"54":0,"55":0,"56":0.005187,"57":0.005187,"58":0.217854},"safari":{"3.1":0,"3.2":0,"4":0,"5":0,"5.1":0,"6":0,"6.1":0,"7":0,"7.1":0,"8":0.005187,"9":0,"9.1":0.031122,"10":0.005187,"10.1":0.186732,"11":0.031122,"11.1":0.10374,"12":0.20748,"12.1":0.580944,"0":null},"ios_saf":{"3.2":0.0071734412501252,"4.0-4.1":0.0053800809375939,"4.2-4.3":0.00089668015626565,"5.0-5.1":0.0080701214063909,"6.0-6.1":0.002690040468797,"7.0-7.1":0.012553522187719,"8":0.088771335470299,"8.1-8.4":0.029590445156766,"9.0-9.2":0.019726963437844,"9.3":0.13988210437744,"10.0-10.2":0.084287934688971,"10.3":0.19637295422218,"11.0-11.2":0.22865343984774,"11.3-11.4":0.4671703614144,"12.0-12.1":1.4624853348693,"12.2":6.1978532401082},"android":{"2.1":0.0082681927710843,"2.2":0.013780321285141,"2.3":0.0034450803212851,"3":0,"4":0.13298010040161,"4.1":0.035828835341365,"4.2-4.3":0.22737530120482,"4.4":0,"4.4.3-4.4.4":0.2645821686747,"67":null},"edge":{"12":0.046683,"13":0.046683,"14":0.05187,"15":0.082992,"16":0.098553,"17":1.058148,"18":0.171171,"75":null},"op_mob":{"10":null,"11":null,"11.1":null,"11.5":null,"12":null,"12.1":null,"0":null},"ie":{"5.5":0,"6":0,"7":0,"8":0.043487808,"9":0.010871952,"10":0.016307928,"11":0.608829312},"samsung":{"4":2.6393392616202,"5.0-5.4":0.11340910889774,"6.2-6.4":0.39177692164675,"7.2-7.4":0.93820262815405,"8.2":0.84541335723772,"9.2":2.8352277224436},"ie_mob":{"10":0.0120325,"11":0.0360975},"bb":{"7":0,"10":0.004813},"baidu":{"0":null},"and_ff":{"0":0.187707},"and_uc":{"0":2.59902},"and_qq":{"1.2":0.057756},"op_mini":{"0":0.54223985738832},"and_chr":{"0":48.719276},"kaios":{"2.5":0}},"total":93.830101857388}