{"id":"FJ","name":"Fiji","month":"2016-09","access_date":"2016-10-02","data":{"firefox":{"2":null,"3":0.00943,"3.5":null,"3.6":0.00943,"4":0.01886,"5":0.00943,"6":0.00943,"7":null,"8":0.01886,"9":null,"10":0.014145,"11":0.20746,"12":0.033005,"13":0.014145,"14":0.004715,"15":0.014145,"16":0.08487,"17":0.108445,"18":0.004715,"19":0.00943,"20":0.014145,"21":0.00943,"22":0.00943,"23":null,"24":0.033005,"25":0.004715,"26":0.00943,"27":0.01886,"28":0.02829,"29":0.033005,"30":0.08487,"31":0.023575,"32":0.014145,"33":0.00943,"34":0.00943,"35":0.08487,"36":0.033005,"37":0.033005,"38":0.06601,"39":0.06601,"40":0.08487,"41":0.051865,"42":0.033005,"43":0.410205,"44":0.15088,"45":0.080155,"46":0.146165,"47":1.84828,"48":5.79002,"49":1.58424,"50":0.16974,"51":null,"52":null},"chrome":{"4":null,"5":null,"6":null,"7":null,"8":null,"9":null,"10":null,"11":0.01886,"12":0.014145,"13":null,"14":null,"15":null,"16":null,"17":null,"18":null,"19":0.004715,"20":0.00943,"21":0.004715,"22":null,"23":0.00943,"24":null,"25":0.004715,"26":0.00943,"27":0.014145,"28":null,"29":0.004715,"30":0.01886,"31":0.02829,"32":0.00943,"33":0.02829,"34":0.023575,"35":0.023575,"36":0.00943,"37":0.004715,"38":0.014145,"39":0.00943,"40":0.00943,"41":0.014145,"42":0.033005,"43":0.02829,"44":0.042435,"45":0.13202,"46":0.01886,"47":0.080155,"48":0.127305,"49":1.249475,"50":0.061295,"51":0.278185,"52":8.88306,"53":8.64731,"54":0.04715,"55":0.051865,"56":null},"opera":{"9":null,"9.5-9.6":null,"10.0-10.1":0,"10.5":null,"10.6":null,"11":null,"11.1":null,"11.5":null,"11.6":null,"12":null,"12.1":null,"15":null,"16":null,"17":null,"18":null,"19":null,"20":null,"21":null,"22":null,"23":null,"24":null,"25":null,"26":null,"27":null,"28":0.00943,"29":null,"30":0.00943,"31":null,"32":null,"33":0.004715,"34":0.004715,"35":0.023575,"36":0.004715,"37":0.080155,"38":null,"39":0.146165,"40":0.03772,"41":null},"safari":{"3.1":null,"3.2":null,"4":0,"5":0.01886,"5.1":0.03772,"6":0.00943,"6.1":0.014145,"7":0.033005,"7.1":null,"8":0.080155,"9":0.06601,"9.1":0.825125,"10":0.080155,"0":null},"ios_saf":{"3.2":0,"4.0-4.1":0,"4.2-4.3":0,"5.0-5.1":0,"6.0-6.1":0,"7.0-7.1":0.0587222222222,"8":0,"8.1-8.4":0.122925185185,"9.0-9.2":0.147197037037,"9.3":2.44010407407,"10":1.06796148148},"android":{"2.1":0,"2.2":0,"2.3":0.017666643026,"3":0,"4":0.128083161939,"4.1":0.459332718676,"4.2-4.3":1.14391513593,"4.4":2.70741304374,"4.4.3-4.4.4":3.01657929669,"52":null},"ie":{"5.5":null,"6":null,"7":0.0237076300985,"8":0.275008509142,"9":0.218110196906,"10":0.180177988748,"11":2.67422067511},"op_mob":{"10":0,"11":0,"11.1":0,"11.5":0,"12":0,"12.1":0.00398587325581,"0":0.167406676744},"edge":{"12":0.136735,"13":0.542225,"14":0.165025},"ie_mob":{"10":0.530684860335,"11":1.96912013966},"bb":{"7":0.02246125,"10":null},"samsung":{"0":7.26159},"and_uc":{"0":4.76707},"op_mini":{"0":2.38126245},"and_chr":{"0":33.43022},"and_ff":{"0":0.01057}},"total":99.02733125}