{"id":"FJ","name":"Fiji","month":"2014-10","access_date":"2014-11-01","data":{"chrome":{"4":null,"5":null,"6":null,"7":null,"8":0.007443,"9":null,"10":0.022329,"11":0.052101,"12":0.014886,"13":null,"14":0.014886,"15":0.014886,"16":null,"17":null,"18":0.007443,"19":null,"20":0.022329,"21":0.052101,"22":0.022329,"23":0.037215,"24":0.014886,"25":0.07443,"26":0.059544,"27":0.037215,"28":0.059544,"29":0.044658,"30":0.052101,"31":0.334935,"32":0.186075,"33":0.587997,"34":0.200961,"35":0.461466,"36":0.811287,"37":12.95082,"38":8.886942,"39":0.111645,"40":0.163746,"41":null},"firefox":{"2":null,"3":0.230733,"3.5":null,"3.6":0.104202,"4":0.163746,"5":0.156303,"6":0.044658,"7":0.022329,"8":0.14886,"9":0.022329,"10":0.104202,"11":0.059544,"12":0.282834,"13":0.141417,"14":0.14886,"15":0.186075,"16":0.305163,"17":0.096759,"18":0.208404,"19":0.483795,"20":0.089316,"21":0.208404,"22":0.104202,"23":0.37215,"24":0.119088,"25":0.089316,"26":0.186075,"27":1.004805,"28":0.960147,"29":0.394479,"30":0.714528,"31":0.707085,"32":17.744112,"33":4.108536,"34":0.416808,"35":0.029772,"36":null},"opera":{"9":null,"9.5-9.6":null,"10.0-10.1":0,"10.5":null,"10.6":null,"11":null,"11.1":null,"11.5":null,"11.6":null,"12":null,"12.1":0.037215,"15":null,"16":0.014886,"17":null,"18":null,"19":null,"20":0.007443,"21":null,"22":null,"23":null,"24":0.126531,"25":0.126531,"26":null,"27":null},"safari":{"3.1":null,"3.2":null,"4":0.014886,"5":0.133974,"5.1":0.29772,"6":0.364707,"6.1":0.22329,"7":0.833616,"7.1":0.387036,"8":0.133974},"android":{"2.1":0,"2.2":0.0106765964912,"2.3":0.245561719298,"3":0.00800744736842,"4":0.54183727193,"4.1":1.59437174269,"4.2-4.3":2.38888846491,"4.4":3.04194028363,"4.4.3-4.4.4":0.992923473684,"37":0},"ios_saf":{"3.2":0,"4.0-4.1":0,"4.2-4.3":0,"5.0-5.1":0.0182591408451,"6.0-6.1":0.0819052889336,"7.0-7.1":1.132849267,"8":0.995644865795,"8.1":0.364139437425},"op_mob":{"10":0,"11":0,"11.1":0,"11.5":0,"12":0.0122765056818,"12.1":0.0552442755682,"0":null},"ie":{"5.5":null,"6":0.0373079445554,"7":0.0671543001998,"8":5.70811551698,"9":1.58931843806,"10":2.46232434066,"11":5.07388045954},"bb":{"7":0.0396335,"10":null},"and_ff":{"0":0.278713},"ie_mob":{"10":0.55683789},"and_uc":{"0":1.884509},"op_mini":{"5.0-8.0":4.25380921875},"and_chr":{"0":5.907486}},"total":97.51066039}