{"id":"FJ","name":"Fiji","month":"2020-09","access_date":"2020-10-03","data":{"firefox":{"2":0,"3":0,"3.5":0,"3.6":0,"4":0,"5":0,"6":0,"7":0,"8":0,"9":0,"10":0,"11":0,"12":0,"13":0,"14":0,"15":0,"16":0,"17":0,"18":0,"19":0,"20":0,"21":0,"22":0,"23":0,"24":0,"25":0,"26":0,"27":0,"28":0,"29":0,"30":0,"31":0,"32":0,"33":0,"34":0,"35":0,"36":0,"37":0,"38":0,"39":0,"40":0,"41":0,"42":0,"43":0,"44":0,"45":0,"46":0,"47":0.00433,"48":0.00433,"49":0,"50":0,"51":0,"52":0.0519,"53":0,"54":0,"55":0,"56":0.00433,"57":0,"58":0,"59":0,"60":0.00433,"61":0,"62":0,"63":0,"64":0.0173,"65":0,"66":0,"67":0,"68":0.05623,"69":0,"70":0,"71":0,"72":0.03028,"73":0.00433,"74":0.00433,"75":0,"76":0.00433,"77":0.00433,"78":0.03028,"79":0.03893,"80":1.37535,"81":0.2768,"82":0.0173,"83":0},"chrome":{"4":0,"5":0,"6":0,"7":0,"8":0,"9":0,"10":0,"11":0.00433,"12":0,"13":0,"14":0,"15":0,"16":0,"17":0,"18":0.00433,"19":0,"20":0,"21":0,"22":0.00433,"23":0,"24":0,"25":0,"26":0,"27":0,"28":0,"29":0,"30":0,"31":0,"32":0,"33":0,"34":0,"35":0,"36":0,"37":0,"38":0,"39":0.0173,"40":0,"41":0,"42":0,"43":0,"44":0,"45":0,"46":0,"47":0,"48":0,"49":0.06055,"50":0,"51":0,"52":0,"53":0,"54":0,"55":0,"56":0,"57":0,"58":0.00865,"59":0.00433,"60":0,"61":0.03028,"62":0,"63":0.07353,"64":0,"65":0.08218,"66":0,"67":0.00433,"68":0,"69":0.0173,"70":0,"71":0.00433,"72":0.00433,"73":0.00433,"74":0.01298,"75":0.01298,"76":0.02595,"77":0.03893,"78":0.00865,"79":0.1038,"80":0.09515,"81":0.06488,"83":0.09515,"84":1.02503,"85":10.51408,"86":0,"87":0,"88":0},"opera":{"9":0,"9.5-9.6":0,"10.0-10.1":0,"10.5":0,"10.6":0,"11":0,"11.1":0,"11.5":0,"11.6":0,"12":0,"12.1":0,"15":0,"16":0,"17":0,"18":0,"19":0,"20":0,"21":0,"22":0,"23":0,"24":0,"25":0,"26":0,"27":0,"28":0,"29":0,"30":0,"31":0,"32":0,"33":0,"34":0,"35":0,"36":0,"37":0,"38":0,"39":0,"40":0,"41":0,"42":0,"43":0,"44":0,"45":0,"46":0,"47":0,"48":0,"49":0,"50":0,"51":0.00865,"52":0,"53":0,"54":0,"55":0,"56":0,"57":0.00865,"58":0,"60":0.00865,"62":0,"63":0,"64":0,"65":0,"66":0,"67":0,"68":0,"69":0,"70":0.16868,"71":0.00433},"ios_saf":{"3.2":0.00841,"4.0-4.1":0.01402,"4.2-4.3":0,"5.0-5.1":0.0028,"6.0-6.1":0.0014,"7.0-7.1":0.00561,"8":0,"8.1-8.4":0.00982,"9.0-9.2":0.00701,"9.3":0.08134,"10.0-10.2":0.02244,"10.3":0.10659,"11.0-11.2":0.06592,"11.3-11.4":0.09817,"12.0-12.1":0.15427,"12.2-12.4":0.96348,"13.0-13.1":0.14726,"13.2":0.07713,"13.3":0.56238,"13.4-13.7":1.50062,"14":1.62123},"safari":{"3.1":0,"3.2":0,"4":0,"5":0,"5.1":0,"6":0,"6.1":0,"7":0,"7.1":0,"8":0.00865,"9":0,"9.1":0,"10":0,"10.1":0.00433,"11":0.01298,"11.1":0.03893,"12":0.1384,"12.1":0.02163,"13":0.07353,"13.1":0.68768,"14":0.14273,"0":null},"edge":{"12":0.00433,"13":0.00865,"14":0.00865,"15":0.01298,"16":0.02163,"17":0.0346,"18":0.21625,"79":0,"80":0,"81":0.00433,"83":0.00433,"84":0.04325,"85":0.8131},"android":{"2.1":0,"2.2":0,"2.3":0.00125,"3":0,"4":0.05359,"4.1":0.06979,"4.2-4.3":0.02617,"4.4":0,"4.4.3-4.4.4":0.16948,"81":null},"samsung":{"4":0.74998,"5.0-5.4":0.02055,"6.2-6.4":0.07192,"7.2-7.4":1.04792,"8.2":0.02055,"9.2":0.5856,"10.1":0.26712,"11.1-11.2":0.8219,"12.0":14.07506},"ie":{"5.5":0,"6":0,"7":0,"8":0,"9":0.01077,"10":0.01077,"11":0.52773},"op_mob":{"10":null,"11":null,"11.1":null,"11.5":null,"12":null,"12.1":null,"0":null},"bb":{"7":0,"10":0},"ie_mob":{"10":0,"11":0},"and_ff":{"0":0.24403},"and_qq":{"10.4":0.06243},"and_uc":{"0":1.23148},"op_mini":{"0":0.38684},"and_chr":{"0":48.93435},"kaios":{"2.5":0},"baidu":{"0":null}},"total":91.59012}