{"id":"FK","name":"Falkland Islands (Malvinas)","month":"2015-05","access_date":"2015-06-03","data":{"chrome":{"4":0,"5":0,"6":0,"7":0,"8":0,"9":0,"10":0,"11":0.009021,"12":0,"13":0,"14":0.081189,"15":0,"16":0.18042,"17":0,"18":1.380213,"19":1.046436,"20":0.09021,"21":0.306714,"22":0.171399,"23":0,"24":0.045105,"25":0.072168,"26":0,"27":0.027063,"28":0.009021,"29":0.387903,"30":0,"31":0.027063,"32":0.081189,"33":0.009021,"34":0,"35":0.126294,"36":1.668885,"37":2.43567,"38":0.072168,"39":0.036084,"40":0.063147,"41":0.279651,"42":9.102189,"43":7.12659,"44":0.009021,"45":0,"46":0},"firefox":{"2":0,"3":0.072168,"3.5":0,"3.6":0.243567,"4":0.252588,"5":0.324756,"6":0.496155,"7":0,"8":0,"9":0.469092,"10":0.225525,"11":0.9021,"12":0.36084,"13":0,"14":0.18042,"15":0,"16":0.018042,"17":0,"18":0.018042,"19":0.009021,"20":0.009021,"21":0.054126,"22":0.442029,"23":0.351819,"24":0.604407,"25":0.36084,"26":0.027063,"27":0.09021,"28":0.045105,"29":0.288672,"30":0.036084,"31":1.109583,"32":0.974268,"33":0.054126,"34":0.09021,"35":0.460071,"36":0.414966,"37":2.904762,"38":1.686927,"39":0,"40":0,"41":0},"opera":{"9":0,"9.5-9.6":0.009021,"10.0-10.1":0,"10.5":0,"10.6":0,"11":0,"11.1":0.171399,"11.5":0.965247,"11.6":0.018042,"12":0.54126,"12.1":0.487134,"15":0,"16":0,"17":0,"18":0,"19":0,"20":0,"21":0,"22":0,"23":0,"24":0,"25":0,"26":0,"27":0,"28":0.063147,"29":0.252588,"30":0,"31":0},"safari":{"3.1":0.009021,"3.2":0.117273,"4":0,"5":1.073499,"5.1":0.9021,"6":0.225525,"6.1":0.009021,"7":0.793848,"7.1":0.162378,"8":2.146998},"android":{"2.1":0,"2.2":0,"2.3":0.0284325504966,"3":0,"4":0.0722340472075,"4.1":0.24590313943,"4.2-4.3":0.476949630853,"4.4":0.818652535019,"4.4.3-4.4.4":0.343752096995,"40":null},"ios_saf":{"3.2":0,"4.0-4.1":0,"4.2-4.3":0,"5.0-5.1":0.0603122792195,"6.0-6.1":0.129671400322,"7.0-7.1":2.13505468437,"8":0.327194114766,"8.1-8.3":12.3383845213},"op_mob":{"10":0,"11":0,"11.1":0,"11.5":0,"12":0.00028998965205,"12.1":0.0011599586082,"0":0.0063797723451},"ie":{"5.5":0,"6":0.00902382347418,"7":0.60459617277,"8":1.84988381221,"9":8.735061123,"10":3.79000585915,"11":13.8425452094,"0":null},"ie_mob":{"10":0.0543458837209,"11":0.158097116279},"bb":{"7":0.00318175,"10":null},"and_uc":{"0":0},"op_mini":{"5.0-8.0":1.11312527939},"and_chr":{"0":2.857574},"and_ff":{"0":0.049929}},"total":96.41967975}