{"id":"FM","name":"Micronesia, Federated States of","month":"2020-01","access_date":"2020-02-04","data":{"chrome":{"4":null,"5":null,"6":null,"7":null,"8":null,"9":null,"10":null,"11":null,"12":null,"13":null,"14":null,"15":null,"16":null,"17":null,"18":null,"19":null,"20":null,"21":null,"22":null,"23":null,"24":null,"25":null,"26":0.134596,"27":null,"28":null,"29":null,"30":null,"31":null,"32":null,"33":null,"34":null,"35":null,"36":null,"37":null,"38":null,"39":null,"40":0.009614,"41":null,"42":null,"43":null,"44":null,"45":null,"46":null,"47":null,"48":null,"49":0.201894,"50":0.024035,"51":null,"52":null,"53":null,"54":0.086526,"55":0.745085,"56":null,"57":null,"58":null,"59":null,"60":0.009614,"61":null,"62":null,"63":0.009614,"64":null,"65":0.009614,"66":null,"67":0.014421,"68":null,"69":0.024035,"70":0.057684,"71":0.76912,"72":0.028842,"73":0.067298,"74":0.105754,"75":0.028842,"76":0.100947,"77":0.264385,"78":3.297602,"79":25.356925,"80":0.009614,"81":null,"82":null},"firefox":{"2":null,"3":0.014421,"3.5":null,"3.6":null,"4":null,"5":null,"6":null,"7":null,"8":null,"9":null,"10":null,"11":null,"12":null,"13":null,"14":null,"15":null,"16":null,"17":null,"18":null,"19":null,"20":null,"21":null,"22":null,"23":null,"24":null,"25":null,"26":null,"27":0.009614,"28":null,"29":null,"30":null,"31":null,"32":null,"33":null,"34":null,"35":null,"36":null,"37":null,"38":null,"39":null,"40":null,"41":null,"42":null,"43":null,"44":null,"45":null,"46":null,"47":0.014421,"48":0.043263,"49":0.009614,"50":null,"51":null,"52":0.014421,"53":null,"54":null,"55":null,"56":null,"57":null,"58":null,"59":0.153824,"60":null,"61":null,"62":0.038456,"63":0.024035,"64":null,"65":null,"66":0.019228,"67":0.028842,"68":null,"69":0.009614,"70":0.110561,"71":0.687401,"72":2.845744,"73":0.245157,"74":null},"opera":{"9":null,"9.5-9.6":null,"10.0-10.1":0,"10.5":null,"10.6":null,"11":null,"11.1":null,"11.5":null,"11.6":null,"12":null,"12.1":null,"15":null,"16":null,"17":null,"18":null,"19":null,"20":null,"21":null,"22":null,"23":null,"24":null,"25":null,"26":null,"27":null,"28":null,"29":null,"30":null,"31":null,"32":null,"33":null,"34":null,"35":null,"36":null,"37":null,"38":null,"39":null,"40":null,"41":null,"42":null,"43":null,"44":null,"45":null,"46":null,"47":null,"48":null,"49":null,"50":null,"51":null,"52":null,"53":null,"54":null,"55":null,"56":null,"57":null,"58":null,"60":null,"62":null,"63":null,"64":null},"safari":{"3.1":null,"3.2":null,"4":0,"5":null,"5.1":null,"6":null,"6.1":null,"7":null,"7.1":null,"8":null,"9":0.014421,"9.1":0.014421,"10":0.009614,"10.1":0.038456,"11":0.120175,"11.1":0.043263,"12":null,"12.1":0.086526,"13":1.321925,"0":null},"ios_saf":{"3.2":0.00085953386015805,"4.0-4.1":0.0017190677203161,"4.2-4.3":0,"5.0-5.1":0.0051572031609483,"6.0-6.1":0.0025786015804741,"7.0-7.1":0.0068762708812644,"8":0.00085953386015805,"8.1-8.4":0.012893007902371,"9.0-9.2":0.011173940182055,"9.3":0.1065821986596,"10.0-10.2":0.033521820546164,"10.3":0.11775613884165,"11.0-11.2":0.094548724617385,"11.3-11.4":0.16073283184955,"12.0-12.1":0.21660253275983,"12.2-12.4":1.294457993398,"13.0-13.1":0.59823556667,"13.2":0.25184342102631,"13.3":5.6763616124837},"android":{"2.1":0,"2.2":0.00036939130434783,"2.3":0.00012313043478261,"3":0.00012313043478261,"4":0.0012313043478261,"4.1":0.0020932173913043,"4.2-4.3":0.054423652173913,"4.4":0,"4.4.3-4.4.4":0.035092173913043,"76":null},"edge":{"12":0.076912,"13":0.076912,"14":0.033649,"15":0.062491,"16":0.038456,"17":0.206701,"18":2.21122,"79":null},"ie":{"5.5":null,"6":null,"7":null,"8":null,"9":null,"10":0.009614,"11":2.312167},"samsung":{"4":0.60168237223975,"5.0-5.4":0.02148865615142,"6.2-6.4":0.01008192,"7.2-7.4":0.39754013880126,"8.2":0.02148865615142,"9.2":0.096698952681388,"10.1":2.2563088958991},"op_mob":{"10":null,"11":null,"11.1":null,"11.5":null,"12":null,"12.1":null,"0":null},"ie_mob":{"10":0,"11":0.020768},"bb":{"7":0,"10":0},"baidu":{"0":null},"and_ff":{"0":0.020768},"and_uc":{"0":0.649},"and_qq":{"1.2":null},"kaios":{"2.5":null},"op_mini":{"0":0.88478103092784},"and_chr":{"0":43.158753}},"total":99.127175622852}