{"id":"FM","name":"Micronesia","month":"2015-07","access_date":"2015-08-02","data":{"chrome":{"4":0.008753,"5":0,"6":0,"7":0,"8":0,"9":0,"10":0,"11":0.008753,"12":0.008753,"13":0,"14":0,"15":0,"16":0,"17":0,"18":0.008753,"19":0,"20":0.008753,"21":0,"22":0.035012,"23":0,"24":0,"25":0.017506,"26":0.08753,"27":0.061271,"28":0.008753,"29":0.008753,"30":0,"31":0.271343,"32":0.017506,"33":0.157554,"34":0.148801,"35":0.035012,"36":0.061271,"37":0.026259,"38":0.052518,"39":0.148801,"40":0.455156,"41":0.183813,"42":1.172902,"43":27.318113,"44":9.479499,"45":0.455156,"46":0,"47":0},"firefox":{"2":0,"3":0.026259,"3.5":0.043765,"3.6":0.052518,"4":0,"5":0.008753,"6":0.105036,"7":0,"8":0,"9":0.008753,"10":0.035012,"11":0.026259,"12":0.078777,"13":0.17506,"14":0.008753,"15":0,"16":0.035012,"17":0.008753,"18":0.035012,"19":0.008753,"20":0.884053,"21":0.035012,"22":0.017506,"23":0.052518,"24":0.052518,"25":0.008753,"26":0.008753,"27":0.026259,"28":0.026259,"29":0.358873,"30":0,"31":0.026259,"32":0.017506,"33":0.035012,"34":0.043765,"35":0.061271,"36":0.035012,"37":0.043765,"38":2.582135,"39":8.157796,"40":0.884053,"41":0,"42":0},"opera":{"9":0,"9.5-9.6":0,"10.0-10.1":0.035012,"10.5":0,"10.6":0,"11":0.183813,"11.1":0,"11.5":0.017506,"11.6":0,"12":0.096283,"12.1":0.008753,"15":0,"16":0,"17":0,"18":0,"19":0,"20":0,"21":0,"22":0,"23":0,"24":0,"25":0,"26":0,"27":0.008753,"28":0.008753,"29":0.008753,"30":0.297602,"31":0,"32":0},"safari":{"3.1":0,"3.2":0,"4":0.026259,"5":0.157554,"5.1":0.735252,"6":0.078777,"6.1":0.323861,"7":0.446403,"7.1":0.726499,"8":0.840288,"9":0},"android":{"2.1":0,"2.2":0,"2.3":0.0560329299611,"3":0,"4":0.176103494163,"4.1":0.603263622568,"4.2-4.3":1.18687933463,"4.4":2.11833583268,"4.4.3-4.4.4":0.908897785992,"40":null},"ios_saf":{"3.2":0,"4.0-4.1":0,"4.2-4.3":0,"5.0-5.1":0.0238660280961,"6.0-6.1":0.0982718803955,"7.0-7.1":0.685095394757,"8":0.0968679963899,"8.1-8.4":8.04004370036,"9":null},"op_mob":{"10":0,"11":0,"11.1":0,"11.5":0,"12":0.00132210238497,"12.1":0.0039663071549,"0":0.040985173934},"ie":{"5.5":0.008753,"6":0.035012,"7":0.052518,"8":1.269185,"9":0.857794,"10":2.573382,"11":15.31775},"bb":{"7":0.003741,"10":null},"ie_mob":{"10":0.04578828125,"11":0.17243671875},"and_uc":{"0":0.534963},"op_mini":{"5.0-8.0":0.563509416526},"and_chr":{"0":5.064525},"edge":{"0":0.008753},"and_ff":{"0":0.125947}},"total":98.933957}