{"id":"FM","name":"Micronesia, Federated States of","month":"2018-09","access_date":"2018-10-03","data":{"chrome":{"4":null,"5":null,"6":null,"7":null,"8":null,"9":null,"10":null,"11":null,"12":null,"13":null,"14":null,"15":null,"16":null,"17":null,"18":null,"19":null,"20":null,"21":null,"22":null,"23":null,"24":null,"25":null,"26":0.48708,"27":null,"28":0.017712,"29":null,"30":null,"31":null,"32":null,"33":null,"34":null,"35":null,"36":null,"37":null,"38":null,"39":null,"40":null,"41":null,"42":null,"43":null,"44":null,"45":null,"46":null,"47":null,"48":0.017712,"49":0.602208,"50":null,"51":null,"52":null,"53":null,"54":null,"55":null,"56":0.004428,"57":0.039852,"58":0.3321,"59":null,"60":0.035424,"61":0.035424,"62":0.004428,"63":null,"64":null,"65":0.02214,"66":0.075276,"67":1.022868,"68":14.355576,"69":9.157104,"70":0.004428,"71":null,"72":null},"firefox":{"2":null,"3":null,"3.5":null,"3.6":null,"4":null,"5":null,"6":null,"7":null,"8":null,"9":null,"10":0.035424,"11":null,"12":null,"13":0.017712,"14":null,"15":null,"16":null,"17":null,"18":null,"19":null,"20":null,"21":null,"22":null,"23":null,"24":null,"25":null,"26":null,"27":null,"28":0.053136,"29":null,"30":null,"31":null,"32":null,"33":null,"34":0.008856,"35":null,"36":0.004428,"37":null,"38":0.039852,"39":null,"40":null,"41":null,"42":null,"43":0.02214,"44":null,"45":null,"46":null,"47":0.097416,"48":0.655344,"49":0.203688,"50":null,"51":null,"52":0.030996,"53":null,"54":null,"55":null,"56":0.06642,"57":0.02214,"58":null,"59":0.017712,"60":0.075276,"61":1.005156,"62":2.829492,"63":0.425088,"64":null},"opera":{"9":null,"9.5-9.6":null,"10.0-10.1":0,"10.5":null,"10.6":null,"11":null,"11.1":null,"11.5":null,"11.6":null,"12":null,"12.1":null,"15":null,"16":null,"17":null,"18":null,"19":null,"20":null,"21":null,"22":null,"23":null,"24":null,"25":null,"26":null,"27":null,"28":null,"29":null,"30":null,"31":null,"32":null,"33":null,"34":null,"35":null,"36":null,"37":null,"38":null,"39":null,"40":null,"41":null,"42":null,"43":null,"44":null,"45":null,"46":null,"47":null,"48":null,"49":null,"50":null,"51":null,"52":null,"53":null,"54":null,"55":0.721764},"safari":{"3.1":null,"3.2":null,"4":0,"5":null,"5.1":0.230256,"6":0.004428,"6.1":null,"7":null,"7.1":null,"8":0.02214,"9":0.013284,"9.1":0.270108,"10":0.150552,"10.1":0.061992,"11":0.017712,"11.1":1.031724,"12":0.146124,"0":null},"ios_saf":{"3.2":0.000573432375613,"4.0-4.1":0,"4.2-4.3":0.000573432375613,"5.0-5.1":0.00802805325858,"6.0-6.1":0.00401402662929,"7.0-7.1":0.0166295388928,"8":0.00573432375613,"8.1-8.4":0.0344059425368,"9.0-9.2":0.0217904302733,"9.3":0.141064364401,"10.0-10.2":0.202995060967,"10.3":0.26664605466,"11.0-11.2":0.548201351086,"11.3-11.4":3.98879560477,"12":0.488564384022},"android":{"2.1":0,"2.2":0.00133404594921,"2.3":0.0093383216445,"3":0.00133404594921,"4":0.102721538089,"4.1":0.0733725272068,"4.2-4.3":0.284151787183,"4.4":0,"4.4.3-4.4.4":0.631003733978,"67":null},"op_mob":{"10":null,"11":null,"11.1":null,"11.5":null,"12":null,"12.1":null,"0":null},"ie":{"5.5":null,"6":null,"7":null,"8":0.008856,"9":0.035424,"10":0.150552,"11":3.006612},"edge":{"12":0.057564,"13":0.61992,"14":0.08856,"15":0.602208,"16":0.42066,"17":1.68264,"18":null},"samsung":{"4":0.740228086957,"5":null,"6.2":0.0117496521739,"7.2":null},"bb":{"7":0,"10":0},"ie_mob":{"10":0.0122912,"11":0.16716},"baidu":{"0":null},"and_ff":{"0":0.022288},"and_qq":{"1.2":null},"and_uc":{"0":2.641128},"op_mini":{"0":0.458943237113},"and_chr":{"0":44.320892}},"total":96.3730681762}