{"id":"FM","name":"Micronesia","month":"2015-11","access_date":"2015-12-02","data":{"chrome":{"4":0,"5":0,"6":0,"7":0,"8":0,"9":0,"10":0,"11":0.026643,"12":0.008881,"13":0.008881,"14":0,"15":0,"16":0,"17":0,"18":0,"19":0,"20":0,"21":0,"22":0,"23":0,"24":0,"25":0,"26":0.124334,"27":0.035524,"28":0,"29":0.008881,"30":0.008881,"31":0.071048,"32":0.026643,"33":0.026643,"34":0.026643,"35":0.008881,"36":0.079929,"37":0.008881,"38":0.017762,"39":0.186501,"40":0.062167,"41":0.115453,"42":0.275311,"43":16.412088,"44":0.204263,"45":0.754885,"46":21.527544,"47":0.115453,"48":0.115453,"49":0,"50":0},"firefox":{"2":0,"3":0.008881,"3.5":0.017762,"3.6":0.133215,"4":0,"5":0,"6":0.026643,"7":0,"8":0,"9":0,"10":0.071048,"11":0.115453,"12":0,"13":0.008881,"14":0.008881,"15":0,"16":0.08881,"17":0.017762,"18":0.017762,"19":0.017762,"20":0,"21":0.017762,"22":0,"23":0,"24":0.08881,"25":0.008881,"26":0.106572,"27":0,"28":0,"29":0.008881,"30":0,"31":0.008881,"32":0,"33":0.017762,"34":0.026643,"35":0.008881,"36":0.017762,"37":0.026643,"38":5.115456,"39":0.168739,"40":0.079929,"41":3.481352,"42":6.047961,"43":0.230906,"44":0,"45":0},"opera":{"9":0,"9.5-9.6":0,"10.0-10.1":0,"10.5":0,"10.6":0,"11":0,"11.1":0,"11.5":0,"11.6":0,"12":0,"12.1":0,"15":0,"16":0,"17":0,"18":0,"19":0,"20":0.017762,"21":0,"22":0,"23":0,"24":0,"25":0,"26":0,"27":0,"28":0,"29":0.017762,"30":0,"31":0,"32":0.008881,"33":0.159858,"34":0,"35":0},"safari":{"3.1":0,"3.2":0,"4":0,"5":0.071048,"5.1":1.003553,"6":0.035524,"6.1":0.106572,"7":0.08881,"7.1":1.172292,"8":3.756663,"9":1.056839},"android":{"2.1":0,"2.2":0,"2.3":0.0322779878765,"3":0,"4":0.0390338458041,"4.1":0.418112540633,"4.2-4.3":0.887269341163,"4.4":1.6972216416,"4.4.3-4.4.4":0.888770642925,"46":null},"ios_saf":{"3.2":0,"4.0-4.1":0,"4.2-4.3":0,"5.0-5.1":0.0162099510411,"6.0-6.1":0.0135082925343,"7.0-7.1":0.353917264398,"8":0.0499806823768,"8.1-8.4":1.29341901016,"9.0-9.1":4.92242179949},"op_mob":{"10":0,"11":0,"11.1":0,"11.5":0,"12":4.31886830447e-5,"12.1":8.63773660894e-5,"0":0.00211624546919},"ie":{"5.5":0,"6":0.017762,"7":0.017762,"8":0.488455,"9":0.390764,"10":0.941386,"11":16.056848},"bb":{"7":0.02433825,"10":null},"ie_mob":{"10":0.026880326087,"11":0.118589673913},"edge":{"12":null,"13":null,"14":null},"and_uc":{"0":1.101096},"op_mini":{"5.0-8.0":0.255124188482},"and_chr":{"0":4.640871},"and_ff":{"0":0.059307}},"total":98.50139025}