{"id":"FM","name":"Micronesia, Federated States of","month":"2019-12","access_date":"2020-01-03","data":{"chrome":{"4":null,"5":null,"6":null,"7":null,"8":null,"9":null,"10":null,"11":null,"12":null,"13":null,"14":null,"15":null,"16":null,"17":null,"18":null,"19":null,"20":null,"21":null,"22":null,"23":null,"24":null,"25":null,"26":null,"27":null,"28":null,"29":null,"30":null,"31":null,"32":null,"33":null,"34":null,"35":null,"36":null,"37":null,"38":null,"39":null,"40":0.013155,"41":null,"42":0.013155,"43":null,"44":null,"45":null,"46":null,"47":null,"48":null,"49":0.635825,"50":0.223635,"51":null,"52":null,"53":0.05262,"54":0.92962,"55":1.363735,"56":null,"57":null,"58":null,"59":0.013155,"60":null,"61":null,"62":null,"63":0.030695,"64":null,"65":null,"66":null,"67":0.02631,"68":null,"69":0.07893,"70":0.013155,"71":0.19294,"72":null,"73":0.092085,"74":0.06139,"75":0.00877,"76":0.144705,"77":0.074545,"78":15.597445,"79":7.69129,"80":null,"81":0.00877},"firefox":{"2":null,"3":null,"3.5":null,"3.6":null,"4":null,"5":null,"6":null,"7":null,"8":null,"9":null,"10":null,"11":null,"12":null,"13":null,"14":null,"15":null,"16":null,"17":null,"18":null,"19":null,"20":null,"21":null,"22":null,"23":null,"24":null,"25":null,"26":null,"27":null,"28":null,"29":null,"30":null,"31":null,"32":null,"33":null,"34":null,"35":null,"36":null,"37":null,"38":null,"39":null,"40":null,"41":null,"42":null,"43":null,"44":null,"45":null,"46":null,"47":0.039465,"48":0.02631,"49":null,"50":null,"51":null,"52":0.00877,"53":null,"54":null,"55":null,"56":null,"57":null,"58":0.021925,"59":null,"60":null,"61":null,"62":null,"63":null,"64":0.19294,"65":null,"66":0.030695,"67":null,"68":null,"69":0.00877,"70":1.065555,"71":2.389825,"72":0.10524,"73":null},"opera":{"9":null,"9.5-9.6":null,"10.0-10.1":0,"10.5":null,"10.6":null,"11":null,"11.1":null,"11.5":null,"11.6":null,"12":null,"12.1":null,"15":null,"16":null,"17":null,"18":null,"19":null,"20":null,"21":null,"22":null,"23":null,"24":null,"25":null,"26":null,"27":null,"28":null,"29":null,"30":null,"31":null,"32":null,"33":null,"34":null,"35":null,"36":null,"37":null,"38":null,"39":null,"40":null,"41":null,"42":null,"43":null,"44":null,"45":null,"46":null,"47":null,"48":null,"49":null,"50":null,"51":null,"52":null,"53":0.013155,"54":null,"55":null,"56":null,"57":null,"58":null,"60":null,"62":null,"63":null,"64":null},"safari":{"3.1":null,"3.2":null,"4":0,"5":null,"5.1":0.07893,"6":null,"6.1":null,"7":null,"7.1":null,"8":null,"9":0.02631,"9.1":0.048235,"10":0.013155,"10.1":null,"11":0.074545,"11.1":0.065775,"12":null,"12.1":0.179785,"13":0.416575,"0":null},"ios_saf":{"3.2":0.00322500410041,"4.0-4.1":0.001612502050205,"4.2-4.3":0,"5.0-5.1":0.0048375061506151,"6.0-6.1":0.001612502050205,"7.0-7.1":0.0056437571757176,"8":0.00080625102510251,"8.1-8.4":0.010481263326333,"9.0-9.2":0.0096750123012301,"9.3":0.10239388018802,"10.0-10.2":0.03547504510451,"10.3":0.11448764556456,"11.0-11.2":0.096750123012301,"11.3-11.4":0.17253771937194,"12.0-12.1":0.24671281368137,"12.2-12.4":1.746339720372,"13.0-13.1":2.5356594739474,"13.2":1.1545514679468,"13.3":1.8189023126313},"android":{"2.1":0,"2.2":0.00014496244131455,"2.3":0.00014496244131455,"3":0.00021744366197183,"4":0.0009422558685446,"4.1":0.0016670680751174,"4.2-4.3":0.03645805399061,"4.4":0,"4.4.3-4.4.4":0.022179253521127,"76":null},"samsung":{"4":0.12000720634921,"5.0-5.4":0.010172946564885,"6.2-6.4":0.020345893129771,"7.2-7.4":1.0146063809524,"8.2":0.032729238095238,"9.2":0.65458476190476,"10.1":2.9892704126984},"edge":{"12":0.013155,"13":0.14909,"14":0.21048,"15":0.057005,"16":0.07893,"17":0.793685,"18":2.170575,"76":null},"op_mob":{"10":null,"11":null,"11.1":null,"11.5":null,"12":null,"12.1":null,"0":null},"ie":{"5.5":null,"6":null,"7":null,"8":null,"9":null,"10":0.100855,"11":2.547685},"ie_mob":{"10":0,"11":0.053664},"bb":{"7":0,"10":0},"baidu":{"0":null},"and_ff":{"0":0.05614},"and_uc":{"0":0.432278},"and_qq":{"1.2":0.061754},"kaios":{"2.5":null},"op_mini":{"0":0.60059189347079},"and_chr":{"0":47.02846}},"total":99.391412733165}