{"id":"FO","name":"Faroe Islands","month":"2017-07","access_date":"2017-08-04","data":{"chrome":{"4":0,"5":0,"6":0,"7":0,"8":0,"9":0,"10":0,"11":0.005949,"12":0,"13":0,"14":0,"15":0,"16":0,"17":0,"18":0,"19":0,"20":0,"21":0,"22":0.005949,"23":0,"24":0,"25":0,"26":0,"27":0,"28":0,"29":0,"30":0,"31":0.005949,"32":0.011898,"33":0.023796,"34":0.029745,"35":0,"36":0.047592,"37":0,"38":0.053541,"39":0,"40":0,"41":0,"42":0,"43":0.005949,"44":0,"45":0,"46":0.005949,"47":0.005949,"48":0,"49":0.939942,"50":0,"51":0,"52":0,"53":0,"54":0.005949,"55":0.035694,"56":0.005949,"57":0.029745,"58":0.571104,"59":17.293743,"60":0.214164,"61":0.005949,"62":0,"63":0},"firefox":{"2":0,"3":0,"3.5":0,"3.6":0,"4":0,"5":0,"6":0,"7":0,"8":0,"9":0,"10":0,"11":0,"12":0,"13":0,"14":0,"15":0,"16":0,"17":0,"18":0,"19":0,"20":0,"21":0,"22":0,"23":0,"24":0,"25":0,"26":0,"27":0,"28":0,"29":0,"30":0,"31":0,"32":0,"33":0,"34":0,"35":0,"36":0,"37":0,"38":0.017847,"39":0,"40":0,"41":0,"42":0,"43":0,"44":0.005949,"45":0.113031,"46":0.011898,"47":0.011898,"48":0.071388,"49":0.005949,"50":0.011898,"51":0.035694,"52":0.624645,"53":0.083286,"54":3.141072,"55":0.005949,"56":0,"57":0},"opera":{"9":0,"9.5-9.6":0,"10.0-10.1":0,"10.5":0,"10.6":0,"11":0,"11.1":0,"11.5":0,"11.6":0,"12":0,"12.1":0.005949,"15":0,"16":0,"17":0,"18":0,"19":0,"20":0,"21":0,"22":0,"23":0,"24":0,"25":0,"26":0,"27":0,"28":0,"29":0,"30":0,"31":0,"32":0,"33":0,"34":0,"35":0,"36":0.005949,"37":0,"38":0,"39":0,"40":0,"41":0,"42":0,"43":0,"44":0,"45":0.011898,"46":0.142776,"47":0,"48":0},"safari":{"3.1":0,"3.2":0,"4":0,"5":0.011898,"5.1":0.035694,"6":0.005949,"6.1":0.107082,"7":0.017847,"7.1":0,"8":0.095184,"9":0.041643,"9.1":0.600849,"10":0.214164,"10.1":1.891782,"11":0.011898,"0":null},"ios_saf":{"3.2":0,"4.0-4.1":0,"4.2-4.3":0,"5.0-5.1":0,"6.0-6.1":0,"7.0-7.1":0.195993763293,"8":0,"8.1-8.4":0.150122882523,"9.0-9.2":0.104252001752,"9.3":2.06001955462,"10.0-10.2":5.87564281873,"10.3":32.0804259791,"11":null},"android":{"2.1":0,"2.2":0,"2.3":0,"3":0,"4":0,"4.1":0.0324546913229,"4.2-4.3":0.0828270768137,"4.4":0.222787933144,"4.4.3-4.4.4":0.13725629872,"56":null},"op_mob":{"10":0,"11":0,"11.1":0,"11.5":0,"12":0,"12.1":0,"0":0.000234241496599},"ie":{"5.5":0,"6":0,"7":0.029745,"8":0.089235,"9":0.136827,"10":0.124929,"11":10.137096},"edge":{"12":0.023796,"13":0.261756,"14":2.26062,"15":null,"16":null},"bb":{"7":0.0020255,"10":null},"samsung":{"4":6.364121,"5":null},"ie_mob":{"10":0.0936619137931,"11":0.509937086207},"op_mini":{"0":0.0686327585034},"and_chr":{"0":9.606335},"baidu":{"0":null},"and_ff":{"0":0.052663},"and_qq":{"1.2":null},"and_uc":{"0":0.004051}},"total":97.3530195}