{"id":"FO","name":"Faroe Islands","month":"2020-05","access_date":"2020-06-05","data":{"chrome":{"4":0,"5":0,"6":0,"7":0,"8":0,"9":0,"10":0,"11":0,"12":0,"13":0,"14":0,"15":0,"16":0,"17":0,"18":0,"19":0,"20":0,"21":0,"22":0,"23":0,"24":0,"25":0,"26":0,"27":0,"28":0,"29":0,"30":0,"31":0,"32":0,"33":0,"34":0.00529,"35":0,"36":0,"37":0,"38":0.01058,"39":0,"40":0,"41":0,"42":0,"43":0,"44":0,"45":0,"46":0,"47":0,"48":0,"49":0.16925,"50":0,"51":0,"52":0,"53":0.01587,"54":0,"55":0,"56":0,"57":0,"58":0,"59":0.00529,"60":0.00529,"61":0.01058,"62":0,"63":0,"64":0,"65":0.01058,"66":0.02116,"67":0.03173,"68":0,"69":0,"70":0.01058,"71":0.00529,"72":0,"73":0.00529,"74":0,"75":0.10578,"76":0.01587,"77":0.10578,"78":0.01587,"79":0.0476,"80":0.28561,"81":8.92254,"83":1.34341,"84":0,"85":0,"86":null},"firefox":{"2":0,"3":0,"3.5":0,"3.6":0,"4":0,"5":0,"6":0,"7":0,"8":0,"9":0,"10":0,"11":0,"12":0,"13":0,"14":0,"15":0,"16":0,"17":0,"18":0,"19":0,"20":0,"21":0,"22":0,"23":0.00529,"24":0,"25":0.00529,"26":0,"27":0,"28":0,"29":0.01058,"30":0,"31":0,"32":0,"33":0,"34":0,"35":0,"36":0,"37":0,"38":0,"39":0,"40":0,"41":0,"42":0,"43":0,"44":0,"45":0,"46":0,"47":0,"48":0.01058,"49":0,"50":0.01587,"51":0,"52":0.02116,"53":0,"54":0,"55":0,"56":0,"57":0,"58":0,"59":0,"60":0,"61":0,"62":0.00529,"63":0,"64":0,"65":0,"66":0,"67":0,"68":0.31205,"69":0.01058,"70":0.00529,"71":0,"72":0.01058,"73":0.01058,"74":0.02645,"75":0.40725,"76":1.13185,"77":0,"78":0},"opera":{"9":0,"9.5-9.6":0,"10.0-10.1":0,"10.5":0,"10.6":0,"11":0,"11.1":0,"11.5":0,"11.6":0,"12":0,"12.1":0,"15":0,"16":0,"17":0,"18":0,"19":0,"20":0,"21":0,"22":0,"23":0,"24":0,"25":0,"26":0,"27":0,"28":0,"29":0,"30":0,"31":0,"32":0,"33":0,"34":0,"35":0,"36":0,"37":0,"38":0,"39":0,"40":0,"41":0,"42":0,"43":0,"44":0,"45":0,"46":0,"47":0,"48":0,"49":0,"50":0,"51":0,"52":0,"53":0,"54":0,"55":0,"56":0,"57":0,"58":0.00529,"60":0,"62":0,"63":0,"64":0,"65":0,"66":0,"67":0.00529,"68":0.06876},"ios_saf":{"3.2":0.00468,"4.0-4.1":0,"4.2-4.3":0.00468,"5.0-5.1":0.03278,"6.0-6.1":0.00937,"7.0-7.1":0.03278,"8":0,"8.1-8.4":0.06089,"9.0-9.2":0.04684,"9.3":0.46836,"10.0-10.2":0.11709,"10.3":0.49646,"11.0-11.2":0.35127,"11.3-11.4":0.50583,"12.0-12.1":0.75405,"12.2-12.4":4.75851,"13.0-13.1":1.01633,"13.2":0.50114,"13.3":16.82806,"13.4-13.5":19.81618},"safari":{"3.1":0,"3.2":0,"4":0,"5":0,"5.1":0,"6":0,"6.1":0.00529,"7":0,"7.1":0,"8":0.01058,"9":0,"9.1":0.06347,"10":0,"10.1":0.11107,"11":0.01058,"11.1":0.18512,"12":0.02645,"12.1":0.12165,"13":2.37476,"13.1":2.90895,"0":null},"edge":{"12":0,"13":0,"14":0.02116,"15":0.03173,"16":0.01058,"17":0.03702,"18":3.32678,"79":null,"80":null,"81":null,"83":null},"android":{"2.1":0,"2.2":0,"2.3":0.00021,"3":0,"4":0.00247,"4.1":0.00495,"4.2-4.3":0.00845,"4.4":0,"4.4.3-4.4.4":0.04864,"81":null},"samsung":{"4":0.08997,"5.0-5.4":0.01125,"6.2-6.4":0.03374,"7.2-7.4":0.02249,"8.2":0,"9.2":0.22494,"10.1":0.3599,"11.1":6.18576},"ie":{"5.5":0,"6":0,"7":0.00529,"8":0.01058,"9":0.01058,"10":0,"11":2.32716},"op_mob":{"10":null,"11":null,"11.1":null,"11.5":null,"12":null,"12.1":null,"0":null},"bb":{"7":0,"10":0},"ie_mob":{"10":0,"11":0},"and_ff":{"0":0.25439},"and_qq":{"10.4":0},"and_uc":{"0":0},"op_mini":{"0":0.07582},"and_chr":{"0":18.07552},"kaios":{"2.5":0},"baidu":{"0":null}},"total":96.01987}