{"id":"FO","name":"Faroe Islands","month":"2016-09","access_date":"2016-10-02","data":{"firefox":{"2":null,"3":null,"3.5":null,"3.6":null,"4":null,"5":null,"6":null,"7":null,"8":null,"9":null,"10":null,"11":0.022376,"12":0.005594,"13":null,"14":null,"15":null,"16":null,"17":null,"18":null,"19":null,"20":null,"21":null,"22":null,"23":null,"24":0.016782,"25":null,"26":null,"27":null,"28":null,"29":null,"30":null,"31":0.005594,"32":null,"33":null,"34":null,"35":null,"36":null,"37":null,"38":0.067128,"39":0.011188,"40":0.011188,"41":null,"42":0.011188,"43":0.039158,"44":0.02797,"45":0.744002,"46":0.022376,"47":0.397174,"48":3.826296,"49":0.89504,"50":null,"51":null,"52":null},"chrome":{"4":null,"5":null,"6":null,"7":null,"8":null,"9":null,"10":0.011188,"11":0.039158,"12":null,"13":null,"14":null,"15":null,"16":null,"17":null,"18":null,"19":null,"20":null,"21":0.005594,"22":0.016782,"23":null,"24":null,"25":null,"26":0.011188,"27":null,"28":null,"29":null,"30":null,"31":null,"32":null,"33":0.089504,"34":0.02797,"35":0.005594,"36":0.016782,"37":null,"38":0.061534,"39":null,"40":0.005594,"41":null,"42":0.005594,"43":0.022376,"44":0.033564,"45":null,"46":null,"47":0.044752,"48":0.02797,"49":1.70617,"50":0.02797,"51":0.134256,"52":11.848092,"53":9.64965,"54":0.044752,"55":0.022376,"56":null},"opera":{"9":null,"9.5-9.6":null,"10.0-10.1":0,"10.5":null,"10.6":null,"11":null,"11.1":null,"11.5":null,"11.6":null,"12":null,"12.1":0.016782,"15":null,"16":null,"17":null,"18":null,"19":null,"20":null,"21":null,"22":null,"23":null,"24":null,"25":null,"26":null,"27":null,"28":null,"29":null,"30":0.011188,"31":null,"32":null,"33":null,"34":null,"35":null,"36":0.022376,"37":0.016782,"38":null,"39":0.061534,"40":0.016782,"41":null},"safari":{"3.1":null,"3.2":null,"4":0,"5":0.022376,"5.1":0.100692,"6":0.02797,"6.1":0.290888,"7":0.02797,"7.1":0.016782,"8":0.262918,"9":0.218166,"9.1":2.612398,"10":0.330046,"0":null},"ios_saf":{"3.2":0,"4.0-4.1":0,"4.2-4.3":0,"5.0-5.1":0,"6.0-6.1":0,"7.0-7.1":0.42124704622,"8":0,"8.1-8.4":0.88181048342,"9.0-9.2":1.05592592919,"9.3":17.5042189273,"10":7.66107961392},"android":{"2.1":0,"2.2":0,"2.3":0.00142700236407,"3":0,"4":0.0103457671395,"4.1":0.0371020614657,"4.2-4.3":0.0923984030733,"4.4":0.218688112293,"4.4.3-4.4.4":0.243660653664,"52":null},"ie":{"5.5":null,"6":null,"7":0.02797,"8":0.179008,"9":0.486678,"10":0.173414,"11":14.896822},"op_mob":{"10":0,"11":0,"11.1":0,"11.5":0,"12":0,"12.1":0.000103197009967,"0":0.0043342744186},"edge":{"12":0.100692,"13":3.74798,"14":1.292214},"ie_mob":{"10":0.246932916201,"11":0.916251083799},"bb":{"7":0.006609,"10":null},"samsung":{"0":5.85998},"and_uc":{"0":0.004406},"op_mini":{"0":0.0616525285714},"and_chr":{"0":9.149116},"and_ff":{"0":0.035248}},"total":99.334429}