{"id":"FO","name":"Faroe Islands","month":"2020-08","access_date":"2020-09-15","data":{"firefox":{"2":0,"3":0,"3.5":0,"3.6":0,"4":0,"5":0,"6":0,"7":0,"8":0,"9":0,"10":0,"11":0,"12":0,"13":0,"14":0,"15":0,"16":0,"17":0,"18":0,"19":0,"20":0,"21":0,"22":0,"23":0,"24":0,"25":0,"26":0,"27":0.00496,"28":0.01984,"29":0,"30":0,"31":0,"32":0,"33":0,"34":0,"35":0,"36":0,"37":0,"38":0,"39":0,"40":0,"41":0,"42":0,"43":0,"44":0,"45":0,"46":0,"47":0,"48":0.00992,"49":0,"50":0.00992,"51":0,"52":0.00992,"53":0,"54":0,"55":0,"56":0,"57":0,"58":0,"59":0,"60":0,"61":0,"62":0,"63":0,"64":0,"65":0,"66":0,"67":0,"68":0.22816,"69":0.00496,"70":0.00496,"71":0,"72":0.00496,"73":0,"74":0.00496,"75":0.01488,"76":0.00992,"77":0.00496,"78":0.11408,"79":1.07632,"80":0.1736,"81":0,"82":0},"chrome":{"4":0,"5":0,"6":0,"7":0,"8":0,"9":0,"10":0,"11":0,"12":0,"13":0,"14":0,"15":0,"16":0,"17":0,"18":0,"19":0,"20":0,"21":0,"22":0,"23":0,"24":0,"25":0,"26":0,"27":0,"28":0,"29":0,"30":0,"31":0.00496,"32":0,"33":0,"34":0.00496,"35":0,"36":0,"37":0,"38":0.00992,"39":0,"40":0,"41":0,"42":0,"43":0,"44":0,"45":0,"46":0,"47":0,"48":0,"49":0.124,"50":0,"51":0,"52":0,"53":0.01984,"54":0,"55":0,"56":0,"57":0,"58":0,"59":0,"60":0,"61":0,"62":0,"63":0.00496,"64":0,"65":0,"66":0.00496,"67":0.03472,"68":0,"69":0,"70":0.00496,"71":0.00992,"72":0,"73":0,"74":0,"75":0.08432,"76":0.00992,"77":0.03472,"78":0.00992,"79":0.01488,"80":0.04464,"81":0.02976,"83":0.26784,"84":8.26336,"85":0.31248,"86":0,"87":0,"88":0},"opera":{"9":0,"9.5-9.6":0,"10.0-10.1":0,"10.5":0,"10.6":0,"11":0,"11.1":0,"11.5":0,"11.6":0,"12":0,"12.1":0,"15":0,"16":0,"17":0,"18":0,"19":0,"20":0,"21":0,"22":0,"23":0,"24":0,"25":0,"26":0,"27":0,"28":0,"29":0,"30":0,"31":0,"32":0,"33":0,"34":0,"35":0,"36":0,"37":0,"38":0,"39":0,"40":0,"41":0,"42":0,"43":0,"44":0,"45":0,"46":0,"47":0,"48":0,"49":0,"50":0,"51":0,"52":0,"53":0,"54":0,"55":0,"56":0,"57":0,"58":0,"60":0.01488,"62":0,"63":0,"64":0,"65":0,"66":0,"67":0,"68":0,"69":0.01984,"70":0.03968},"ios_saf":{"3.2":0,"4.0-4.1":0,"4.2-4.3":0,"5.0-5.1":0.05115,"6.0-6.1":0.01705,"7.0-7.1":0.0682,"8":0,"8.1-8.4":0.13639,"9.0-9.2":0.08524,"9.3":0.95474,"10.0-10.2":0.27278,"10.3":1.27867,"11.0-11.2":0.97179,"11.3-11.4":1.34687,"12.0-12.1":2.16522,"12.2-12.4":12.27526,"13.0-13.1":2.09702,"13.2":1.05704,"13.3":9.44513,"13.4-13.7":13.38345,"14.0":null},"safari":{"3.1":0,"3.2":0,"4":0,"5":0,"5.1":0,"6":0,"6.1":0.00496,"7":0,"7.1":0,"8":0.01984,"9":0,"9.1":0.05952,"10":0,"10.1":0.09424,"11":0.00992,"11.1":0.13392,"12":0.0248,"12.1":0.0992,"13":0.36704,"13.1":5.24768,"14":0.00496,"0":null},"edge":{"12":0,"13":0,"14":0.01984,"15":0.0248,"16":0.00496,"17":0.01984,"18":0.83328,"79":0,"80":0,"81":0.00992,"83":0.01984,"84":2.33616,"85":0.25296},"android":{"2.1":0,"2.2":0,"2.3":0.00018,"3":0,"4":0.00236,"4.1":0.00709,"4.2-4.3":0.00436,"4.4":0,"4.4.3-4.4.4":0.026,"81":null},"samsung":{"4":0.10937,"5.0-5.4":0.01094,"6.2-6.4":0.04375,"7.2-7.4":0.03281,"8.2":0,"9.2":0.2078,"10.1":0.16405,"11.1-11.2":0.2953,"12.0":6.21215},"op_mob":{"10":null,"11":null,"11.1":null,"11.5":null,"12":null,"12.1":null,"0":null},"ie":{"5.5":0,"6":0,"7":0,"8":0.00496,"9":0.00496,"10":0,"11":1.82528},"bb":{"7":0,"10":0},"ie_mob":{"10":0,"11":0},"and_chr":{"0":18.33},"kaios":{"2.5":0},"baidu":{"0":null},"and_ff":{"0":0.26208},"and_qq":{"10.4":0},"and_uc":{"0":0},"op_mini":{"0":0.08112}},"total":93.884}