{"id":"FR","name":"France","month":"2018-06","access_date":"2018-07-05","data":{"chrome":{"4":0,"5":0,"6":0,"7":0,"8":0,"9":0,"10":0,"11":0.006421,"12":0,"13":0,"14":0,"15":0,"16":0.006421,"17":0,"18":0.006421,"19":0,"20":0,"21":0,"22":0.006421,"23":0.006421,"24":0,"25":0.006421,"26":0,"27":0,"28":0.006421,"29":0.186209,"30":0.006421,"31":0.006421,"32":0.006421,"33":0,"34":0.025684,"35":0.006421,"36":0.006421,"37":0.006421,"38":0.019263,"39":0.006421,"40":0.006421,"41":0.019263,"42":0.070631,"43":0.019263,"44":0.006421,"45":0.012842,"46":0.012842,"47":0.025684,"48":0.025684,"49":0.590732,"50":0.019263,"51":0.057789,"52":0.012842,"53":0.032105,"54":0.25684,"55":0.147683,"56":0.051368,"57":0.038526,"58":0.06421,"59":0.051368,"60":0.070631,"61":0.089894,"62":0.160525,"63":0.288945,"64":0.25684,"65":0.398102,"66":6.401737,"67":10.780859,"68":0.019263,"69":0.006421,"70":0},"firefox":{"2":0,"3":0.006421,"3.5":0,"3.6":0.006421,"4":0,"5":0,"6":0,"7":0,"8":0,"9":0,"10":0,"11":0.006421,"12":0.006421,"13":0,"14":0,"15":0,"16":0.006421,"17":0,"18":0,"19":0,"20":0,"21":0.006421,"22":0,"23":0,"24":0.019263,"25":0,"26":0,"27":0,"28":0,"29":0.006421,"30":0,"31":0.006421,"32":0,"33":0.006421,"34":0.006421,"35":0.006421,"36":0.006421,"37":0.006421,"38":0.032105,"39":0.006421,"40":0.006421,"41":0.006421,"42":0.006421,"43":0.012842,"44":0.006421,"45":0.083473,"46":0.006421,"47":0.032105,"48":0.346734,"49":0.025684,"50":0.025684,"51":0.019263,"52":0.776941,"53":0.025684,"54":0.038526,"55":0.032105,"56":0.070631,"57":0.089894,"58":0.077052,"59":0.199051,"60":5.021222,"61":0.237577,"62":0.006421},"opera":{"9":0,"9.5-9.6":0,"10.0-10.1":0,"10.5":0,"10.6":0,"11":0,"11.1":0,"11.5":0,"11.6":0,"12":0,"12.1":0.012842,"15":0,"16":0,"17":0,"18":0,"19":0,"20":0,"21":0,"22":0,"23":0,"24":0,"25":0,"26":0,"27":0,"28":0.006421,"29":0,"30":0,"31":0,"32":0,"33":0,"34":0,"35":0.006421,"36":0.012842,"37":0.006421,"38":0,"39":0,"40":0,"41":0,"42":0,"43":0,"44":0,"45":0,"46":0,"47":0,"48":0.006421,"49":0.019263,"50":0.012842,"51":0.012842,"52":0.070631,"53":3.005028},"safari":{"3.1":0,"3.2":0,"4":0.012842,"5":0.019263,"5.1":0.032105,"6":0.006421,"6.1":0.019263,"7":0.006421,"7.1":0,"8":0.032105,"9":0.051368,"9.1":0.250419,"10":0.115578,"10.1":0.372418,"11":0.455891,"11.1":2.086825,"12":0.006421,"0":null},"ios_saf":{"3.2":0.00174230197177,"4.0-4.1":0,"4.2-4.3":0.00348460394355,"5.0-5.1":0.0261345295766,"6.0-6.1":0.0139384157742,"7.0-7.1":0.0731766828145,"8":0.0209076236613,"8.1-8.4":0.109765024222,"9.0-9.2":0.0836304946452,"9.3":0.500040665899,"10.0-10.2":0.548825121109,"10.3":1.25794202362,"11.0-11.2":2.82427149625,"11.3-11.4":11.8912109574,"12":0.0522690591532},"android":{"2.1":0,"2.2":0,"2.3":0,"3":0,"4":0,"4.1":0.0673263744361,"4.2-4.3":0.153642239098,"4.4":0.569684706767,"4.4.3-4.4.4":0.357347679699,"67":null},"ie":{"5.5":0,"6":0.00662061658031,"7":0.00662061658031,"8":0.132412331606,"9":0.0993092487047,"10":0.198618497409,"11":2.11197668912},"op_mob":{"10":null,"11":null,"11.1":null,"11.5":null,"12":null,"12.1":null,"0":null},"edge":{"12":0.025684,"13":0.025684,"14":0.077052,"15":0.109157,"16":0.494417,"17":1.162201,"18":null},"samsung":{"4":0.368390172414,"5":0.12630520197,"6.2":1.03149248276,"7.2":null},"bb":{"7":0.003579,"10":0.014316},"ie_mob":{"10":0.0224965714286,"11":0.134979428571},"and_ff":{"0":0.239793},"and_qq":{"1.2":null},"and_uc":{"0":0.411585},"op_mini":{"0":0.142311371134},"and_chr":{"0":37.034107},"baidu":{"0":null}},"total":96.7840622283}