{"id":"FR","name":"France","month":"2018-03","access_date":"2018-04-03","data":{"chrome":{"4":0,"5":0,"6":0,"7":0,"8":0,"9":0,"10":0,"11":0.00574,"12":0,"13":0,"14":0,"15":0,"16":0.00574,"17":0,"18":0.01722,"19":0,"20":0,"21":0,"22":0.00574,"23":0,"24":0,"25":0.01148,"26":0,"27":0,"28":0,"29":0.21812,"30":0,"31":0.00574,"32":0,"33":0,"34":0.01148,"35":0.00574,"36":0.00574,"37":0.00574,"38":0.01148,"39":0.01148,"40":0.00574,"41":0.01148,"42":0.03444,"43":0.01148,"44":0.00574,"45":0.01148,"46":0.01722,"47":0.01722,"48":0.08036,"49":0.55104,"50":0.01722,"51":0.04592,"52":0.01722,"53":0.01722,"54":0.16646,"55":0.09184,"56":0.08036,"57":0.05166,"58":0.1148,"59":0.0861,"60":0.09758,"61":0.09758,"62":0.0861,"63":0.43624,"64":8.65592,"65":5.13156,"66":0.01722,"67":0.00574,"68":0},"firefox":{"2":0,"3":0,"3.5":0,"3.6":0.00574,"4":0.00574,"5":0,"6":0,"7":0,"8":0,"9":0,"10":0,"11":0,"12":0.00574,"13":0,"14":0,"15":0,"16":0.00574,"17":0,"18":0,"19":0,"20":0,"21":0,"22":0,"23":0,"24":0.01148,"25":0,"26":0,"27":0,"28":0,"29":0.00574,"30":0,"31":0.00574,"32":0.00574,"33":0.00574,"34":0.00574,"35":0.00574,"36":0.00574,"37":0.00574,"38":0.03444,"39":0.00574,"40":0.00574,"41":0.01148,"42":0.00574,"43":0.01722,"44":0.04592,"45":0.07462,"46":0.00574,"47":0.02296,"48":0.23534,"49":0.0287,"50":0.03444,"51":0.01722,"52":0.58548,"53":0.0287,"54":0.04592,"55":0.04018,"56":0.06888,"57":0.09758,"58":2.2673,"59":1.90568,"60":0.01722,"61":0},"opera":{"9":0,"9.5-9.6":0,"10.0-10.1":0,"10.5":0,"10.6":0,"11":0,"11.1":0,"11.5":0,"11.6":0,"12":0,"12.1":0.00574,"15":0,"16":0,"17":0,"18":0,"19":0,"20":0,"21":0,"22":0,"23":0,"24":0,"25":0,"26":0,"27":0,"28":0,"29":0,"30":0,"31":0,"32":0.00574,"33":0,"34":0,"35":0,"36":0.01722,"37":0.00574,"38":0,"39":0,"40":0,"41":0,"42":0,"43":0,"44":0,"45":0.01148,"46":0.00574,"47":0.00574,"48":0.00574,"49":0.01148,"50":0.10906,"51":1.87124,"52":0.0861},"safari":{"3.1":0,"3.2":0,"4":0.01148,"5":0.01148,"5.1":0.03444,"6":0,"6.1":0.04018,"7":0.00574,"7.1":0,"8":0.0287,"9":0.03444,"9.1":0.19516,"10":0.1148,"10.1":0.36162,"11":1.85976,"11.1":0.02296,"0":null},"ios_saf":{"3.2":0.00255905333734,"4.0-4.1":0,"4.2-4.3":0.00255905333734,"5.0-5.1":0.0460629600721,"6.0-6.1":0.0358267467227,"7.0-7.1":0.125393613529,"8":0.0358267467227,"8.1-8.4":0.189369946963,"9.0-9.2":0.143306986891,"9.3":1.02618038827,"10.0-10.2":1.02362133493,"10.3":2.37224244371,"11.0-11.2":20.5696707255,"11.3":null},"android":{"2.1":0,"2.2":0,"2.3":0,"3":0,"4":0,"4.1":0.0522680582524,"4.2-4.3":0.159076699029,"4.4":0.448823543689,"4.4.3-4.4.4":0.276111699029,"62":null},"ie":{"5.5":0,"6":0.00581972222222,"7":0.00581972222222,"8":0.0931155555556,"9":0.0465577777778,"10":0.104755,"11":1.83903222222},"op_mob":{"10":null,"11":null,"11.1":null,"11.5":null,"12":null,"12.1":null,"0":null},"edge":{"12":0.02296,"13":0.0287,"14":0.09184,"15":0.14924,"16":1.5211,"17":0.00574},"samsung":{"4":0.473887762238,"5":0.189555104895,"6.2":2.29572293706},"bb":{"7":0.003408,"10":0.013632},"ie_mob":{"10":0.03434625,"11":0.14883375},"and_ff":{"0":0.23856},"and_qq":{"1.2":null},"and_uc":{"0":0.15762},"op_mini":{"0":0.0927611340206},"and_chr":{"0":36.52452},"baidu":{"0":null}},"total":97.4251869382}