{"id":"FR","name":"France","month":"2021-12","access_date":"2022-01-03","data":{"firefox":{"2":null,"3":null,"3.5":null,"3.6":null,"4":null,"5":null,"6":null,"7":null,"8":null,"9":null,"10":null,"11":null,"12":null,"13":null,"14":null,"15":null,"16":null,"17":null,"18":null,"19":null,"20":null,"21":null,"22":null,"23":null,"24":null,"25":null,"26":null,"27":null,"28":null,"29":null,"30":null,"31":null,"32":null,"33":null,"34":null,"35":null,"36":null,"37":null,"38":null,"39":null,"40":null,"41":null,"42":null,"43":null,"44":null,"45":0.00963,"46":null,"47":0.00963,"48":0.02408,"49":null,"50":null,"51":null,"52":0.10114,"53":null,"54":null,"55":null,"56":0.01445,"57":null,"58":null,"59":0.01445,"60":0.01926,"61":null,"62":0.00482,"63":0.00482,"64":null,"65":null,"66":0.00482,"67":null,"68":0.03371,"69":0.00482,"70":null,"71":null,"72":0.00963,"73":null,"74":0.00482,"75":null,"76":null,"77":0.00963,"78":0.30341,"79":0.01445,"80":0.01926,"81":0.40936,"82":0.01926,"83":0.01445,"84":0.03853,"85":0.01445,"86":0.00963,"87":0.01445,"88":0.0289,"89":0.04334,"90":0.04816,"91":0.2697,"92":0.03853,"93":0.04816,"94":1.97456,"95":3.71795,"96":0.00963,"97":null},"chrome":{"4":null,"5":null,"6":null,"7":null,"8":null,"9":null,"10":null,"11":null,"12":null,"13":null,"14":null,"15":null,"16":null,"17":null,"18":null,"19":null,"20":null,"21":null,"22":null,"23":null,"24":null,"25":null,"26":null,"27":null,"28":null,"29":null,"30":null,"31":null,"32":null,"33":null,"34":null,"35":null,"36":null,"37":null,"38":0.00482,"39":null,"40":null,"41":null,"42":null,"43":null,"44":null,"45":null,"46":null,"47":null,"48":0.00963,"49":0.13485,"50":0.00482,"51":0.00963,"52":0.0289,"53":0.00963,"54":0.08187,"55":null,"56":0.01445,"57":null,"58":0.01926,"59":null,"60":0.06261,"61":0.00963,"62":null,"63":0.01445,"64":0.05298,"65":0.01445,"66":0.05779,"67":0.01926,"68":0.00963,"69":0.01445,"70":0.03853,"71":0.02408,"72":0.04816,"73":0.01445,"74":0.01445,"75":0.02408,"76":0.01926,"77":0.01445,"78":0.0289,"79":0.10114,"80":0.07706,"81":0.03853,"83":0.09632,"84":0.1493,"85":0.17338,"86":0.18782,"87":0.45752,"88":0.06261,"89":0.08187,"90":0.06261,"91":0.08187,"92":0.11558,"93":0.29859,"94":0.40454,"95":0.57792,"96":22.81339,"97":0.00963,"98":0.00482,"99":null},"opera":{"9":null,"9.5-9.6":null,"10.0-10.1":0,"10.5":null,"10.6":null,"11":null,"11.1":null,"11.5":null,"11.6":null,"12":null,"12.1":null,"15":null,"16":null,"17":null,"18":null,"19":null,"20":null,"21":null,"22":null,"23":null,"24":null,"25":null,"26":null,"27":null,"28":null,"29":null,"30":null,"31":null,"32":null,"33":null,"34":null,"35":null,"36":null,"37":null,"38":null,"39":null,"40":null,"41":null,"42":null,"43":null,"44":null,"45":null,"46":null,"47":null,"48":null,"49":null,"50":null,"51":null,"52":null,"53":null,"54":null,"55":null,"56":null,"57":null,"58":null,"60":null,"62":null,"63":null,"64":null,"65":null,"66":null,"67":null,"68":0.00482,"69":null,"70":0.00963,"71":0.00482,"72":0.00482,"73":null,"74":null,"75":null,"76":null,"77":null,"78":null,"79":0.00482,"80":0.01926,"81":0.61645,"82":0.56347},"safari":{"3.1":null,"3.2":null,"4":0,"5":null,"5.1":null,"6":null,"6.1":null,"7":null,"7.1":null,"8":null,"9":null,"9.1":0.0289,"10":0.00482,"10.1":0.01926,"11":0.00482,"11.1":0.08187,"12":0.01445,"12.1":0.15411,"13":0.09632,"13.1":0.47197,"14":0.44307,"14.1":1.49296,"15":0.4527,"15.1":1.49778,"15.2":0.19746,"0":null},"edge":{"12":null,"13":null,"14":0.00482,"15":0.00482,"16":0.00482,"17":0.01926,"18":0.04816,"79":null,"80":null,"81":null,"83":0.00482,"84":0.01445,"85":0.01445,"86":0.01926,"87":0.00963,"88":0.00482,"89":0.01445,"90":0.00963,"91":0.01445,"92":0.01926,"93":0.00963,"94":0.03371,"95":0.16374,"96":4.92677},"ios_saf":{"3.2":0,"4.0-4.1":0,"4.2-4.3":0,"5.0-5.1":0,"6.0-6.1":0.007,"7.0-7.1":0.014,"8":0.01225,"8.1-8.4":0.0105,"9.0-9.2":0.0455,"9.3":0.19427,"10.0-10.2":0.0245,"10.3":0.16976,"11.0-11.2":0.0455,"11.3-11.4":0.0525,"12.0-12.1":0.0455,"12.2-12.5":0.72981,"13.0-13.1":0.05775,"13.2":0.0175,"13.3":0.12426,"13.4-13.7":0.36228,"14.0-14.4":1.06758,"14.5-14.8":5.19441,"15.0-15.1":8.69294,"15.2":0.6178},"samsung":{"4":0.06371,"5.0-5.4":null,"6.2-6.4":null,"7.2-7.4":0.02124,"8.2":0.01062,"9.2":0.03185,"10.1":0.01062,"11.1-11.2":0.09556,"12.0":0.04247,"13.0":0.15927,"14.0":0.15927,"15.0":0.42471},"android":{"2.1":0,"2.2":0,"2.3":0,"3":0,"4":0,"4.1":0.00377,"4.2-4.3":0.00566,"4.4":0,"4.4.3-4.4.4":0.06315,"0":0},"op_mob":{"10":null,"11":null,"11.1":null,"11.5":null,"12":null,"12.1":null,"0":null},"ie":{"5.5":null,"6":null,"7":null,"8":0.02195,"9":0.02195,"10":0.01098,"11":0.41709},"ie_mob":{"10":null,"11":null},"bb":{"7":0,"10":0},"and_uc":{"0":0.49766},"op_mini":{"0":0.35337},"and_chr":{"0":30.93744},"kaios":{"2.5":0},"baidu":{"0":null},"and_ff":{"0":0.54432},"and_qq":{"10.4":0}},"total":96.81166}