{"id":"FR","name":"France","month":"2019-06","access_date":"2019-07-05","data":{"chrome":{"4":0,"5":0,"6":0,"7":0,"8":0,"9":0,"10":0,"11":0,"12":0,"13":0,"14":0,"15":0,"16":0.005722,"17":0,"18":0,"19":0,"20":0,"21":0,"22":0,"23":0,"24":0,"25":0,"26":0,"27":0,"28":0,"29":0.05722,"30":0,"31":0.017166,"32":0,"33":0,"34":0.005722,"35":0,"36":0,"37":0,"38":0.005722,"39":0,"40":0.005722,"41":0.102996,"42":0,"43":0.005722,"44":0,"45":0.005722,"46":0.005722,"47":0.005722,"48":0.011444,"49":0.291822,"50":0.011444,"51":0.011444,"52":0.011444,"53":0.011444,"54":0.577922,"55":0.02861,"56":0.011444,"57":0.097274,"58":0.022888,"59":0.022888,"60":0.022888,"61":0.223158,"62":0.022888,"63":0.068664,"64":0.02861,"65":0.045776,"66":0.051498,"67":0.074386,"68":0.05722,"69":0.062942,"70":0.211714,"71":0.303266,"72":0.303266,"73":0.417706,"74":8.977818,"75":5.853606,"76":0.011444,"77":0.005722,"78":0},"firefox":{"2":0,"3":0,"3.5":0,"3.6":0.005722,"4":0,"5":0,"6":0,"7":0,"8":0,"9":0,"10":0,"11":0.005722,"12":0,"13":0,"14":0,"15":0,"16":0,"17":0,"18":0,"19":0,"20":0,"21":0,"22":0,"23":0,"24":0.005722,"25":0,"26":0,"27":0,"28":0,"29":0,"30":0,"31":0,"32":0,"33":0.005722,"34":0,"35":0,"36":0,"37":0,"38":0.011444,"39":0,"40":0,"41":0,"42":0,"43":0.005722,"44":0,"45":0.022888,"46":0.005722,"47":0.011444,"48":0.120162,"49":0.005722,"50":0.011444,"51":0.005722,"52":0.308988,"53":0.005722,"54":0.005722,"55":0.017166,"56":0.034332,"57":0.017166,"58":0.011444,"59":0.017166,"60":0.360486,"61":0.02861,"62":0.022888,"63":0.040054,"64":0.062942,"65":0.068664,"66":0.22888,"67":4.11984,"68":0.02861,"69":0},"opera":{"9":0,"9.5-9.6":0,"10.0-10.1":0,"10.5":0,"10.6":0,"11":0,"11.1":0,"11.5":0,"11.6":0,"12":0,"12.1":0.005722,"15":0,"16":0,"17":0,"18":0,"19":0,"20":0,"21":0,"22":0,"23":0,"24":0,"25":0,"26":0,"27":0,"28":0,"29":0,"30":0,"31":0,"32":0,"33":0,"34":0,"35":0,"36":0.005722,"37":0.005722,"38":0,"39":0,"40":0,"41":0,"42":0.005722,"43":0,"44":0,"45":0,"46":0,"47":0,"48":0,"49":0,"50":0,"51":0,"52":0,"53":0,"54":0,"55":0,"56":0.017166,"57":0.011444,"58":0.02861},"safari":{"3.1":0,"3.2":0,"4":0.011444,"5":0.005722,"5.1":0.02861,"6":0,"6.1":0.05722,"7":0.005722,"7.1":0,"8":0.011444,"9":0.011444,"9.1":0.051498,"10":0.02861,"10.1":0.137328,"11":0.062942,"11.1":0.2861,"12":0.434872,"12.1":1.68799,"13":0.005722,"0":null},"ios_saf":{"3.2":0.018053592139563,"4.0-4.1":0.02206550150391,"4.2-4.3":0.0020059546821737,"5.0-5.1":0.02206550150391,"6.0-6.1":0.006017864046521,"7.0-7.1":0.028083365550431,"8":0.0020059546821737,"8.1-8.4":0.054160776418689,"9.0-9.2":0.032095274914778,"9.3":0.33298847724083,"10.0-10.2":0.1524525558452,"10.3":0.4031968911169,"11.0-11.2":0.45936362221777,"11.3-11.4":0.92073319911771,"12.0-12.1":2.2005322863445,"12.2":15.351571182675,"13":null},"android":{"2.1":0.012896802168022,"2.2":0.031167271906052,"2.3":0.0042989340560072,"3":0.013971535682023,"4":0.18807836495032,"4.1":0.079530280036134,"4.2-4.3":0.4191460704607,"4.4":0,"4.4.3-4.4.4":0.44064074074074,"67":null},"edge":{"12":0.005722,"13":0.011444,"14":0.022888,"15":0.034332,"16":0.05722,"17":1.05857,"18":0.54359,"76":null},"op_mob":{"10":null,"11":null,"11.1":null,"11.5":null,"12":null,"12.1":null,"0":null},"ie":{"5.5":0,"6":0.0058841619433198,"7":0.0058841619433198,"8":0.076494105263158,"9":0.052957457489879,"10":0.058841619433198,"11":1.2533264939271},"samsung":{"4":0.25315309923664,"5.0-5.4":0.09493241221374,"6.2-6.4":0.06328827480916,"7.2-7.4":0.20041287022901,"8.2":0.21096091603053,"9.2":3.3226344274809},"ie_mob":{"10":0.011611714285714,"11":0.069670285714286},"bb":{"7":0,"10":0.017112},"baidu":{"0":null},"and_ff":{"0":0.303738},"and_uc":{"0":0.539028},"and_qq":{"1.2":0.017112},"op_mini":{"0":0.25515844329897},"and_chr":{"0":39.89628},"kaios":{"2.5":0}},"total":96.223780443299}