{"id":"FR","name":"France","month":"2020-09","access_date":"2020-10-03","data":{"firefox":{"2":0,"3":0.00555,"3.5":0,"3.6":0,"4":0,"5":0,"6":0,"7":0,"8":0,"9":0,"10":0,"11":0.01665,"12":0.00555,"13":0,"14":0,"15":0,"16":0,"17":0,"18":0,"19":0,"20":0,"21":0,"22":0,"23":0,"24":0,"25":0,"26":0,"27":0,"28":0.00555,"29":0,"30":0,"31":0,"32":0,"33":0,"34":0,"35":0,"36":0,"37":0,"38":0.00555,"39":0,"40":0,"41":0,"42":0,"43":0,"44":0,"45":0.01665,"46":0.00555,"47":0.00555,"48":0.0444,"49":0.00555,"50":0.00555,"51":0.00555,"52":0.0999,"53":0.00555,"54":0.00555,"55":0.0111,"56":0.0222,"57":0.00555,"58":0.00555,"59":0.0111,"60":0.0555,"61":0.0111,"62":0.0111,"63":0.0444,"64":0.04995,"65":0.06105,"66":0.0333,"67":0.00555,"68":0.2775,"69":0.0222,"70":0.00555,"71":0.00555,"72":0.02775,"73":0.00555,"74":0.0111,"75":0.0111,"76":0.01665,"77":0.0444,"78":0.19425,"79":0.1443,"80":2.90265,"81":0.6993,"82":0.00555,"83":0},"chrome":{"4":0,"5":0,"6":0,"7":0,"8":0,"9":0,"10":0,"11":0,"12":0,"13":0,"14":0,"15":0,"16":0,"17":0,"18":0,"19":0,"20":0,"21":0,"22":0,"23":0,"24":0,"25":0,"26":0,"27":0,"28":0,"29":0.00555,"30":0,"31":0,"32":0,"33":0,"34":0,"35":0,"36":0,"37":0.0222,"38":0.00555,"39":0,"40":0,"41":0,"42":0,"43":0.00555,"44":0,"45":0.00555,"46":0.00555,"47":0,"48":0.0222,"49":0.2886,"50":0,"51":0.00555,"52":0.00555,"53":0.0111,"54":0,"55":0.00555,"56":0.0111,"57":0.00555,"58":0.0111,"59":0.00555,"60":0.00555,"61":0.02775,"62":0.0111,"63":0.0222,"64":0.0333,"65":0.01665,"66":0.03885,"67":0.06105,"68":0.0222,"69":0.03885,"70":0.3108,"71":0.444,"72":0.37185,"73":0.17205,"74":0.03885,"75":0.1221,"76":0.02775,"77":0.0333,"78":0.0888,"79":0.09435,"80":0.1554,"81":0.111,"83":0.24975,"84":1.6317,"85":13.01475,"86":0.0111,"87":0.0111,"88":0},"opera":{"9":0,"9.5-9.6":0,"10.0-10.1":0,"10.5":0,"10.6":0,"11":0,"11.1":0,"11.5":0,"11.6":0,"12":0,"12.1":0,"15":0,"16":0,"17":0,"18":0,"19":0,"20":0,"21":0,"22":0,"23":0,"24":0,"25":0,"26":0,"27":0,"28":0,"29":0,"30":0,"31":0,"32":0,"33":0,"34":0,"35":0,"36":0.00555,"37":0,"38":0,"39":0,"40":0,"41":0,"42":0,"43":0,"44":0,"45":0,"46":0,"47":0,"48":0,"49":0,"50":0.00555,"51":0.0222,"52":0,"53":0.00555,"54":0,"55":0,"56":0.0111,"57":0.0222,"58":0.02775,"60":0.0222,"62":0,"63":0,"64":0,"65":0,"66":0,"67":0,"68":0.0444,"69":0.00555,"70":0.4107,"71":0.0333},"ios_saf":{"3.2":0.02774,"4.0-4.1":0.04623,"4.2-4.3":0,"5.0-5.1":0.00925,"6.0-6.1":0.00462,"7.0-7.1":0.01849,"8":0,"8.1-8.4":0.03236,"9.0-9.2":0.02311,"9.3":0.26811,"10.0-10.2":0.07396,"10.3":0.35131,"11.0-11.2":0.21726,"11.3-11.4":0.32358,"12.0-12.1":0.50848,"12.2-12.4":3.17568,"13.0-13.1":0.48537,"13.2":0.25424,"13.3":1.85363,"13.4-13.7":4.94611,"14":5.34364},"safari":{"3.1":0,"3.2":0,"4":0.00555,"5":0,"5.1":0.00555,"6":0,"6.1":0,"7":0,"7.1":0,"8":0.00555,"9":0.00555,"9.1":0.0111,"10":0.00555,"10.1":0.0444,"11":0.01665,"11.1":0.1332,"12":0.0555,"12.1":0.2109,"13":0.22755,"13.1":1.998,"14":0.3885,"0":null},"edge":{"12":0,"13":0.00555,"14":0.0111,"15":0.0111,"16":0.01665,"17":0.07215,"18":0.27195,"79":0,"80":0,"81":0.00555,"83":0.00555,"84":0.0444,"85":1.67055},"android":{"2.1":0,"2.2":0,"2.3":0.00156,"3":0,"4":0.06709,"4.1":0.08738,"4.2-4.3":0.03277,"4.4":0,"4.4.3-4.4.4":0.2122,"81":null},"samsung":{"4":0.12503,"5.0-5.4":0.02084,"6.2-6.4":0.01042,"7.2-7.4":0.06252,"8.2":0.03126,"9.2":0.12503,"10.1":0.09377,"11.1-11.2":0.17713,"12.0":2.80276},"ie":{"5.5":0,"6":0.08655,"7":0.00618,"8":0.09892,"9":0.03709,"10":0.04328,"11":0.70478},"op_mob":{"10":null,"11":null,"11.1":null,"11.5":null,"12":null,"12.1":null,"0":null},"bb":{"7":0,"10":0.00445},"ie_mob":{"10":0,"11":0},"and_ff":{"0":0.43165},"and_qq":{"10.4":0.0178},"and_uc":{"0":0.54735},"op_mini":{"0":0.34125},"and_chr":{"0":44.54955},"kaios":{"2.5":0},"baidu":{"0":null}},"total":97.05338}