{"id":"GA","name":"Gabon","month":"2017-04","access_date":"2017-05-03","data":{"chrome":{"4":null,"5":null,"6":null,"7":null,"8":null,"9":null,"10":0.005072,"11":0.032968,"12":null,"13":null,"14":null,"15":null,"16":0.002536,"17":null,"18":0.05072,"19":null,"20":0.002536,"21":0.007608,"22":0.01268,"23":null,"24":null,"25":0.007608,"26":0.030432,"27":0.005072,"28":0.005072,"29":0.017752,"30":0.007608,"31":0.007608,"32":0.005072,"33":0.022824,"34":0.017752,"35":0.005072,"36":0.136944,"37":0.005072,"38":0.055792,"39":0.030432,"40":0.007608,"41":0.017752,"42":0.020288,"43":0.121728,"44":0.015216,"45":0.068472,"46":0.007608,"47":0.02536,"48":0.035504,"49":0.67204,"50":0.134408,"51":0.040576,"52":0.02536,"53":0.142016,"54":0.058328,"55":0.281496,"56":1.694048,"57":7.422872,"58":0.829272,"59":0.005072,"60":null,"61":null},"firefox":{"2":null,"3":0.03804,"3.5":0.01268,"3.6":0.020288,"4":null,"5":null,"6":null,"7":null,"8":null,"9":null,"10":0.005072,"11":0.007608,"12":0.015216,"13":0.02536,"14":0.002536,"15":null,"16":0.01268,"17":0.030432,"18":0.005072,"19":0.020288,"20":0.007608,"21":0.027896,"22":0.005072,"23":0.007608,"24":null,"25":0.010144,"26":0.010144,"27":null,"28":0.002536,"29":0.007608,"30":0.032968,"31":0.015216,"32":0.017752,"33":0.015216,"34":0.007608,"35":0.043112,"36":0.045648,"37":0.058328,"38":0.256136,"39":0.030432,"40":0.032968,"41":0.048184,"42":0.048184,"43":0.248528,"44":0.02536,"45":0.053256,"46":0.02536,"47":0.415904,"48":0.555384,"49":0.121728,"50":0.121728,"51":0.334752,"52":3.684808,"53":0.879992,"54":0.040576,"55":0.017752,"56":null},"opera":{"9":null,"9.5-9.6":null,"10.0-10.1":0.005072,"10.5":null,"10.6":null,"11":null,"11.1":null,"11.5":null,"11.6":null,"12":0.007608,"12.1":0.005072,"15":null,"16":null,"17":null,"18":null,"19":null,"20":null,"21":null,"22":0.002536,"23":null,"24":null,"25":null,"26":null,"27":null,"28":0.007608,"29":null,"30":0.083688,"31":null,"32":null,"33":null,"34":0.005072,"35":null,"36":0.035504,"37":0.005072,"38":0.002536,"39":null,"40":0.005072,"41":0.007608,"42":0.07608,"43":0.54524,"44":0.273888,"45":null,"46":null},"safari":{"3.1":null,"3.2":null,"4":0.010144,"5":null,"5.1":0.022824,"6":0.005072,"6.1":null,"7":0.007608,"7.1":0.030432,"8":0.071008,"9":0.03804,"9.1":0.142016,"10":0.46916,"10.1":0.311928,"0":null},"ios_saf":{"3.2":0,"4.0-4.1":0,"4.2-4.3":0,"5.0-5.1":0,"6.0-6.1":0,"7.0-7.1":0.0208865807739,"8":0,"8.1-8.4":0.0184404046472,"9.0-9.2":0.0069621935913,"9.3":0.112147767038,"10.0-10.2":0.938767130459,"10.3":0.65683592349},"android":{"2.1":0,"2.2":0,"2.3":0,"3":0,"4":0.137660298165,"4.1":0.491643922018,"4.2-4.3":1.29400680275,"4.4":3.1819194633,"4.4.3-4.4.4":1.75418551376,"56":null},"op_mob":{"10":0,"11":0,"11.1":0,"11.5":0,"12":0,"12.1":0,"0":0.0929110776053},"ie":{"5.5":0.010228299169,"6":null,"7":0.00511414958449,"8":0.265935778393,"9":0.0690410193906,"10":0.115068365651,"11":1.37826331302},"edge":{"12":0.109048,"13":0.134408,"14":0.334752,"15":null},"bb":{"7":0.528078,"10":null},"ie_mob":{"10":0.703748571429,"11":2.58041142857},"op_mini":{"0":20.8585369224},"and_chr":{"0":26.011168},"and_ff":{"0":0.007464},"and_qq":{"1.2":null},"samsung":{"0":7.143048},"and_uc":{"0":5.418864}},"total":96.1054569252}