{"id":"GA","name":"Gabon","month":"2015-04","access_date":"2015-05-02","data":{"chrome":{"4":0.011272,"5":0.011272,"6":0.011272,"7":0.005636,"8":0,"9":0,"10":0.005636,"11":0.123992,"12":0.039452,"13":0.016908,"14":0.005636,"15":0.011272,"16":0.005636,"17":0.005636,"18":0.005636,"19":0,"20":0.005636,"21":0.033816,"22":0.011272,"23":0.011272,"24":0.011272,"25":0.067632,"26":0.073268,"27":0.016908,"28":0.022544,"29":0.022544,"30":0.039452,"31":0.242348,"32":0.033816,"33":0.078904,"34":0.05636,"35":0.061996,"36":0.462152,"37":0.16908,"38":0.107084,"39":0.276164,"40":0.371976,"41":7.66496,"42":6.582848,"43":0.02818,"44":0.016908,"45":0},"firefox":{"2":0.022544,"3":0.033816,"3.5":0.061996,"3.6":0.078904,"4":0.039452,"5":0.02818,"6":0.022544,"7":0.011272,"8":0.050724,"9":0.005636,"10":0.050724,"11":0.08454,"12":0.135264,"13":0.039452,"14":0.039452,"15":0.039452,"16":0.078904,"17":0.033816,"18":0.08454,"19":0.08454,"20":0.090176,"21":0.067632,"22":0.022544,"23":0.045088,"24":0.050724,"25":0.050724,"26":0.02818,"27":0.033816,"28":0.033816,"29":0.073268,"30":0.25362,"31":0.22544,"32":0.247984,"33":0.326888,"34":0.473424,"35":1.104656,"36":3.15616,"37":7.52406,"38":0.16908,"39":0.02818,"40":0.05636},"opera":{"9":0,"9.5-9.6":0,"10.0-10.1":0,"10.5":0,"10.6":0,"11":0,"11.1":0,"11.5":0.005636,"11.6":0.005636,"12":0.005636,"12.1":0.050724,"15":0.005636,"16":0,"17":0.011272,"18":0.016908,"19":0.005636,"20":0.011272,"21":0,"22":0.005636,"23":0.005636,"24":0.011272,"25":0,"26":0.016908,"27":0.016908,"28":0.642504,"29":0.045088},"safari":{"3.1":0,"3.2":0,"4":0.011272,"5":0.033816,"5.1":0.180352,"6":0.107084,"6.1":0.101448,"7":0.185988,"7.1":0.50724,"8":0.569236},"android":{"2.1":0,"2.2":0,"2.3":0.180452840799,"3":0,"4":0.344793820813,"4.1":1.29969010338,"4.2-4.3":2.37488827981,"4.4":3.55212824121,"4.4.3-4.4.4":1.59937071399,"40":null},"ios_saf":{"3.2":0,"4.0-4.1":0,"4.2-4.3":0,"5.0-5.1":0.0222373416374,"6.0-6.1":0.0564486364641,"7.0-7.1":0.845589170467,"8":0.147678756002,"8.1-8.3":4.60427009543},"op_mob":{"10":0,"11":0,"11.1":0,"11.5":0,"12":0.00458946180666,"12.1":0.0183578472266,"0":0.0917892361331},"ie":{"5.5":0,"6":0.203753609017,"7":0.0792375146178,"8":3.56002833533,"9":1.14328413949,"10":2.30920756886,"11":8.56897122367,"0":null},"ie_mob":{"10":0.547330064516,"11":1.57357393548},"bb":{"7":1.188099,"10":null},"and_uc":{"0":1.749964},"op_mini":{"5.0-8.0":14.3650154548},"and_chr":{"0":8.139444},"and_ff":{"0":0.257476}},"total":93.201633391}