{"id":"GD","name":"Grenada","month":"2020-01","access_date":"2020-02-04","data":{"chrome":{"4":0,"5":0,"6":0,"7":0,"8":0,"9":0,"10":0,"11":0,"12":0,"13":0,"14":0,"15":0,"16":0,"17":0,"18":0,"19":0,"20":0,"21":0,"22":0,"23":0,"24":0,"25":0,"26":0,"27":0,"28":0,"29":0,"30":0,"31":0,"32":0,"33":0,"34":0,"35":0,"36":0,"37":0,"38":0,"39":0,"40":0,"41":0,"42":0,"43":0,"44":0,"45":0,"46":0,"47":0,"48":0,"49":0.108186,"50":0,"51":0,"52":0,"53":0.002847,"54":0,"55":0,"56":0.002847,"57":0.008541,"58":0.005694,"59":0,"60":0,"61":0,"62":0.002847,"63":0.059787,"64":0,"65":0.002847,"66":0.002847,"67":0,"68":0.002847,"69":0.011388,"70":0.005694,"71":0.002847,"72":0.005694,"73":0.025623,"74":0.008541,"75":0.008541,"76":0.019929,"77":0.02847,"78":0.079716,"79":4.335981,"80":0.037011,"81":0.002847,"82":0},"firefox":{"2":0,"3":0,"3.5":0,"3.6":0,"4":0,"5":0,"6":0,"7":0,"8":0,"9":0,"10":0,"11":0,"12":0,"13":0,"14":0,"15":0,"16":0,"17":0,"18":0,"19":0,"20":0,"21":0.002847,"22":0,"23":0,"24":0,"25":0,"26":0,"27":0,"28":0,"29":0,"30":0,"31":0,"32":0,"33":0,"34":0,"35":0,"36":0,"37":0,"38":0,"39":0,"40":0.005694,"41":0,"42":0,"43":0,"44":0,"45":0,"46":0,"47":0,"48":0,"49":0,"50":0,"51":0,"52":0,"53":0.019929,"54":0,"55":0,"56":0,"57":0.002847,"58":0,"59":0,"60":0.005694,"61":0,"62":0,"63":0,"64":0,"65":0.048399,"66":0.002847,"67":0,"68":0.022776,"69":0,"70":0,"71":0.119574,"72":0.298935,"73":0,"74":0},"opera":{"9":0,"9.5-9.6":0,"10.0-10.1":0,"10.5":0,"10.6":0,"11":0,"11.1":0,"11.5":0,"11.6":0,"12":0,"12.1":0,"15":0,"16":0,"17":0,"18":0,"19":0,"20":0,"21":0,"22":0,"23":0,"24":0,"25":0,"26":0,"27":0,"28":0,"29":0,"30":0,"31":0,"32":0,"33":0,"34":0,"35":0,"36":0,"37":0,"38":0,"39":0,"40":0,"41":0,"42":0,"43":0,"44":0,"45":0,"46":0.002847,"47":0,"48":0,"49":0,"50":0,"51":0,"52":0,"53":0,"54":0,"55":0,"56":0,"57":0,"58":0,"60":0,"62":0,"63":0,"64":0.002847},"safari":{"3.1":0,"3.2":0,"4":0,"5":0,"5.1":0.159432,"6":0,"6.1":0,"7":0,"7.1":0,"8":0,"9":0.002847,"9.1":0.002847,"10":0.017082,"10.1":0.014235,"11":0.002847,"11.1":0.011388,"12":0.011388,"12.1":0.045552,"13":0.472602,"0":null},"ios_saf":{"3.2":0.0012652865859758,"4.0-4.1":0.0025305731719516,"4.2-4.3":0,"5.0-5.1":0.0075917195158548,"6.0-6.1":0.0037958597579274,"7.0-7.1":0.010122292687806,"8":0.0012652865859758,"8.1-8.4":0.018979298789637,"9.0-9.2":0.016448725617685,"9.3":0.156895536661,"10.0-10.2":0.049346176853056,"10.3":0.17334426227868,"11.0-11.2":0.13918152445734,"11.3-11.4":0.23660859157747,"12.0-12.1":0.3188522196659,"12.2-12.4":1.9055215984795,"13.0-13.1":0.88063946383915,"13.2":0.37072896969091,"13.3":8.3559526137841},"android":{"2.1":0,"2.2":0.0029346245059289,"2.3":0.00097820816864295,"3":0.00097820816864295,"4":0.0097820816864295,"4.1":0.01662953886693,"4.2-4.3":0.43236801054018,"4.4":0,"4.4.3-4.4.4":0.27878932806324,"76":null},"edge":{"12":0.008541,"13":0.011388,"14":0.002847,"15":0.014235,"16":0.005694,"17":0.037011,"18":0.774384,"79":null},"ie":{"5.5":0,"6":0,"7":0,"8":0,"9":0,"10":0.0028940578512397,"11":0.34728694214876},"samsung":{"4":0.073907194610778,"5.0-5.4":0,"6.2-6.4":0.010558170658683,"7.2-7.4":0.32730329041916,"8.2":0.010558170658683,"9.2":0.14781438922156,"10.1":2.8823805898204},"op_mob":{"10":null,"11":null,"11.1":null,"11.5":null,"12":null,"12.1":null,"0":null},"ie_mob":{"10":0,"11":0.021459},"bb":{"7":0,"10":0.007153},"baidu":{"0":null},"and_ff":{"0":0.07153},"and_uc":{"0":0.057224},"and_qq":{"1.2":0},"kaios":{"2.5":0},"op_mini":{"0":0.14221196391753},"and_chr":{"0":74.324353}},"total":98.719291769307}