{"id":"GD","name":"Grenada","month":"2015-04","access_date":"2015-05-02","data":{"chrome":{"4":0,"5":0,"6":0,"7":0,"8":0,"9":0,"10":0,"11":0.105532,"12":0.052766,"13":0,"14":0,"15":0,"16":0,"17":0,"18":0.015076,"19":0,"20":0.022614,"21":0,"22":0.060304,"23":0,"24":0.007538,"25":0.030152,"26":0.007538,"27":0.007538,"28":0.015076,"29":0.067842,"30":0.045228,"31":0.30152,"32":0.07538,"33":0.203526,"34":0.11307,"35":0.195988,"36":1.123162,"37":0.309058,"38":0.241216,"39":0.60304,"40":0.799028,"41":20.08877,"42":16.05594,"43":0.3769,"44":0.211064,"45":0},"firefox":{"2":0.007538,"3":0,"3.5":0,"3.6":0.060304,"4":0.007538,"5":0.015076,"6":0,"7":0.015076,"8":0,"9":0,"10":0.007538,"11":0.015076,"12":0.007538,"13":0.015076,"14":0,"15":0.007538,"16":0.007538,"17":0.015076,"18":0,"19":0,"20":0,"21":0.022614,"22":0,"23":0.052766,"24":0,"25":0.007538,"26":0.022614,"27":0,"28":0.030152,"29":0,"30":0.022614,"31":0.067842,"32":0.030152,"33":0.052766,"34":0.15076,"35":0.278906,"36":1.296536,"37":5.909792,"38":0.369362,"39":0,"40":0},"opera":{"9":0,"9.5-9.6":0,"10.0-10.1":0,"10.5":0,"10.6":0,"11":0,"11.1":0,"11.5":0,"11.6":0,"12":0,"12.1":0.105532,"15":0,"16":0,"17":0,"18":0,"19":0.03769,"20":0,"21":0,"22":0,"23":0.007538,"24":0,"25":0.007538,"26":0,"27":0,"28":0.987478,"29":0.060304},"safari":{"3.1":0,"3.2":0,"4":0,"5":0.135684,"5.1":0.309058,"6":0.03769,"6.1":0.195988,"7":0.097994,"7.1":0.324134,"8":1.530214},"android":{"2.1":0,"2.2":0,"2.3":0.223770095107,"3":0,"4":0.427560717436,"4.1":1.61167747071,"4.2-4.3":2.94497428739,"4.4":4.40480776499,"4.4.3-4.4.4":1.98329566437,"40":null},"ios_saf":{"3.2":0,"4.0-4.1":0,"4.2-4.3":0,"5.0-5.1":0.0258535955801,"6.0-6.1":0.065628358011,"7.0-7.1":0.983099544751,"8":0.17169439116,"8.1-8.3":5.3530201105},"op_mob":{"10":0,"11":0,"11.1":0,"11.5":0,"12":3.90174326466e-5,"12.1":0.000156069730586,"0":0.000780348652932},"ie":{"5.5":0,"6":0.00755794179894,"7":0.0453476507937,"8":1.14124921164,"9":0.491266216931,"10":0.672656820106,"11":9.05441427513,"0":null},"ie_mob":{"10":0.266213677419,"11":0.765364322581},"bb":{"7":0.166185,"10":null},"and_uc":{"0":0.243738},"op_mini":{"5.0-8.0":0.122124564184},"and_chr":{"0":12.843628},"and_ff":{"0":0.182188}},"total":97.6653251164}