{"id":"GD","name":"Grenada","month":"2016-04","access_date":"2016-05-03","data":{"firefox":{"2":0,"3":0.006843,"3.5":0,"3.6":0.006843,"4":0.006843,"5":0,"6":0.027372,"7":0,"8":0,"9":0,"10":0,"11":0,"12":0,"13":0,"14":0,"15":0,"16":0,"17":0,"18":0,"19":0,"20":0,"21":0.006843,"22":0,"23":0,"24":0,"25":0,"26":0,"27":0,"28":0,"29":0,"30":0,"31":0.006843,"32":0,"33":0.020529,"34":0,"35":0.020529,"36":0,"37":0.006843,"38":0.034215,"39":0.130017,"40":0.034215,"41":0.041058,"42":0.130017,"43":0.177918,"44":0.218976,"45":4.557438,"46":0.458481,"47":0.006843,"48":0,"49":0},"chrome":{"4":0,"5":0,"6":0,"7":0,"8":0,"9":0,"10":0,"11":0.047901,"12":0,"13":0,"14":0,"15":0,"16":0,"17":0,"18":0,"19":0,"20":0,"21":0,"22":0.150546,"23":0,"24":0,"25":0.013686,"26":0,"27":0,"28":0,"29":0.171075,"30":0,"31":0.088959,"32":0.006843,"33":0.027372,"34":0.020529,"35":0.020529,"36":0.041058,"37":0.006843,"38":0.047901,"39":0.034215,"40":0.020529,"41":0.006843,"42":0.061587,"43":0.054744,"44":0.088959,"45":0.396894,"46":0.102645,"47":0.109488,"48":0.348993,"49":31.518858,"50":2.785101,"51":0.417423,"52":0.102645,"53":0},"opera":{"9":0,"9.5-9.6":0,"10.0-10.1":0,"10.5":0,"10.6":0,"11":0,"11.1":0,"11.5":0,"11.6":0,"12":0,"12.1":0.041058,"15":0,"16":0,"17":0,"18":0,"19":0,"20":0,"21":0,"22":0,"23":0,"24":0,"25":0.006843,"26":0,"27":0.006843,"28":0.006843,"29":0.06843,"30":0,"31":0,"32":0,"33":0.006843,"34":0.013686,"35":0.061587,"36":0.773259,"37":0,"38":0},"safari":{"3.1":0,"3.2":0,"4":0.006843,"5":0.020529,"5.1":0.13686,"6":0.013686,"6.1":0.047901,"7":0.020529,"7.1":0.006843,"8":0.301092,"9":0.732201,"9.1":1.156467,"0":null},"android":{"2.1":0,"2.2":0,"2.3":0.0450419352052,"3":0,"4":0.270251611231,"4.1":0.906468946004,"4.2-4.3":2.10852559179,"4.4":4.57457154428,"4.4.3-4.4.4":2.52234837149,"47":null},"ios_saf":{"3.2":0,"4.0-4.1":0,"4.2-4.3":0,"5.0-5.1":0,"6.0-6.1":0.019773275099,"7.0-7.1":0.203869284641,"8":0,"8.1-8.4":0.514786989646,"9.0-9.2":1.66436429368,"9.3":4.31398315694},"ie":{"5.5":0,"6":0,"7":0.00685913915094,"8":0.164619339623,"9":0.500717158019,"10":0.28808384434,"11":4.84255224057},"op_mob":{"10":0,"11":0,"11.1":0,"11.5":0,"12":0,"12.1":1.80706281834e-5,"0":0.000614401358234},"ie_mob":{"10":0.358282790698,"11":0.412025209302},"edge":{"12":0.47901,"13":2.702985,"14":0},"bb":{"7":0.19494475,"10":null},"and_uc":{"0":0.565103},"op_mini":{"5.0-8.0":0.185630528014},"and_chr":{"0":21.87056},"and_ff":{"0":0.012628}},"total":95.7477934717}