{"id":"GE","name":"Georgia","month":"2019-01","access_date":"2019-02-03","data":{"chrome":{"4":0,"5":0,"6":0,"7":0,"8":0,"9":0,"10":0,"11":0.006858,"12":0,"13":0.006858,"14":0,"15":0.006858,"16":0.006858,"17":0,"18":0.006858,"19":0.013716,"20":0.006858,"21":0.013716,"22":0.006858,"23":0.013716,"24":0.006858,"25":0.013716,"26":0.006858,"27":0.006858,"28":0,"29":0,"30":0.006858,"31":0.006858,"32":0,"33":0.006858,"34":0,"35":0.006858,"36":0.006858,"37":0.006858,"38":0.013716,"39":0.020574,"40":0.020574,"41":0.041148,"42":0.006858,"43":0.013716,"44":0.006858,"45":0.013716,"46":0.006858,"47":0.020574,"48":0.006858,"49":0.726948,"50":0.006858,"51":0.020574,"52":0.013716,"53":0.006858,"54":0.006858,"55":0.013716,"56":0.061722,"57":0.185166,"58":0.096012,"59":0.03429,"60":0.06858,"61":0.048006,"62":0.054864,"63":0.144018,"64":0.048006,"65":0.130302,"66":0.192024,"67":0.164592,"68":0.246888,"69":0.17145,"70":0.432054,"71":29.002482,"72":0.233172,"73":0.075438,"74":0,"75":0},"firefox":{"2":0,"3":0.006858,"3.5":0.013716,"3.6":0.048006,"4":0,"5":0,"6":0,"7":0,"8":0,"9":0,"10":0,"11":0,"12":0,"13":0,"14":0.006858,"15":0,"16":0,"17":0,"18":0,"19":0,"20":0,"21":0,"22":0,"23":0,"24":0.006858,"25":0,"26":0,"27":0,"28":0,"29":0,"30":0,"31":0,"32":0,"33":0,"34":0.006858,"35":0,"36":0.006858,"37":0,"38":0,"39":0,"40":0,"41":0,"42":0,"43":0.006858,"44":0,"45":0,"46":0,"47":0.006858,"48":0.006858,"49":0,"50":0.006858,"51":0,"52":0.054864,"53":0.006858,"54":0.006858,"55":0.006858,"56":0.03429,"57":0.041148,"58":0.027432,"59":0.006858,"60":0.03429,"61":0.027432,"62":0.013716,"63":0.03429,"64":1.035558,"65":0.061722,"66":0,"67":0},"opera":{"9":0,"9.5-9.6":0,"10.0-10.1":0,"10.5":0,"10.6":0.006858,"11":0,"11.1":0,"11.5":0,"11.6":0.013716,"12":0.020574,"12.1":0.054864,"15":0,"16":0,"17":0,"18":0.006858,"19":0,"20":0.006858,"21":0.006858,"22":0.013716,"23":0,"24":0,"25":0,"26":0,"27":0.013716,"28":0.006858,"29":0,"30":0,"31":0,"32":0,"33":0.006858,"34":0,"35":0.006858,"36":0.075438,"37":0.006858,"38":0.006858,"39":0,"40":0.006858,"41":0.006858,"42":0.013716,"43":0.027432,"44":0,"45":0.020574,"46":0.006858,"47":0.013716,"48":0.013716,"49":0.006858,"50":0.006858,"51":0.006858,"52":0.006858,"53":0.006858,"54":0.006858,"55":0.006858,"56":0.048006,"57":4.636008},"safari":{"3.1":0,"3.2":0,"4":0.013716,"5":0.027432,"5.1":0.006858,"6":0,"6.1":0,"7":0,"7.1":0,"8":0.006858,"9":0,"9.1":0.020574,"10":0,"10.1":0.027432,"11":0.027432,"11.1":0.06858,"12":0.336042,"0":null},"ios_saf":{"3.2":0.0066304821303434,"4.0-4.1":0.0037888469316248,"4.2-4.3":0.0018944234658124,"5.0-5.1":0.010419329061968,"6.0-6.1":0.0066304821303434,"7.0-7.1":0.020838658123936,"8":0.24816947402142,"8.1-8.4":0.045466163179497,"9.0-9.2":0.045466163179497,"9.3":0.20743936950646,"10.0-10.2":0.13639848953849,"10.3":0.28321630813895,"11.0-11.2":0.37983190489538,"11.3-11.4":0.93773961557713,"12.0-12.1":7.1277682901191},"android":{"2.1":0.0095278388998035,"2.2":0.02994463654224,"2.3":0.01497231827112,"3":0.0013611198428291,"4":0.1823900589391,"4.1":0.13611198428291,"4.2-4.3":0.35253003929273,"4.4":0,"4.4.3-4.4.4":0.65878200392927,"67":null},"op_mob":{"10":null,"11":null,"11.1":null,"11.5":null,"12":null,"12.1":null,"0":null},"ie":{"5.5":0,"6":0,"7":0,"8":0.06223635,"9":0.02074545,"10":0.02074545,"11":0.72609075},"edge":{"12":0.027432,"13":0.473202,"14":1.13157,"15":0.03429,"16":0.89154,"17":0.44577,"18":null},"samsung":{"4":0.48977869306931,"5.0-5.4":0.020407445544554,"6.2-6.4":0.081629782178218,"7.2-7.4":null,"8.2":null},"ie_mob":{"10":0.012119142857143,"11":0.15754885714286},"bb":{"7":0.0012568,"10":0.0050272},"baidu":{"0":null},"and_ff":{"0":0.06284},"and_uc":{"0":0.1571},"and_qq":{"1.2":null},"op_mini":{"0":0.47296817525773},"and_chr":{"0":39.496856}},"total":95.30514409605}