{"id":"GE","name":"Georgia","month":"2020-05","access_date":"2020-06-05","data":{"chrome":{"4":0,"5":0,"6":0,"7":0,"8":0,"9":0,"10":0,"11":0.00651,"12":0,"13":0.02604,"14":0,"15":0,"16":0,"17":0,"18":0,"19":0,"20":0,"21":0,"22":0,"23":0.00651,"24":0,"25":0,"26":0,"27":0,"28":0,"29":0,"30":0,"31":0,"32":0,"33":0,"34":0.00651,"35":0,"36":0,"37":0,"38":0.01302,"39":0.01302,"40":0,"41":0.00651,"42":0.00651,"43":0.00651,"44":0,"45":0,"46":0.01302,"47":0.01953,"48":0.02604,"49":0.32545,"50":0.00651,"51":0.01302,"52":0.00651,"53":0.01302,"54":0.00651,"55":0.00651,"56":0.01953,"57":0.01953,"58":0.01953,"59":0.01953,"60":0.00651,"61":0.00651,"62":0.00651,"63":0.05207,"64":0.01302,"65":0.01953,"66":0.01302,"67":0.03905,"68":0.02604,"69":0.01953,"70":0.16273,"71":0.22131,"72":0.06509,"73":0.05858,"74":0.06509,"75":0.07811,"76":0.09764,"77":0.09113,"78":0.16923,"79":0.26036,"80":0.66392,"81":24.48035,"83":3.98351,"84":0.05207,"85":0.00651,"86":null},"firefox":{"2":0,"3":0,"3.5":0,"3.6":0,"4":0,"5":0,"6":0,"7":0,"8":0,"9":0,"10":0,"11":0,"12":0,"13":0,"14":0,"15":0,"16":0,"17":0,"18":0,"19":0,"20":0,"21":0,"22":0,"23":0,"24":0,"25":0,"26":0,"27":0,"28":0,"29":0,"30":0,"31":0,"32":0,"33":0,"34":0,"35":0,"36":0,"37":0,"38":0,"39":0,"40":0,"41":0,"42":0,"43":0,"44":0,"45":0,"46":0,"47":0.00651,"48":0,"49":0,"50":0,"51":0,"52":0.01302,"53":0,"54":0,"55":0,"56":0,"57":0.00651,"58":0.00651,"59":0,"60":0,"61":0,"62":0,"63":0.01953,"64":0.0716,"65":0.00651,"66":0,"67":0.00651,"68":0.05858,"69":0.00651,"70":0,"71":0.00651,"72":0.00651,"73":0.00651,"74":0.02604,"75":0.27338,"76":0.89824,"77":0.00651,"78":0},"opera":{"9":0,"9.5-9.6":0,"10.0-10.1":0,"10.5":0,"10.6":0,"11":0,"11.1":0,"11.5":0,"11.6":0,"12":0,"12.1":0,"15":0,"16":0,"17":0,"18":0,"19":0,"20":0,"21":0,"22":0.00651,"23":0,"24":0,"25":0,"26":0,"27":0,"28":0,"29":0,"30":0,"31":0,"32":0,"33":0,"34":0,"35":0.00651,"36":0.01302,"37":0,"38":0,"39":0,"40":0.00651,"41":0,"42":0.00651,"43":0.00651,"44":0,"45":0.00651,"46":0.01302,"47":0.00651,"48":0.00651,"49":0,"50":0,"51":0,"52":0,"53":0.00651,"54":0,"55":0,"56":0.00651,"57":0.00651,"58":0.00651,"60":0.01302,"62":0,"63":0.00651,"64":0,"65":0.00651,"66":0.01953,"67":0.25385,"68":3.57995},"ios_saf":{"3.2":0.0012,"4.0-4.1":0,"4.2-4.3":0.0012,"5.0-5.1":0.00841,"6.0-6.1":0.0024,"7.0-7.1":0.00841,"8":0,"8.1-8.4":0.01563,"9.0-9.2":0.01202,"9.3":0.12021,"10.0-10.2":0.03005,"10.3":0.12742,"11.0-11.2":0.09015,"11.3-11.4":0.12982,"12.0-12.1":0.19353,"12.2-12.4":1.22129,"13.0-13.1":0.26085,"13.2":0.12862,"13.3":4.319,"13.4-13.5":5.08591},"safari":{"3.1":0,"3.2":0,"4":0,"5":0,"5.1":0.03905,"6":0,"6.1":0,"7":0,"7.1":0,"8":0.00651,"9":0,"9.1":0.02604,"10":0,"10.1":0.00651,"11":0,"11.1":0.03255,"12":0.02604,"12.1":0.08462,"13":0.25385,"13.1":0.63788,"0":null},"edge":{"12":0.01302,"13":0.22782,"14":0.39705,"15":0.03255,"16":0.33196,"17":0.05207,"18":1.09351,"79":null,"80":null,"81":null,"83":null},"android":{"2.1":0,"2.2":0,"2.3":0.00203,"3":0,"4":0.02435,"4.1":0.04869,"4.2-4.3":0.08318,"4.4":0,"4.4.3-4.4.4":0.4788,"81":null},"samsung":{"4":0.45639,"5.0-5.4":0,"6.2-6.4":0.01014,"7.2-7.4":0.08114,"8.2":0.03043,"9.2":0.13185,"10.1":0.14199,"11.1":1.50101},"ie":{"5.5":0,"6":0,"7":0,"8":0.04114,"9":0.01646,"10":0.00823,"11":0.37028},"op_mob":{"10":null,"11":null,"11.1":null,"11.5":null,"12":null,"12.1":null,"0":null},"bb":{"7":0,"10":0.00698},"ie_mob":{"10":0,"11":0},"and_ff":{"0":0.06284},"and_qq":{"10.4":0.00349},"and_uc":{"0":0.11869},"op_mini":{"0":0.33051},"and_chr":{"0":41.12556},"kaios":{"2.5":0},"baidu":{"0":null}},"total":96.76315}