{"id":"GE","name":"Georgia","month":"2014-12","access_date":"2015-01-01","data":{"chrome":{"4":0.08792,"5":0.096712,"6":0.026376,"7":0.017584,"8":0.052752,"9":0.052752,"10":0.035168,"11":0.052752,"12":0.167048,"13":0.026376,"14":0.035168,"15":0.140672,"16":0.052752,"17":0.079128,"18":0.04396,"19":null,"20":0.008792,"21":0.026376,"22":0.061544,"23":0.026376,"24":0.105504,"25":0.035168,"26":0.052752,"27":0.096712,"28":0.167048,"29":0.070336,"30":0.070336,"31":0.272552,"32":0.193424,"33":0.896784,"34":0.404432,"35":0.782488,"36":1.433096,"37":0.993496,"38":1.36276,"39":53.288312,"40":0.167048,"41":0.430808,"42":null},"firefox":{"2":null,"3":0.008792,"3.5":0.017584,"3.6":0.096712,"4":null,"5":null,"6":null,"7":0.008792,"8":0.008792,"9":0.008792,"10":null,"11":0.026376,"12":0.035168,"13":0.008792,"14":0.035168,"15":null,"16":0.017584,"17":0.017584,"18":0.017584,"19":0.008792,"20":0.052752,"21":0.008792,"22":0.017584,"23":0.008792,"24":0.017584,"25":0.026376,"26":0.035168,"27":0.017584,"28":0.035168,"29":0.026376,"30":0.061544,"31":0.114296,"32":0.123088,"33":1.248464,"34":3.47284,"35":0.123088,"36":0.008792,"37":null},"opera":{"9":null,"9.5-9.6":null,"10.0-10.1":0.035168,"10.5":0.008792,"10.6":0.017584,"11":0.026376,"11.1":0.026376,"11.5":0.026376,"11.6":0.061544,"12":0.140672,"12.1":2.496928,"15":0.342888,"16":0.17584,"17":0.158256,"18":0.290136,"19":0.158256,"20":0.465976,"21":0.184632,"22":0.061544,"23":0.052752,"24":0.08792,"25":0.114296,"26":9.020592,"27":0.13188,"28":0.017584},"android":{"2.1":0,"2.2":0.00177819981518,"2.3":0.0500118698018,"3":0,"4":0.10313558928,"4.1":0.316075017148,"4.2-4.3":0.503452822672,"4.4":0.844867187186,"4.4.3-4.4.4":0.345415314098,"37":0},"safari":{"3.1":null,"3.2":null,"4":0,"5":0.035168,"5.1":0.114296,"6":0.026376,"6.1":0.070336,"7":0.096712,"7.1":0.105504,"8":0.342888},"ios_saf":{"3.2":0,"4.0-4.1":0,"4.2-4.3":0,"5.0-5.1":0.0176124145681,"6.0-6.1":0.0728377822815,"7.0-7.1":0.862709798335,"8":0.244484195445,"8.1":1.77765980937},"op_mob":{"10":0,"11":0,"11.1":0,"11.5":0,"12":0.00198401294498,"12.1":0.00992006472492,"0":null},"ie":{"5.5":null,"6":0.00887073432836,"7":0.0177414686567,"8":0.718529480597,"9":0.292734232836,"10":0.266122029851,"11":1.66769805373,"0":null},"bb":{"7":0.01057,"10":null},"ie_mob":{"10":0.21148456,"11":null},"op_mini":{"5.0-8.0":1.38937592233},"and_chr":{"0":4.4782},"and_ff":{"0":0.050736},"and_uc":{"0":0.233144}},"total":97.01886256}