{"id":"GF","name":"French Guiana","month":"2014-11","access_date":"2014-12-01","data":{"chrome":{"4":0.0153,"5":null,"6":null,"7":null,"8":null,"9":null,"10":0.0153,"11":0.16065,"12":0.0459,"13":null,"14":0.00765,"15":null,"16":null,"17":null,"18":null,"19":null,"20":null,"21":null,"22":0.02295,"23":0.3978,"24":0.05355,"25":0.0306,"26":0.05355,"27":0.0306,"28":0.06885,"29":0.2295,"30":0.0918,"31":0.459,"32":0.08415,"33":0.34425,"34":0.3672,"35":0.4437,"36":1.01745,"37":0.95625,"38":21.38175,"39":7.81065,"40":0.14535,"41":0.05355,"42":null},"firefox":{"2":0.0153,"3":null,"3.5":0.00765,"3.6":0.0459,"4":null,"5":0.00765,"6":null,"7":null,"8":0.0153,"9":0.00765,"10":0.02295,"11":0.0459,"12":0.06885,"13":null,"14":0.0153,"15":0.02295,"16":0.03825,"17":0.0612,"18":0.0612,"19":0.0306,"20":0.02295,"21":0.0153,"22":0.0612,"23":0.0306,"24":0.08415,"25":0.0153,"26":0.0765,"27":0.03825,"28":0.0306,"29":0.0612,"30":0.1683,"31":0.39015,"32":2.1114,"33":15.58305,"34":0.32895,"35":null,"36":null},"opera":{"9":null,"9.5-9.6":null,"10.0-10.1":0,"10.5":null,"10.6":null,"11":null,"11.1":null,"11.5":null,"11.6":null,"12":0.02295,"12.1":0.05355,"15":null,"16":null,"17":null,"18":0.1071,"19":null,"20":null,"21":null,"22":null,"23":0.0153,"24":null,"25":0.43605,"26":0.1071,"27":null,"28":null},"android":{"2.1":0,"2.2":0.0130144034576,"2.3":0.182201648407,"3":0.0057841793145,"4":0.375971655443,"4.1":1.22913810433,"4.2-4.3":1.71645521158,"4.4":2.64409296914,"4.4.3-4.4.4":1.02669182832,"37":0},"safari":{"3.1":null,"3.2":null,"4":0.02295,"5":0.2142,"5.1":0.7344,"6":0.1071,"6.1":0.66555,"7":0.3825,"7.1":0.8109,"8":1.20105},"ios_saf":{"3.2":0,"4.0-4.1":0,"4.2-4.3":0,"5.0-5.1":0.0229944589309,"6.0-6.1":0.103651945642,"7.0-7.1":1.25160608765,"8":0.475100897603,"8.1":1.67399661017},"op_mob":{"10":0,"11":0,"11.1":0,"11.5":0,"12":0.00158093070309,"12.1":0.00790465351543,"0":null},"ie":{"5.5":null,"6":0.00777422734416,"7":0.0544195914091,"8":0.886261917234,"9":1.15058564694,"10":2.16123520168,"11":10.5807234154},"bb":{"7":0.0182125,"10":null},"ie_mob":{"10":0.209291,"11":null},"and_chr":{"0":13.5321},"and_ff":{"0":0.2209},"and_uc":{"0":0.07285},"op_mini":{"5.0-8.0":0.437014415781}},"total":98.7141035}