{"id":"GF","name":"French Guiana","month":"2015-09","access_date":"2015-10-02","data":{"firefox":{"2":0,"3":0.022533,"3.5":0,"3.6":0.037555,"4":0,"5":0,"6":0.007511,"7":0.007511,"8":0,"9":0,"10":0.052577,"11":0.007511,"12":0.007511,"13":0,"14":0,"15":0.007511,"16":0.037555,"17":0.007511,"18":0,"19":0.007511,"20":0.022533,"21":0,"22":0.007511,"23":0,"24":0.037555,"25":0,"26":0.127687,"27":0.015022,"28":0.015022,"29":0.015022,"30":0.015022,"31":0.067599,"32":0.060088,"33":0.07511,"34":0.097643,"35":0.037555,"36":0.022533,"37":0.262885,"38":0.7511,"39":0.398083,"40":11.469297,"41":0.848743,"42":0.030044,"43":0,"44":0},"chrome":{"4":0,"5":0.007511,"6":0,"7":0,"8":0,"9":0,"10":0,"11":0.045066,"12":0.135198,"13":0,"14":0,"15":0,"16":0,"17":0,"18":0.007511,"19":0,"20":0,"21":0.015022,"22":0.022533,"23":0.052577,"24":0.007511,"25":0.007511,"26":0.037555,"27":0.007511,"28":0.022533,"29":0.052577,"30":0.015022,"31":0.337995,"32":0.015022,"33":0.052577,"34":0.097643,"35":0.07511,"36":0.142709,"37":0.045066,"38":0.045066,"39":0.120176,"40":0.345506,"41":0.045066,"42":0.45066,"43":1.20176,"44":3.710434,"45":22.412824,"46":0.07511,"47":0.037555,"48":0},"opera":{"9":0,"9.5-9.6":0,"10.0-10.1":0,"10.5":0,"10.6":0,"11":0,"11.1":0,"11.5":0,"11.6":0,"12":0,"12.1":0.135198,"15":0,"16":0,"17":0,"18":0,"19":0,"20":0,"21":0,"22":0,"23":0,"24":0,"25":0,"26":0,"27":0.030044,"28":0.007511,"29":0.007511,"30":0.022533,"31":0.435638,"32":0.330484,"33":0,"34":0},"safari":{"3.1":0,"3.2":0,"4":0.037555,"5":0.060088,"5.1":0.360528,"6":0.030044,"6.1":0.22533,"7":0.135198,"7.1":0.668479,"8":2.185701,"9":0.030044},"android":{"2.1":0,"2.2":0,"2.3":0.0658674225996,"3":0,"4":0.199660624755,"4.1":0.69469547273,"4.2-4.3":1.47172522371,"4.4":2.61205497747,"4.4.3-4.4.4":1.25868527874,"44":null},"ios_saf":{"3.2":0,"4.0-4.1":0,"4.2-4.3":0,"5.0-5.1":0.0178603570275,"6.0-6.1":0.0162366882068,"7.0-7.1":0.518762188207,"8":0.0722532625202,"8.1-8.4":5.08451891195,"9":2.33077659208},"op_mob":{"10":0,"11":0,"11.1":0,"11.5":0,"12":0.00182411798839,"12.1":0.00364823597679,"0":0.0638441295938},"ie":{"5.5":0,"6":0.031387916501,"7":0.0156939582505,"8":2.90338227634,"9":0.698381142147,"10":0.886708641153,"11":10.3580124453},"bb":{"7":0.30428025,"10":null},"ie_mob":{"10":0.073930027027,"11":0.316842972973},"and_uc":{"0":1.503356},"op_mini":{"5.0-8.0":0.709740516441},"and_chr":{"0":14.508143},"and_ff":{"0":0.136895},"edge":{"12":1.149183,"13":null}},"total":96.9350046297}