{"id":"GF","name":"French Guiana","month":"2021-07","access_date":"2021-08-04","data":{"firefox":{"2":null,"3":null,"3.5":null,"3.6":null,"4":null,"5":null,"6":null,"7":null,"8":null,"9":null,"10":null,"11":null,"12":null,"13":null,"14":null,"15":null,"16":null,"17":null,"18":null,"19":null,"20":null,"21":null,"22":null,"23":null,"24":null,"25":null,"26":null,"27":null,"28":null,"29":null,"30":null,"31":null,"32":null,"33":null,"34":null,"35":0.00872,"36":null,"37":null,"38":null,"39":null,"40":null,"41":null,"42":null,"43":null,"44":null,"45":null,"46":null,"47":null,"48":null,"49":0.02617,"50":null,"51":null,"52":0.02617,"53":null,"54":null,"55":null,"56":null,"57":null,"58":null,"59":null,"60":0.00436,"61":null,"62":null,"63":null,"64":null,"65":null,"66":null,"67":null,"68":null,"69":null,"70":null,"71":0.00436,"72":0.00436,"73":null,"74":null,"75":null,"76":null,"77":0.00436,"78":0.12647,"79":null,"80":null,"81":null,"82":0.02181,"83":0.02181,"84":0.00872,"85":0.01308,"86":0.00872,"87":null,"88":0.04361,"89":2.28953,"90":1.43913,"91":null,"92":null},"chrome":{"4":null,"5":null,"6":null,"7":null,"8":null,"9":null,"10":null,"11":null,"12":null,"13":null,"14":null,"15":null,"16":null,"17":null,"18":null,"19":null,"20":null,"21":null,"22":null,"23":null,"24":null,"25":null,"26":null,"27":null,"28":null,"29":null,"30":null,"31":null,"32":null,"33":null,"34":null,"35":null,"36":null,"37":null,"38":null,"39":null,"40":null,"41":null,"42":null,"43":null,"44":null,"45":0.00436,"46":null,"47":null,"48":null,"49":0.38377,"50":null,"51":null,"52":null,"53":null,"54":null,"55":null,"56":null,"57":0.19625,"58":0.00436,"59":null,"60":null,"61":null,"62":null,"63":0.1788,"64":null,"65":0.00872,"66":null,"67":0.00872,"68":null,"69":0.00872,"70":null,"71":null,"72":null,"73":null,"74":null,"75":null,"76":null,"77":null,"78":0.01744,"79":0.01308,"80":null,"81":0.00872,"83":0.01744,"84":null,"85":null,"86":0.02617,"87":0.03053,"88":3.43211,"89":0.3576,"90":0.14827,"91":15.1632,"92":3.23586,"93":0.05669,"94":null,"95":null},"opera":{"9":null,"9.5-9.6":null,"10.0-10.1":0,"10.5":null,"10.6":null,"11":null,"11.1":null,"11.5":null,"11.6":null,"12":null,"12.1":null,"15":null,"16":null,"17":null,"18":null,"19":null,"20":null,"21":null,"22":null,"23":null,"24":null,"25":null,"26":null,"27":null,"28":null,"29":null,"30":null,"31":null,"32":null,"33":null,"34":null,"35":null,"36":null,"37":null,"38":null,"39":null,"40":null,"41":null,"42":null,"43":null,"44":null,"45":null,"46":null,"47":null,"48":null,"49":null,"50":null,"51":null,"52":null,"53":null,"54":null,"55":null,"56":null,"57":null,"58":null,"60":null,"62":null,"63":null,"64":null,"65":null,"66":null,"67":null,"68":null,"69":null,"70":null,"71":null,"72":null,"73":null,"74":null,"75":null,"76":0.0785,"77":1.77929},"ios_saf":{"3.2":0,"4.0-4.1":0,"4.2-4.3":0,"5.0-5.1":0,"6.0-6.1":0.00731,"7.0-7.1":0,"8":0,"8.1-8.4":0.00585,"9.0-9.2":0,"9.3":0.18266,"10.0-10.2":0.00292,"10.3":0.74232,"11.0-11.2":0.01754,"11.3-11.4":0.02484,"12.0-12.1":0.11106,"12.2-12.4":0.07306,"13.0-13.1":0.0906,"13.2":0.01023,"13.3":0.05261,"13.4-13.7":0.49829,"14.0-14.4":2.20357,"14.5-14.7":10.21564},"safari":{"3.1":null,"3.2":null,"4":0,"5":null,"5.1":0.00872,"6":null,"6.1":null,"7":null,"7.1":null,"8":null,"9":null,"9.1":null,"10":null,"10.1":0.06542,"11":null,"11.1":0.02617,"12":0.02617,"12.1":0.22241,"13":0.00872,"13.1":0.32271,"14":0.68904,"14.1":2.1805,"15":0.05233,"0":null},"edge":{"12":0.03925,"13":null,"14":null,"15":null,"16":0.00436,"17":0.03053,"18":0.06542,"79":null,"80":0.00872,"81":null,"83":null,"84":null,"85":null,"86":0.00436,"87":null,"88":null,"89":0.01308,"90":0.04361,"91":5.37275,"92":1.12078},"samsung":{"4":0.06355,"5.0-5.4":0.02118,"6.2-6.4":0.0819,"7.2-7.4":0.06305,"8.2":0.03071,"9.2":0.01051,"10.1":0.01051,"11.1-11.2":0.18916,"12.0":0.04204,"13.0":0.24171,"14.0":2.88999},"android":{"2.1":0,"2.2":0,"2.3":0,"3":0,"4":0,"4.1":0.00039,"4.2-4.3":0.00354,"4.4":0,"4.4.3-4.4.4":0.01298,"0":0},"op_mob":{"10":null,"11":null,"11.1":null,"11.5":null,"12":null,"12.1":null,"0":null},"ie":{"5.5":null,"6":null,"7":null,"8":null,"9":null,"10":null,"11":0.69776},"bb":{"7":0,"10":0},"ie_mob":{"10":null,"11":0.01518},"and_chr":{"0":41.0209},"kaios":{"2.5":0.02256},"baidu":{"0":null},"and_ff":{"0":0.25939},"and_qq":{"10.4":0},"and_uc":{"0":0.0282},"op_mini":{"0":0.08008}},"total":99.53882}