{"id":"GF","name":"French Guiana","month":"2021-10","access_date":"2021-11-04","data":{"firefox":{"2":null,"3":null,"3.5":null,"3.6":null,"4":null,"5":null,"6":null,"7":null,"8":null,"9":null,"10":null,"11":null,"12":null,"13":null,"14":null,"15":null,"16":null,"17":null,"18":null,"19":null,"20":null,"21":null,"22":null,"23":null,"24":null,"25":null,"26":null,"27":null,"28":null,"29":null,"30":null,"31":null,"32":null,"33":null,"34":null,"35":0.03811,"36":null,"37":null,"38":null,"39":null,"40":null,"41":null,"42":null,"43":0.01429,"44":null,"45":null,"46":null,"47":null,"48":null,"49":null,"50":null,"51":null,"52":0.02858,"53":null,"54":null,"55":null,"56":null,"57":null,"58":null,"59":null,"60":0.00953,"61":null,"62":null,"63":null,"64":null,"65":null,"66":null,"67":null,"68":0.06193,"69":null,"70":null,"71":null,"72":0.03335,"73":0.00476,"74":null,"75":null,"76":null,"77":null,"78":0.2382,"79":null,"80":null,"81":0.01429,"82":0.00953,"83":0.00953,"84":0.00476,"85":0.10957,"86":0.00953,"87":0.00953,"88":0.01906,"89":0.01906,"90":0.00953,"91":0.04764,"92":1.54354,"93":4.07798,"94":null,"95":null},"chrome":{"4":null,"5":null,"6":null,"7":null,"8":null,"9":null,"10":null,"11":null,"12":null,"13":null,"14":null,"15":null,"16":null,"17":null,"18":null,"19":null,"20":null,"21":null,"22":null,"23":null,"24":null,"25":null,"26":null,"27":null,"28":null,"29":null,"30":null,"31":null,"32":null,"33":null,"34":null,"35":null,"36":null,"37":null,"38":null,"39":null,"40":null,"41":null,"42":null,"43":null,"44":null,"45":null,"46":null,"47":0.01906,"48":null,"49":0.38112,"50":null,"51":null,"52":null,"53":null,"54":null,"55":null,"56":null,"57":0.03811,"58":null,"59":null,"60":null,"61":null,"62":null,"63":0.07622,"64":null,"65":0.03811,"66":null,"67":0.01429,"68":null,"69":0.00476,"70":null,"71":null,"72":null,"73":null,"74":null,"75":null,"76":0.01429,"77":0.00476,"78":0.01429,"79":0.03335,"80":null,"81":0.01429,"83":null,"84":0.01429,"85":null,"86":0.00953,"87":0.03335,"88":0.03335,"89":0.01906,"90":0.03811,"91":0.17627,"92":0.35254,"93":1.77697,"94":17.42671,"95":4.33048,"96":0.01429,"97":0.00476,"98":null},"opera":{"9":null,"9.5-9.6":null,"10.0-10.1":0,"10.5":null,"10.6":null,"11":null,"11.1":null,"11.5":null,"11.6":null,"12":null,"12.1":null,"15":null,"16":null,"17":null,"18":null,"19":null,"20":null,"21":null,"22":null,"23":null,"24":null,"25":null,"26":null,"27":null,"28":null,"29":null,"30":null,"31":null,"32":null,"33":null,"34":null,"35":null,"36":0.00953,"37":null,"38":null,"39":null,"40":null,"41":null,"42":null,"43":null,"44":null,"45":null,"46":0.00953,"47":null,"48":null,"49":null,"50":null,"51":null,"52":null,"53":null,"54":null,"55":null,"56":null,"57":null,"58":null,"60":null,"62":null,"63":null,"64":null,"65":null,"66":null,"67":null,"68":null,"69":null,"70":null,"71":null,"72":null,"73":null,"74":null,"75":null,"76":null,"77":null,"78":0.04764,"79":0.63838,"80":0.30013},"ios_saf":{"3.2":0,"4.0-4.1":0,"4.2-4.3":0,"5.0-5.1":0,"6.0-6.1":0,"7.0-7.1":0.04363,"8":0,"8.1-8.4":0,"9.0-9.2":0.00485,"9.3":0.1115,"10.0-10.2":0.00485,"10.3":0.12484,"11.0-11.2":0.22422,"11.3-11.4":0.01454,"12.0-12.1":0.21089,"12.2-12.5":0.39026,"13.0-13.1":0.0509,"13.2":0.00364,"13.3":0.03151,"13.4-13.7":0.16847,"14.0-14.4":0.77205,"14.5-14.8":7.02598,"15":2.94153},"edge":{"12":0.07622,"13":null,"14":0.01429,"15":0.00953,"16":0.00953,"17":0.01429,"18":0.07146,"79":null,"80":null,"81":null,"83":null,"84":0.04288,"85":null,"86":null,"87":0.00953,"88":0.00953,"89":0.00476,"90":0.02382,"91":0.02858,"92":0.0667,"93":0.21914,"94":6.93638,"95":1.30057},"safari":{"3.1":null,"3.2":null,"4":0,"5":null,"5.1":null,"6":null,"6.1":null,"7":null,"7.1":null,"8":null,"9":null,"9.1":0.01429,"10":null,"10.1":0.03335,"11":0.00476,"11.1":0.1191,"12":0.00953,"12.1":0.13339,"13":0.10004,"13.1":0.33824,"14":0.51928,"14.1":1.70075,"15":1.29581,"0":null},"samsung":{"4":0.01039,"5.0-5.4":0.01022,"6.2-6.4":0.05112,"7.2-7.4":0.10394,"8.2":0.02045,"9.2":0.01039,"10.1":0.08179,"11.1-11.2":0.18709,"12.0":0.01039,"13.0":0.18709,"14.0":0.14551,"15.0":2.68157},"android":{"2.1":0,"2.2":0,"2.3":0,"3":0,"4":0,"4.1":0,"4.2-4.3":0.00145,"4.4":0,"4.4.3-4.4.4":0.01426,"0":0},"op_mob":{"10":null,"11":null,"11.1":null,"11.5":null,"12":null,"12.1":null,"0":null},"ie":{"5.5":null,"6":null,"7":null,"8":null,"9":null,"10":null,"11":0.46687},"bb":{"7":0,"10":0},"ie_mob":{"10":null,"11":null},"baidu":{"0":null},"and_ff":{"0":0.37706},"and_qq":{"10.4":0},"and_uc":{"0":0.03142},"op_mini":{"0":0.04958},"and_chr":{"0":37.84308},"kaios":{"2.5":0}},"total":99.71295}