{"id":"GF","name":"French Guiana","month":"2020-11","access_date":"2020-12-04","data":{"firefox":{"2":0,"3":0,"3.5":0,"3.6":0,"4":0,"5":0,"6":0,"7":0,"8":0,"9":0,"10":0,"11":0,"12":0,"13":0,"14":0,"15":0,"16":0,"17":0,"18":0,"19":0,"20":0,"21":0,"22":0,"23":0,"24":0,"25":0,"26":0,"27":0,"28":0,"29":0,"30":0,"31":0,"32":0,"33":0,"34":0,"35":0.00553,"36":0,"37":0,"38":0,"39":0,"40":0,"41":0,"42":0,"43":0,"44":0,"45":0,"46":0,"47":0,"48":0.01106,"49":0.02213,"50":0,"51":0,"52":0.02213,"53":0,"54":0,"55":0,"56":0,"57":0,"58":0,"59":0,"60":0.01106,"61":0,"62":0.03319,"63":0,"64":0.02213,"65":0,"66":0,"67":0,"68":0.02213,"69":0.00553,"70":0,"71":0.00553,"72":0.01106,"73":0,"74":0.01106,"75":0,"76":0,"77":0.00553,"78":0.1383,"79":0.0166,"80":0.0166,"81":0.06638,"82":1.57662,"83":0.72469,"84":0,"85":0},"chrome":{"4":0,"5":0,"6":0,"7":0,"8":0,"9":0,"10":0,"11":0,"12":0,"13":0,"14":0,"15":0,"16":0,"17":0,"18":0,"19":0,"20":0,"21":0,"22":0,"23":0,"24":0,"25":0,"26":0,"27":0,"28":0,"29":0,"30":0,"31":0,"32":0,"33":0,"34":0,"35":0,"36":0,"37":0,"38":0,"39":0,"40":0,"41":0,"42":0,"43":0,"44":0,"45":0,"46":0,"47":0.00553,"48":0,"49":0.47022,"50":0,"51":0,"52":0,"53":0,"54":0,"55":0,"56":0,"57":0.08298,"58":0.00553,"59":0,"60":0,"61":0,"62":0,"63":0.08298,"64":0,"65":0,"66":0,"67":0.0166,"68":0,"69":0,"70":0.02213,"71":0,"72":0,"73":0.03319,"74":0.00553,"75":0,"76":0.07745,"77":0.00553,"78":0.06638,"79":0.02766,"80":0.18256,"81":0.0166,"83":1.30555,"84":0.12724,"85":0.27107,"86":8.95078,"87":1.58215,"88":0.00553,"89":0,"90":0},"opera":{"9":0,"9.5-9.6":0,"10.0-10.1":0,"10.5":0,"10.6":0,"11":0,"11.1":0,"11.5":0,"11.6":0,"12":0,"12.1":0,"15":0,"16":0,"17":0,"18":0,"19":0,"20":0,"21":0,"22":0,"23":0,"24":0,"25":0,"26":0,"27":0,"28":0,"29":0,"30":0,"31":0,"32":0,"33":0,"34":0,"35":0,"36":0,"37":0,"38":0,"39":0,"40":0,"41":0,"42":0,"43":0,"44":0,"45":0,"46":0.01106,"47":0,"48":0,"49":0,"50":0,"51":0,"52":0,"53":0,"54":0,"55":0,"56":0,"57":0,"58":0,"60":0,"62":0,"63":0,"64":0,"65":0,"66":0,"67":0,"68":0,"69":0,"70":0,"71":0.03872,"72":0.09404},"ios_saf":{"3.2":0.0412,"4.0-4.1":0.04635,"4.2-4.3":0,"5.0-5.1":0.00687,"6.0-6.1":0,"7.0-7.1":0.01202,"8":0,"8.1-8.4":0.02403,"9.0-9.2":0.01202,"9.3":0.24721,"10.0-10.2":0.03605,"10.3":0.25923,"11.0-11.2":0.10129,"11.3-11.4":0.15107,"12.0-12.1":0.19228,"12.2-12.4":1.53649,"13.0-13.1":0.12532,"13.2":0.05665,"13.3":0.43949,"13.4-13.7":1.99487,"14.0-14.2":10.26961},"safari":{"3.1":0,"3.2":0,"4":0,"5":0,"5.1":0.05532,"6":0,"6.1":0,"7":0,"7.1":0,"8":0,"9":0,"9.1":0.00553,"10":0,"10.1":0.06085,"11":0.00553,"11.1":0.0166,"12":0.02213,"12.1":0.17149,"13":0.05532,"13.1":0.40937,"14":1.72045,"0":null},"edge":{"12":0,"13":0,"14":0.01106,"15":0.00553,"16":0.01106,"17":0.04426,"18":0.24341,"79":0,"80":0,"81":0,"83":0,"84":0.00553,"85":0.13277,"86":1.98046,"87":8.07119},"samsung":{"4":0.02078,"5.0-5.4":0,"6.2-6.4":0,"7.2-7.4":0.08314,"8.2":0,"9.2":0.08314,"10.1":0.02078,"11.1-11.2":0.20784,"12.0":2.36938,"13.0":0.46764},"android":{"2.1":0,"2.2":0,"2.3":0.00101,"3":0,"4":0.0523,"4.1":0.07644,"4.2-4.3":0.01911,"4.4":0,"4.4.3-4.4.4":0.19009,"81":null},"op_mob":{"10":null,"11":null,"11.1":null,"11.5":null,"12":null,"12.1":null,"0":null},"ie":{"5.5":0,"6":0,"7":0,"8":0,"9":0,"10":0,"11":0.44256},"bb":{"7":0,"10":0.00447},"ie_mob":{"10":0,"11":0.00447},"kaios":{"2.5":0},"baidu":{"0":null},"and_ff":{"0":0.5585},"and_qq":{"10.4":0.04468},"and_uc":{"0":0.04915},"op_mini":{"0":0.02961},"and_chr":{"0":48.22732}},"total":97.74659}