{"id":"GF","name":"French Guiana","month":"2018-02","access_date":"2018-03-05","data":{"chrome":{"4":0,"5":0,"6":0,"7":0,"8":0,"9":0,"10":0,"11":0,"12":0,"13":0,"14":0,"15":0,"16":0,"17":0,"18":0,"19":0,"20":0,"21":0,"22":0,"23":0,"24":0,"25":0,"26":0,"27":0,"28":0,"29":0,"30":0,"31":0,"32":0.005252,"33":0,"34":0,"35":0,"36":0,"37":0,"38":0,"39":0,"40":0.005252,"41":0,"42":0,"43":0.005252,"44":0,"45":0.015756,"46":0,"47":0.005252,"48":0.010504,"49":0.162812,"50":0.015756,"51":0.005252,"52":0,"53":0.005252,"54":0.005252,"55":0.068276,"56":0.047268,"57":0.10504,"58":0.063024,"59":0.021008,"60":0.036764,"61":0.168064,"62":0.15756,"63":7.11646,"64":6.428448,"65":0.07878,"66":0.005252,"67":0},"firefox":{"2":0,"3":0,"3.5":0,"3.6":0.005252,"4":0,"5":0,"6":0,"7":0,"8":0,"9":0,"10":0,"11":0,"12":0.015756,"13":0,"14":0,"15":0.005252,"16":0,"17":0,"18":0,"19":0,"20":0,"21":0,"22":0,"23":0,"24":0,"25":0,"26":0.010504,"27":0.005252,"28":0,"29":0,"30":0,"31":0,"32":0.005252,"33":0.005252,"34":0,"35":0.015756,"36":0,"37":0,"38":0.005252,"39":0,"40":0,"41":0,"42":0,"43":0.010504,"44":0.005252,"45":0.005252,"46":0.005252,"47":0.015756,"48":0.430664,"49":0.005252,"50":0.015756,"51":0.02626,"52":0.068276,"53":0.005252,"54":0.036764,"55":0.005252,"56":0.031512,"57":0.215332,"58":3.140696,"59":0,"60":0.005252,"61":0},"opera":{"9":0,"9.5-9.6":0,"10.0-10.1":0,"10.5":0,"10.6":0,"11":0,"11.1":0,"11.5":0,"11.6":0,"12":0,"12.1":0,"15":0,"16":0,"17":0,"18":0,"19":0,"20":0,"21":0,"22":0,"23":0,"24":0,"25":0,"26":0,"27":0,"28":0,"29":0,"30":0,"31":0,"32":0.042016,"33":0,"34":0,"35":0,"36":0.005252,"37":0,"38":0,"39":0,"40":0,"41":0,"42":0,"43":0,"44":0,"45":0.031512,"46":0,"47":0,"48":0.010504,"49":0,"50":0.34138,"51":0.126048,"52":0},"safari":{"3.1":0,"3.2":0,"4":0,"5":0.005252,"5.1":0.021008,"6":0,"6.1":0.015756,"7":0,"7.1":0,"8":0.021008,"9":0.005252,"9.1":0.414908,"10":0.047268,"10.1":0.189072,"11":1.643876,"11.1":0,"0":null},"ios_saf":{"3.2":0.0014251563469,"4.0-4.1":0,"4.2-4.3":0.0128264071221,"5.0-5.1":0.0213773452036,"6.0-6.1":0.0128264071221,"7.0-7.1":0.0627068792638,"8":0.0313534396319,"8.1-8.4":0.11971313314,"9.0-9.2":0.10118610063,"9.3":0.56151160068,"10.0-10.2":0.728254893268,"10.3":1.59189963949,"11.0-11.2":11.0022069981,"11.3":null},"android":{"2.1":0,"2.2":0,"2.3":0,"3":0,"4":0,"4.1":0.0689680576497,"4.2-4.3":0.20014259867,"4.4":0.588256962306,"4.4.3-4.4.4":0.362420381375,"62":null},"op_mob":{"10":null,"11":null,"11.1":null,"11.5":null,"12":null,"12.1":null,"0":null},"ie":{"5.5":0,"6":0.00594497222222,"7":0,"8":0.0237798888889,"9":0.0118899444444,"10":0.05350475,"11":1.61703244444},"edge":{"12":0.042016,"13":0.07878,"14":0.15756,"15":0.540956,"16":1.060904,"17":0},"samsung":{"4":0.704352611111,"5":0.234784203704,"6.2":3.67117118519},"bb":{"7":0.0018992,"10":0.0075968},"ie_mob":{"10":0,"11":0.04748},"op_mini":{"0":0.445014865979},"and_chr":{"0":50.736116},"baidu":{"0":null},"and_ff":{"0":0.175676},"and_qq":{"1.2":null},"and_uc":{"0":0.147188}},"total":96.790182866}