{"id":"GG","name":"Guernsey","month":"2018-03","access_date":"2018-04-03","data":{"chrome":{"4":0,"5":0,"6":0,"7":0,"8":0,"9":0,"10":0,"11":0.006449,"12":0,"13":0,"14":0,"15":0,"16":0,"17":0,"18":0,"19":0,"20":0,"21":0,"22":0,"23":0,"24":0,"25":0,"26":0,"27":0,"28":0,"29":0.006449,"30":0.012898,"31":0,"32":0,"33":0,"34":0,"35":0,"36":0.006449,"37":0,"38":0.019347,"39":0,"40":0,"41":0,"42":0,"43":0.006449,"44":0.025796,"45":0,"46":0.006449,"47":0.012898,"48":0,"49":0.586859,"50":0,"51":0.090286,"52":0.006449,"53":0,"54":0,"55":0,"56":0,"57":0.006449,"58":0.019347,"59":0.006449,"60":0.103184,"61":0.012898,"62":0.038694,"63":0.625553,"64":10.402237,"65":4.456259,"66":0.012898,"67":0,"68":0},"firefox":{"2":0,"3":0,"3.5":0,"3.6":0,"4":0,"5":0,"6":0,"7":0,"8":0,"9":0,"10":0,"11":0,"12":0,"13":0,"14":0,"15":0,"16":0,"17":0,"18":0,"19":0,"20":0,"21":0,"22":0,"23":0,"24":0,"25":0,"26":0,"27":0,"28":0,"29":0,"30":0.019347,"31":0,"32":0,"33":0,"34":0,"35":0,"36":0,"37":0,"38":0,"39":0,"40":0,"41":0,"42":0,"43":0.006449,"44":0.006449,"45":0.316001,"46":0,"47":0.006449,"48":0.303103,"49":0.045143,"50":0.025796,"51":0.006449,"52":0.154776,"53":0.019347,"54":0.025796,"55":0,"56":0.012898,"57":0.051592,"58":1.702536,"59":1.173718,"60":0.045143,"61":0},"opera":{"9":0,"9.5-9.6":0,"10.0-10.1":0,"10.5":0,"10.6":0,"11":0,"11.1":0,"11.5":0,"11.6":0,"12":0,"12.1":0,"15":0,"16":0,"17":0,"18":0,"19":0,"20":0,"21":0,"22":0,"23":0,"24":0,"25":0,"26":0,"27":0,"28":0,"29":0,"30":0,"31":0,"32":0.012898,"33":0,"34":0,"35":0,"36":0,"37":0.006449,"38":0,"39":0,"40":0,"41":0,"42":0,"43":0,"44":0,"45":0,"46":0,"47":0,"48":0,"49":0,"50":0,"51":0.122531,"52":0},"safari":{"3.1":0,"3.2":0,"4":0.006449,"5":0.006449,"5.1":0.032245,"6":0,"6.1":0.038694,"7":0.06449,"7.1":0,"8":0.019347,"9":0.045143,"9.1":0.277307,"10":0.19347,"10.1":0.6449,"11":3.779114,"11.1":0.019347,"0":null},"ios_saf":{"3.2":0.00472450995697,"4.0-4.1":0,"4.2-4.3":0.00472450995697,"5.0-5.1":0.0850411792255,"6.0-6.1":0.0661431393976,"7.0-7.1":0.231500987892,"8":0.0661431393976,"8.1-8.4":0.349613736816,"9.0-9.2":0.26457255759,"9.3":1.89452849274,"10.0-10.2":1.88980398279,"10.3":4.37962073011,"11.0-11.2":37.9756110341,"11.3":null},"android":{"2.1":0,"2.2":0,"2.3":0,"3":0,"4":0,"4.1":0.0722881067961,"4.2-4.3":0.220007281553,"4.4":0.620734830097,"4.4.3-4.4.4":0.381869781553,"62":null},"ie":{"5.5":0,"6":0.006449,"7":0,"8":0.012898,"9":0.051592,"10":0.012898,"11":4.778709},"op_mob":{"10":null,"11":null,"11.1":null,"11.5":null,"12":null,"12.1":null,"0":null},"edge":{"12":0,"13":0.096735,"14":0.103184,"15":0.109633,"16":1.921802,"17":0.006449},"samsung":{"4":0.476093342697,"5":0.0386021629213,"6.2":1.64702561798},"bb":{"7":0.0021306,"10":0.0085224},"ie_mob":{"10":0,"11":0.099428},"and_ff":{"0":0.411916},"and_qq":{"1.2":null},"and_uc":{"0":0.007102},"op_mini":{"0":0.0268948591065},"and_chr":{"0":14.205022},"baidu":{"0":null}},"total":98.1905849827}