{"id":"GG","name":"Guernsey","month":"2020-03","access_date":"2020-04-15","data":{"chrome":{"4":0,"5":0,"6":0,"7":0,"8":0,"9":0,"10":0,"11":0,"12":0,"13":0,"14":0,"15":0,"16":0,"17":0,"18":0,"19":0,"20":0,"21":0,"22":0,"23":0,"24":0,"25":0,"26":0,"27":0,"28":0,"29":0,"30":0,"31":0,"32":0,"33":0,"34":0,"35":0,"36":0,"37":0,"38":0.011916,"39":0,"40":0,"41":0,"42":0,"43":0,"44":0,"45":0,"46":0,"47":0,"48":0,"49":0.11916,"50":0,"51":0.005958,"52":0,"53":0.011916,"54":0,"55":0,"56":0,"57":0,"58":0.005958,"59":0,"60":0.05958,"61":0.005958,"62":0,"63":0,"64":0,"65":0.011916,"66":0,"67":0.011916,"68":0,"69":0.011916,"70":0.005958,"71":0,"72":0.023832,"73":0.017874,"74":0.005958,"75":0.047664,"76":0.375354,"77":0.08937,"78":0.05958,"79":0.917532,"80":12.54159,"81":0.011916,"83":0,"84":null,"85":null},"firefox":{"2":0,"3":0,"3.5":0,"3.6":0,"4":0,"5":0,"6":0,"7":0,"8":0,"9":0,"10":0,"11":0,"12":0,"13":0,"14":0,"15":0,"16":0,"17":0,"18":0,"19":0,"20":0,"21":0,"22":0.011916,"23":0.083412,"24":0,"25":0,"26":0,"27":0,"28":0,"29":0,"30":0,"31":0,"32":0,"33":0,"34":0,"35":0,"36":0,"37":0,"38":0,"39":0,"40":0,"41":0,"42":0,"43":0,"44":0,"45":0.05958,"46":0,"47":0,"48":0.101286,"49":0,"50":0.005958,"51":0,"52":0.041706,"53":0,"54":0,"55":0,"56":0,"57":0,"58":0,"59":0.005958,"60":0,"61":0,"62":0,"63":0.005958,"64":0.005958,"65":0,"66":0,"67":0,"68":0.214488,"69":0.023832,"70":0,"71":0.005958,"72":0.142992,"73":0.786456,"74":0.935406,"75":0.005958,"76":0,"77":0},"opera":{"9":0,"9.5-9.6":0,"10.0-10.1":0,"10.5":0,"10.6":0,"11":0,"11.1":0,"11.5":0,"11.6":0,"12":0,"12.1":0,"15":0,"16":0,"17":0,"18":0,"19":0,"20":0,"21":0,"22":0,"23":0,"24":0,"25":0,"26":0,"27":0,"28":0,"29":0,"30":0,"31":0,"32":0,"33":0,"34":0,"35":0,"36":0,"37":0,"38":0,"39":0,"40":0,"41":0,"42":0,"43":0,"44":0,"45":0,"46":0,"47":0,"48":0,"49":0,"50":0,"51":0,"52":0,"53":0,"54":0,"55":0,"56":0,"57":0.005958,"58":0,"60":0,"62":0,"63":0,"64":0,"65":0,"66":0.011916},"ios_saf":{"3.2":0.0087264215264579,"4.0-4.1":0.004363210763229,"4.2-4.3":0,"5.0-5.1":0.034905686105832,"6.0-6.1":0.017452843052916,"7.0-7.1":0.078537793738121,"8":0,"8.1-8.4":0.065448161448435,"9.0-9.2":0.056721739921977,"9.3":0.56285418845654,"10.0-10.2":0.15271237671301,"10.3":0.54103813464039,"11.0-11.2":0.40577860098029,"11.3-11.4":0.62393913914174,"12.0-12.1":0.83337325577673,"12.2-12.4":4.9871499023707,"13.0-13.1":1.2784207536261,"13.2":0.58467024227268,"13.3":32.907335576273,"13.4":0.47558997319196},"safari":{"3.1":0,"3.2":0,"4":0,"5":0,"5.1":0,"6":0,"6.1":0.005958,"7":0,"7.1":0,"8":0.02979,"9":0.005958,"9.1":0.05958,"10":0.011916,"10.1":0.08937,"11":0.005958,"11.1":0.32769,"12":0.035748,"12.1":0.649422,"13":6.935112,"13.1":0.196614,"0":null},"android":{"2.1":0,"2.2":0.0077699255014327,"2.3":0.0019424813753582,"3":0.0019424813753582,"4":0.019424813753582,"4.1":0.031079702005731,"4.2-4.3":0.089354143266476,"4.4":0,"4.4.3-4.4.4":0.52641245272206,"80":null},"edge":{"12":0,"13":0,"14":0.023832,"15":0.011916,"16":0.02979,"17":0.095328,"18":2.53215,"79":null,"80":null},"samsung":{"4":0.04472233220339,"5.0-5.4":0,"6.2-6.4":0,"7.2-7.4":0.022361166101695,"8.2":0,"9.2":0.067083498305085,"10.1":0.6820155661017,"11.1":2.4820894372881},"op_mob":{"10":null,"11":null,"11.1":null,"11.5":null,"12":null,"12.1":null,"0":null},"ie":{"5.5":0,"6":0,"7":0,"8":0.0059766771159875,"9":0.0059766771159875,"10":0.0059766771159875,"11":3.795189968652},"ie_mob":{"10":0,"11":0.024252},"bb":{"7":0,"10":0},"baidu":{"0":null},"and_ff":{"0":0.299108},"and_uc":{"0":0.004042},"and_qq":{"1.2":0},"kaios":{"2.5":0},"op_mini":{"0":0.080360793814433},"and_chr":{"0":17.830404}},"total":97.500152793814}