{"id":"GH","name":"Ghana","month":"2014-09","access_date":"2014-10-01","data":{"chrome":{"4":0.004702,"5":null,"6":0.009404,"7":0.009404,"8":0.032914,"9":0.009404,"10":0.018808,"11":0.07053,"12":0.014106,"13":0.028212,"14":0.037616,"15":0.014106,"16":0.037616,"17":null,"18":0.004702,"19":0.009404,"20":0.014106,"21":0.065828,"22":0.018808,"23":0.018808,"24":0.014106,"25":0.032914,"26":0.075232,"27":0.042318,"28":0.04702,"29":0.065828,"30":0.04702,"31":0.206888,"32":0.103444,"33":0.992122,"34":0.173974,"35":0.437286,"36":2.158218,"37":9.178304,"38":0.183378,"39":0.39967,"40":null},"firefox":{"2":0.009404,"3":0.028212,"3.5":0.028212,"3.6":0.169272,"4":0.145762,"5":0.051722,"6":0.028212,"7":0.04702,"8":0.061126,"9":0.065828,"10":0.126954,"11":0.230398,"12":0.230398,"13":0.145762,"14":0.216292,"15":0.253908,"16":0.343246,"17":0.145762,"18":0.145762,"19":0.159868,"20":0.173974,"21":0.230398,"22":0.145762,"23":0.253908,"24":0.183378,"25":0.173974,"26":0.291524,"27":0.380862,"28":0.432584,"29":1.029738,"30":1.396494,"31":6.295978,"32":7.96989,"33":2.520272,"34":0.032914,"35":0.04702},"opera":{"9":null,"9.5-9.6":0.004702,"10.0-10.1":0,"10.5":null,"10.6":0.009404,"11":0.009404,"11.1":0.004702,"11.5":0.037616,"11.6":0.056424,"12":0.056424,"12.1":0.159868,"15":0.028212,"16":0.014106,"17":0.014106,"18":0.042318,"19":0.009404,"20":0.037616,"21":0.028212,"22":0.056424,"23":0.16457,"24":0.935698,"25":0.009404,"26":null},"safari":{"3.1":null,"3.2":null,"4":0.014106,"5":0.056424,"5.1":0.183378,"6":0.056424,"6.1":0.14106,"7":0.719406,"7.1":0.042318,"8":0.004702},"android":{"2.1":0.00657883516484,"2.2":0.0460518461538,"2.3":0.749987208791,"3":0,"4":0.631568175824,"4.1":1.65128762637,"4.2-4.3":1.88812569231,"4.4":1.61181461538,"4.4.3":null},"op_mob":{"10":0,"11":0,"11.1":0,"11.5":0,"12":0.086991754695,"12.1":0.478454650822,"0":null},"ie":{"5.5":null,"6":0.0284374705295,"7":0.0189583136863,"8":0.938436527473,"9":0.51187446953,"10":1.06640514486,"11":2.15650818182},"ios_saf":{"3.2":0,"4.0-4.1":0,"4.2-4.3":0,"5.0-5.1":0.00992879684657,"6.0-6.1":0.0440675366889,"7.0-7.1":1.00036028502,"8":0.291335381443},"bb":{"7":0.1125825,"10":null},"and_chr":{"0":2.362908},"and_ff":{"0":0.280794},"ie_mob":{"10":0.77239542},"op_mini":{"5.0-7.0":28.7165995945},"and_uc":{"0":6.871506}},"total":93.9983800279}