{"id":"GH","name":"Ghana","month":"2021-01","access_date":"2021-02-05","data":{"firefox":{"2":0,"3":0,"3.5":0,"3.6":0,"4":0,"5":0,"6":0,"7":0,"8":0,"9":0,"10":0,"11":0,"12":0,"13":0,"14":0,"15":0,"16":0,"17":0,"18":0,"19":0,"20":0,"21":0,"22":0,"23":0,"24":0,"25":0,"26":0,"27":0,"28":0,"29":0,"30":0.01003,"31":0,"32":0,"33":0,"34":0,"35":0,"36":0,"37":0,"38":0,"39":0.00251,"40":0,"41":0.00251,"42":0.00251,"43":0.00251,"44":0,"45":0.00251,"46":0,"47":0.00501,"48":0.00251,"49":0.00251,"50":0,"51":0,"52":0.00752,"53":0,"54":0,"55":0,"56":0.00251,"57":0.00251,"58":0,"59":0,"60":0.00251,"61":0,"62":0,"63":0,"64":0.00251,"65":0,"66":0.00251,"67":0.00251,"68":0.01755,"69":0.00251,"70":0.00251,"71":0,"72":0.00752,"73":0.00251,"74":0.00251,"75":0.00251,"76":0.00501,"77":0.00251,"78":0.01504,"79":0.00501,"80":0.00752,"81":0.01003,"82":0.01003,"83":0.02758,"84":0.48636,"85":0.08524,"86":0.00501,"87":0},"chrome":{"4":0,"5":0,"6":0,"7":0,"8":0,"9":0,"10":0,"11":0,"12":0,"13":0,"14":0,"15":0,"16":0,"17":0,"18":0,"19":0,"20":0,"21":0,"22":0,"23":0,"24":0,"25":0,"26":0,"27":0,"28":0,"29":0,"30":0.00251,"31":0,"32":0,"33":0,"34":0,"35":0,"36":0,"37":0,"38":0,"39":0,"40":0.00501,"41":0,"42":0.00251,"43":0.00251,"44":0,"45":0,"46":0,"47":0,"48":0,"49":0.00752,"50":0.00251,"51":0,"52":0,"53":0,"54":0,"55":0.00251,"56":0,"57":0.00251,"58":0.00251,"59":0,"60":0.00251,"61":0.00251,"62":0,"63":0.00752,"64":0.00501,"65":0.00501,"66":0.00251,"67":0.00251,"68":0.00501,"69":0.00501,"70":0.01003,"71":0.01504,"72":0.00501,"73":0.00251,"74":0.00752,"75":0.00752,"76":0.00752,"77":0.01254,"78":0.01003,"79":0.02006,"80":0.02006,"81":0.0351,"83":0.02006,"84":0.05515,"85":0.04513,"86":0.1078,"87":2.48945,"88":0.41867,"89":0.00501,"90":0,"91":0},"opera":{"9":0,"9.5-9.6":0,"10.0-10.1":0,"10.5":0,"10.6":0,"11":0,"11.1":0,"11.5":0,"11.6":0,"12":0.00251,"12.1":0.01755,"15":0,"16":0.00251,"17":0,"18":0,"19":0,"20":0.00251,"21":0,"22":0,"23":0.00501,"24":0.03761,"25":0.00251,"26":0.03008,"27":0.06268,"28":0.02758,"29":0.00251,"30":0.03008,"31":0.01504,"32":0.02758,"33":0.01755,"34":0,"35":0.00501,"36":0.00251,"37":0.00251,"38":0.02507,"39":0,"40":0,"41":0,"42":0.05515,"43":0.00251,"44":0.00251,"45":0.01755,"46":0.09025,"47":0.06268,"48":0,"49":0,"50":0.24318,"51":0.3585,"52":0,"53":0.00251,"54":0.02758,"55":0,"56":0,"57":0,"58":0,"60":0.00752,"62":0.00501,"63":0,"64":0.00251,"65":0,"66":0,"67":0,"68":0,"69":0,"70":0.00251,"71":0.00251,"72":0.02256},"ios_saf":{"3.2":0,"4.0-4.1":0,"4.2-4.3":0,"5.0-5.1":0.0052,"6.0-6.1":0.0065,"7.0-7.1":0.02471,"8":0.01821,"8.1-8.4":0.0078,"9.0-9.2":0.0039,"9.3":0.09234,"10.0-10.2":0.01301,"10.3":0.2432,"11.0-11.2":1.24722,"11.3-11.4":0.16127,"12.0-12.1":0.17037,"12.2-12.4":1.77654,"13.0-13.1":0.19638,"13.2":0.07283,"13.3":0.53972,"13.4-13.7":1.51773,"14.0-14.4":6.517},"safari":{"3.1":0,"3.2":0,"4":0,"5":0,"5.1":0.01504,"6":0,"6.1":0,"7":0,"7.1":0,"8":0,"9":0,"9.1":0,"10":0,"10.1":0.00501,"11":0,"11.1":0.00501,"12":0.00251,"12.1":0.00501,"13":0.00501,"13.1":0.03008,"14":0.10028,"0":null},"edge":{"12":0.01254,"13":0.00501,"14":0.00501,"15":0.01504,"16":0.00752,"17":0.01003,"18":0.04513,"79":0,"80":0,"81":0.00251,"83":0.00251,"84":0.00752,"85":0.01254,"86":0.01254,"87":0.29081,"88":0.07521},"android":{"2.1":0,"2.2":0,"2.3":0,"3":0,"4":0,"4.1":0.00597,"4.2-4.3":0.01657,"4.4":0,"4.4.3-4.4.4":0.13256,"81":0},"samsung":{"4":0.3015,"5.0-5.4":0.03015,"6.2-6.4":0.0201,"7.2-7.4":0.13065,"8.2":0.01005,"9.2":0.1005,"10.1":0.0402,"11.1-11.2":0.2412,"12.0":0.2814,"13.0":0.96479},"op_mob":{"10":null,"11":null,"11.1":null,"11.5":null,"12":null,"12.1":null,"0":null},"ie":{"5.5":0,"6":0,"7":0,"8":0,"9":0,"10":0,"11":0.0351},"bb":{"7":0,"10":0.04496},"ie_mob":{"10":0,"11":0},"and_chr":{"0":54.74628},"kaios":{"2.5":0.00749},"baidu":{"0":null},"and_ff":{"0":0.3222},"and_qq":{"10.4":0.01499},"and_uc":{"0":3.25946},"op_mini":{"0":14.93973}},"total":94.26916}