{"id":"GH","name":"Ghana","month":"2021-12","access_date":"2022-01-03","data":{"firefox":{"2":null,"3":null,"3.5":null,"3.6":null,"4":null,"5":null,"6":null,"7":null,"8":null,"9":null,"10":null,"11":null,"12":null,"13":null,"14":null,"15":null,"16":null,"17":null,"18":null,"19":null,"20":null,"21":null,"22":null,"23":null,"24":null,"25":null,"26":null,"27":0.00268,"28":null,"29":0.00537,"30":null,"31":null,"32":null,"33":null,"34":null,"35":null,"36":null,"37":null,"38":null,"39":null,"40":0.00268,"41":0.00268,"42":0.00268,"43":0.00537,"44":0.00268,"45":0.00537,"46":null,"47":0.00805,"48":0.00805,"49":0.00537,"50":0.00268,"51":null,"52":0.02146,"53":null,"54":null,"55":null,"56":0.00805,"57":0.00268,"58":null,"59":null,"60":0.00268,"61":null,"62":null,"63":null,"64":null,"65":null,"66":0.00537,"67":null,"68":0.00268,"69":0.00268,"70":null,"71":null,"72":0.01342,"73":0.00268,"74":null,"75":null,"76":0.00537,"77":0.00268,"78":0.02146,"79":0.00268,"80":0.00268,"81":0.00537,"82":null,"83":0.00537,"84":0.01073,"85":0.00805,"86":0.01073,"87":0.00805,"88":0.01073,"89":0.01878,"90":0.00537,"91":0.01878,"92":0.01878,"93":0.02951,"94":0.6627,"95":1.11881,"96":0.06439,"97":null},"chrome":{"4":null,"5":null,"6":null,"7":null,"8":null,"9":null,"10":null,"11":0.00268,"12":null,"13":null,"14":null,"15":null,"16":null,"17":null,"18":null,"19":null,"20":null,"21":null,"22":null,"23":null,"24":null,"25":null,"26":null,"27":null,"28":null,"29":null,"30":null,"31":null,"32":null,"33":0.00268,"34":null,"35":null,"36":null,"37":null,"38":null,"39":null,"40":0.00537,"41":null,"42":null,"43":0.00805,"44":null,"45":null,"46":0.00268,"47":0.00537,"48":null,"49":0.02146,"50":0.0161,"51":null,"52":null,"53":null,"54":null,"55":0.00268,"56":0.00537,"57":0.0161,"58":null,"59":null,"60":0.00805,"61":null,"62":null,"63":0.01073,"64":0.00805,"65":0.01342,"66":null,"67":0.00805,"68":0.05634,"69":0.01342,"70":0.01342,"71":0.00805,"72":0.00537,"73":0.00268,"74":0.02146,"75":0.01878,"76":0.0161,"77":0.06171,"78":0.01342,"79":0.07244,"80":0.04293,"81":0.03756,"83":0.02951,"84":0.0161,"85":0.01878,"86":0.03488,"87":0.12342,"88":0.0322,"89":0.04829,"90":0.04025,"91":0.07512,"92":0.13415,"93":0.08586,"94":0.24952,"95":0.30586,"96":11.16396,"97":0.01878,"98":0.00805,"99":null},"opera":{"9":null,"9.5-9.6":null,"10.0-10.1":0,"10.5":null,"10.6":null,"11":null,"11.1":null,"11.5":null,"11.6":null,"12":null,"12.1":null,"15":null,"16":null,"17":null,"18":null,"19":null,"20":null,"21":null,"22":null,"23":null,"24":null,"25":null,"26":null,"27":null,"28":null,"29":null,"30":null,"31":null,"32":null,"33":null,"34":null,"35":null,"36":null,"37":null,"38":null,"39":null,"40":null,"41":null,"42":0.00537,"43":null,"44":null,"45":null,"46":0.00268,"47":null,"48":null,"49":null,"50":null,"51":null,"52":null,"53":null,"54":null,"55":null,"56":null,"57":null,"58":null,"60":null,"62":null,"63":null,"64":null,"65":0.00805,"66":0.00537,"67":null,"68":null,"69":null,"70":null,"71":null,"72":null,"73":0.00268,"74":null,"75":null,"76":null,"77":0.00805,"78":0.00268,"79":0.04829,"80":0.0322,"81":0.37562,"82":0.72978},"safari":{"3.1":null,"3.2":null,"4":0,"5":null,"5.1":0.00805,"6":null,"6.1":null,"7":null,"7.1":0.00268,"8":null,"9":null,"9.1":null,"10":null,"10.1":0.0161,"11":0.00268,"11.1":0.01073,"12":0.00805,"12.1":0.02146,"13":0.0161,"13.1":0.06976,"14":0.07512,"14.1":0.16903,"15":0.07512,"15.1":0.31928,"15.2":0.04561,"0":null},"edge":{"12":0.0322,"13":0.01342,"14":0.01342,"15":0.02146,"16":0.03488,"17":0.02146,"18":0.08586,"79":null,"80":null,"81":0.00268,"83":0.00268,"84":0.04025,"85":0.01878,"86":null,"87":null,"88":0.00537,"89":0.04293,"90":0.02683,"91":0.00537,"92":0.03756,"93":0.02146,"94":0.04025,"95":0.12342,"96":1.88078},"ios_saf":{"3.2":0,"4.0-4.1":0,"4.2-4.3":0,"5.0-5.1":0,"6.0-6.1":0.00272,"7.0-7.1":0.0136,"8":0.00816,"8.1-8.4":0.0068,"9.0-9.2":0.00408,"9.3":0.06119,"10.0-10.2":0.00272,"10.3":0.26244,"11.0-11.2":0.5915,"11.3-11.4":0.04895,"12.0-12.1":0.05167,"12.2-12.5":1.48079,"13.0-13.1":0.08295,"13.2":0.04079,"13.3":0.17405,"13.4-13.7":0.39297,"14.0-14.4":2.40951,"14.5-14.8":3.14923,"15.0-15.1":4.3771,"15.2":0.43377},"samsung":{"4":0.18007,"5.0-5.4":0.02119,"6.2-6.4":0.02104,"7.2-7.4":0.1377,"8.2":0.06097,"9.2":0.05296,"10.1":0.01015,"11.1-11.2":0.10593,"12.0":0.02119,"13.0":0.09533,"14.0":0.22245,"15.0":0.34956},"android":{"2.1":0,"2.2":0,"2.3":0,"3":0,"4":0,"4.1":0.00245,"4.2-4.3":0.00771,"4.4":0,"4.4.3-4.4.4":0.04837,"0":0},"op_mob":{"10":null,"11":null,"11.1":null,"11.5":null,"12":null,"12.1":null,"0":null},"ie":{"5.5":null,"6":null,"7":null,"8":0.00313,"9":0.00626,"10":0.00313,"11":0.10017},"ie_mob":{"10":0.0189,"11":0.08504},"bb":{"7":0,"10":0.03659},"and_uc":{"0":2.32681},"op_mini":{"0":13.75754},"and_chr":{"0":46.8227},"kaios":{"2.5":0.00732},"baidu":{"0":null},"and_ff":{"0":0.29268},"and_qq":{"10.4":0.01463}},"total":97.99019}