{"id":"GH","name":"Ghana","month":"2020-04","access_date":"2020-05-07","data":{"chrome":{"4":0,"5":0,"6":0,"7":0,"8":0,"9":0,"10":0,"11":0.00248,"12":0,"13":0,"14":0,"15":0,"16":0,"17":0,"18":0,"19":0,"20":0,"21":0,"22":0,"23":0,"24":0,"25":0,"26":0,"27":0,"28":0,"29":0,"30":0,"31":0,"32":0,"33":0.00248,"34":0.00248,"35":0,"36":0.00248,"37":0.00248,"38":0.00248,"39":0,"40":0.00745,"41":0.00248,"42":0.00248,"43":0.00497,"44":0,"45":0,"46":0.00497,"47":0.00248,"48":0.00248,"49":0.01987,"50":0.01242,"51":0.00248,"52":0.00248,"53":0.00248,"54":0.00248,"55":0.00497,"56":0.00497,"57":0.00248,"58":0.00745,"59":0.00497,"60":0.00745,"61":0.01242,"62":0.01739,"63":0.02981,"64":0.01242,"65":0.00745,"66":0.00745,"67":0.00745,"68":0.00745,"69":0.01987,"70":0.01987,"71":0.00994,"72":0.01242,"73":0.01242,"74":0.03726,"75":0.01739,"76":0.02236,"77":0.02732,"78":0.03478,"79":0.06707,"80":1.57734,"81":0.89176,"83":0.00497,"84":0.00248,"85":null},"firefox":{"2":0,"3":0,"3.5":0,"3.6":0,"4":0,"5":0,"6":0,"7":0,"8":0,"9":0,"10":0,"11":0,"12":0,"13":0,"14":0,"15":0,"16":0,"17":0,"18":0,"19":0,"20":0,"21":0.00248,"22":0,"23":0.00248,"24":0,"25":0,"26":0,"27":0,"28":0,"29":0.00248,"30":0.00248,"31":0.00248,"32":0.00248,"33":0.00248,"34":0.00248,"35":0.00248,"36":0.00248,"37":0.00248,"38":0.00248,"39":0.00248,"40":0.00497,"41":0.00248,"42":0.00497,"43":0.00745,"44":0.00745,"45":0.00745,"46":0.00248,"47":0.00994,"48":0.00745,"49":0.00497,"50":0.00497,"51":0.00248,"52":0.0149,"53":0.00248,"54":0.00248,"55":0.00248,"56":0.01242,"57":0.00994,"58":0.00497,"59":0.00248,"60":0.00497,"61":0.00248,"62":0.00248,"63":0.00248,"64":0.00497,"65":0.00248,"66":0.00248,"67":0.00745,"68":0.10433,"69":0.01242,"70":0.01242,"71":0.00994,"72":0.02981,"73":0.01987,"74":0.25585,"75":0.41234,"76":0.06458,"77":0,"78":0},"opera":{"9":0,"9.5-9.6":0,"10.0-10.1":0,"10.5":0,"10.6":0,"11":0.00248,"11.1":0,"11.5":0,"11.6":0,"12":0.00248,"12.1":0.0149,"15":0.00248,"16":0.00745,"17":0.00248,"18":0.00248,"19":0.00497,"20":0.02484,"21":0,"22":0.00248,"23":0.03478,"24":0.00248,"25":0,"26":0.00248,"27":0.00248,"28":0.00745,"29":0.00248,"30":0.00745,"31":0,"32":0.00248,"33":0.00248,"34":0.00248,"35":0.00248,"36":0.00248,"37":0.00248,"38":0.00497,"39":0,"40":0,"41":0.00248,"42":0.01242,"43":0.00248,"44":0.00248,"45":0.01739,"46":0.0621,"47":0.10681,"48":0.00248,"49":0.00248,"50":0,"51":0,"52":0.00248,"53":0.00745,"54":0.00497,"55":0.00248,"56":0.00745,"57":0.0149,"58":0.00248,"60":0.00248,"62":0,"63":0.00248,"64":0.00248,"65":0.0149,"66":0.03974,"67":0.50425,"68":0.01242},"ios_saf":{"3.2":0.00111,"4.0-4.1":0,"4.2-4.3":0.00223,"5.0-5.1":0.01114,"6.0-6.1":0.00334,"7.0-7.1":0.01114,"8":0.00111,"8.1-8.4":0.0156,"9.0-9.2":0.01337,"9.3":0.16047,"10.0-10.2":0.04123,"10.3":0.14153,"11.0-11.2":0.09138,"11.3-11.4":0.1549,"12.0-12.1":0.19167,"12.2-12.4":1.2559,"13.0-13.1":0.26745,"13.2":0.13038,"13.3":7.3014,"13.4":1.35285},"safari":{"3.1":0,"3.2":0,"4":0,"5":0.00248,"5.1":0.03974,"6":0,"6.1":0,"7":0,"7.1":0.00248,"8":0.00248,"9":0.00248,"9.1":0.00248,"10":0.00248,"10.1":0.00745,"11":0.00994,"11.1":0.01739,"12":0.01739,"12.1":0.02981,"13":0.09439,"13.1":0.06955,"0":null},"android":{"2.1":0,"2.2":0.00411,"2.3":0.00137,"3":0.00137,"4":0.01232,"4.1":0.02739,"4.2-4.3":0.05751,"4.4":0,"4.4.3-4.4.4":0.39574,"81":null},"edge":{"12":0.02732,"13":0.01739,"14":0.01739,"15":0.03229,"16":0.0149,"17":0.02236,"18":0.17636,"79":null,"80":null,"81":null},"samsung":{"4":0.74805,"5.0-5.4":0.07076,"6.2-6.4":0.05054,"7.2-7.4":0.20217,"8.2":0.02022,"9.2":0.27294,"10.1":0.38413,"11.1":0.85924},"op_mob":{"10":null,"11":null,"11.1":null,"11.5":null,"12":null,"12.1":null,"0":null},"ie":{"5.5":0,"6":0.00555,"7":0.00278,"8":0.00833,"9":0.00555,"10":0.01388,"11":0.0583},"ie_mob":{"10":0.02733,"11":0.42363},"bb":{"7":0,"10":0.08268},"baidu":{"0":null},"and_ff":{"0":0.34574},"and_uc":{"0":5.3063},"and_qq":{"1.2":0.01503},"kaios":{"2.5":0.01503},"op_mini":{"0":12.59472},"and_chr":{"0":54.95309}},"total":93.7797}