{"id":"GH","name":"Ghana","month":"2021-07","access_date":"2021-08-04","data":{"firefox":{"2":null,"3":null,"3.5":null,"3.6":null,"4":null,"5":null,"6":null,"7":null,"8":null,"9":null,"10":null,"11":null,"12":null,"13":null,"14":null,"15":null,"16":null,"17":null,"18":null,"19":null,"20":null,"21":null,"22":null,"23":null,"24":null,"25":null,"26":null,"27":null,"28":null,"29":null,"30":null,"31":null,"32":null,"33":null,"34":null,"35":null,"36":null,"37":null,"38":null,"39":null,"40":0.00575,"41":0.00575,"42":null,"43":0.00288,"44":0.00575,"45":null,"46":0.00288,"47":0.0115,"48":0.00863,"49":0.00288,"50":0.00288,"51":null,"52":0.02013,"53":null,"54":null,"55":null,"56":0.0115,"57":null,"58":null,"59":null,"60":null,"61":null,"62":null,"63":null,"64":null,"65":null,"66":0.00288,"67":null,"68":0.00863,"69":0.00288,"70":0.01725,"71":0.00575,"72":0.01725,"73":0.00575,"74":0.00575,"75":null,"76":0.00575,"77":0.00863,"78":0.04025,"79":0.00575,"80":0.0115,"81":0.00575,"82":0.00863,"83":0.0115,"84":0.02875,"85":0.01725,"86":0.01438,"87":0.0115,"88":0.06613,"89":1.29375,"90":0.69288,"91":0.08338,"92":null},"chrome":{"4":null,"5":null,"6":null,"7":null,"8":null,"9":null,"10":null,"11":null,"12":null,"13":null,"14":null,"15":null,"16":null,"17":null,"18":null,"19":null,"20":null,"21":null,"22":null,"23":null,"24":null,"25":null,"26":null,"27":null,"28":null,"29":null,"30":null,"31":null,"32":null,"33":null,"34":null,"35":null,"36":null,"37":null,"38":null,"39":null,"40":0.0115,"41":null,"42":0.00288,"43":null,"44":null,"45":0.00288,"46":null,"47":null,"48":null,"49":0.023,"50":0.00863,"51":null,"52":null,"53":null,"54":null,"55":0.00288,"56":0.00288,"57":0.00575,"58":0.00575,"59":null,"60":0.0115,"61":0.00575,"62":null,"63":0.01725,"64":0.01438,"65":0.01438,"66":null,"67":0.00288,"68":0.023,"69":0.01725,"70":0.01725,"71":0.00575,"72":0.03163,"73":0.00575,"74":0.02875,"75":0.02588,"76":0.01725,"77":0.03163,"78":0.02875,"79":0.04888,"80":0.05463,"81":0.06325,"83":0.06613,"84":0.03163,"85":0.03738,"86":0.08913,"87":0.23,"88":0.07475,"89":0.13513,"90":0.26163,"91":10.2695,"92":2.323,"93":0.02588,"94":null,"95":null},"opera":{"9":null,"9.5-9.6":null,"10.0-10.1":0,"10.5":null,"10.6":null,"11":null,"11.1":null,"11.5":null,"11.6":null,"12":null,"12.1":null,"15":null,"16":null,"17":null,"18":null,"19":null,"20":null,"21":null,"22":null,"23":null,"24":null,"25":null,"26":null,"27":null,"28":null,"29":null,"30":null,"31":null,"32":null,"33":null,"34":null,"35":null,"36":null,"37":null,"38":null,"39":null,"40":null,"41":null,"42":0.00863,"43":null,"44":null,"45":null,"46":null,"47":null,"48":null,"49":null,"50":null,"51":null,"52":null,"53":null,"54":null,"55":null,"56":null,"57":null,"58":null,"60":null,"62":null,"63":null,"64":0.01725,"65":null,"66":null,"67":null,"68":0.00288,"69":null,"70":null,"71":null,"72":null,"73":0.00575,"74":0.00575,"75":0.0115,"76":0.0805,"77":1.39438},"ios_saf":{"3.2":0,"4.0-4.1":0,"4.2-4.3":0.00132,"5.0-5.1":0.00527,"6.0-6.1":0.00395,"7.0-7.1":0.01713,"8":0.00791,"8.1-8.4":0.01186,"9.0-9.2":0.00132,"9.3":0.05667,"10.0-10.2":0.00527,"10.3":0.20297,"11.0-11.2":0.82505,"11.3-11.4":0.07249,"12.0-12.1":0.0804,"12.2-12.4":0.48633,"13.0-13.1":0.10412,"13.2":0.06326,"13.3":0.3005,"13.4-13.7":0.62604,"14.0-14.4":4.08308,"14.5-14.7":4.87255},"safari":{"3.1":null,"3.2":null,"4":0,"5":null,"5.1":0.01438,"6":null,"6.1":null,"7":null,"7.1":null,"8":null,"9":null,"9.1":null,"10":null,"10.1":0.00575,"11":0.00575,"11.1":0.01725,"12":0.00575,"12.1":0.02013,"13":0.02588,"13.1":0.08913,"14":0.17538,"14.1":0.40825,"15":0.05175,"0":null},"edge":{"12":0.04025,"13":0.01725,"14":0.00863,"15":0.01725,"16":0.01725,"17":0.0345,"18":0.13225,"79":null,"80":0.00863,"81":null,"83":0.00288,"84":0.02013,"85":0.03738,"86":0.02013,"87":0.00863,"88":0.0115,"89":0.05463,"90":0.0575,"91":1.60713,"92":0.35363},"samsung":{"4":0.2081,"5.0-5.4":0.06158,"6.2-6.4":0.03079,"7.2-7.4":0.12486,"8.2":0.03071,"9.2":0.07283,"10.1":0.0104,"11.1-11.2":0.18729,"12.0":0.08324,"13.0":0.24971,"14.0":1.03007},"android":{"2.1":0,"2.2":0,"2.3":0,"3":0,"4":0.00143,"4.1":0.00214,"4.2-4.3":0.00713,"4.4":0,"4.4.3-4.4.4":0.05344,"0":0},"op_mob":{"10":null,"11":null,"11.1":null,"11.5":null,"12":null,"12.1":null,"0":null},"ie":{"5.5":null,"6":null,"7":null,"8":null,"9":null,"10":null,"11":0.15238},"bb":{"7":0,"10":0.0285},"ie_mob":{"10":null,"11":0.01472},"and_chr":{"0":46.73188},"kaios":{"2.5":0},"baidu":{"0":null},"and_ff":{"0":0.342},"and_qq":{"10.4":0.00713},"and_uc":{"0":2.77875},"op_mini":{"0":13.26163}},"total":98.62234}