{"id":"GI","name":"Gibraltar","month":"2015-04","access_date":"2015-05-02","data":{"chrome":{"4":0,"5":0,"6":0,"7":0,"8":0,"9":0,"10":0,"11":0.047327,"12":0.006761,"13":0,"14":0,"15":0,"16":0.054088,"17":0,"18":0,"19":0,"20":0,"21":0.020283,"22":0.020283,"23":0,"24":0,"25":0.006761,"26":0.013522,"27":0.013522,"28":0.020283,"29":0.013522,"30":0,"31":0.081132,"32":0.013522,"33":0.027044,"34":0.027044,"35":0.054088,"36":0.324528,"37":0.385377,"38":0.040566,"39":0.175786,"40":0.209591,"41":14.360364,"42":8.890715,"43":0.074371,"44":0.040566,"45":0},"firefox":{"2":0.006761,"3":0,"3.5":0,"3.6":0.006761,"4":0,"5":0.006761,"6":0,"7":0,"8":0,"9":0.006761,"10":0.054088,"11":0.006761,"12":0.013522,"13":0.006761,"14":0,"15":0.006761,"16":0.013522,"17":0,"18":0.013522,"19":0,"20":0,"21":0.013522,"22":0.006761,"23":0.006761,"24":0.500314,"25":0.006761,"26":0.020283,"27":0.006761,"28":0.081132,"29":0.047327,"30":0.074371,"31":0.054088,"32":0.054088,"33":0.060849,"34":0.13522,"35":0.243396,"36":1.642923,"37":4.638046,"38":0.06761,"39":0,"40":0.013522},"opera":{"9":0,"9.5-9.6":0,"10.0-10.1":0,"10.5":0,"10.6":0,"11":0,"11.1":0,"11.5":0,"11.6":0,"12":0,"12.1":0.013522,"15":0,"16":0,"17":0,"18":0,"19":0,"20":0,"21":0,"22":0,"23":0,"24":0,"25":0.006761,"26":0.006761,"27":0,"28":0.094654,"29":0.033805},"safari":{"3.1":0,"3.2":0,"4":0.006761,"5":0.033805,"5.1":0.412421,"6":0.054088,"6.1":0.229874,"7":0.412421,"7.1":1.047955,"8":2.312262},"android":{"2.1":0,"2.2":0,"2.3":0.111567360441,"3":0,"4":0.213173349414,"4.1":0.803550631748,"4.2-4.3":1.46830615438,"4.4":2.19615036297,"4.4.3-4.4.4":0.988832141052,"40":null},"ios_saf":{"3.2":0,"4.0-4.1":0,"4.2-4.3":0,"5.0-5.1":0.124655596183,"6.0-6.1":0.316433436464,"7.0-7.1":4.74010895229,"8":0.827841010547,"8.1-8.3":25.8101010045},"op_mob":{"10":0,"11":0,"11.1":0,"11.5":0,"12":2.25857369255e-5,"12.1":9.03429477021e-5,"0":0.00045171473851},"ie":{"5.5":0,"6":0.006761,"7":0.040566,"8":1.007389,"9":0.507075,"10":1.108804,"11":9.756123,"0":null},"ie_mob":{"10":0.0752283870968,"11":0.216281612903},"bb":{"7":0.0145755,"10":null},"and_uc":{"0":0.025912},"op_mini":{"5.0-8.0":0.0706933565769},"and_chr":{"0":10.861999},"and_ff":{"0":0.119843}},"total":98.8143875}