{"id":"GL","name":"Greenland","month":"2020-06","access_date":"2020-07-17","data":{"firefox":{"2":0,"3":0,"3.5":0,"3.6":0,"4":0,"5":0,"6":0,"7":0,"8":0,"9":0,"10":0,"11":0,"12":0,"13":0,"14":0,"15":0,"16":0,"17":0,"18":0,"19":0,"20":0,"21":0,"22":0,"23":0,"24":0,"25":0,"26":0.00592,"27":0,"28":0,"29":0,"30":0,"31":0,"32":0,"33":0,"34":0,"35":0,"36":0,"37":0,"38":0,"39":0,"40":0,"41":0,"42":0,"43":0,"44":0,"45":0,"46":0,"47":0,"48":0,"49":0,"50":0,"51":0,"52":0.12438,"53":0,"54":0,"55":0,"56":0,"57":0,"58":0,"59":0,"60":0,"61":0,"62":0,"63":0,"64":0,"65":0,"66":0.08885,"67":0,"68":0.16584,"69":0.00592,"70":0.00592,"71":0,"72":0,"73":0,"74":0,"75":0,"76":1.08983,"77":1.52813,"78":0,"79":0,"80":0},"chrome":{"4":0,"5":0,"6":0,"7":0,"8":0,"9":0,"10":0,"11":0,"12":0,"13":0,"14":0,"15":0,"16":0,"17":0,"18":0,"19":0,"20":0,"21":0,"22":0,"23":0,"24":0,"25":0,"26":0,"27":0,"28":0,"29":0.01777,"30":0,"31":0,"32":0,"33":0,"34":0,"35":0,"36":0,"37":0,"38":0.00592,"39":0,"40":0,"41":0,"42":0,"43":0,"44":0,"45":0,"46":0,"47":0,"48":0,"49":0.01777,"50":0,"51":0,"52":0,"53":0,"54":0,"55":0,"56":0,"57":0,"58":0,"59":0,"60":0,"61":0,"62":0,"63":0,"64":0,"65":0,"66":0.00592,"67":0.00592,"68":0,"69":0,"70":0,"71":0,"72":0,"73":0.01185,"74":0.00592,"75":0.00592,"76":0.01185,"77":0,"78":0,"79":0.01185,"80":0.69299,"81":1.19052,"83":15.45903,"84":0.00592,"85":0,"86":0},"opera":{"9":0,"9.5-9.6":0,"10.0-10.1":0,"10.5":0,"10.6":0,"11":0,"11.1":0,"11.5":0,"11.6":0,"12":0,"12.1":0,"15":0,"16":0,"17":0,"18":0,"19":0,"20":0,"21":0,"22":0,"23":0,"24":0,"25":0,"26":0,"27":0,"28":0,"29":0,"30":0,"31":0,"32":0,"33":0,"34":0,"35":0,"36":0,"37":0,"38":0,"39":0,"40":0,"41":0,"42":0,"43":0,"44":0,"45":0,"46":0,"47":0,"48":0,"49":0,"50":0,"51":0,"52":0,"53":0,"54":0,"55":0,"56":0,"57":0,"58":0,"60":0,"62":0,"63":0,"64":0,"65":0,"66":0,"67":0,"68":0.231,"69":0},"safari":{"3.1":0,"3.2":0,"4":0,"5":0,"5.1":0,"6":0,"6.1":0,"7":0,"7.1":0,"8":0,"9":0,"9.1":0.00592,"10":0.00592,"10.1":0.01777,"11":0,"11.1":0.02369,"12":0.02369,"12.1":0.20138,"13":1.21422,"13.1":4.65548,"14":0,"0":null},"ios_saf":{"3.2":0.01037,"4.0-4.1":0.00518,"4.2-4.3":0,"5.0-5.1":0.02592,"6.0-6.1":0.00518,"7.0-7.1":0.03629,"8":0,"8.1-8.4":0.04665,"9.0-9.2":0.04665,"9.3":0.4821,"10.0-10.2":0.13478,"10.3":0.50802,"11.0-11.2":0.33176,"11.3-11.4":0.5443,"12.0-12.1":0.76721,"12.2-12.4":4.5514,"13.0-13.1":0.95901,"13.2":0.46136,"13.3":6.65604,"13.4-13.5":19.51711,"14.0":null},"edge":{"12":0,"13":0.05331,"14":0.08885,"15":0.05331,"16":0,"17":0.02369,"18":2.39289,"79":0,"80":0,"81":0.05923,"83":1.03653},"android":{"2.1":0,"2.2":0,"2.3":0.00016,"3":0,"4":0.00193,"4.1":0.00387,"4.2-4.3":0.0066,"4.4":0,"4.4.3-4.4.4":0.03705,"81":null},"samsung":{"4":0.01086,"5.0-5.4":0,"6.2-6.4":0.01086,"7.2-7.4":0.01086,"8.2":0,"9.2":0.06518,"10.1":0.13036,"11.1-11.2":2.96573,"12.0":0.27159},"op_mob":{"10":null,"11":null,"11.1":null,"11.5":null,"12":null,"12.1":null,"0":null},"ie":{"5.5":0,"6":0,"7":0,"8":0,"9":0,"10":0,"11":1.62883},"ie_mob":{"10":0,"11":0},"bb":{"7":0,"10":0},"and_uc":{"0":0.27316},"op_mini":{"0":0.10808},"and_chr":{"0":26.2112},"kaios":{"2.5":0},"baidu":{"0":null},"and_ff":{"0":0.159},"and_qq":{"10.4":0}},"total":97.53547}