{"id":"GL","name":"Greenland","month":"2020-03","access_date":"2020-04-15","data":{"chrome":{"4":0,"5":0,"6":0,"7":0,"8":0,"9":0,"10":0,"11":0,"12":0,"13":0,"14":0,"15":0,"16":0,"17":0,"18":0,"19":0,"20":0,"21":0,"22":0,"23":0,"24":0,"25":0,"26":0,"27":0,"28":0,"29":0.035802,"30":0,"31":0,"32":0,"33":0,"34":0,"35":0,"36":0,"37":0,"38":0,"39":0,"40":0,"41":0,"42":0,"43":0,"44":0,"45":0,"46":0,"47":0,"48":0,"49":0.011934,"50":0,"51":0.005967,"52":0,"53":0.023868,"54":0,"55":0,"56":0,"57":0,"58":0.035802,"59":0,"60":0,"61":0,"62":0,"63":0,"64":0,"65":0,"66":0,"67":0.011934,"68":0.011934,"69":0,"70":0,"71":0.011934,"72":0,"73":0.023868,"74":0.005967,"75":0.005967,"76":0.017901,"77":0.023868,"78":0.011934,"79":0.590733,"80":17.447508,"81":0,"83":0.005967,"84":null,"85":null},"firefox":{"2":0,"3":0,"3.5":0,"3.6":0,"4":0,"5":0,"6":0,"7":0,"8":0,"9":0,"10":0,"11":0,"12":0,"13":0,"14":0,"15":0,"16":0,"17":0,"18":0,"19":0,"20":0,"21":0,"22":0.023868,"23":0.083538,"24":0.011934,"25":0,"26":0,"27":0,"28":0,"29":0,"30":0,"31":0,"32":0,"33":0,"34":0,"35":0,"36":0,"37":0,"38":0,"39":0,"40":0,"41":0,"42":0,"43":0,"44":0,"45":0,"46":0,"47":0,"48":0.011934,"49":0,"50":0.011934,"51":0,"52":0.005967,"53":0,"54":0,"55":0,"56":0,"57":0,"58":0,"59":0,"60":0,"61":0,"62":0,"63":0,"64":0,"65":0,"66":0,"67":0.005967,"68":0.107406,"69":0.017901,"70":0.005967,"71":0,"72":0.029835,"73":0.5967,"74":1.772199,"75":0,"76":0,"77":0},"opera":{"9":0,"9.5-9.6":0,"10.0-10.1":0,"10.5":0,"10.6":0,"11":0,"11.1":0,"11.5":0,"11.6":0,"12":0,"12.1":0,"15":0,"16":0,"17":0,"18":0,"19":0,"20":0,"21":0,"22":0,"23":0,"24":0,"25":0,"26":0,"27":0,"28":0,"29":0,"30":0,"31":0,"32":0,"33":0,"34":0,"35":0,"36":0,"37":0,"38":0,"39":0,"40":0,"41":0,"42":0,"43":0,"44":0,"45":0,"46":0,"47":0,"48":0,"49":0,"50":0,"51":0,"52":0,"53":0,"54":0,"55":0,"56":0,"57":0,"58":0,"60":0,"62":0,"63":0,"64":0,"65":0,"66":0.047736},"ios_saf":{"3.2":0.005533266780034,"4.0-4.1":0.002766633390017,"4.2-4.3":0,"5.0-5.1":0.022133067120136,"6.0-6.1":0.011066533560068,"7.0-7.1":0.049799401020306,"8":0,"8.1-8.4":0.041499500850255,"9.0-9.2":0.035966234070221,"9.3":0.35689570731219,"10.0-10.2":0.096832168650595,"10.3":0.34306254036211,"11.0-11.2":0.25729690527158,"11.3-11.4":0.39562857477243,"12.0-12.1":0.52842697749325,"12.2-12.4":3.1622619647894,"13.0-13.1":0.81062358327498,"13.2":0.37072887426228,"13.3":20.865949027508,"13.4":0.30156303951185},"safari":{"3.1":0,"3.2":0,"4":0,"5":0.023868,"5.1":0,"6":0,"6.1":0,"7":0,"7.1":0,"8":0,"9":0,"9.1":0.023868,"10":0,"10.1":0.077571,"11":0.005967,"11.1":0.047736,"12":0.047736,"12.1":0.17901,"13":6.271317,"13.1":0.614601,"0":null},"android":{"2.1":0,"2.2":0.0038619713467049,"2.3":0.00096549283667622,"3":0.00096549283667622,"4":0.0096549283667622,"4.1":0.015447885386819,"4.2-4.3":0.044412670487106,"4.4":0,"4.4.3-4.4.4":0.26164855873925,"80":null},"edge":{"12":0,"13":0.011934,"14":0.393822,"15":0.620568,"16":0.005967,"17":0.095472,"18":2.458404,"79":null,"80":null},"samsung":{"4":0.021360993103448,"5.0-5.4":0.042721986206897,"6.2-6.4":0.032041489655172,"7.2-7.4":0.010680496551724,"8.2":0.021360993103448,"9.2":0.096124468965517,"10.1":0.36313688275862,"11.1":5.6072606896552},"op_mob":{"10":null,"11":null,"11.1":null,"11.5":null,"12":null,"12.1":null,"0":null},"ie":{"5.5":0,"6":0,"7":0,"8":0,"9":0,"10":0.005967,"11":1.181466},"ie_mob":{"10":0,"11":0.008066},"bb":{"7":0,"10":0},"baidu":{"0":null},"and_ff":{"0":0.193584},"and_uc":{"0":1.274428},"and_qq":{"1.2":0},"kaios":{"2.5":0},"op_mini":{"0":0.015272735395189},"and_chr":{"0":26.51877}},"total":95.280847735395}