{"id":"GL","name":"Greenland","month":"2019-09","access_date":"2019-10-06","data":{"chrome":{"4":0,"5":0,"6":0,"7":0,"8":0,"9":0,"10":0,"11":0,"12":0,"13":0,"14":0,"15":0,"16":0,"17":0,"18":0,"19":0,"20":0,"21":0,"22":0,"23":0,"24":0,"25":0,"26":0,"27":0,"28":0,"29":0.00517,"30":0,"31":0,"32":0,"33":0,"34":0,"35":0,"36":0.02068,"37":0,"38":0.05687,"39":0,"40":0,"41":0,"42":0,"43":0,"44":0,"45":0,"46":0,"47":0,"48":0,"49":0.20163,"50":0,"51":0,"52":0,"53":0.02585,"54":0,"55":0,"56":0.00517,"57":0,"58":0.00517,"59":0,"60":0,"61":0,"62":0,"63":0.00517,"64":0,"65":0.02068,"66":0.01034,"67":0.01034,"68":0,"69":0.06204,"70":0,"71":0.01034,"72":0.00517,"73":0.21197,"74":0.0517,"75":0.05687,"76":8.95961,"77":2.96758,"78":0.00517,"79":0,"80":0},"firefox":{"2":0,"3":0,"3.5":0,"3.6":0,"4":0,"5":0,"6":0,"7":0,"8":0,"9":0,"10":0,"11":0,"12":0,"13":0,"14":0,"15":0,"16":0,"17":0,"18":0,"19":0.02068,"20":0,"21":0,"22":0,"23":0,"24":0,"25":0,"26":0,"27":0,"28":0,"29":0,"30":0,"31":0,"32":0,"33":0,"34":0.00517,"35":0,"36":0,"37":0,"38":0,"39":0,"40":0,"41":0,"42":0,"43":0,"44":0,"45":0,"46":0,"47":0,"48":0.00517,"49":0,"50":0.02068,"51":0,"52":0.16027,"53":0,"54":0,"55":0.00517,"56":0,"57":0.00517,"58":0,"59":0,"60":0.02068,"61":0,"62":0,"63":0,"64":0,"65":0.01034,"66":0.01034,"67":0.03102,"68":0.63074,"69":1.64406,"70":0,"71":0},"opera":{"9":0,"9.5-9.6":0,"10.0-10.1":0,"10.5":0,"10.6":0,"11":0,"11.1":0,"11.5":0,"11.6":0,"12":0,"12.1":0.00517,"15":0,"16":0,"17":0,"18":0,"19":0,"20":0,"21":0,"22":0,"23":0,"24":0,"25":0,"26":0,"27":0,"28":0,"29":0,"30":0,"31":0.00517,"32":0,"33":0,"34":0,"35":0,"36":0.00517,"37":0,"38":0.00517,"39":0,"40":0,"41":0,"42":0,"43":0,"44":0,"45":0,"46":0,"47":0,"48":0,"49":0,"50":0,"51":0,"52":0,"53":0.02068,"54":0,"55":0,"56":0,"57":0,"58":0,"60":0,"62":0.06204},"safari":{"3.1":0,"3.2":0,"4":0,"5":0.01034,"5.1":0,"6":0,"6.1":0,"7":0,"7.1":0,"8":0,"9":0,"9.1":0.01551,"10":0,"10.1":0.0517,"11":0.01551,"11.1":0.07238,"12":0.06721,"12.1":1.84052,"13":0.46013,"13.1":0,"0":null},"ios_saf":{"3.2":0.012953907125701,"4.0-4.1":0.0064769535628503,"4.2-4.3":0,"5.0-5.1":0.022669337469976,"6.0-6.1":0,"7.0-7.1":0.025907814251401,"8":0,"8.1-8.4":0.048577151721377,"9.0-9.2":0.055054105284227,"9.3":0.39833264411529,"10.0-10.2":0.19107013010408,"10.3":0.48253304043235,"11.0-11.2":0.52463323859087,"11.3-11.4":0.94887369695757,"12.0-12.1":1.5933305764612,"12.2-12.3":25.781513656926,"13.0-13.1":2.2669337469976},"android":{"2.1":0,"2.2":0.0011548358208955,"2.3":0.00062991044776119,"3":0.00073489552238806,"4":0.0040944179104478,"4.1":0.009343671641791,"4.2-4.3":0.055222149253731,"4.4":0,"4.4.3-4.4.4":0.034330119402985,"76":null},"samsung":{"4":0.066178208955224,"5.0-5.4":0.044118805970149,"6.2-6.4":0.011029701492537,"7.2-7.4":0.19853462686567,"8.2":1.2022374626866,"9.2":3.1875837313433,"10.1":2.6802174626866},"edge":{"12":0.00517,"13":0.01034,"14":1.19944,"15":0.23265,"16":0.17578,"17":0.8272,"18":1.45277,"76":null},"op_mob":{"10":null,"11":null,"11.1":null,"11.5":null,"12":null,"12.1":null,"0":null},"ie":{"5.5":0,"6":0.00517,"7":0,"8":0.04653,"9":0.00517,"10":0.02068,"11":1.86637},"ie_mob":{"10":0,"11":0},"bb":{"7":0,"10":0},"and_chr":{"0":28.12913},"baidu":{"0":null},"and_ff":{"0":0.10626},"and_uc":{"0":0.45885},"and_qq":{"1.2":0},"kaios":{"2.5":0},"op_mini":{"0":2.3183751030928}},"total":94.617865103093}