{"id":"GM","name":"Gambia","month":"2017-04","access_date":"2017-05-03","data":{"chrome":{"4":null,"5":null,"6":null,"7":null,"8":null,"9":null,"10":null,"11":0.030121,"12":null,"13":null,"14":null,"15":null,"16":null,"17":null,"18":0.027804,"19":null,"20":null,"21":0.004634,"22":null,"23":0.034755,"24":null,"25":0.037072,"26":0.009268,"27":null,"28":0.004634,"29":0.006951,"30":0.011585,"31":0.027804,"32":0.011585,"33":0.006951,"34":0.004634,"35":null,"36":0.004634,"37":null,"38":0.02317,"39":0.081095,"40":0.004634,"41":null,"42":null,"43":0.085729,"44":0.004634,"45":0.009268,"46":0.006951,"47":0.044023,"48":0.018536,"49":0.9268,"50":0.013902,"51":0.034755,"52":0.11585,"53":0.676564,"54":0.085729,"55":0.389256,"56":1.452759,"57":6.241998,"58":0.829486,"59":0.078778,"60":0.004634,"61":null},"firefox":{"2":null,"3":0.078778,"3.5":null,"3.6":0.016219,"4":0.004634,"5":0.004634,"6":null,"7":null,"8":0.025487,"9":null,"10":0.002317,"11":0.009268,"12":0.006951,"13":0.013902,"14":0.002317,"15":0.006951,"16":0.009268,"17":null,"18":null,"19":0.030121,"20":0.016219,"21":0.004634,"22":0.002317,"23":0.013902,"24":null,"25":null,"26":null,"27":0.002317,"28":null,"29":0.076461,"30":0.016219,"31":0.009268,"32":0.002317,"33":0.013902,"34":0.006951,"35":0.016219,"36":0.034755,"37":0.016219,"38":0.041706,"39":0.009268,"40":0.039389,"41":0.016219,"42":0.027804,"43":0.071827,"44":0.143654,"45":0.034755,"46":0.030121,"47":0.150605,"48":0.145971,"49":0.176092,"50":0.127435,"51":0.13902,"52":4.254012,"53":1.851283,"54":0.291942,"55":null,"56":null},"opera":{"9":null,"9.5-9.6":null,"10.0-10.1":0,"10.5":null,"10.6":null,"11":null,"11.1":null,"11.5":0.011585,"11.6":0.004634,"12":0.004634,"12.1":0.006951,"15":null,"16":null,"17":null,"18":null,"19":null,"20":null,"21":null,"22":null,"23":null,"24":null,"25":null,"26":null,"27":null,"28":0.004634,"29":0.018536,"30":null,"31":null,"32":null,"33":null,"34":null,"35":0.006951,"36":0.027804,"37":0.030121,"38":null,"39":0.002317,"40":0.257187,"41":0.006951,"42":0.037072,"43":0.257187,"44":0.303527,"45":null,"46":null},"safari":{"3.1":null,"3.2":null,"4":0,"5":0.004634,"5.1":0.011585,"6":null,"6.1":null,"7":0.011585,"7.1":null,"8":0.013902,"9":0.006951,"9.1":0.090363,"10":0.145971,"10.1":0.101948,"0":null},"ios_saf":{"3.2":0,"4.0-4.1":0,"4.2-4.3":0,"5.0-5.1":0,"6.0-6.1":0,"7.0-7.1":0.0577282044048,"8":0,"8.1-8.4":0.0509672435285,"9.0-9.2":0.0192427348016,"9.3":0.30996405248,"10.0-10.2":2.59464875473,"10.3":1.81542201005},"android":{"2.1":0,"2.2":0,"2.3":0,"3":0,"4":0.204454145642,"4.1":0.730193377294,"4.2-4.3":1.92186896904,"4.4":4.72581153784,"4.4.3-4.4.4":2.60532997018,"56":null},"op_mob":{"10":0,"11":0,"11.1":0,"11.5":0,"12":0,"12.1":0,"0":0.0810888691796},"ie":{"5.5":null,"6":null,"7":null,"8":0.118167,"9":0.025487,"10":0.076461,"11":0.535227},"edge":{"12":0.194628,"13":0.11585,"14":0.352184,"15":null},"bb":{"7":0.015366,"10":null},"ie_mob":{"10":0.274941642857,"11":1.00811935714},"op_mini":{"0":18.2044511308},"and_chr":{"0":19.83773},"and_ff":{"0":0.023049},"and_qq":{"1.2":null},"samsung":{"0":3.99516},"and_uc":{"0":18.047367}},"total":98.652571}