{"id":"GM","name":"Gambia","month":"2014-06","access_date":"2014-07-29","data":{"chrome":{"4":0.021604,"5":null,"6":0.005401,"7":null,"8":null,"9":null,"10":null,"11":0.070213,"12":null,"13":null,"14":0.043208,"15":0.021604,"16":0.010802,"17":0.016203,"18":0.005401,"19":0.010802,"20":0.016203,"21":0.853358,"22":0.064812,"23":null,"24":0.005401,"25":0.059411,"26":0.043208,"27":0.016203,"28":0.027005,"29":0.685927,"30":0.113421,"31":0.129624,"32":0.21604,"33":0.966779,"34":0.469887,"35":12.573528,"36":0.075614,"37":0.199837,"38":null,"39":null},"firefox":{"2":0.010802,"3":0.075614,"3.5":0.016203,"3.6":0.221441,"4":0.351065,"5":0.091817,"6":0.059411,"7":0.075614,"8":0.156629,"9":0.210639,"10":0.086416,"11":0.496892,"12":0.5401,"13":0.205238,"14":0.21604,"15":0.334862,"16":0.318659,"17":0.124223,"18":0.291654,"19":0.226842,"20":0.356466,"21":0.091817,"22":0.086416,"23":0.145827,"24":0.145827,"25":0.27005,"26":0.167431,"27":0.453684,"28":0.750739,"29":9.608379,"30":9.997251,"31":3.440437,"32":0.010802,"33":null,"34":null},"opera":{"9":null,"9.5-9.6":null,"10.0-10.1":0,"10.5":0.010802,"10.6":null,"11":null,"11.1":0.005401,"11.5":0.016203,"11.6":0.016203,"12":0.032406,"12.1":0.194436,"15":0.021604,"16":null,"17":0.010802,"18":0.016203,"19":0.005401,"20":0.075614,"21":0.059411,"22":0.156629,"23":null,"24":null},"safari":{"3.1":null,"3.2":null,"4":0.010802,"5":0.043208,"5.1":0.226842,"6":0.124223,"6.1":0.167431,"7":0.237644,"8":null},"android":{"2.1":0.0549363134328,"2.2":0.186783465672,"2.3":2.88965008657,"3":0.0109872626866,"4":2.17547801194,"4.1":4.09824898209,"4.2-4.3":1.62611487761,"4.4":null,"4.4.3":null},"op_mob":{"10":0,"11":0.0205077857143,"11.1":0,"11.5":0.0205077857143,"12":0.102538928571,"12.1":0.287109,"0":null},"ie":{"5.5":null,"6":0.010811946593,"7":0.0486537596685,"8":1.12984841897,"9":1.2433738582,"10":0.886579620626,"11":2.54080744936},"ios_saf":{"3.2":0.00432306,"4.0-4.1":0.00864612,"4.2-4.3":0.03026142,"5.0-5.1":0.30693726,"6.0-6.1":1.24936434,"7.0-7.1":2.7235278,"8":null},"bb":{"7":0.03104325,"10":null},"and_ff":{"0":0.156366},"ie_mob":{"10":0.85844934},"op_mini":{"5.0-7.0":12.9386295},"and_chr":{"0":2.331693}},"total":85.7602266434}