{"id":"GN","name":"Guinea","month":"2015-07","access_date":"2015-08-02","data":{"chrome":{"4":0.004626,"5":0.016962,"6":0.003084,"7":0.001542,"8":0.001542,"9":0,"10":0.004626,"11":0.047802,"12":0.004626,"13":0.003084,"14":0.001542,"15":0,"16":0.004626,"17":0,"18":0,"19":0,"20":0,"21":0,"22":0,"23":0,"24":0.003084,"25":0.0771,"26":0.010794,"27":0.001542,"28":0.004626,"29":0.00771,"30":0.004626,"31":0.064764,"32":0.010794,"33":0.066306,"34":0.012336,"35":0.012336,"36":0.066306,"37":0.004626,"38":0.012336,"39":0.214338,"40":0.18504,"41":0.064764,"42":0.413256,"43":3.204276,"44":0.684648,"45":0.01542,"46":0,"47":0},"firefox":{"2":0.00771,"3":0.064764,"3.5":0.01542,"3.6":0.020046,"4":0.01542,"5":0.010794,"6":0.006168,"7":0.004626,"8":0.010794,"9":0.020046,"10":0.00771,"11":0.021588,"12":0.024672,"13":0.01542,"14":0.013878,"15":0.013878,"16":0.01542,"17":0.00771,"18":0.010794,"19":0.021588,"20":0.02313,"21":0.021588,"22":0.037008,"23":0.035466,"24":0.040092,"25":0.024672,"26":0.013878,"27":0.024672,"28":0.020046,"29":0.055512,"30":0.111024,"31":0.047802,"32":0.094062,"33":0.066306,"34":0.05397,"35":0.124902,"36":0.067848,"37":0.134154,"38":1.005384,"39":2.084784,"40":0.055512,"41":0.012336,"42":0},"opera":{"9":0,"9.5-9.6":0.012336,"10.0-10.1":0.003084,"10.5":0,"10.6":0.001542,"11":0.013878,"11.1":0.001542,"11.5":0.003084,"11.6":0.018504,"12":0.003084,"12.1":0.03855,"15":0.003084,"16":0.001542,"17":0.006168,"18":0.006168,"19":0.006168,"20":0.009252,"21":0.004626,"22":0.004626,"23":0,"24":0.006168,"25":0.001542,"26":0.004626,"27":0.009252,"28":0.024672,"29":0.163452,"30":1.028514,"31":0.032382,"32":0},"safari":{"3.1":0,"3.2":0,"4":0,"5":0.016962,"5.1":0.00771,"6":0.004626,"6.1":0.010794,"7":0.006168,"7.1":0.05397,"8":0.095604,"9":0.004626},"android":{"2.1":0,"2.2":0,"2.3":0.102968962963,"3":0,"4":0.323616740741,"4.1":1.10858792593,"4.2-4.3":2.18106985185,"4.4":3.8927617037,"4.4.3-4.4.4":1.67023681481,"40":null},"ios_saf":{"3.2":0,"4.0-4.1":0,"4.2-4.3":0,"5.0-5.1":0.00463440652959,"6.0-6.1":0.0190828504159,"7.0-7.1":0.133034728614,"8":0.0188102382671,"8.1-8.4":1.56124977617,"9":null},"op_mob":{"10":0,"11":0,"11.1":0,"11.5":0,"12":0.137518399904,"12.1":0.412555199711,"0":4.26307039701},"ie":{"5.5":0,"6":0.00309327518797,"7":0.0231995639098,"8":0.377379572932,"9":0.112904544361,"10":0.589268923308,"11":0.929529193985},"bb":{"7":0.016916,"10":null},"ie_mob":{"10":0.0905081517857,"11":0.340849848214},"and_uc":{"0":2.715018},"op_mini":{"5.0-8.0":58.6133980034},"and_chr":{"0":7.219092},"edge":{"0":0.00771},"and_ff":{"0":0.177618}},"total":98.3716730737}