{"id":"GN","name":"Guinea","month":"2021-01","access_date":"2021-02-05","data":{"firefox":{"2":0,"3":0,"3.5":0,"3.6":0,"4":0.00128,"5":0,"6":0,"7":0,"8":0,"9":0,"10":0,"11":0,"12":0,"13":0,"14":0,"15":0.00128,"16":0,"17":0.00128,"18":0,"19":0,"20":0,"21":0,"22":0.00128,"23":0,"24":0,"25":0,"26":0,"27":0.00128,"28":0,"29":0,"30":0,"31":0,"32":0,"33":0,"34":0,"35":0.00128,"36":0,"37":0.00128,"38":0,"39":0,"40":0.00128,"41":0,"42":0,"43":0,"44":0,"45":0,"46":0,"47":0.00128,"48":0,"49":0,"50":0,"51":0,"52":0,"53":0,"54":0,"55":0,"56":0.00128,"57":0,"58":0,"59":0,"60":0,"61":0.00128,"62":0,"63":0,"64":0,"65":0,"66":0,"67":0,"68":0.00257,"69":0,"70":0,"71":0,"72":0.00128,"73":0,"74":0,"75":0,"76":0,"77":0,"78":0.00128,"79":0.00128,"80":0.00128,"81":0.00128,"82":0.00128,"83":0.00385,"84":0.11675,"85":0.00642,"86":0,"87":0},"chrome":{"4":0,"5":0,"6":0,"7":0,"8":0,"9":0,"10":0,"11":0,"12":0,"13":0,"14":0,"15":0,"16":0,"17":0,"18":0,"19":0,"20":0,"21":0,"22":0,"23":0,"24":0.00128,"25":0.00128,"26":0,"27":0,"28":0.00128,"29":0,"30":0,"31":0,"32":0,"33":0.00385,"34":0,"35":0,"36":0.00128,"37":0.00128,"38":0,"39":0,"40":0.01796,"41":0,"42":0,"43":0.00257,"44":0,"45":0,"46":0,"47":0,"48":0.02053,"49":0.00128,"50":0.00128,"51":0,"52":0,"53":0,"54":0,"55":0.00128,"56":0,"57":0,"58":0.00128,"59":0,"60":0.00513,"61":0,"62":0.00128,"63":0.00128,"64":0.00128,"65":0.00128,"66":0,"67":0,"68":0,"69":0.02309,"70":0,"71":0,"72":0.01796,"73":0,"74":0.00128,"75":0,"76":0.00128,"77":0.00128,"78":0.00128,"79":0.00128,"80":0.00513,"81":0.09623,"83":0.00642,"84":0.00257,"85":0.00642,"86":0.03464,"87":0.53373,"88":0.06415,"89":0,"90":0,"91":0},"opera":{"9":0,"9.5-9.6":0,"10.0-10.1":0,"10.5":0,"10.6":0,"11":0,"11.1":0,"11.5":0,"11.6":0,"12":0,"12.1":0.02053,"15":0,"16":0.00128,"17":0,"18":0,"19":0,"20":0.00128,"21":0,"22":0,"23":0.00642,"24":0,"25":0,"26":0,"27":0,"28":0,"29":0,"30":0.00128,"31":0,"32":0,"33":0,"34":0,"35":0,"36":0,"37":0,"38":0.00128,"39":0,"40":0,"41":0,"42":0.00128,"43":0,"44":0,"45":0,"46":0,"47":0.00257,"48":0,"49":0,"50":0.00513,"51":0.03977,"52":0,"53":0,"54":0,"55":0,"56":0,"57":0,"58":0,"60":0,"62":0.00257,"63":0,"64":0,"65":0,"66":0,"67":0,"68":0,"69":0,"70":0,"71":0,"72":0.00257},"ios_saf":{"3.2":0,"4.0-4.1":0,"4.2-4.3":0,"5.0-5.1":0,"6.0-6.1":0.00764,"7.0-7.1":0.12701,"8":0,"8.1-8.4":0.02117,"9.0-9.2":0.01705,"9.3":0.07291,"10.0-10.2":0.01058,"10.3":0.11172,"11.0-11.2":0.10231,"11.3-11.4":0.0488,"12.0-12.1":0.21521,"12.2-12.4":0.51921,"13.0-13.1":0.18699,"13.2":0.07291,"13.3":0.42219,"13.4-13.7":0.65798,"14.0-14.4":3.20816},"safari":{"3.1":0,"3.2":0,"4":0,"5":0,"5.1":0,"6":0,"6.1":0,"7":0.04875,"7.1":0,"8":0,"9":0,"9.1":0,"10":0,"10.1":0.00128,"11":0,"11.1":0.00898,"12":0,"12.1":0.0077,"13":0.00257,"13.1":0.00642,"14":0.01796,"0":null},"edge":{"12":0.0077,"13":0.05132,"14":0.00128,"15":0.00128,"16":0.00257,"17":0.00513,"18":0.01026,"79":0,"80":0,"81":0,"83":0,"84":0.00128,"85":0.00385,"86":0.00898,"87":0.06672,"88":0.01796},"android":{"2.1":0,"2.2":0,"2.3":0,"3":0,"4":0,"4.1":0.00382,"4.2-4.3":0.01069,"4.4":0,"4.4.3-4.4.4":0.26345,"81":0},"samsung":{"4":0.82022,"5.0-5.4":0.14004,"6.2-6.4":0.28008,"7.2-7.4":0.40011,"8.2":0.01,"9.2":0.27007,"10.1":0.06002,"11.1-11.2":0.44012,"12.0":0.29008,"13.0":0.68018},"op_mob":{"10":null,"11":null,"11.1":null,"11.5":null,"12":null,"12.1":null,"0":null},"ie":{"5.5":0,"6":0,"7":0,"8":0.00348,"9":0,"10":0,"11":0.04527},"bb":{"7":0,"10":0.00872},"ie_mob":{"10":0,"11":0},"and_chr":{"0":64.53103},"kaios":{"2.5":0.17434},"baidu":{"0":null},"and_ff":{"0":0.07845},"and_qq":{"10.4":0.07845},"and_uc":{"0":0.8717},"op_mini":{"0":19.03896}},"total":95.67384}