{"id":"GN","name":"Guinea","month":"2017-06","access_date":"2017-07-11","data":{"chrome":{"4":0,"5":0.00165,"6":0.000825,"7":0,"8":0,"9":0,"10":0,"11":0.02475,"12":0.00165,"13":0,"14":0.000825,"15":0,"16":0.000825,"17":0,"18":0,"19":0.00165,"20":0,"21":0,"22":0,"23":0.000825,"24":0,"25":0.027225,"26":0.00165,"27":0.000825,"28":0.010725,"29":0.005775,"30":0.00495,"31":0.0132,"32":0.002475,"33":0.038775,"34":0.00165,"35":0.00165,"36":0.0066,"37":0.000825,"38":0.0033,"39":0.002475,"40":0.00495,"41":0.002475,"42":0.00165,"43":0.080025,"44":0.004125,"45":0.159225,"46":0.00165,"47":0.00495,"48":0.00165,"49":0.070125,"50":0.00495,"51":0.0066,"52":0.0066,"53":0.018975,"54":0.005775,"55":0.139425,"56":0.0594,"57":0.119625,"58":1.936275,"59":0.3333,"60":0.00165,"61":0.0033,"62":0},"firefox":{"2":0,"3":0.04125,"3.5":0.00165,"3.6":0.004125,"4":0.00165,"5":0.00165,"6":0.00165,"7":0,"8":0,"9":0.000825,"10":0.00165,"11":0.0033,"12":0.004125,"13":0.000825,"14":0.00165,"15":0.0033,"16":0.0033,"17":0.00495,"18":0.002475,"19":0.0099,"20":0.004125,"21":0.0033,"22":0.004125,"23":0.00165,"24":0.010725,"25":0.004125,"26":0.002475,"27":0.002475,"28":0.0033,"29":0.00495,"30":0.0165,"31":0.005775,"32":0.0099,"33":0.0132,"34":0.0099,"35":0.0066,"36":0.0066,"37":0.012375,"38":0.0132,"39":0.018975,"40":0.007425,"41":0.0165,"42":0.007425,"43":0.0495,"44":0.00825,"45":0.02805,"46":0.00825,"47":0.076725,"48":0.0594,"49":0.0363,"50":0.014025,"51":0.0165,"52":0.1056,"53":0.7821,"54":0.363825,"55":0.007425,"56":0,"57":0},"opera":{"9":0,"9.5-9.6":0,"10.0-10.1":0,"10.5":0,"10.6":0,"11":0.000825,"11.1":0,"11.5":0,"11.6":0,"12":0.000825,"12.1":0.00495,"15":0.005775,"16":0.000825,"17":0,"18":0.000825,"19":0,"20":0.00165,"21":0.000825,"22":0.000825,"23":0,"24":0.000825,"25":0,"26":0,"27":0.000825,"28":0.000825,"29":0.000825,"30":0.00165,"31":0,"32":0,"33":0,"34":0.00165,"35":0.000825,"36":0.004125,"37":0.0132,"38":0.012375,"39":0,"40":0,"41":0.000825,"42":0.017325,"43":0.02475,"44":0.005775,"45":0.20955,"46":0.0099,"47":0,"48":0},"safari":{"3.1":0,"3.2":0,"4":0,"5":0.0033,"5.1":0.00825,"6":0,"6.1":0.000825,"7":0.000825,"7.1":0.000825,"8":0.0066,"9":0.00495,"9.1":0.066,"10":0.0726,"10.1":0.0693,"11":0,"0":null},"ios_saf":{"3.2":0,"4.0-4.1":0,"4.2-4.3":0,"5.0-5.1":0,"6.0-6.1":0,"7.0-7.1":0.0103131602113,"8":0,"8.1-8.4":0.0078865342792,"9.0-9.2":0.00606656483016,"9.3":0.110815917564,"10.0-10.2":0.377946988919,"10.3":1.4395958342,"11":null},"android":{"2.1":0,"2.2":0,"2.3":0,"3":0,"4":0,"4.1":0.529892013201,"4.2-4.3":1.37058607261,"4.4":3.68376851485,"4.4.3-4.4.4":2.13485339934,"56":null},"op_mob":{"10":0,"11":0,"11.1":0,"11.5":0,"12":0,"12.1":0,"0":0.0952898004435},"ie":{"5.5":0,"6":0.00167018348624,"7":0.00334036697248,"8":0.0626318807339,"9":0.00584564220183,"10":0.0317334862385,"11":0.440928440367},"edge":{"12":0.0858,"13":0.0297,"14":0.108075,"15":null,"16":null},"bb":{"7":0.0045875,"10":null},"samsung":{"4":1.2478,"5":null},"ie_mob":{"10":0.0437576923077,"11":0.240667307692},"op_mini":{"0":21.3925601996},"and_chr":{"0":57.52335},"baidu":{"0":null},"and_ff":{"0":0.16515},"and_qq":{"1.2":null},"and_uc":{"0":2.266225}},"total":98.9285375}