{"id":"GP","name":"Guadeloupe","month":"2016-08","access_date":"2016-09-04","data":{"chrome":{"4":null,"5":null,"6":null,"7":null,"8":null,"9":null,"10":null,"11":0.033015,"12":null,"13":null,"14":null,"15":null,"16":null,"17":null,"18":null,"19":null,"20":null,"21":null,"22":0.680109,"23":0.006603,"24":null,"25":null,"26":0.006603,"27":null,"28":null,"29":0.013206,"30":0.013206,"31":0.006603,"32":0.006603,"33":0.013206,"34":0.026412,"35":0.046221,"36":0.013206,"37":0.059427,"38":0.026412,"39":0.026412,"40":0.059427,"41":0.006603,"42":0.039618,"43":0.06603,"44":0.033015,"45":0.026412,"46":0.059427,"47":0.26412,"48":0.085839,"49":1.327203,"50":0.184884,"51":7.758525,"52":23.500077,"53":0.079236,"54":0.072633,"55":null},"firefox":{"2":null,"3":null,"3.5":null,"3.6":0.013206,"4":null,"5":null,"6":null,"7":null,"8":null,"9":null,"10":null,"11":null,"12":0.006603,"13":null,"14":null,"15":null,"16":0.006603,"17":null,"18":null,"19":null,"20":null,"21":null,"22":null,"23":0.019809,"24":0.026412,"25":0.013206,"26":null,"27":null,"28":null,"29":null,"30":0.019809,"31":null,"32":null,"33":null,"34":0.013206,"35":0.079236,"36":null,"37":0.039618,"38":0.13206,"39":0.033015,"40":0.019809,"41":0.019809,"42":0.059427,"43":0.118854,"44":0.13206,"45":0.092442,"46":0.099045,"47":6.213423,"48":3.057189,"49":0.013206,"50":0.013206,"51":null},"opera":{"9":null,"9.5-9.6":null,"10.0-10.1":0,"10.5":null,"10.6":null,"11":null,"11.1":null,"11.5":null,"11.6":null,"12":null,"12.1":0.033015,"15":null,"16":null,"17":null,"18":null,"19":null,"20":null,"21":null,"22":null,"23":null,"24":null,"25":null,"26":null,"27":null,"28":null,"29":null,"30":null,"31":null,"32":null,"33":null,"34":null,"35":null,"36":0.013206,"37":0.013206,"38":0.079236,"39":0.290532,"40":null,"41":null},"safari":{"3.1":null,"3.2":null,"4":0.026412,"5":0.138663,"5.1":0.316944,"6":0.019809,"6.1":0.211296,"7":0.085839,"7.1":0.026412,"8":0.343356,"9":0.812169,"9.1":3.902373,"10":0.019809,"0":null},"ios_saf":{"3.2":0,"4.0-4.1":0,"4.2-4.3":0,"5.0-5.1":0,"6.0-6.1":0,"7.0-7.1":0.122850286215,"8":0,"8.1-8.4":0.285663918548,"9.0-9.2":0.395933151356,"9.3":6.37341364388},"android":{"2.1":0,"2.2":0,"2.3":0.00458238736039,"3":0,"4":0.0343679052029,"4.1":0.126015652411,"4.2-4.3":0.313320735767,"4.4":0.868935203214,"4.4.3-4.4.4":0.755521116045,"51":null},"op_mob":{"10":0,"11":0,"11.1":0,"11.5":0,"12":0,"12.1":0.000567533275862,"0":0.0221337977586},"ie":{"5.5":null,"6":null,"7":0.019809,"8":0.138663,"9":0.191487,"10":0.191487,"11":4.721145},"edge":{"12":0.389577,"13":4.542864,"14":0.422592},"bb":{"7":0.00764325,"10":null},"ie_mob":{"10":0.0930482608696,"11":0.33497373913},"and_ff":{"0":0.084925},"samsung":{"0":4.599538},"and_uc":{"0":0.064543},"op_mini":{"0":0.300013668966},"and_chr":{"0":22.082599}},"total":98.60203625}