{"id":"GP","name":"Guadeloupe","month":"2018-02","access_date":"2018-03-05","data":{"chrome":{"4":0,"5":0,"6":0,"7":0,"8":0,"9":0,"10":0,"11":0.005258,"12":0,"13":0,"14":0,"15":0,"16":0,"17":0,"18":0,"19":0,"20":0,"21":0,"22":0.047322,"23":0,"24":0,"25":0,"26":0,"27":0,"28":0,"29":0,"30":0,"31":0,"32":0.005258,"33":0,"34":0.005258,"35":0.005258,"36":0.005258,"37":0,"38":0,"39":0.005258,"40":0,"41":0,"42":0.005258,"43":0.005258,"44":0.005258,"45":0,"46":0.005258,"47":0.005258,"48":0.005258,"49":0.23661,"50":0.005258,"51":0.02629,"52":0.068354,"53":0,"54":0,"55":0.199804,"56":0.005258,"57":0.10516,"58":0.136708,"59":0.005258,"60":0.021032,"61":0.068354,"62":0.05258,"63":6.62508,"64":6.278052,"65":0.02629,"66":0.005258,"67":0},"firefox":{"2":0,"3":0,"3.5":0,"3.6":0,"4":0,"5":0,"6":0,"7":0,"8":0,"9":0,"10":0,"11":0,"12":0,"13":0,"14":0,"15":0,"16":0,"17":0,"18":0,"19":0,"20":0,"21":0,"22":0,"23":0,"24":0.005258,"25":0.005258,"26":0,"27":0,"28":0,"29":0,"30":0,"31":0,"32":0,"33":0,"34":0,"35":0,"36":0.005258,"37":0,"38":0.015774,"39":0,"40":0,"41":0,"42":0,"43":0.010516,"44":0,"45":0.015774,"46":0,"47":0.031548,"48":0.278674,"49":0.042064,"50":0.010516,"51":0.010516,"52":0.115676,"53":0.010516,"54":0.02629,"55":0.036806,"56":0.063096,"57":0.18403,"58":3.139026,"59":0.005258,"60":0,"61":0},"opera":{"9":0,"9.5-9.6":0,"10.0-10.1":0,"10.5":0,"10.6":0,"11":0,"11.1":0,"11.5":0,"11.6":0,"12":0,"12.1":0,"15":0,"16":0,"17":0,"18":0,"19":0,"20":0,"21":0,"22":0,"23":0,"24":0,"25":0,"26":0,"27":0,"28":0,"29":0,"30":0,"31":0,"32":0,"33":0,"34":0,"35":0,"36":0.010516,"37":0,"38":0,"39":0,"40":0,"41":0,"42":0,"43":0,"44":0,"45":0.010516,"46":0.057838,"47":0,"48":0.015774,"49":0.005258,"50":0.304964,"51":0.10516,"52":0.005258},"safari":{"3.1":0,"3.2":0,"4":0,"5":0.005258,"5.1":0.05258,"6":0.005258,"6.1":0.010516,"7":0.094644,"7.1":0,"8":0.05258,"9":0.031548,"9.1":0.257642,"10":0.23661,"10.1":0.441672,"11":2.013814,"11.1":0.015774,"0":null},"ios_saf":{"3.2":0.00196966810043,"4.0-4.1":0,"4.2-4.3":0.0177270129039,"5.0-5.1":0.0295450215065,"6.0-6.1":0.0177270129039,"7.0-7.1":0.0866653964189,"8":0.0433326982095,"8.1-8.4":0.165452120436,"9.0-9.2":0.139846435131,"9.3":0.776049231569,"10.0-10.2":1.00650039932,"10.3":2.20011926818,"11.0-11.2":15.2058377353,"11.3":null},"android":{"2.1":0,"2.2":0,"2.3":0,"3":0,"4":0,"4.1":0.0561687538803,"4.2-4.3":0.162999521064,"4.4":0.479086430155,"4.4.3-4.4.4":0.2951612949,"62":null},"op_mob":{"10":null,"11":null,"11.1":null,"11.5":null,"12":null,"12.1":null,"0":null},"ie":{"5.5":0,"6":0,"7":0.005258,"8":0.021032,"9":0.047322,"10":0.031548,"11":1.240888},"edge":{"12":0.015774,"13":0.057838,"14":0.162998,"15":0.494252,"16":1.382854,"17":0},"samsung":{"4":0.937800897862,"5":0.463510788599,"6.2":3.12600299287},"bb":{"7":0.0009484,"10":0.0037936},"ie_mob":{"10":0,"11":0.085356},"op_mini":{"0":0.103256642612},"and_chr":{"0":46.361376},"baidu":{"0":null},"and_ff":{"0":0.184938},"and_qq":{"1.2":null},"and_uc":{"0":0.028452}},"total":97.1601853219}