{"id":"GQ","name":"Equatorial Guinea","month":"2018-03","access_date":"2018-04-03","data":{"chrome":{"4":0.005752,"5":0,"6":0,"7":0,"8":0.005752,"9":0,"10":0,"11":0,"12":0,"13":0,"14":0,"15":0,"16":0,"17":0.011504,"18":0,"19":0,"20":0.005752,"21":0.005752,"22":0,"23":0,"24":0,"25":0,"26":0,"27":0,"28":0.005752,"29":0.005752,"30":0,"31":0.023008,"32":0.005752,"33":0.011504,"34":0.040264,"35":0,"36":0.02876,"37":0,"38":0.005752,"39":0,"40":0,"41":0,"42":0.023008,"43":0.017256,"44":0,"45":0.005752,"46":0.011504,"47":0.005752,"48":0.074776,"49":0.253088,"50":0.005752,"51":0.017256,"52":0.011504,"53":0.126544,"54":0.011504,"55":1.184912,"56":0.017256,"57":1.438,"58":0.580952,"59":0.023008,"60":0.080528,"61":0.166808,"62":0.097784,"63":0.494672,"64":8.08156,"65":4.124184,"66":0.040264,"67":0.11504,"68":0},"firefox":{"2":0,"3":0,"3.5":0,"3.6":0.005752,"4":0,"5":0,"6":0,"7":0,"8":0.017256,"9":0,"10":0,"11":0.005752,"12":0.011504,"13":0.023008,"14":0,"15":0.005752,"16":0,"17":0,"18":0,"19":0.011504,"20":0,"21":0.005752,"22":0.005752,"23":0.17256,"24":0,"25":0,"26":0.005752,"27":0,"28":0.011504,"29":0.005752,"30":0.563696,"31":0.034512,"32":0.005752,"33":0.023008,"34":0.017256,"35":0.017256,"36":0.011504,"37":0.011504,"38":0.034512,"39":0.051768,"40":0.011504,"41":0.017256,"42":0.368128,"43":0.166808,"44":0.005752,"45":0.017256,"46":0.02876,"47":0.523432,"48":0.023008,"49":0.017256,"50":0.207072,"51":0.011504,"52":0.270344,"53":0.069024,"54":0.051768,"55":0.005752,"56":0.253088,"57":0.563696,"58":3.456952,"59":1.627816,"60":0.051768,"61":0.063272},"opera":{"9":0,"9.5-9.6":0,"10.0-10.1":0,"10.5":0,"10.6":0,"11":0,"11.1":0,"11.5":0,"11.6":0,"12":0,"12.1":0.023008,"15":0,"16":0,"17":0,"18":0,"19":0,"20":0.005752,"21":0,"22":0,"23":0,"24":0,"25":0.005752,"26":0,"27":0,"28":0,"29":0,"30":0,"31":0,"32":0,"33":0,"34":0,"35":0.011504,"36":0,"37":0,"38":0,"39":0,"40":0,"41":0,"42":0,"43":0,"44":0,"45":0,"46":0,"47":0.005752,"48":0.011504,"49":0,"50":0.011504,"51":0.161056,"52":0.005752},"safari":{"3.1":0,"3.2":0,"4":0,"5":0.017256,"5.1":0,"6":0,"6.1":0.005752,"7":0.005752,"7.1":0,"8":0.005752,"9":0,"9.1":0.051768,"10":0.011504,"10.1":0.080528,"11":0.327864,"11.1":0.011504,"0":null},"ios_saf":{"3.2":0.00046483658561,"4.0-4.1":0,"4.2-4.3":0.00046483658561,"5.0-5.1":0.00836705854098,"6.0-6.1":0.00650771219854,"7.0-7.1":0.0227769926949,"8":0.00650771219854,"8.1-8.4":0.0343979073351,"9.0-9.2":0.0260308487942,"9.3":0.18639947083,"10.0-10.2":0.185934634244,"10.3":0.43090351486,"11.0-11.2":3.73635647513,"11.3":null},"android":{"2.1":0,"2.2":0,"2.3":0,"3":0,"4":0,"4.1":0.531361184466,"4.2-4.3":1.61718621359,"4.4":4.56277538835,"4.4.3-4.4.4":2.80697321359,"62":null},"ie":{"5.5":0,"6":0,"7":0,"8":0.261322261905,"9":0.0607726190476,"10":0.182317857143,"11":3.5795072619},"op_mob":{"10":null,"11":null,"11.1":null,"11.5":null,"12":null,"12.1":null,"0":null},"edge":{"12":0.126544,"13":0.132296,"14":0.034512,"15":0.149552,"16":0.66148,"17":0},"samsung":{"4":1.85225068592,"5":0.421901545126,"6.2":0.576255768953},"bb":{"7":0.0118944,"10":0.0475776},"ie_mob":{"10":0.0305856,"11":0.1733184},"and_ff":{"0":0.29736},"and_qq":{"1.2":null},"and_uc":{"0":0.67968},"op_mini":{"0":0.776194268041},"and_chr":{"0":45.184432},"baidu":{"0":null}},"total":96.201730268}