{"id":"GR","name":"Greece","month":"2018-03","access_date":"2018-04-03","data":{"chrome":{"4":0,"5":0,"6":0,"7":0,"8":0,"9":0,"10":0,"11":0.034775,"12":0,"13":0,"14":0,"15":0,"16":0.104325,"17":0,"18":0,"19":0,"20":0,"21":0,"22":0.076505,"23":0.01391,"24":0,"25":0,"26":0.020865,"27":0,"28":0,"29":0.02782,"30":0.020865,"31":0.006955,"32":0.006955,"33":0.006955,"34":0.090415,"35":0.01391,"36":0.01391,"37":0.006955,"38":0.062595,"39":0.020865,"40":0.01391,"41":0,"42":0.034775,"43":0.04173,"44":0.02782,"45":0.01391,"46":0.020865,"47":0.020865,"48":0.034775,"49":2.121275,"50":0.04173,"51":0.02782,"52":0.01391,"53":0.034775,"54":0.04173,"55":0.04173,"56":0.062595,"57":0.02782,"58":0.08346,"59":0.034775,"60":0.05564,"61":0.118235,"62":0.12519,"63":0.68159,"64":16.91456,"65":9.86219,"66":0.034775,"67":0.01391,"68":0},"firefox":{"2":0,"3":0,"3.5":0,"3.6":0,"4":0.104325,"5":0.104325,"6":0.104325,"7":0,"8":0,"9":0,"10":0.006955,"11":0,"12":0.01391,"13":0,"14":0,"15":0,"16":0,"17":0,"18":0.020865,"19":0,"20":0,"21":0,"22":0,"23":0,"24":0,"25":0,"26":0,"27":0,"28":0,"29":0,"30":0,"31":0,"32":0,"33":0.006955,"34":0.006955,"35":0.006955,"36":0.006955,"37":0,"38":0.01391,"39":0.006955,"40":0.006955,"41":0.006955,"42":0.006955,"43":0.020865,"44":0,"45":0.01391,"46":0.006955,"47":0.062595,"48":0.08346,"49":0.02782,"50":0.020865,"51":0.01391,"52":1.09889,"53":0.020865,"54":0.04173,"55":0.020865,"56":0.062595,"57":0.09737,"58":3.720925,"59":3.14366,"60":0.02782,"61":0},"opera":{"9":0,"9.5-9.6":0,"10.0-10.1":0,"10.5":0,"10.6":0,"11":0,"11.1":0,"11.5":0,"11.6":0,"12":0.05564,"12.1":0.034775,"15":0,"16":0,"17":0,"18":0,"19":0,"20":0,"21":0,"22":0,"23":0,"24":0,"25":0,"26":0,"27":0,"28":0,"29":0,"30":0,"31":0.19474,"32":0.020865,"33":0.006955,"34":0,"35":0,"36":0.062595,"37":0.020865,"38":0,"39":0,"40":0.02782,"41":0,"42":0.006955,"43":0,"44":0,"45":0.020865,"46":0,"47":0.006955,"48":0.006955,"49":0.006955,"50":0.02782,"51":0.702455,"52":0.02782},"safari":{"3.1":0,"3.2":0,"4":0,"5":0.048685,"5.1":0.118235,"6":0,"6.1":0.006955,"7":0.006955,"7.1":0,"8":0.01391,"9":0.01391,"9.1":0.08346,"10":0.020865,"10.1":0.104325,"11":0.52858,"11.1":0.006955,"0":null},"ios_saf":{"3.2":0.000831514059842,"4.0-4.1":0,"4.2-4.3":0.000831514059842,"5.0-5.1":0.0149672530772,"6.0-6.1":0.0116411968378,"7.0-7.1":0.0407441889323,"8":0.0116411968378,"8.1-8.4":0.0615320404283,"9.0-9.2":0.0465647873511,"9.3":0.333437137997,"10.0-10.2":0.332605623937,"10.3":0.770813533473,"11.0-11.2":6.68371001301,"11.3":null},"android":{"2.1":0,"2.2":0,"2.3":0,"3":0,"4":0,"4.1":0.130231359223,"4.2-4.3":0.39635631068,"4.4":1.11829101942,"4.4.3-4.4.4":0.68796131068,"62":null},"ie":{"5.5":0,"6":0.01391,"7":0.11128,"8":0.20865,"9":0.16692,"10":0.159965,"11":1.44664},"op_mob":{"10":null,"11":null,"11.1":null,"11.5":null,"12":null,"12.1":null,"0":null},"edge":{"12":0.006955,"13":0.01391,"14":0.062595,"15":0.090415,"16":0.95979,"17":0},"samsung":{"4":0.625972802691,"5":0.0742679596413,"6.2":1.64450482063},"bb":{"7":0.001827,"10":0.007308},"ie_mob":{"10":0.0329654347826,"11":0.219769565217},"and_ff":{"0":0.124845},"and_qq":{"1.2":null},"and_uc":{"0":0.118755},"op_mini":{"0":0.158554510309},"and_chr":{"0":37.708565},"baidu":{"0":null}},"total":96.7686900933}