{"id":"GR","name":"Greece","month":"2015-12","access_date":"2016-01-02","data":{"firefox":{"2":0.008558,"3":0.008558,"3.5":0,"3.6":0.025674,"4":0.136928,"5":0.136928,"6":0.145486,"7":0,"8":0,"9":0,"10":0.017116,"11":0.008558,"12":0.094138,"13":0.008558,"14":0.008558,"15":0.008558,"16":0.04279,"17":0.034232,"18":0.008558,"19":0.008558,"20":0.025674,"21":0.017116,"22":0.008558,"23":0.008558,"24":0.025674,"25":0.008558,"26":0.017116,"27":0.051348,"28":0.017116,"29":0.017116,"30":0.051348,"31":0.04279,"32":0.04279,"33":0.034232,"34":0.111254,"35":0.068464,"36":0.051348,"37":0.119812,"38":0.205392,"39":0.145486,"40":0.179718,"41":0.316646,"42":10.99703,"43":5.94781,"44":0.051348,"45":0.017116,"46":0.008558},"chrome":{"4":0.008558,"5":0,"6":0,"7":0,"8":0,"9":0,"10":0,"11":0.188276,"12":0.008558,"13":0,"14":0,"15":0,"16":0.145486,"17":0.025674,"18":0.008558,"19":0,"20":0,"21":0.008558,"22":0.222508,"23":0.059906,"24":0,"25":0.008558,"26":0.04279,"27":0.008558,"28":0.008558,"29":0.017116,"30":0.025674,"31":0.077022,"32":0.034232,"33":0.04279,"34":0.102696,"35":0.08558,"36":0.077022,"37":0.034232,"38":0.094138,"39":0.154044,"40":0.077022,"41":0.068464,"42":0.188276,"43":0.205392,"44":0.239624,"45":0.29953,"46":7.40267,"47":36.448522,"48":0.145486,"49":0.094138,"50":0},"opera":{"9":0,"9.5-9.6":0,"10.0-10.1":0,"10.5":0,"10.6":0,"11":0,"11.1":0,"11.5":0,"11.6":0,"12":0.282414,"12.1":0.154044,"15":0,"16":0,"17":0,"18":0,"19":0,"20":0,"21":0,"22":0,"23":0,"24":0,"25":0,"26":0,"27":0,"28":0.034232,"29":0.008558,"30":0.008558,"31":0.017116,"32":0.008558,"33":0.376552,"34":0.676082,"35":0,"36":0},"safari":{"3.1":0,"3.2":0,"4":0.034232,"5":0.08558,"5.1":0.308088,"6":0.008558,"6.1":0.059906,"7":0.025674,"7.1":0.034232,"8":0.119812,"9":0.693198},"android":{"2.1":0,"2.2":0,"2.3":0.0375465605875,"3":0,"4":0.108467841697,"4.1":0.513136328029,"4.2-4.3":1.12848273766,"4.4":2.1923019543,"4.4.3-4.4.4":1.13265457772,"46":null},"ios_saf":{"3.2":0,"4.0-4.1":0,"4.2-4.3":0,"5.0-5.1":0,"6.0-6.1":0,"7.0-7.1":0.196085621982,"8":0.0261119044348,"8.1-8.4":0.650334223659,"9.0-9.2":4.00448224992},"op_mob":{"10":0,"11":0,"11.1":0,"11.5":0,"12":0,"12.1":2.79522216914e-5,"0":0.000656877209747},"ie":{"5.5":0,"6":0.0601125724138,"7":0.206100248276,"8":1.09061381379,"9":0.549600662069,"10":0.541013151724,"11":5.00651853103},"bb":{"7":0.0054075,"10":null},"ie_mob":{"10":0.11668071028,"11":0.52356728972},"edge":{"12":null,"13":null,"14":null},"and_uc":{"0":0.112476},"op_mini":{"5.0-8.0":0.204079170569},"and_chr":{"0":9.665296},"and_ff":{"0":0.02163}},"total":96.9767264793}