{"id":"GR","name":"Greece","month":"2020-04","access_date":"2020-05-07","data":{"chrome":{"4":0,"5":0,"6":0,"7":0,"8":0,"9":0,"10":0,"11":0,"12":0,"13":0,"14":0,"15":0,"16":0,"17":0,"18":0,"19":0,"20":0,"21":0,"22":0.0058,"23":0,"24":0,"25":0,"26":0.0058,"27":0,"28":0,"29":0.0058,"30":0,"31":0,"32":0,"33":0,"34":0.0058,"35":0,"36":0.0058,"37":0,"38":0.0174,"39":0.0058,"40":0.0174,"41":0,"42":0,"43":0.0058,"44":0,"45":0,"46":0,"47":0.0058,"48":0,"49":0.6032,"50":0.0058,"51":0,"52":0.0116,"53":0.029,"54":0,"55":0.0058,"56":0.0058,"57":0.0058,"58":0.0116,"59":0.0174,"60":0.0058,"61":0.1392,"62":0.0058,"63":0.0174,"64":0.0058,"65":0.0174,"66":0.0348,"67":0.0406,"68":0.0116,"69":0.0232,"70":0.0522,"71":0.1102,"72":0.1276,"73":0.0638,"74":0.1392,"75":0.058,"76":0.0348,"77":0.2668,"78":0.0638,"79":0.1334,"80":13.775,"81":6.9368,"83":0.0174,"84":0.0174,"85":null},"firefox":{"2":0,"3":0,"3.5":0,"3.6":0,"4":0,"5":0,"6":0,"7":0,"8":0,"9":0,"10":0,"11":0,"12":0,"13":0,"14":0,"15":0,"16":0,"17":0,"18":0,"19":0,"20":0,"21":0,"22":0,"23":0,"24":0,"25":0,"26":0,"27":0,"28":0,"29":0,"30":0,"31":0,"32":0,"33":0,"34":0,"35":0,"36":0,"37":0,"38":0,"39":0,"40":0,"41":0,"42":0,"43":0,"44":0,"45":0.0058,"46":0,"47":0.0058,"48":0.0232,"49":0,"50":0.0058,"51":0.0058,"52":0.2436,"53":0,"54":0,"55":0,"56":0.0116,"57":0,"58":0.0174,"59":0.0058,"60":0.0174,"61":0.0116,"62":0.0058,"63":0.0058,"64":0.0116,"65":0.0116,"66":0.0116,"67":0.0058,"68":0.1682,"69":0.0116,"70":0.0116,"71":0.0058,"72":0.2378,"73":0.029,"74":1.7458,"75":2.9696,"76":0.0232,"77":0,"78":0},"opera":{"9":0,"9.5-9.6":0,"10.0-10.1":0,"10.5":0,"10.6":0,"11":0,"11.1":0,"11.5":0,"11.6":0,"12":0,"12.1":0,"15":0,"16":0,"17":0,"18":0,"19":0,"20":0,"21":0,"22":0,"23":0,"24":0,"25":0,"26":0,"27":0,"28":0,"29":0,"30":0,"31":0,"32":0,"33":0,"34":0,"35":0,"36":0.0696,"37":0,"38":0,"39":0,"40":0.0058,"41":0,"42":0,"43":0,"44":0,"45":0,"46":0,"47":0.0058,"48":0,"49":0,"50":0,"51":0,"52":0,"53":0.0058,"54":0,"55":0,"56":0,"57":0.0058,"58":0,"60":0,"62":0,"63":0,"64":0,"65":0,"66":0.0058,"67":0.87,"68":0.0174},"ios_saf":{"3.2":0.00093,"4.0-4.1":0,"4.2-4.3":0.00186,"5.0-5.1":0.00928,"6.0-6.1":0.00278,"7.0-7.1":0.00928,"8":0.00093,"8.1-8.4":0.01299,"9.0-9.2":0.01113,"9.3":0.13362,"10.0-10.2":0.03433,"10.3":0.11784,"11.0-11.2":0.07609,"11.3-11.4":0.12898,"12.0-12.1":0.1596,"12.2-12.4":1.04573,"13.0-13.1":0.22269,"13.2":0.10856,"13.3":6.07953,"13.4":1.12646},"safari":{"3.1":0,"3.2":0,"4":0,"5":0,"5.1":0.0058,"6":0,"6.1":0,"7":0,"7.1":0,"8":0,"9":0,"9.1":0.0058,"10":0.0058,"10.1":0.029,"11":0.0058,"11.1":0.0928,"12":0.029,"12.1":0.0928,"13":0.5394,"13.1":0.493,"0":null},"android":{"2.1":0,"2.2":0.00532,"2.3":0.00177,"3":0.00177,"4":0.01596,"4.1":0.03547,"4.2-4.3":0.0745,"4.4":0,"4.4.3-4.4.4":0.5126,"81":null},"edge":{"12":0.0174,"13":0.0058,"14":0.0116,"15":0.029,"16":0.0116,"17":0.0348,"18":0.9338,"79":null,"80":null,"81":null},"samsung":{"4":0.19575,"5.0-5.4":0,"6.2-6.4":0.02061,"7.2-7.4":0.03091,"8.2":0.02061,"9.2":0.09272,"10.1":0.15454,"11.1":1.89567},"op_mob":{"10":null,"11":null,"11.1":null,"11.5":null,"12":null,"12.1":null,"0":null},"ie":{"5.5":0,"6":0,"7":0,"8":0.01233,"9":0.00617,"10":0.00617,"11":0.46253},"ie_mob":{"10":0,"11":0.0714},"bb":{"7":0,"10":0.0042},"baidu":{"0":null},"and_ff":{"0":0.1806},"and_uc":{"0":0.1764},"and_qq":{"1.2":0.0126},"kaios":{"2.5":0},"op_mini":{"0":0.22267},"and_chr":{"0":52.2944}},"total":97.60328}