{"id":"GR","name":"Greece","month":"2019-03","access_date":"2019-04-14","data":{"chrome":{"4":0,"5":0,"6":0,"7":0,"8":0,"9":0,"10":0,"11":0.073777,"12":0,"13":0,"14":0,"15":0,"16":0,"17":0,"18":0,"19":0,"20":0,"21":0,"22":0.228038,"23":0.006707,"24":0,"25":0,"26":0.026828,"27":0,"28":0,"29":0.120726,"30":0,"31":0,"32":0.006707,"33":0,"34":0.040242,"35":0,"36":0,"37":0,"38":0.127433,"39":0.006707,"40":0.006707,"41":0.013414,"42":0.046949,"43":0.033535,"44":0.026828,"45":0,"46":0.013414,"47":0.006707,"48":0.033535,"49":1.891374,"50":0.013414,"51":0.006707,"52":0.006707,"53":0.06707,"54":0.026828,"55":0.006707,"56":0.020121,"57":0.013414,"58":0.040242,"59":0.013414,"60":0.006707,"61":0.295108,"62":0.053656,"63":0.046949,"64":0.040242,"65":0.040242,"66":0.073777,"67":0.080484,"68":0.046949,"69":0.073777,"70":0.140847,"71":0.395713,"72":19.000931,"73":6.445427,"74":0.033535,"75":0,"76":0},"firefox":{"2":0,"3":0,"3.5":0,"3.6":0,"4":0,"5":0,"6":0,"7":0,"8":0,"9":0,"10":0,"11":0,"12":0,"13":0,"14":0,"15":0,"16":0,"17":0,"18":0,"19":0,"20":0,"21":0,"22":0,"23":0,"24":0,"25":0,"26":0,"27":0,"28":0,"29":0,"30":0,"31":0,"32":0,"33":0,"34":0,"35":0,"36":0,"37":0,"38":0.006707,"39":0,"40":0,"41":0,"42":0,"43":0.013414,"44":0,"45":0.006707,"46":0,"47":0.033535,"48":0.033535,"49":0.006707,"50":0.006707,"51":0.006707,"52":0.744477,"53":0.006707,"54":0.026828,"55":0.006707,"56":0.026828,"57":0.006707,"58":0.006707,"59":0.013414,"60":0.080484,"61":0.013414,"62":0.013414,"63":0.040242,"64":0.060363,"65":4.721728,"66":1.428591,"67":0.013414,"68":0},"opera":{"9":0,"9.5-9.6":0,"10.0-10.1":0,"10.5":0,"10.6":0,"11":0,"11.1":0,"11.5":0,"11.6":0,"12":0.06707,"12.1":0.033535,"15":0,"16":0,"17":0,"18":0,"19":0,"20":0,"21":0,"22":0,"23":0,"24":0,"25":0.020121,"26":0,"27":0,"28":0,"29":0,"30":0,"31":0.295108,"32":0,"33":0,"34":0,"35":0,"36":0.13414,"37":0.006707,"38":0.006707,"39":0,"40":0.207917,"41":0,"42":0,"43":0,"44":0,"45":0,"46":0,"47":0,"48":0,"49":0,"50":0,"51":0,"52":0,"53":0,"54":0,"55":0,"56":0,"57":0,"58":0.677407},"safari":{"3.1":0,"3.2":0,"4":0,"5":0,"5.1":0.006707,"6":0,"6.1":0.006707,"7":0,"7.1":0,"8":0.033535,"9":0.013414,"9.1":0.020121,"10":0.006707,"10.1":0.080484,"11":0.020121,"11.1":0.107312,"12":0.449369,"12.1":0.026828,"0":null},"ios_saf":{"3.2":0.0031267155155155,"4.0-4.1":0.0015633577577578,"4.2-4.3":0.0015633577577578,"5.0-5.1":0.0085984676676677,"6.0-6.1":0.0039083943943944,"7.0-7.1":0.015633577577578,"8":0.10474496976977,"8.1-8.4":0.033612191791792,"9.0-9.2":0.02110532972973,"9.3":0.15242738138138,"10.0-10.2":0.084421318918919,"10.3":0.20401818738739,"11.0-11.2":0.25873570890891,"11.3-11.4":0.55577368288288,"12.0-12.1":6.2714096452452,"12.2":0.088329713313313},"android":{"2.1":0.010037078331638,"2.2":0.021747003051882,"2.3":0.015055617497457,"3":0.0016728463886063,"4":0.2375441871821,"4.1":0.12880917192269,"4.2-4.3":0.48010691353001,"4.4":0,"4.4.3-4.4.4":0.74943518209563,"67":null},"ie":{"5.5":0,"6":0.026828,"7":0,"8":0.100605,"9":0.060363,"10":0.053656,"11":1.079827},"edge":{"12":0.013414,"13":0.006707,"14":0.020121,"15":0.046949,"16":0.033535,"17":0.885324,"18":0.234745},"op_mob":{"10":null,"11":null,"11.1":null,"11.5":null,"12":null,"12.1":null,"0":null},"samsung":{"4":0.70035827302632,"5.0-5.4":0.020906217105263,"6.2-6.4":0.11498419407895,"7.2-7.4":0.13589041118421,"8.2":2.0697154934211,"9.2":0.13589041118421},"ie_mob":{"10":0,"11":0.141599},"bb":{"7":0.0006586,"10":0.0026344},"kaios":{"2.5":0},"baidu":{"0":null},"and_ff":{"0":0.128427},"and_uc":{"0":0.108669},"and_qq":{"1.2":0.006586},"op_mini":{"0":0.4239935532646},"and_chr":{"0":40.588267}},"total":95.836690553265}