{"id":"GR","name":"Greece","month":"2019-10","access_date":"2019-11-13","data":{"chrome":{"4":0,"5":0,"6":0,"7":0,"8":0,"9":0,"10":0,"11":0.057699,"12":0,"13":0,"14":0,"15":0,"16":0,"17":0,"18":0,"19":0,"20":0,"21":0,"22":0,"23":0.006411,"24":0,"25":0,"26":0.038466,"27":0,"28":0,"29":0,"30":0,"31":0,"32":0,"33":0,"34":0.038466,"35":0,"36":0.006411,"37":0,"38":0.096165,"39":0,"40":0.006411,"41":0,"42":0,"43":0.012822,"44":0,"45":0,"46":0.006411,"47":0.006411,"48":0.025644,"49":1.660449,"50":0.006411,"51":0,"52":0.006411,"53":0.019233,"54":0.044877,"55":0.006411,"56":0.032055,"57":0.006411,"58":0.051288,"59":0,"60":0.006411,"61":0.102576,"62":0.044877,"63":0.032055,"64":0.019233,"65":0.019233,"66":0.019233,"67":0.044877,"68":0.019233,"69":0.025644,"70":0.102576,"71":0.083343,"72":0.160275,"73":0.057699,"74":0.19233,"75":0.173097,"76":0.423126,"77":21.66918,"78":1.955355,"79":0.019233,"80":0.006411,"81":null},"firefox":{"2":0,"3":0,"3.5":0,"3.6":0,"4":0,"5":0,"6":0,"7":0,"8":0,"9":0,"10":0,"11":0,"12":0,"13":0,"14":0,"15":0,"16":0,"17":0,"18":0,"19":0.006411,"20":0,"21":0,"22":0,"23":0,"24":0,"25":0,"26":0,"27":0,"28":0,"29":0,"30":0,"31":0,"32":0,"33":0,"34":0,"35":0,"36":0,"37":0,"38":0,"39":0,"40":0,"41":0,"42":0,"43":0.006411,"44":0,"45":0.006411,"46":0,"47":0.006411,"48":0.025644,"49":0,"50":0,"51":0.006411,"52":0.660333,"53":0,"54":0.006411,"55":0,"56":0.019233,"57":0.006411,"58":0,"59":0.006411,"60":0.057699,"61":0.006411,"62":0.006411,"63":0.032055,"64":0.012822,"65":0.012822,"66":0.044877,"67":0.025644,"68":0.314139,"69":4.442823,"70":1.096281,"71":0.006411,"72":0},"opera":{"9":0,"9.5-9.6":0,"10.0-10.1":0,"10.5":0,"10.6":0,"11":0,"11.1":0,"11.5":0,"11.6":0,"12":0.032055,"12.1":0.006411,"15":0,"16":0,"17":0,"18":0,"19":0,"20":0,"21":0,"22":0,"23":0,"24":0,"25":0.025644,"26":0,"27":0,"28":0,"29":0,"30":0,"31":0.416715,"32":0,"33":0,"34":0,"35":0,"36":0.134631,"37":0,"38":0,"39":0,"40":0.307728,"41":0,"42":0,"43":0,"44":0,"45":0,"46":0,"47":0,"48":0,"49":0,"50":0,"51":0,"52":0,"53":0.006411,"54":0.019233,"55":0,"56":0,"57":0,"58":0,"60":0,"62":0.006411,"63":0.6411,"64":0.06411},"safari":{"3.1":0,"3.2":0,"4":0,"5":0,"5.1":0.006411,"6":0,"6.1":0,"7":0,"7.1":0,"8":0.006411,"9":0.006411,"9.1":0.012822,"10":0.006411,"10.1":0.057699,"11":0.012822,"11.1":0.096165,"12":0.038466,"12.1":0.147453,"13":0.435948,"0":null},"ios_saf":{"3.2":0.001545969381629,"4.0-4.1":0.003091938763258,"4.2-4.3":0,"5.0-5.1":0.0054108928357014,"6.0-6.1":0.001545969381629,"7.0-7.1":0.0061838775265159,"8":0.00077298469081449,"8.1-8.4":0.010048800980588,"9.0-9.2":0.010048800980588,"9.3":0.10512591795077,"10.0-10.2":0.043287142685611,"10.3":0.11672068831299,"11.0-11.2":0.11981262707625,"11.3-11.4":0.20947885121073,"12.0-12.1":0.29528015189113,"12.2-12.4":3.0548354980989,"13.0-13.1":3.6886829445667,"13.2":0.0533359436662,"13.3":0},"android":{"2.1":0,"2.2":0.010364378378378,"2.3":0.0018844324324324,"3":0.0028266486486486,"4":0.033919783783784,"4.1":0.085741675675676,"4.2-4.3":0.54271654054054,"4.4":0,"4.4.3-4.4.4":0.29868254054054,"76":null},"ie":{"5.5":0,"6":0.032055,"7":0,"8":0.076932,"9":0,"10":0.044877,"11":0.737265},"samsung":{"4":0.72963606382979,"5.0-5.4":0.010423372340426,"6.2-6.4":0.11465709574468,"7.2-7.4":0.020846744680851,"8.2":0.020846744680851,"9.2":0.22931419148936,"10.1":1.813666787234},"edge":{"12":0,"13":0.006411,"14":0.012822,"15":0.025644,"16":0.012822,"17":0.173097,"18":0.96165,"76":null},"op_mob":{"10":null,"11":null,"11.1":null,"11.5":null,"12":null,"12.1":null,"0":null},"ie_mob":{"10":0,"11":0.068191},"bb":{"7":0,"10":0.003589},"baidu":{"0":null},"and_ff":{"0":0.14356},"and_uc":{"0":0.10767},"and_qq":{"1.2":0.007178},"kaios":{"2.5":0},"op_mini":{"0":0.57763166666667},"and_chr":{"0":45.193828}},"total":96.439179666667}