{"id":"GR","name":"Greece","month":"2014-10","access_date":"2014-11-01","data":{"chrome":{"4":null,"5":null,"6":null,"7":null,"8":null,"9":null,"10":null,"11":0.165888,"12":null,"13":null,"14":null,"15":0.027648,"16":0.027648,"17":0.027648,"18":0.018432,"19":null,"20":null,"21":0.018432,"22":0.32256,"23":0.036864,"24":0.036864,"25":0.018432,"26":0.09216,"27":0.064512,"28":0.082944,"29":0.036864,"30":0.073728,"31":0.405504,"32":0.267264,"33":0.516096,"34":0.543744,"35":0.958464,"36":0.73728,"37":23.104512,"38":21.482496,"39":0.09216,"40":0.09216,"41":null},"firefox":{"2":null,"3":0.027648,"3.5":0.009216,"3.6":0.082944,"4":0.018432,"5":0.018432,"6":null,"7":0.009216,"8":0.027648,"9":0.009216,"10":0.036864,"11":0.027648,"12":0.147456,"13":0.018432,"14":0.027648,"15":0.018432,"16":0.055296,"17":0.036864,"18":0.04608,"19":0.04608,"20":0.055296,"21":0.04608,"22":0.055296,"23":0.04608,"24":0.064512,"25":0.036864,"26":0.064512,"27":0.09216,"28":0.09216,"29":0.165888,"30":0.294912,"31":0.488448,"32":20.09088,"33":4.589568,"34":0.129024,"35":0.009216,"36":null},"opera":{"9":null,"9.5-9.6":null,"10.0-10.1":0,"10.5":null,"10.6":null,"11":0.018432,"11.1":null,"11.5":null,"11.6":null,"12":0.165888,"12.1":0.32256,"15":null,"16":null,"17":null,"18":0.027648,"19":0.009216,"20":0.027648,"21":0.009216,"22":0.018432,"23":null,"24":0.433152,"25":0.488448,"26":null,"27":null},"safari":{"3.1":null,"3.2":null,"4":0.036864,"5":0.248832,"5.1":0.396288,"6":0.04608,"6.1":0.13824,"7":0.27648,"7.1":0.32256,"8":0.156672},"android":{"2.1":0,"2.2":0.00350404839685,"2.3":0.0805931131276,"3":0.00262803629764,"4":0.17783045614,"4.1":0.523271227264,"4.2-4.3":0.784030828796,"4.4":0.99836178907,"4.4.3-4.4.4":0.325876500907,"37":0},"ios_saf":{"3.2":0,"4.0-4.1":0,"4.2-4.3":0,"5.0-5.1":0.0118207323944,"6.0-6.1":0.053024428169,"7.0-7.1":0.733392011268,"8":0.644567650704,"8.1":0.235739177465},"op_mob":{"10":0,"11":0,"11.1":0,"11.5":0,"12":0.000441,"12.1":0.0019845,"0":null},"ie":{"5.5":null,"6":0.0461885086342,"7":0.230942543171,"8":2.69740890424,"9":1.29327824176,"10":1.2378520314,"11":6.2631617708},"bb":{"7":0.003136,"10":null},"and_ff":{"0":0.060368},"ie_mob":{"10":0.17886176},"and_uc":{"0":0.041552},"op_mini":{"5.0-8.0":0.1528065},"and_chr":{"0":2.618432}},"total":98.77846176}