{"id":"GR","name":"Greece","month":"2022-02","access_date":"2022-03-03","data":{"firefox":{"2":null,"3":null,"3.5":null,"3.6":null,"4":null,"5":null,"6":null,"7":null,"8":null,"9":null,"10":null,"11":null,"12":null,"13":null,"14":null,"15":null,"16":null,"17":null,"18":null,"19":null,"20":null,"21":null,"22":null,"23":null,"24":null,"25":null,"26":null,"27":null,"28":null,"29":null,"30":null,"31":null,"32":null,"33":null,"34":null,"35":null,"36":null,"37":null,"38":null,"39":null,"40":null,"41":null,"42":null,"43":null,"44":null,"45":null,"46":null,"47":null,"48":null,"49":null,"50":null,"51":null,"52":0.69463,"53":null,"54":null,"55":null,"56":null,"57":null,"58":null,"59":null,"60":0.01187,"61":null,"62":null,"63":null,"64":null,"65":null,"66":null,"67":null,"68":0.14249,"69":null,"70":null,"71":null,"72":null,"73":null,"74":null,"75":null,"76":null,"77":0.01781,"78":0.04156,"79":null,"80":null,"81":0.03562,"82":null,"83":0.01187,"84":0.01187,"85":0.00594,"86":0.01187,"87":0.03562,"88":0.0475,"89":0.01187,"90":0.00594,"91":0.08312,"92":0.01781,"93":0.00594,"94":0.08906,"95":0.03562,"96":2.60041,"97":4.28651,"98":0.01187,"99":null},"chrome":{"4":null,"5":null,"6":null,"7":null,"8":null,"9":null,"10":null,"11":null,"12":null,"13":null,"14":null,"15":null,"16":null,"17":null,"18":null,"19":null,"20":null,"21":null,"22":0.42746,"23":null,"24":null,"25":null,"26":null,"27":null,"28":null,"29":null,"30":null,"31":null,"32":null,"33":null,"34":0.04156,"35":null,"36":null,"37":null,"38":0.22561,"39":0.07718,"40":null,"41":0.01187,"42":null,"43":null,"44":null,"45":null,"46":null,"47":0.27904,"48":null,"49":0.48683,"50":null,"51":null,"52":null,"53":0.01187,"54":null,"55":null,"56":0.00594,"57":null,"58":null,"59":null,"60":null,"61":null,"62":0.41559,"63":null,"64":null,"65":0.00594,"66":null,"67":0.00594,"68":null,"69":0.25529,"70":null,"71":0.01781,"72":0.02375,"73":null,"74":0.01187,"75":null,"76":0.00594,"77":0.08906,"78":0.01781,"79":0.18405,"80":0.02969,"81":0.01781,"83":0.02969,"84":0.01781,"85":0.02375,"86":0.02969,"87":0.11874,"88":0.10687,"89":0.08312,"90":0.01187,"91":0.33247,"92":0.02969,"93":0.06531,"94":0.03562,"95":0.0475,"96":0.31466,"97":10.74597,"98":24.85822,"99":0.00594,"100":0.00594,"101":null},"opera":{"9":null,"9.5-9.6":null,"10.0-10.1":0,"10.5":null,"10.6":null,"11":null,"11.1":null,"11.5":null,"11.6":null,"12":0.08906,"12.1":null,"15":null,"16":null,"17":null,"18":null,"19":null,"20":null,"21":null,"22":null,"23":null,"24":null,"25":0.0475,"26":null,"27":null,"28":null,"29":null,"30":null,"31":0.84305,"32":null,"33":null,"34":null,"35":null,"36":null,"37":null,"38":null,"39":null,"40":0.58776,"41":null,"42":null,"43":null,"44":null,"45":null,"46":0.00594,"47":null,"48":null,"49":null,"50":null,"51":null,"52":null,"53":null,"54":null,"55":null,"56":null,"57":null,"58":null,"60":null,"62":null,"63":null,"64":null,"65":null,"66":null,"67":0.01781,"68":null,"69":null,"70":null,"71":null,"72":null,"73":null,"74":null,"75":null,"76":null,"77":null,"78":null,"79":null,"80":null,"81":null,"82":0.2078,"83":1.12803},"edge":{"12":null,"13":null,"14":null,"15":0.13655,"16":null,"17":null,"18":0.00594,"79":null,"80":null,"81":null,"83":null,"84":null,"85":null,"86":null,"87":null,"88":null,"89":null,"90":null,"91":null,"92":0.04156,"93":null,"94":null,"95":0.01187,"96":0.01781,"97":0.84899,"98":2.49354},"safari":{"3.1":null,"3.2":null,"4":0,"5":null,"5.1":null,"6":null,"6.1":null,"7":null,"7.1":null,"8":null,"9":null,"9.1":null,"10":null,"10.1":null,"11":null,"11.1":0.04156,"12":null,"12.1":0.04156,"13":0.02969,"13.1":0.10093,"14":0.08312,"14.1":0.32654,"15":0.05343,"15.1":0.14843,"15.2-15.3":0.29685,"15.4":null,"0":null},"ios_saf":{"3.2":0,"4.0-4.1":0,"4.2-4.3":0,"5.0-5.1":0.00124,"6.0-6.1":0.00062,"7.0-7.1":0.24598,"8":0,"8.1-8.4":0.00496,"9.0-9.2":0,"9.3":0.05205,"10.0-10.2":0.00248,"10.3":0.05638,"11.0-11.2":0.00867,"11.3-11.4":0.01425,"12.0-12.1":0.00929,"12.2-12.5":0.30113,"13.0-13.1":0.00496,"13.2":0.01053,"13.3":0.02107,"13.4-13.7":0.11215,"14.0-14.4":0.24226,"14.5-14.8":0.99012,"15.0-15.1":0.8154,"15.2-15.3":3.28761,"15.4":0.01239},"samsung":{"4":0.59228,"5.0-5.4":0.04073,"6.2-6.4":0.01018,"7.2-7.4":0.13693,"8.2":0.02094,"9.2":0.0632,"10.1":0.02096,"11.1-11.2":0.06461,"12.0":0.02107,"13.0":0.09692,"14.0":0.05384,"15.0":0.08615,"16.0":1.443},"android":{"2.1":0,"2.2":0,"2.3":0,"3":0,"4":0,"4.1":0.00468,"4.2-4.3":0.23867,"4.4":0,"4.4.3-4.4.4":0.29716,"0":0},"ie":{"5.5":null,"6":null,"7":null,"8":null,"9":null,"10":null,"11":0.4809},"op_mob":{"10":null,"11":null,"11.1":null,"11.5":null,"12":null,"12.1":null,"0":null},"bb":{"7":0,"10":0},"ie_mob":{"10":0.10602,"11":null},"baidu":{"0":null},"and_ff":{"0":0.19101},"and_qq":{"10.4":0},"and_uc":{"0":0.08941},"op_mini":{"0":0.24239},"and_chr":{"0":30.41749},"kaios":{"2.5":0}},"total":96.24497}