{"id":"GT","name":"Guatemala","month":"2019-09","access_date":"2019-10-06","data":{"chrome":{"4":0,"5":0,"6":0,"7":0,"8":0,"9":0,"10":0,"11":0.006171,"12":0,"13":0,"14":0,"15":0,"16":0,"17":0,"18":0,"19":0,"20":0,"21":0,"22":0,"23":0,"24":0,"25":0,"26":0.006171,"27":0,"28":0,"29":0,"30":0,"31":0,"32":0,"33":0,"34":0.006171,"35":0,"36":0.006171,"37":0,"38":0.018513,"39":0,"40":0,"41":0,"42":0.006171,"43":0,"44":0,"45":0,"46":0.006171,"47":0,"48":0,"49":0.345576,"50":0,"51":0,"52":0,"53":0.018513,"54":0,"55":0.012342,"56":0.018513,"57":0,"58":0.018513,"59":0.018513,"60":0.006171,"61":0.012342,"62":0.006171,"63":0.030855,"64":0.012342,"65":0.049368,"66":0.024684,"67":0.092565,"68":0.037026,"69":0.043197,"70":0.055539,"71":0.074052,"72":0.203643,"73":0.098736,"74":0.18513,"75":0.30855,"76":19.450992,"77":6.763416,"78":0.018513,"79":0.006171,"80":0},"firefox":{"2":0,"3":0,"3.5":0,"3.6":0,"4":0,"5":0,"6":0,"7":0,"8":0,"9":0,"10":0,"11":0,"12":0,"13":0,"14":0,"15":0,"16":0,"17":0,"18":0,"19":0.006171,"20":0,"21":0,"22":0,"23":0,"24":0,"25":0,"26":0,"27":0,"28":0,"29":0,"30":0,"31":0,"32":0,"33":0,"34":0,"35":0,"36":0,"37":0,"38":0,"39":0,"40":0,"41":0,"42":0,"43":0.006171,"44":0,"45":0.006171,"46":0,"47":0.006171,"48":0.037026,"49":0,"50":0,"51":0,"52":0.098736,"53":0,"54":0.006171,"55":0.006171,"56":0,"57":0.006171,"58":0,"59":0.006171,"60":0.012342,"61":0.006171,"62":0.006171,"63":0.006171,"64":0.006171,"65":0.018513,"66":0.067881,"67":0.037026,"68":0.561561,"69":1.721709,"70":0.024684,"71":0},"opera":{"9":0,"9.5-9.6":0,"10.0-10.1":0,"10.5":0,"10.6":0,"11":0,"11.1":0,"11.5":0,"11.6":0,"12":0,"12.1":0.006171,"15":0,"16":0,"17":0,"18":0,"19":0,"20":0,"21":0,"22":0,"23":0,"24":0,"25":0,"26":0,"27":0,"28":0,"29":0,"30":0,"31":0,"32":0,"33":0,"34":0,"35":0,"36":0.006171,"37":0,"38":0,"39":0,"40":0,"41":0,"42":0,"43":0,"44":0,"45":0,"46":0,"47":0,"48":0,"49":0,"50":0,"51":0,"52":0,"53":0.018513,"54":0.006171,"55":0,"56":0,"57":0,"58":0.006171,"60":0,"62":0.074052},"safari":{"3.1":0,"3.2":0,"4":0,"5":0,"5.1":0.388773,"6":0,"6.1":0,"7":0,"7.1":0,"8":0.006171,"9":0.006171,"9.1":0.030855,"10":0.018513,"10.1":0.18513,"11":0.086394,"11.1":0.277695,"12":0.296208,"12.1":1.771077,"13":0.327063,"13.1":0,"0":null},"ios_saf":{"3.2":0.0027266132906325,"4.0-4.1":0.0013633066453163,"4.2-4.3":0,"5.0-5.1":0.0047715732586069,"6.0-6.1":0,"7.0-7.1":0.005453226581265,"8":0,"8.1-8.4":0.010224799839872,"9.0-9.2":0.011588106485188,"9.3":0.08384335868695,"10.0-10.2":0.040217546036829,"10.3":0.10156634507606,"11.0-11.2":0.11042783827062,"11.3-11.4":0.19972442353883,"12.0-12.1":0.3353734347478,"12.2-12.3":5.4266421016813,"13.0-13.1":0.47715732586069},"android":{"2.1":0,"2.2":0.0038027711442786,"2.3":0.0020742388059701,"3":0.0024199452736318,"4":0.013482552238806,"4.1":0.030767875621891,"4.2-4.3":0.18184160199005,"4.4":0,"4.4.3-4.4.4":0.11304601492537,"76":null},"samsung":{"4":0.48922088727273,"5.0-5.4":0.050960509090909,"6.2-6.4":0.050960509090909,"7.2-7.4":0.20384203636364,"8.2":0.11211312,"9.2":1.2230522181818,"10.1":0.67267872},"edge":{"12":0.006171,"13":0.012342,"14":0.012342,"15":0.018513,"16":0.030855,"17":0.333234,"18":0.333234,"76":null},"op_mob":{"10":null,"11":null,"11.1":null,"11.5":null,"12":null,"12.1":null,"0":null},"ie":{"5.5":0,"6":0,"7":0,"8":0.049368,"9":0,"10":0.006171,"11":0.382602},"ie_mob":{"10":0,"11":0.030632},"bb":{"7":0,"10":0.003829},"and_chr":{"0":50.865036},"baidu":{"0":null},"and_ff":{"0":0.202937},"and_uc":{"0":0.172305},"and_qq":{"1.2":0},"kaios":{"2.5":0},"op_mini":{"0":0.46763142783505}},"total":97.020346427835}