{"id":"GT","name":"Guatemala","month":"2019-03","access_date":"2019-04-14","data":{"chrome":{"4":0,"5":0,"6":0,"7":0,"8":0,"9":0,"10":0,"11":0.006532,"12":0,"13":0,"14":0,"15":0,"16":0,"17":0,"18":0,"19":0,"20":0,"21":0,"22":0.006532,"23":0.006532,"24":0,"25":0,"26":0,"27":0,"28":0,"29":0,"30":0,"31":0.006532,"32":0,"33":0,"34":0.006532,"35":0,"36":0,"37":0,"38":0.03266,"39":0,"40":0.006532,"41":0,"42":0,"43":0.006532,"44":0,"45":0,"46":0.006532,"47":0,"48":0,"49":0.509496,"50":0.013064,"51":0.006532,"52":0,"53":0.013064,"54":0,"55":0.006532,"56":0.039192,"57":0.006532,"58":0.039192,"59":0.026128,"60":0.006532,"61":0.052256,"62":0.026128,"63":0.026128,"64":0.03266,"65":0.052256,"66":0.071852,"67":0.202492,"68":0.078384,"69":0.09798,"70":0.124108,"71":0.378856,"72":20.67378,"73":6.930452,"74":0.019596,"75":0.006532,"76":0},"firefox":{"2":0,"3":0,"3.5":0,"3.6":0,"4":0,"5":0,"6":0,"7":0,"8":0,"9":0,"10":0,"11":0,"12":0,"13":0,"14":0,"15":0,"16":0,"17":0,"18":0,"19":0,"20":0,"21":0,"22":0,"23":0,"24":0,"25":0,"26":0.006532,"27":0,"28":0,"29":0,"30":0,"31":0,"32":0,"33":0,"34":0,"35":0,"36":0,"37":0,"38":0,"39":0,"40":0,"41":0,"42":0,"43":0.006532,"44":0,"45":0,"46":0,"47":0.006532,"48":0.039192,"49":0,"50":0,"51":0.006532,"52":0.084916,"53":0,"54":0.006532,"55":0,"56":0.006532,"57":0.019596,"58":0.006532,"59":0.013064,"60":0.019596,"61":0.019596,"62":0.006532,"63":0.026128,"64":0.045724,"65":1.907344,"66":0.568284,"67":0.013064,"68":0},"opera":{"9":0,"9.5-9.6":0,"10.0-10.1":0,"10.5":0,"10.6":0,"11":0,"11.1":0,"11.5":0,"11.6":0,"12":0,"12.1":0.006532,"15":0,"16":0,"17":0,"18":0,"19":0,"20":0.006532,"21":0,"22":0,"23":0,"24":0,"25":0,"26":0,"27":0,"28":0,"29":0,"30":0,"31":0,"32":0,"33":0,"34":0,"35":0,"36":0.006532,"37":0,"38":0.006532,"39":0,"40":0,"41":0,"42":0,"43":0,"44":0,"45":0,"46":0,"47":0,"48":0,"49":0,"50":0,"51":0,"52":0,"53":0,"54":0,"55":0,"56":0.006532,"57":0.006532,"58":0.692392},"safari":{"3.1":0,"3.2":0,"4":0,"5":0,"5.1":1.090844,"6":0.006532,"6.1":0.006532,"7":0,"7.1":0,"8":0.03266,"9":0.052256,"9.1":0.06532,"10":0.03266,"10.1":0.254748,"11":0.124108,"11.1":0.4899,"12":2.18822,"12.1":0.058788,"0":null},"ios_saf":{"3.2":0.0027728704704705,"4.0-4.1":0.0013864352352352,"4.2-4.3":0.0013864352352352,"5.0-5.1":0.0076253937937938,"6.0-6.1":0.0034660880880881,"7.0-7.1":0.013864352352352,"8":0.092891160760761,"8.1-8.4":0.029808357557558,"9.0-9.2":0.018716875675676,"9.3":0.13517743543544,"10.0-10.2":0.074867502702703,"10.3":0.1809297981982,"11.0-11.2":0.22945503143143,"11.3-11.4":0.49287772612613,"12.0-12.1":5.5616849461461,"12.2":0.078333590790791},"android":{"2.1":0.0042348158697864,"2.2":0.0091754343845371,"2.3":0.0063522238046796,"3":0.00070580264496439,"4":0.10022397558494,"4.1":0.054346803662258,"4.2-4.3":0.20256535910478,"4.4":0,"4.4.3-4.4.4":0.31619958494405,"67":null},"ie":{"5.5":0,"6":0.006532,"7":0,"8":0.052256,"9":0.006532,"10":0.006532,"11":1.443572},"edge":{"12":0.019596,"13":0.013064,"14":0.026128,"15":0.058788,"16":0.052256,"17":0.502964,"18":0.078384},"op_mob":{"10":null,"11":null,"11.1":null,"11.5":null,"12":null,"12.1":null,"0":null},"samsung":{"4":0.69900709677419,"5.0-5.4":0.060783225806452,"6.2-6.4":0.11143591397849,"7.2-7.4":0.34443827956989,"8.2":1.5195806451613,"9.2":0.091174838709677},"ie_mob":{"10":0,"11":0.055488},"bb":{"7":0.0020808,"10":0.0083232},"kaios":{"2.5":0},"baidu":{"0":null},"and_ff":{"0":0.149124},"and_uc":{"0":0.2601},"and_qq":{"1.2":0},"op_mini":{"0":0.71903795876289},"and_chr":{"0":45.802968}},"total":97.176745958763}