{"id":"GT","name":"Guatemala","month":"2015-03","access_date":"2015-04-20","data":{"firefox":{"2":0.00525,"3":0.03675,"3.5":0.01575,"3.6":0.04725,"4":0.0105,"5":0.01575,"6":0.00525,"7":0.0105,"8":0.00525,"9":0.0105,"10":0.0105,"11":0.01575,"12":0.03675,"13":0.021,"14":0.01575,"15":0.021,"16":0.03675,"17":0.0105,"18":0.021,"19":0.01575,"20":0.021,"21":0.0315,"22":0.01575,"23":0.01575,"24":0.01575,"25":0.021,"26":0.02625,"27":0.021,"28":0.0315,"29":0.042,"30":0.06825,"31":0.14175,"32":0.126,"33":0.126,"34":0.147,"35":1.386,"36":5.26575,"37":0.0525,"38":0.01575,"39":0,"40":0},"chrome":{"4":0.00525,"5":0,"6":0,"7":0,"8":0,"9":0.00525,"10":0.00525,"11":0.042,"12":0.01575,"13":0.00525,"14":0.00525,"15":0.00525,"16":0,"17":0.00525,"18":0.0315,"19":0,"20":0.00525,"21":0.042,"22":0.063,"23":0.0105,"24":0.01575,"25":0.01575,"26":0.04725,"27":0.02625,"28":0.021,"29":0.0315,"30":0.042,"31":0.05775,"32":0.03675,"33":0.084,"34":0.1155,"35":0.1785,"36":0.3045,"37":0.357,"38":0.3885,"39":1.071,"40":11.0775,"41":17.283,"42":0.0735,"43":0.03675,"44":0},"opera":{"9":0,"9.5-9.6":0,"10.0-10.1":0,"10.5":0,"10.6":0,"11":0,"11.1":0.00525,"11.5":0.00525,"11.6":0.00525,"12":0.00525,"12.1":0.042,"15":0,"16":0.00525,"17":0,"18":0.00525,"19":0,"20":0.02625,"21":0,"22":0,"23":0,"24":0,"25":0.00525,"26":0.01575,"27":0.19425,"28":0.36225,"29":0.00525},"safari":{"3.1":0,"3.2":0,"4":0.0315,"5":0.0735,"5.1":0.23625,"6":0.11025,"6.1":0.1155,"7":0.2415,"7.1":0.3465,"8":1.00275},"android":{"2.1":0,"2.2":0,"2.3":0.300621575531,"3":0,"4":0.666345912642,"4.1":2.30348888767,"4.2-4.3":3.99233111453,"4.4":6.84153432721,"4.4.3-4.4.4":3.29917818242,"40":null},"ios_saf":{"3.2":0,"4.0-4.1":0,"4.2-4.3":0,"5.0-5.1":0.0142905982906,"6.0-6.1":0.0360512820513,"7.0-7.1":0.57,"8":0.114324786325,"8.1-8.3":2.49533333333},"op_mob":{"10":0,"11":0,"11.1":0,"11.5":0,"12":0.00232329113924,"12.1":0.00929316455696,"0":0.058082278481},"ie":{"5.5":0,"6":0.0478267218832,"7":0.0371985614647,"8":0.98310483871,"9":0.504837619878,"10":1.05218788143,"11":3.43289581517,"0":null},"ie_mob":{"10":0.349937777778,"11":0.880312222222},"bb":{"7":0.2695625,"10":null},"and_uc":{"0":1.62925},"op_mini":{"5.0-8.0":9.10730126582},"and_chr":{"0":15.366},"and_ff":{"0":0.1425}},"total":96.7948639385}