{"id":"GU","name":"Guam","month":"2020-03","access_date":"2020-04-15","data":{"chrome":{"4":0,"5":0,"6":0,"7":0,"8":0,"9":0,"10":0,"11":0,"12":0,"13":0,"14":0,"15":0,"16":0,"17":0,"18":0,"19":0,"20":0,"21":0,"22":0,"23":0,"24":0,"25":0,"26":0,"27":0,"28":0,"29":0,"30":0,"31":0,"32":0,"33":0,"34":0,"35":0,"36":0,"37":0,"38":0.004241,"39":0,"40":0,"41":0,"42":0,"43":0,"44":0,"45":0,"46":0,"47":0,"48":0,"49":0.055133,"50":0,"51":0,"52":0,"53":0.080579,"54":0.004241,"55":0.004241,"56":0,"57":0,"58":0,"59":0,"60":0,"61":0,"62":0,"63":0.038169,"64":0,"65":0.025446,"66":0.004241,"67":0.012723,"68":0.004241,"69":0.029687,"70":0,"71":0.004241,"72":0.008482,"73":0.025446,"74":0.021205,"75":0.063615,"76":0.216291,"77":0.012723,"78":0.021205,"79":0.644632,"80":8.973956,"81":0.008482,"83":0,"84":null,"85":null},"firefox":{"2":0,"3":0,"3.5":0,"3.6":0,"4":0,"5":0,"6":0,"7":0,"8":0,"9":0,"10":0,"11":0,"12":0,"13":0,"14":0,"15":0,"16":0,"17":0,"18":0,"19":0,"20":0,"21":0,"22":0,"23":0.016964,"24":0,"25":0,"26":0,"27":0,"28":0,"29":0,"30":0,"31":0,"32":0,"33":0,"34":0,"35":0,"36":0,"37":0,"38":0,"39":0,"40":0,"41":0,"42":0,"43":0,"44":0,"45":0,"46":0,"47":0,"48":0.029687,"49":0,"50":0,"51":0,"52":0.004241,"53":0,"54":0,"55":0,"56":0,"57":0,"58":0,"59":0,"60":0,"61":0,"62":0,"63":0,"64":0,"65":0,"66":0,"67":0.004241,"68":0.122989,"69":0.025446,"70":0.004241,"71":0.004241,"72":0.029687,"73":0.432582,"74":0.555571,"75":0,"76":0,"77":0},"opera":{"9":0,"9.5-9.6":0,"10.0-10.1":0,"10.5":0,"10.6":0,"11":0,"11.1":0,"11.5":0,"11.6":0,"12":0,"12.1":0,"15":0,"16":0,"17":0,"18":0,"19":0,"20":0,"21":0,"22":0,"23":0,"24":0,"25":0,"26":0,"27":0,"28":0,"29":0,"30":0,"31":0,"32":0,"33":0,"34":0,"35":0,"36":0,"37":0,"38":0,"39":0,"40":0,"41":0,"42":0,"43":0,"44":0,"45":0,"46":0,"47":0.008482,"48":0,"49":0,"50":0,"51":0,"52":0,"53":0,"54":0,"55":0,"56":0,"57":0,"58":0,"60":0,"62":0,"63":0,"64":0,"65":0.012723,"66":0.025446},"ios_saf":{"3.2":0.0077229902970891,"4.0-4.1":0.0038614951485446,"4.2-4.3":0,"5.0-5.1":0.030891961188357,"6.0-6.1":0.015445980594178,"7.0-7.1":0.069506912673802,"8":0,"8.1-8.4":0.057922427228168,"9.0-9.2":0.050199436931079,"9.3":0.49813287416225,"10.0-10.2":0.13515233019906,"10.3":0.47882539841953,"11.0-11.2":0.35911904881464,"11.3-11.4":0.55219380624187,"12.0-12.1":0.73754557337201,"12.2-12.4":4.4136889547864,"13.0-13.1":1.1314180785236,"13.2":0.51744034990497,"13.3":29.123396410323,"13.4":0.42090297119136},"safari":{"3.1":0,"3.2":0,"4":0,"5":0,"5.1":0.004241,"6":0,"6.1":0,"7":0.004241,"7.1":0,"8":0,"9":0,"9.1":0.012723,"10":0.004241,"10.1":0.038169,"11":0.021205,"11.1":0.207809,"12":0.08482,"12.1":0.356244,"13":2.472503,"13.1":0.080579,"0":null},"android":{"2.1":0,"2.2":0.0027465902578797,"2.3":0.00068664756446991,"3":0.00068664756446991,"4":0.0068664756446991,"4.1":0.010986361031519,"4.2-4.3":0.031585787965616,"4.4":0,"4.4.3-4.4.4":0.18608148997135,"80":null},"edge":{"12":0.004241,"13":0.004241,"14":0.004241,"15":0.004241,"16":0.025446,"17":0.080579,"18":1.488591,"79":null,"80":null},"samsung":{"4":0.063239304761905,"5.0-5.4":0.042159536507937,"6.2-6.4":0.021079768253968,"7.2-7.4":0.042159536507937,"8.2":0.073779188888889,"9.2":1.0223687603175,"10.1":0.74833177301587,"11.1":4.627009131746},"op_mob":{"10":null,"11":null,"11.1":null,"11.5":null,"12":null,"12.1":null,"0":null},"ie":{"5.5":0,"6":0,"7":0,"8":0,"9":0,"10":0,"11":0.38169},"ie_mob":{"10":0,"11":0},"bb":{"7":0,"10":0},"baidu":{"0":null},"and_ff":{"0":0.316745},"and_uc":{"0":0.05759},"and_qq":{"1.2":0},"kaios":{"2.5":0},"op_mini":{"0":0.12540173024055},"and_chr":{"0":33.727014}},"total":96.529690730241}