{"id":"GU","name":"Guam","month":"2021-02","access_date":"2021-03-04","data":{"firefox":{"2":0,"3":0,"3.5":0,"3.6":0,"4":0,"5":0,"6":0,"7":0,"8":0,"9":0,"10":0,"11":0,"12":0,"13":0,"14":0,"15":0,"16":0,"17":0,"18":0,"19":0,"20":0,"21":0,"22":0,"23":0,"24":0,"25":0,"26":0,"27":0,"28":0,"29":0,"30":0.00887,"31":0.01331,"32":0,"33":0,"34":0,"35":0,"36":0,"37":0,"38":0,"39":0,"40":0,"41":0,"42":0,"43":0,"44":0,"45":0,"46":0,"47":0,"48":0.01775,"49":0,"50":0,"51":0,"52":0.00444,"53":0,"54":0,"55":0,"56":0,"57":0,"58":0,"59":0,"60":0,"61":0,"62":0,"63":0,"64":0,"65":0,"66":0.00444,"67":0,"68":0.00444,"69":0,"70":0,"71":0,"72":0,"73":0,"74":0,"75":0,"76":0,"77":0,"78":0.01331,"79":0,"80":0,"81":0.03106,"82":0,"83":0.01775,"84":0.06212,"85":0.74985,"86":0.04437,"87":0},"chrome":{"4":0,"5":0,"6":0,"7":0,"8":0,"9":0,"10":0,"11":0,"12":0,"13":0,"14":0,"15":0,"16":0,"17":0,"18":0,"19":0,"20":0,"21":0,"22":0,"23":0,"24":0,"25":0,"26":0,"27":0,"28":0,"29":0,"30":0,"31":0,"32":0,"33":0,"34":0,"35":0,"36":0,"37":0,"38":0,"39":0,"40":0,"41":0,"42":0,"43":0,"44":0,"45":0,"46":0,"47":0,"48":0,"49":0.01331,"50":0,"51":0,"52":0,"53":0.00444,"54":0.00887,"55":0,"56":0,"57":0,"58":0.00444,"59":0,"60":0,"61":0,"62":0,"63":0,"64":0,"65":0.00887,"66":0,"67":0.00444,"68":0.05324,"69":0.00444,"70":0,"71":0,"72":0,"73":0,"74":0.00444,"75":0.00887,"76":0.04881,"77":0.00444,"78":0,"79":0.00444,"80":0.00444,"81":0.00887,"83":0.01331,"84":0.02219,"85":0.02219,"86":0.06212,"87":0.66555,"88":9.68153,"89":0.01331,"90":0,"91":0,"92":null},"opera":{"9":0,"9.5-9.6":0,"10.0-10.1":0,"10.5":0,"10.6":0,"11":0,"11.1":0,"11.5":0,"11.6":0,"12":0,"12.1":0,"15":0,"16":0,"17":0,"18":0,"19":0,"20":0,"21":0,"22":0,"23":0,"24":0,"25":0,"26":0,"27":0,"28":0,"29":0,"30":0,"31":0,"32":0,"33":0,"34":0,"35":0,"36":0,"37":0,"38":0,"39":0,"40":0,"41":0,"42":0,"43":0,"44":0,"45":0,"46":0.00887,"47":0,"48":0,"49":0,"50":0,"51":0,"52":0,"53":0,"54":0.00444,"55":0,"56":0,"57":0,"58":0,"60":0,"62":0,"63":0,"64":0,"65":0,"66":0,"67":0,"68":0,"69":0,"70":0,"71":0,"72":0.0355,"73":0.13311},"ios_saf":{"3.2":0,"4.0-4.1":0,"4.2-4.3":0,"5.0-5.1":0,"6.0-6.1":0,"7.0-7.1":0.02752,"8":0,"8.1-8.4":0.11794,"9.0-9.2":0,"9.3":0.74302,"10.0-10.2":0.00786,"10.3":0.67226,"11.0-11.2":0.0629,"11.3-11.4":0.11401,"12.0-12.1":0.09435,"12.2-12.4":0.75482,"13.0-13.1":0.55432,"13.2":0.04324,"13.3":0.66833,"13.4-13.7":2.07181,"14.0-14.4":32.11113},"safari":{"3.1":0,"3.2":0,"4":0,"5":0,"5.1":0,"6":0,"6.1":0,"7":0,"7.1":0,"8":0,"9":0,"9.1":0.01775,"10":0,"10.1":0.01775,"11":0,"11.1":0.02662,"12":0.00444,"12.1":0.09761,"13":0.30615,"13.1":0.33278,"14":2.6622,"0":null},"edge":{"12":0,"13":0,"14":0.00444,"15":0.03106,"16":0.02662,"17":0.00444,"18":0.11093,"79":0,"80":0.01775,"81":0,"83":0,"84":0.00444,"85":0.01775,"86":0.01775,"87":0.04437,"88":1.87241},"samsung":{"4":0.21205,"5.0-5.4":0.04241,"6.2-6.4":0,"7.2-7.4":0.05301,"8.2":0.0212,"9.2":0.20144,"10.1":0.0106,"11.1-11.2":0.16964,"12.0":0.16964,"13.0":5.99031},"android":{"2.1":0,"2.2":0,"2.3":0,"3":0,"4":0,"4.1":0.09323,"4.2-4.3":0.04387,"4.4":0,"4.4.3-4.4.4":0.15355,"81":0},"ie":{"5.5":0,"6":0,"7":0,"8":0,"9":0,"10":0,"11":0.59012},"op_mob":{"10":null,"11":null,"11.1":null,"11.5":null,"12":null,"12.1":null,"0":null},"bb":{"7":0,"10":0},"ie_mob":{"10":0,"11":0},"and_ff":{"0":0.22252},"and_qq":{"10.4":0},"and_uc":{"0":0.01669},"op_mini":{"0":0.30547},"and_chr":{"0":32.57812},"kaios":{"2.5":0},"baidu":{"0":null}},"total":96.35483}