{"id":"GU","name":"Guam","month":"2021-09","access_date":"2021-10-03","data":{"firefox":{"2":null,"3":null,"3.5":null,"3.6":null,"4":null,"5":null,"6":null,"7":null,"8":null,"9":null,"10":null,"11":null,"12":null,"13":null,"14":null,"15":null,"16":null,"17":null,"18":null,"19":null,"20":null,"21":null,"22":null,"23":null,"24":null,"25":null,"26":null,"27":null,"28":null,"29":null,"30":null,"31":null,"32":null,"33":null,"34":null,"35":null,"36":null,"37":null,"38":null,"39":null,"40":null,"41":null,"42":null,"43":null,"44":null,"45":null,"46":null,"47":null,"48":null,"49":null,"50":null,"51":null,"52":null,"53":null,"54":null,"55":null,"56":null,"57":null,"58":null,"59":null,"60":null,"61":null,"62":null,"63":null,"64":null,"65":null,"66":null,"67":null,"68":null,"69":null,"70":null,"71":null,"72":0.00456,"73":null,"74":null,"75":null,"76":null,"77":null,"78":0.05925,"79":null,"80":null,"81":null,"82":null,"83":null,"84":0.02735,"85":null,"86":null,"87":0.00912,"88":0.02735,"89":0.41478,"90":0.02735,"91":0.6837,"92":0.93895,"93":null,"94":null},"chrome":{"4":null,"5":null,"6":null,"7":null,"8":null,"9":null,"10":null,"11":null,"12":null,"13":null,"14":null,"15":null,"16":null,"17":null,"18":null,"19":null,"20":null,"21":null,"22":null,"23":null,"24":null,"25":null,"26":null,"27":null,"28":null,"29":null,"30":null,"31":null,"32":null,"33":null,"34":null,"35":null,"36":null,"37":null,"38":null,"39":null,"40":null,"41":null,"42":null,"43":null,"44":null,"45":null,"46":null,"47":null,"48":null,"49":0.04102,"50":null,"51":null,"52":null,"53":0.01823,"54":null,"55":null,"56":null,"57":null,"58":0.02735,"59":null,"60":null,"61":null,"62":null,"63":null,"64":null,"65":0.00912,"66":null,"67":0.03191,"68":null,"69":null,"70":null,"71":0.00456,"72":null,"73":null,"74":0.00912,"75":0.01823,"76":0.03646,"77":0.02735,"78":0.00456,"79":0.41022,"80":0.00912,"81":0.00912,"83":null,"84":0.11395,"85":0.02279,"86":0.0866,"87":0.27348,"88":0.0866,"89":0.03191,"90":0.05925,"91":0.56975,"92":6.48603,"93":17.47537,"94":2.20151,"95":0.00456,"96":null,"97":null},"opera":{"9":null,"9.5-9.6":null,"10.0-10.1":0,"10.5":null,"10.6":null,"11":null,"11.1":null,"11.5":null,"11.6":null,"12":null,"12.1":null,"15":null,"16":null,"17":null,"18":null,"19":null,"20":null,"21":null,"22":null,"23":null,"24":null,"25":null,"26":null,"27":null,"28":null,"29":null,"30":null,"31":null,"32":null,"33":null,"34":null,"35":null,"36":null,"37":null,"38":null,"39":null,"40":null,"41":null,"42":null,"43":null,"44":null,"45":null,"46":null,"47":null,"48":null,"49":null,"50":null,"51":null,"52":null,"53":null,"54":null,"55":null,"56":null,"57":null,"58":null,"60":null,"62":null,"63":null,"64":null,"65":null,"66":null,"67":null,"68":null,"69":null,"70":null,"71":null,"72":null,"73":null,"74":null,"75":null,"76":null,"77":null,"78":0.47403,"79":0.06837},"ios_saf":{"3.2":0,"4.0-4.1":0,"4.2-4.3":0,"5.0-5.1":0,"6.0-6.1":0,"7.0-7.1":0.00755,"8":0,"8.1-8.4":0.08805,"9.0-9.2":0,"9.3":0.17107,"10.0-10.2":0.00252,"10.3":0.10566,"11.0-11.2":0.06289,"11.3-11.4":0.06289,"12.0-12.1":0.05786,"12.2-12.5":0.90564,"13.0-13.1":0.04277,"13.2":0.01006,"13.3":0.24654,"13.4-13.7":0.53081,"14.0-14.4":2.35215,"14.5-14.8":19.64488,"15":0.85533},"safari":{"3.1":null,"3.2":null,"4":0,"5":null,"5.1":0.02279,"6":null,"6.1":null,"7":null,"7.1":null,"8":null,"9":null,"9.1":0.00456,"10":null,"10.1":0.08204,"11":null,"11.1":0.11395,"12":null,"12.1":0.11851,"13":0.6837,"13.1":0.35552,"14":0.7703,"14.1":4.60358,"15":0.23246,"0":null},"edge":{"12":null,"13":null,"14":null,"15":0.00912,"16":0.01367,"17":0.00912,"18":0.26892,"79":null,"80":null,"81":null,"83":null,"84":0.02279,"85":null,"86":0.00456,"87":null,"88":null,"89":0.01823,"90":null,"91":0.03191,"92":0.66547,"93":2.83508,"94":0.5105},"samsung":{"4":0.48414,"5.0-5.4":0.01063,"6.2-6.4":0.0205,"7.2-7.4":0.0206,"8.2":0.01025,"9.2":0.0206,"10.1":0.08312,"11.1-11.2":0.15451,"12.0":0.0515,"13.0":0.24722,"14.0":0.52535,"15.0":3.82165},"android":{"2.1":0,"2.2":0,"2.3":0,"3":0,"4":0,"4.1":0.00051,"4.2-4.3":0.00068,"4.4":0,"4.4.3-4.4.4":0.00425,"0":0},"op_mob":{"10":null,"11":null,"11.1":null,"11.5":null,"12":null,"12.1":null,"0":null},"ie":{"5.5":null,"6":null,"7":null,"8":null,"9":null,"10":0.01215,"11":0.66243},"bb":{"7":0,"10":0},"ie_mob":{"10":null,"11":0.15172},"and_chr":{"0":25.16889},"kaios":{"2.5":0},"baidu":{"0":null},"and_ff":{"0":0.30481},"and_qq":{"10.4":0},"and_uc":{"0":0.09797},"op_mini":{"0":0.11852}},"total":99.29843}