{"id":"GW","name":"Guinea-Bissau","month":"2020-03","access_date":"2020-04-15","data":{"chrome":{"4":0,"5":0,"6":0,"7":0,"8":0,"9":0,"10":0,"11":0.007167,"12":0,"13":0,"14":0,"15":0,"16":0.007167,"17":0,"18":0,"19":0,"20":0,"21":0,"22":0,"23":0,"24":0,"25":0.002389,"26":0,"27":0,"28":0,"29":0,"30":0,"31":0,"32":0,"33":0.014334,"34":0,"35":0,"36":0,"37":0.004778,"38":0,"39":0.009556,"40":0.02389,"41":0,"42":0,"43":0.09556,"44":0,"45":0,"46":0,"47":0.102727,"48":0,"49":0.014334,"50":0,"51":0,"52":0,"53":0,"54":0,"55":0,"56":0,"57":0,"58":0.007167,"59":0.002389,"60":0,"61":0.004778,"62":0,"63":0.009556,"64":0.002389,"65":0.002389,"66":0.031057,"67":0,"68":0.016723,"69":0.033446,"70":0.002389,"71":0.004778,"72":0,"73":0,"74":0.011945,"75":0.004778,"76":0.011945,"77":0.007167,"78":0.009556,"79":0.076448,"80":2.72346,"81":0.004778,"83":0,"84":null,"85":null},"firefox":{"2":0,"3":0,"3.5":0,"3.6":0,"4":0,"5":0,"6":0,"7":0,"8":0,"9":0,"10":0,"11":0,"12":0,"13":0.004778,"14":0,"15":0,"16":0,"17":0,"18":0,"19":0,"20":0,"21":0,"22":0,"23":0,"24":0,"25":0,"26":0,"27":0,"28":0,"29":0.002389,"30":0,"31":0,"32":0,"33":0,"34":0.009556,"35":0,"36":0,"37":0,"38":0,"39":0,"40":0,"41":0,"42":0,"43":0.002389,"44":0,"45":0,"46":0,"47":0,"48":0,"49":0,"50":0.019112,"51":0,"52":0,"53":0,"54":0,"55":0,"56":0,"57":0.045391,"58":0,"59":0,"60":0.002389,"61":0.004778,"62":0,"63":0,"64":0,"65":0,"66":0,"67":0,"68":0.117061,"69":0,"70":0.002389,"71":0.007167,"72":0.078837,"73":0.205454,"74":0.31057,"75":0,"76":0,"77":0},"opera":{"9":0,"9.5-9.6":0,"10.0-10.1":0,"10.5":0,"10.6":0,"11":0,"11.1":0,"11.5":0,"11.6":0,"12":0,"12.1":0,"15":0,"16":0,"17":0,"18":0,"19":0,"20":0.007167,"21":0,"22":0,"23":0,"24":0,"25":0,"26":0,"27":0,"28":0,"29":0,"30":0,"31":0,"32":0,"33":0,"34":0,"35":0,"36":0.004778,"37":0,"38":0,"39":0,"40":0,"41":0,"42":0.002389,"43":0,"44":0,"45":0,"46":0,"47":0.004778,"48":0,"49":0,"50":0,"51":0,"52":0,"53":0,"54":0,"55":0,"56":0,"57":0,"58":0,"60":0,"62":0,"63":0,"64":0,"65":0,"66":0.11945},"ios_saf":{"3.2":0.0007573478043413,"4.0-4.1":0.00037867390217065,"4.2-4.3":0,"5.0-5.1":0.0030293912173652,"6.0-6.1":0.0015146956086826,"7.0-7.1":0.0068161302390717,"8":0,"8.1-8.4":0.0056801085325598,"9.0-9.2":0.0049227607282185,"9.3":0.048848933380014,"10.0-10.2":0.013253586575973,"10.3":0.046955563869161,"11.0-11.2":0.035216672901871,"11.3-11.4":0.054150368010403,"12.0-12.1":0.072326715314594,"12.2-12.4":0.43282427018105,"13.0-13.1":0.110951453336,"13.2":0.050742302890867,"13.3":2.8559585701711,"13.4":0.041275455336601},"safari":{"3.1":0,"3.2":0,"4":0,"5":0,"5.1":0.016723,"6":0,"6.1":0,"7":0,"7.1":0,"8":0,"9":0,"9.1":0.021501,"10":0,"10.1":0.009556,"11":0.004778,"11.1":0.019112,"12":0,"12.1":0.045391,"13":0.172008,"13.1":0,"0":null},"android":{"2.1":0,"2.2":0.012012091690544,"2.3":0.0030030229226361,"3":0.0030030229226361,"4":0.030030229226361,"4.1":0.048048366762178,"4.2-4.3":0.13813905444126,"4.4":0,"4.4.3-4.4.4":0.81381921203438,"80":null},"edge":{"12":0.021501,"13":0.02389,"14":0.019112,"15":0.014334,"16":0.004778,"17":0.002389,"18":0.160063,"79":null,"80":null},"samsung":{"4":1.3699237264325,"5.0-5.4":0.080583748613678,"6.2-6.4":0.080583748613678,"7.2-7.4":0.87634826617375,"8.2":0.030218905730129,"9.2":1.0979535748614,"10.1":1.1382454491682,"11.1":0.77561858040665},"op_mob":{"10":null,"11":null,"11.1":null,"11.5":null,"12":null,"12.1":null,"0":null},"ie":{"5.5":0,"6":0,"7":0,"8":0.009556,"9":0,"10":0.009556,"11":0.07167},"ie_mob":{"10":0,"11":0.106554},"bb":{"7":0,"10":0},"baidu":{"0":null},"and_ff":{"0":0.471882},"and_uc":{"0":1.67442},"and_qq":{"1.2":0.007611},"kaios":{"2.5":0},"op_mini":{"0":0.33145774226804},"and_chr":{"0":80.083859}},"total":97.784697742268}