{"id":"GW","name":"Guinea-Bissau","month":"2014-09","access_date":"2014-10-01","data":{"chrome":{"4":null,"5":0.008828,"6":null,"7":0.317808,"8":0.097108,"9":null,"10":null,"11":0.079452,"12":0.035312,"13":0.061796,"14":0.008828,"15":null,"16":0.061796,"17":0.211872,"18":null,"19":null,"20":0.061796,"21":0.114764,"22":null,"23":null,"24":null,"25":0.123592,"26":0.017656,"27":0.08828,"28":0.08828,"29":0.035312,"30":0.035312,"31":0.061796,"32":0.273668,"33":0.547336,"34":0.273668,"35":0.865144,"36":5.64992,"37":20.180808,"38":0.097108,"39":0.520852,"40":null},"firefox":{"2":null,"3":0.114764,"3.5":null,"3.6":0.097108,"4":0.035312,"5":0.035312,"6":0.08828,"7":0.061796,"8":0.158904,"9":null,"10":0.26484,"11":0.017656,"12":0.467884,"13":0.335464,"14":0.114764,"15":0.167732,"16":0.035312,"17":0.026484,"18":null,"19":0.008828,"20":0.061796,"21":0.150076,"22":0.070624,"23":null,"24":0.08828,"25":0.017656,"26":0.08828,"27":0.061796,"28":0.141248,"29":0.2207,"30":0.635616,"31":8.580816,"32":14.495576,"33":0.6621,"34":null,"35":null},"opera":{"9":null,"9.5-9.6":null,"10.0-10.1":0,"10.5":null,"10.6":null,"11":null,"11.1":null,"11.5":null,"11.6":null,"12":0.061796,"12.1":0.070624,"15":0.026484,"16":null,"17":null,"18":0.035312,"19":null,"20":0.035312,"21":null,"22":null,"23":0.114764,"24":0.962252,"25":null,"26":null},"safari":{"3.1":null,"3.2":null,"4":0.008828,"5":0.035312,"5.1":0.370776,"6":0.238356,"6.1":0.856316,"7":0.600304,"7.1":0.035312,"8":null},"android":{"2.1":0.00612226573427,"2.2":0.0428558601399,"2.3":0.697938293706,"3":0,"4":0.58773751049,"4.1":1.5366886993,"4.2-4.3":1.75709026573,"4.4":1.4999551049,"4.4.3":null},"op_mob":{"10":0,"11":0,"11.1":0,"11.5":0,"12":0.00179312891247,"12.1":0.00986220901857,"0":null},"ie":{"5.5":null,"6":0.061796,"7":null,"8":1.712632,"9":2.895584,"10":4.405172,"11":18.176852},"ios_saf":{"3.2":0,"4.0-4.1":0,"4.2-4.3":0,"5.0-5.1":0.00807654174247,"6.0-6.1":0.0358465688296,"7.0-7.1":0.813739239943,"8":0.236985649485},"bb":{"7":0.039262,"10":null},"and_chr":{"0":1.698228},"and_ff":{"0":null},"ie_mob":{"10":0.18802396},"op_mini":{"5.0-7.0":0.591924662069},"and_uc":{"0":0.910644}},"total":98.58965396}