{"id":"GW","name":"Guinea-Bissau","month":"2015-03","access_date":"2015-04-01","data":{"chrome":{"4":0,"5":0,"6":0.014348,"7":0,"8":0,"9":0,"10":0.014348,"11":0.172176,"12":0.007174,"13":0,"14":0.014348,"15":0,"16":0.021522,"17":0.014348,"18":0.014348,"19":0.014348,"20":0.007174,"21":0.064566,"22":0.014348,"23":0.028696,"24":0.007174,"25":0.10761,"26":0.17935,"27":0.086088,"28":0.086088,"29":0.028696,"30":0.093262,"31":0.078914,"32":0.03587,"33":0.208046,"34":0.100436,"35":0.157828,"36":2.073286,"37":1.441974,"38":0.064566,"39":0.28696,"40":7.798138,"41":13.250378,"42":1.140666,"43":0.064566,"44":0},"firefox":{"2":0.014348,"3":0.03587,"3.5":0,"3.6":0.229568,"4":0.193698,"5":0.057392,"6":0.014348,"7":0.121958,"8":0.064566,"9":0.07174,"10":0.157828,"11":0.064566,"12":0.186524,"13":0.064566,"14":0.057392,"15":0.078914,"16":0.193698,"17":0.093262,"18":0.064566,"19":0.043044,"20":0.043044,"21":0.150654,"22":0.121958,"23":0.100436,"24":0.057392,"25":0.014348,"26":0.07174,"27":0.007174,"28":0.093262,"29":0.093262,"30":0.337178,"31":0.68153,"32":0.660008,"33":0.172176,"34":0.294134,"35":2.496552,"36":8.479668,"37":0.523702,"38":0.014348,"39":0},"opera":{"9":0,"9.5-9.6":0,"10.0-10.1":0,"10.5":0,"10.6":0,"11":0.007174,"11.1":0.007174,"11.5":0.043044,"11.6":0.014348,"12":0.007174,"12.1":0.200872,"15":0.028696,"16":0.007174,"17":0,"18":0.021522,"19":0.007174,"20":0.093262,"21":0,"22":0,"23":0,"24":0,"25":0,"26":0.007174,"27":0.624138,"28":1.25545,"29":0},"safari":{"3.1":0,"3.2":0,"4":0.021522,"5":0.057392,"5.1":0.200872,"6":0.064566,"6.1":0.043044,"7":0.258264,"7.1":0.17935,"8":1.126318},"android":{"2.1":0,"2.2":0,"2.3":0.113800868742,"3":0,"4":0.252246511607,"4.1":0.87199009616,"4.2-4.3":1.51130453075,"4.4":2.58987582176,"4.4.3-4.4.4":1.24891017098,"37":0},"ios_saf":{"3.2":0,"4.0-4.1":0,"4.2-4.3":0,"5.0-5.1":0.016267992358,"6.0-6.1":0.041039707994,"7.0-7.1":0.648871058824,"8":0.130143938864,"8.1":2.84061330196},"op_mob":{"10":0,"11":0,"11.1":0,"11.5":0,"12":0.00265930177215,"12.1":0.0106372070886,"0":0.0664825443038},"ie":{"5.5":0.15100848,"6":0.05033616,"7":0.02876352,"8":1.99906464,"9":2.05659168,"10":2.29389072,"11":11.67079824,"0":null},"ie_mob":{"10":0.21784064,"11":0.54800536},"bb":{"7":0.0996165,"10":null},"and_uc":{"0":1.421478},"op_mini":{"5.0-8.0":10.4244629468},"and_chr":{"0":4.650324},"and_ff":{"0":0.341946}},"total":94.48672794}