{"id":"GW","name":"Guinea-Bissau","month":"2017-07","access_date":"2017-08-04","data":{"chrome":{"4":0,"5":0,"6":0,"7":0.001907,"8":0,"9":0,"10":0.001907,"11":0.026698,"12":0,"13":0,"14":0.001907,"15":0.003814,"16":0,"17":0.001907,"18":0,"19":0,"20":0,"21":0,"22":0.013349,"23":0.001907,"24":0,"25":0.009535,"26":0.003814,"27":0.013349,"28":0,"29":0,"30":0.164002,"31":0.024791,"32":0,"33":0.055303,"34":0.005721,"35":0,"36":0.524425,"37":0.001907,"38":0.007628,"39":0.005721,"40":0.043861,"41":0.001907,"42":0,"43":1.203317,"44":0.007628,"45":0.005721,"46":0.003814,"47":0.53396,"48":0.011442,"49":0.129676,"50":0.001907,"51":0.051489,"52":0.005721,"53":0,"54":0.003814,"55":0.143025,"56":0.017163,"57":0.05721,"58":0.156374,"59":5.356763,"60":0.028605,"61":0.301306,"62":0,"63":0},"firefox":{"2":0,"3":0.030512,"3.5":0,"3.6":0.003814,"4":0,"5":0.001907,"6":0,"7":0.005721,"8":0,"9":0.005721,"10":0.043861,"11":0.143025,"12":0.064838,"13":0.022884,"14":0,"15":0.154467,"16":0.011442,"17":0.022884,"18":0,"19":0.01907,"20":0.003814,"21":0.001907,"22":0,"23":0.013349,"24":0,"25":0,"26":0.007628,"27":0,"28":0.003814,"29":0.001907,"30":0,"31":0,"32":0,"33":0,"34":0,"35":0.009535,"36":0,"37":0.013349,"38":0,"39":0.001907,"40":0.005721,"41":0.005721,"42":0.003814,"43":0.024791,"44":0.005721,"45":0.005721,"46":0.003814,"47":0.045768,"48":0.268887,"49":0,"50":0.013349,"51":0.011442,"52":0.093443,"53":0.022884,"54":3.289575,"55":0.143025,"56":0,"57":0},"opera":{"9":0,"9.5-9.6":0,"10.0-10.1":0,"10.5":0,"10.6":0,"11":0,"11.1":0,"11.5":0,"11.6":0.001907,"12":0,"12.1":0.005721,"15":0,"16":0,"17":0,"18":0,"19":0,"20":0,"21":0,"22":0,"23":0,"24":0,"25":0,"26":0,"27":0,"28":0,"29":0,"30":0,"31":0,"32":0,"33":0,"34":0,"35":0,"36":0.001907,"37":0,"38":0,"39":0,"40":0,"41":0,"42":0.001907,"43":0,"44":0,"45":0.003814,"46":0.812382,"47":0,"48":0},"safari":{"3.1":0,"3.2":0,"4":0.011442,"5":0.005721,"5.1":0,"6":0,"6.1":0.001907,"7":0,"7.1":0,"8":0.001907,"9":0.003814,"9.1":0.005721,"10":0.087722,"10.1":0.028605,"11":0,"0":null},"ios_saf":{"3.2":0,"4.0-4.1":0,"4.2-4.3":0,"5.0-5.1":0,"6.0-6.1":0,"7.0-7.1":0.0157877717436,"8":0,"8.1-8.4":0.0120927613355,"9.0-9.2":0.00839775092745,"9.3":0.165939558326,"10.0-10.2":0.473297242271,"10.3":2.5841559154,"11":null},"android":{"2.1":0,"2.2":0,"2.3":0,"3":0,"4":0,"4.1":0.449083698435,"4.2-4.3":1.14609902205,"4.4":3.08277247155,"4.4.3-4.4.4":1.89924980797,"56":null},"op_mob":{"10":0,"11":0,"11.1":0,"11.5":0,"12":0,"12.1":0,"0":0.0437407380952},"ie":{"5.5":0,"6":0,"7":0,"8":0.0830122230942,"9":0.115831008969,"10":0.148649794843,"11":1.37452797309},"edge":{"12":0.059117,"13":0.051489,"14":0.102978,"15":null,"16":null},"bb":{"7":0.02630225,"10":null},"samsung":{"4":3.933198,"5":null},"ie_mob":{"10":0.4734405,"11":2.5776205},"op_mini":{"0":12.8160362619},"and_chr":{"0":46.080533},"baidu":{"0":null},"and_ff":{"0":2.58976},"and_qq":{"1.2":null},"and_uc":{"0":3.949384}},"total":98.70230025}