{"id":"GW","name":"Guinea-Bissau","month":"2014-10","access_date":"2014-11-01","data":{"chrome":{"4":null,"5":0.017602,"6":null,"7":null,"8":0.017602,"9":null,"10":0.044005,"11":0.184821,"12":0.026403,"13":null,"14":null,"15":null,"16":0.017602,"17":0.836095,"18":0.044005,"19":null,"20":null,"21":null,"22":0.114413,"23":null,"24":0.035204,"25":0.08801,"26":0.035204,"27":0.096811,"28":0.070408,"29":0.413647,"30":0.008801,"31":0.246428,"32":0.132015,"33":0.545662,"34":0.149617,"35":0.299234,"36":1.804205,"37":13.755963,"38":11.872549,"39":0.184821,"40":0.202423,"41":null},"firefox":{"2":0.017602,"3":0.044005,"3.5":0.035204,"3.6":0.132015,"4":0.061607,"5":0.035204,"6":0.070408,"7":0.061607,"8":0.272831,"9":0.096811,"10":0.061607,"11":0.061607,"12":0.123214,"13":0.105612,"14":null,"15":0.281632,"16":0.061607,"17":null,"18":null,"19":0.026403,"20":0.044005,"21":0.184821,"22":0.123214,"23":0.052806,"24":0.017602,"25":0.061607,"26":0.132015,"27":0.035204,"28":0.123214,"29":0.123214,"30":0.677677,"31":1.276145,"32":19.784648,"33":2.332265,"34":0.545662,"35":0.035204,"36":null},"opera":{"9":null,"9.5-9.6":null,"10.0-10.1":0.026403,"10.5":null,"10.6":null,"11":0.044005,"11.1":null,"11.5":null,"11.6":null,"12":null,"12.1":0.184821,"15":null,"16":null,"17":null,"18":null,"19":null,"20":0.132015,"21":null,"22":0.008801,"23":null,"24":1.355354,"25":1.117727,"26":null,"27":null},"safari":{"3.1":null,"3.2":null,"4":0.008801,"5":0.079209,"5.1":0.255229,"6":0.132015,"6.1":0.35204,"7":0.35204,"7.1":0.35204,"8":null},"android":{"2.1":0,"2.2":0.00413738415003,"2.3":0.0951598354507,"3":0.00310303811252,"4":0.209972245614,"4.1":0.617849366405,"4.2-4.3":0.925739703569,"4.4":1.17880970075,"4.4.3-4.4.4":0.384776725953,"37":0},"ios_saf":{"3.2":0,"4.0-4.1":0,"4.2-4.3":0,"5.0-5.1":0.00667049295775,"6.0-6.1":0.0299219255533,"7.0-7.1":0.41385644165,"8":0.36373245171,"8.1":0.133028688129},"op_mob":{"10":0,"11":0,"11.1":0,"11.5":0,"12":0.00207440625,"12.1":0.009334828125,"0":null},"ie":{"5.5":0.0629492004357,"6":0.0719419433551,"7":0.0179854858388,"8":2.99458339216,"9":1.77157035512,"10":6.19599987146,"11":13.6240055229},"bb":{"7":0.0245795,"10":null},"and_ff":{"0":0.040766},"ie_mob":{"10":0.1023946},"and_uc":{"0":1.251756},"op_mini":{"5.0-8.0":0.718781765625},"and_chr":{"0":5.181462}},"total":99.1792718712}