{"id":"HK","name":"Hong Kong","month":"2019-11","access_date":"2019-12-04","data":{"chrome":{"4":0,"5":0,"6":0,"7":0,"8":0,"9":0,"10":0,"11":0.006444,"12":0,"13":0,"14":0,"15":0,"16":0,"17":0,"18":0,"19":0,"20":0,"21":0,"22":0,"23":0,"24":0,"25":0,"26":0.006444,"27":0,"28":0,"29":0,"30":0,"31":0,"32":0,"33":0.006444,"34":0.025776,"35":0.006444,"36":0.006444,"37":0,"38":0.051552,"39":0,"40":0.012888,"41":0,"42":0,"43":0,"44":0,"45":0.006444,"46":0,"47":0.006444,"48":0.019332,"49":0.283536,"50":0,"51":0.038664,"52":0.006444,"53":0.045108,"54":0.006444,"55":0.045108,"56":0.051552,"57":0.045108,"58":0.025776,"59":0.012888,"60":0.012888,"61":0.019332,"62":0.051552,"63":0.541296,"64":0.019332,"65":0.09666,"66":0.038664,"67":0.135324,"68":0.070884,"69":0.270648,"70":0.103104,"71":0.122436,"72":0.167544,"73":0.296424,"74":0.296424,"75":0.695952,"76":0.567072,"77":2.822472,"78":21.278088,"79":0.06444,"80":0.038664,"81":null},"firefox":{"2":0,"3":0,"3.5":0,"3.6":0,"4":0,"5":0,"6":0,"7":0,"8":0,"9":0,"10":0,"11":0,"12":0,"13":0,"14":0,"15":0,"16":0,"17":0,"18":0,"19":0,"20":0.006444,"21":0,"22":0,"23":0,"24":0,"25":0,"26":0,"27":0,"28":0,"29":0,"30":0,"31":0.006444,"32":0,"33":0,"34":0.006444,"35":0,"36":0,"37":0,"38":0,"39":0,"40":0,"41":0,"42":0,"43":0.006444,"44":0,"45":0.006444,"46":0.006444,"47":0.012888,"48":0.03222,"49":0,"50":0,"51":0.006444,"52":0.051552,"53":0.006444,"54":0.006444,"55":0.006444,"56":0.019332,"57":0.012888,"58":0,"59":0.006444,"60":0.019332,"61":0.006444,"62":0.006444,"63":0.006444,"64":0.006444,"65":0.012888,"66":0.019332,"67":0.025776,"68":0.1611,"69":0.154656,"70":2.055636,"71":0.012888,"72":0,"73":0},"opera":{"9":0,"9.5-9.6":0,"10.0-10.1":0,"10.5":0,"10.6":0,"11":0,"11.1":0,"11.5":0,"11.6":0,"12":0,"12.1":0.012888,"15":0,"16":0,"17":0,"18":0,"19":0,"20":0,"21":0,"22":0,"23":0,"24":0,"25":0,"26":0,"27":0,"28":0,"29":0,"30":0,"31":0,"32":0,"33":0,"34":0,"35":0,"36":0.006444,"37":0,"38":0,"39":0,"40":0,"41":0,"42":0,"43":0,"44":0,"45":0,"46":0,"47":0,"48":0,"49":0,"50":0,"51":0,"52":0,"53":0,"54":0,"55":0,"56":0,"57":0,"58":0,"60":0,"62":0,"63":0.045108,"64":0.199764},"safari":{"3.1":0,"3.2":0,"4":0,"5":0,"5.1":0.019332,"6":0,"6.1":0,"7":0.006444,"7.1":0,"8":0.025776,"9":0.03222,"9.1":0.038664,"10":0.019332,"10.1":0.135324,"11":0.057996,"11.1":0.251316,"12":0.283536,"12.1":0.863496,"13":2.526048,"0":null},"ios_saf":{"3.2":0,"4.0-4.1":0,"4.2-4.3":0,"5.0-5.1":0.018041979559118,"6.0-6.1":0,"7.0-7.1":0.028351682164329,"8":0,"8.1-8.4":0.033506533466934,"9.0-9.2":0.030929107815631,"9.3":0.35310731422846,"10.0-10.2":0.13144870821643,"10.3":0.37114929378758,"11.0-11.2":0.37888157074148,"11.3-11.4":0.63662413587174,"12.0-12.1":0.8866344240481,"12.2-12.4":6.3507768048096,"13.0-13.1":12.619075988778,"13.2":3.8042802613226,"13.3":0.079900195190381},"android":{"2.1":0,"2.2":0.0034931172707889,"2.3":0.00087327931769723,"3":0.0013099189765458,"4":0.010042712153518,"4.1":0.011352631130064,"4.2-4.3":0.24233501066098,"4.4":0,"4.4.3-4.4.4":0.14016133049041,"76":null},"ie":{"5.5":0,"6":0,"7":0,"8":0.028300453608247,"9":0.028300453608247,"10":0.014150226804124,"11":1.3018208659794},"samsung":{"4":0.25321282882883,"5.0-5.4":0.021101069069069,"6.2-6.4":0.010550534534535,"7.2-7.4":0.073853741741742,"8.2":0.042202138138138,"9.2":0.26376336336336,"10.1":2.8486443243243},"edge":{"12":0.006444,"13":0.006444,"14":0.006444,"15":0.03222,"16":0.025776,"17":0.109548,"18":1.205028,"76":null},"op_mob":{"10":null,"11":null,"11.1":null,"11.5":null,"12":null,"12.1":null,"0":null},"ie_mob":{"10":0,"11":0},"bb":{"7":0,"10":0},"baidu":{"0":null},"and_ff":{"0":0.181356},"and_uc":{"0":0.565404},"and_qq":{"1.2":0.209804},"kaios":{"2.5":0},"op_mini":{"0":0.084164776632302},"and_chr":{"0":27.444248}},"total":96.530376776632}