{"id":"HN","name":"Honduras","month":"2016-04","access_date":"2016-05-03","data":{"firefox":{"2":0.005523,"3":0.033138,"3.5":0.011046,"3.6":0.011046,"4":0.005523,"5":0,"6":0.027615,"7":0.005523,"8":0.005523,"9":0,"10":0,"11":0.005523,"12":0.011046,"13":0.005523,"14":0.005523,"15":0.005523,"16":0.027615,"17":0,"18":0,"19":0.011046,"20":0.005523,"21":0.005523,"22":0,"23":0.011046,"24":0,"25":0.005523,"26":0.005523,"27":0.005523,"28":0.005523,"29":0.005523,"30":0.011046,"31":0.011046,"32":0.016569,"33":0.016569,"34":0.022092,"35":0.022092,"36":0.022092,"37":0.027615,"38":0.060753,"39":0.05523,"40":0.044184,"41":0.082845,"42":0.104937,"43":0.265104,"44":0.347949,"45":4.959654,"46":0.215397,"47":0.016569,"48":0,"49":0},"chrome":{"4":0,"5":0,"6":0,"7":0.005523,"8":0,"9":0.005523,"10":0,"11":0.033138,"12":0,"13":0,"14":0,"15":0,"16":0,"17":0,"18":0.027615,"19":0,"20":0.005523,"21":0.005523,"22":0.049707,"23":0,"24":0,"25":0.005523,"26":0.016569,"27":0.005523,"28":0.011046,"29":0.629622,"30":0.011046,"31":0.115983,"32":0.022092,"33":0.016569,"34":0.044184,"35":0.038661,"36":0.082845,"37":0.038661,"38":0.066276,"39":0.099414,"40":0.05523,"41":0.038661,"42":0.038661,"43":0.143598,"44":0.16569,"45":0.154644,"46":0.16569,"47":0.419748,"48":0.60753,"49":29.001273,"50":2.612379,"51":0.049707,"52":0.005523,"53":0},"opera":{"9":0,"9.5-9.6":0,"10.0-10.1":0,"10.5":0,"10.6":0,"11":0,"11.1":0,"11.5":0,"11.6":0,"12":0,"12.1":0.022092,"15":0,"16":0,"17":0,"18":0,"19":0,"20":0,"21":0,"22":0,"23":0,"24":0.005523,"25":0,"26":0,"27":0.016569,"28":0.005523,"29":0.154644,"30":0.005523,"31":0.011046,"32":0.005523,"33":0.027615,"34":0.033138,"35":0.093891,"36":0.767697,"37":0.005523,"38":0},"safari":{"3.1":0,"3.2":0,"4":0.027615,"5":0.011046,"5.1":0.033138,"6":0.022092,"6.1":0.027615,"7":0.027615,"7.1":0.027615,"8":0.154644,"9":0.66276,"9.1":0.574392,"0":null},"android":{"2.1":0,"2.2":0,"2.3":0.0486361727862,"3":0,"4":0.291817036717,"4.1":0.978802977322,"4.2-4.3":2.27678083855,"4.4":4.9396112986,"4.4.3-4.4.4":2.72362567603,"47":null},"ios_saf":{"3.2":0,"4.0-4.1":0,"4.2-4.3":0,"5.0-5.1":0,"6.0-6.1":0.0204412819003,"7.0-7.1":0.21075666511,"8":0,"8.1-8.4":0.532178201198,"9.0-9.2":1.72059203857,"9.3":4.45972381322},"ie":{"5.5":0,"6":0.0297165981735,"7":0.0118866392694,"8":0.523012127854,"9":0.2912226621,"10":0.374429136986,"11":2.66260719635},"op_mob":{"10":0,"11":0,"11.1":0,"11.5":0,"12":0,"12.1":0.000198495173417,"0":0.00674883589619},"ie_mob":{"10":0.262373023256,"11":0.301728976744},"edge":{"12":0.27615,"13":0.579915,"14":0},"bb":{"7":0.1813185,"10":null},"and_uc":{"0":1.070003},"op_mini":{"5.0-8.0":2.03904166893},"and_chr":{"0":25.09972},"and_ff":{"0":0.017908}},"total":95.9768708607}