{"id":"HN","name":"Honduras","month":"2019-08","access_date":"2019-09-04","data":{"chrome":{"4":0,"5":0,"6":0,"7":0,"8":0,"9":0,"10":0,"11":0.013178,"12":0,"13":0,"14":0,"15":0,"16":0,"17":0,"18":0,"19":0,"20":0,"21":0,"22":0,"23":0,"24":0,"25":0,"26":0,"27":0,"28":0,"29":0,"30":0,"31":0.006589,"32":0,"33":0,"34":0.006589,"35":0,"36":0.013178,"37":0,"38":0.026356,"39":0,"40":0.006589,"41":0.052712,"42":0.006589,"43":0.006589,"44":0.006589,"45":0,"46":0,"47":0,"48":0.006589,"49":0.158136,"50":0.006589,"51":0.006589,"52":0.006589,"53":0.039534,"54":0.006589,"55":0.006589,"56":0.006589,"57":0.013178,"58":0.019767,"59":0.019767,"60":0.013178,"61":0,"62":0.013178,"63":0.06589,"64":0.013178,"65":0.039534,"66":0.026356,"67":0.039534,"68":0.032945,"69":0.052712,"70":0.079068,"71":0.125191,"72":0.19767,"73":0.144958,"74":0.362395,"75":6.845971,"76":20.386366,"77":0.032945,"78":0.019767,"79":0},"firefox":{"2":0,"3":0,"3.5":0,"3.6":0,"4":0,"5":0,"6":0,"7":0,"8":0,"9":0,"10":0,"11":0,"12":0,"13":0,"14":0,"15":0,"16":0,"17":0,"18":0,"19":0,"20":0,"21":0,"22":0,"23":0,"24":0,"25":0,"26":0,"27":0,"28":0,"29":0,"30":0,"31":0,"32":0,"33":0,"34":0,"35":0,"36":0,"37":0,"38":0,"39":0,"40":0,"41":0,"42":0,"43":0.006589,"44":0,"45":0.006589,"46":0,"47":0.006589,"48":0.006589,"49":0,"50":0,"51":0,"52":0.079068,"53":0,"54":0,"55":0.006589,"56":0.019767,"57":0.006589,"58":0.019767,"59":0,"60":0.013178,"61":0.006589,"62":0.013178,"63":0.006589,"64":0.019767,"65":0.032945,"66":0.098835,"67":0.072479,"68":2.734435,"69":0.026356,"70":0.006589,"71":0},"opera":{"9":0,"9.5-9.6":0,"10.0-10.1":0,"10.5":0,"10.6":0,"11":0,"11.1":0,"11.5":0,"11.6":0,"12":0,"12.1":0.006589,"15":0,"16":0,"17":0.006589,"18":0,"19":0,"20":0,"21":0,"22":0,"23":0,"24":0,"25":0,"26":0,"27":0,"28":0,"29":0,"30":0,"31":0,"32":0,"33":0,"34":0,"35":0,"36":0,"37":0,"38":0,"39":0,"40":0,"41":0,"42":0,"43":0,"44":0.006589,"45":0,"46":0,"47":0,"48":0,"49":0,"50":0,"51":0,"52":0,"53":0.039534,"54":0,"55":0,"56":0,"57":0,"58":0,"60":0.006589,"62":1.05424},"safari":{"3.1":0,"3.2":0,"4":0,"5":0,"5.1":2.154603,"6":0,"6.1":0,"7":0,"7.1":0,"8":0,"9":0.006589,"9.1":0.013178,"10":0.013178,"10.1":0.138369,"11":0.105424,"11.1":0.243793,"12":0.237204,"12.1":1.864687,"13":0.006589,"0":null},"ios_saf":{"3.2":0.0021370311186712,"4.0-4.1":0.0014246874124475,"4.2-4.3":0,"5.0-5.1":0.0056987496497899,"6.0-6.1":0.0021370311186712,"7.0-7.1":0.0092604681809085,"8":0.00071234370622373,"8.1-8.4":0.010685155593356,"9.0-9.2":0.0099728118871323,"9.3":0.10400218110867,"10.0-10.2":0.045589997198319,"10.3":0.11824905523314,"11.0-11.2":0.13748233530118,"11.3-11.4":0.23863514158495,"12.0-12.1":0.45732465939564,"12.2-12.3":5.9024799497699,"13":0.073371401741045},"android":{"2.1":0,"2.2":0.0037222403669725,"2.3":0.0031018669724771,"3":0.0012407467889908,"4":0.027916802752294,"4.1":0.10670422385321,"4.2-4.3":0.30088109633028,"4.4":0,"4.4.3-4.4.4":0.23264002293578,"67":null},"edge":{"12":0.019767,"13":0.013178,"14":0.019767,"15":0.019767,"16":0.032945,"17":0.553476,"18":0.368984,"76":null},"op_mob":{"10":null,"11":null,"11.1":null,"11.5":null,"12":null,"12.1":null,"0":null},"ie":{"5.5":0,"6":0,"7":0,"8":0.094251347826087,"9":0.01346447826087,"10":0.0067322391304348,"11":0.19523493478261},"samsung":{"4":0.53340130434783,"5.0-5.4":0.061546304347826,"6.2-6.4":0.11283489130435,"7.2-7.4":0.18463891304348,"8.2":0.11283489130435,"9.2":1.8258736956522},"ie_mob":{"10":0.010233,"11":0.030699},"bb":{"7":0,"10":0.006822},"and_chr":{"0":46.695642},"baidu":{"0":null},"and_ff":{"0":0.10233},"and_uc":{"0":0.156906},"kaios":{"2.5":0},"and_qq":{"1.2":0.006822},"op_mini":{"0":0.40043498969072}},"total":97.399074989691}