{"id":"HN","name":"Honduras","month":"2017-11","access_date":"2017-12-06","data":{"chrome":{"4":0,"5":0.00555,"6":0,"7":0,"8":0,"9":0,"10":0,"11":0.0111,"12":0,"13":0,"14":0,"15":0,"16":0,"17":0,"18":0.00555,"19":0,"20":0,"21":0,"22":0.0222,"23":0,"24":0.00555,"25":0,"26":0.00555,"27":0,"28":0,"29":0.00555,"30":0,"31":0,"32":0,"33":0,"34":0.01665,"35":0.00555,"36":0.01665,"37":0.00555,"38":0.0444,"39":0.01665,"40":0.0222,"41":0.00555,"42":0,"43":0.01665,"44":0.0111,"45":0.0111,"46":0.0111,"47":0.02775,"48":0.0111,"49":0.4551,"50":0.01665,"51":0.01665,"52":0.0111,"53":0.0111,"54":0.0333,"55":0.0555,"56":0.0777,"57":0.0444,"58":0.08325,"59":0.1221,"60":0.1776,"61":8.73015,"62":12.543,"63":0.03885,"64":0.01665,"65":0},"firefox":{"2":0,"3":0,"3.5":0,"3.6":0,"4":0,"5":0,"6":0,"7":0,"8":0,"9":0,"10":0,"11":0,"12":0,"13":0,"14":0,"15":0,"16":0.0111,"17":0,"18":0,"19":0,"20":0,"21":0.00555,"22":0,"23":0,"24":0,"25":0,"26":0,"27":0,"28":0,"29":0,"30":0,"31":0.0111,"32":0,"33":0.00555,"34":0,"35":0,"36":0.00555,"37":0,"38":0.00555,"39":0,"40":0.00555,"41":0,"42":0,"43":0.01665,"44":0.00555,"45":0.03885,"46":0.0111,"47":0.02775,"48":0.0333,"49":0.0111,"50":0,"51":0.00555,"52":0.09435,"53":0.0111,"54":0.0222,"55":0.03885,"56":1.29315,"57":0.9879,"58":0.0222,"59":0,"60":0},"opera":{"9":0,"9.5-9.6":0,"10.0-10.1":0,"10.5":0,"10.6":0,"11":0,"11.1":0,"11.5":0,"11.6":0,"12":0,"12.1":0.01665,"15":0,"16":0,"17":0.0777,"18":0,"19":0,"20":0,"21":0,"22":0.00555,"23":0,"24":0,"25":0,"26":0.00555,"27":0,"28":0.00555,"29":0.0333,"30":0.02775,"31":0.03885,"32":0,"33":0.0111,"34":0,"35":0,"36":0.0111,"37":0.0111,"38":0,"39":0,"40":0,"41":0,"42":0,"43":0.06105,"44":0,"45":0,"46":0.01665,"47":0.00555,"48":0.3774,"49":0.1887,"50":0.00555},"safari":{"3.1":0,"3.2":0,"4":0,"5":0,"5.1":0.00555,"6":0,"6.1":0.0111,"7":0.0555,"7.1":0,"8":0.0222,"9":0.03885,"9.1":0.17205,"10":0.12765,"10.1":0.31635,"11":0.888,"0":null},"ios_saf":{"3.2":0.000542628525705,"4.0-4.1":0.000542628525705,"4.2-4.3":0.0737974794959,"5.0-5.1":0.0124804560912,"6.0-6.1":0.00813942788558,"7.0-7.1":0.0347282256451,"8":0.00868205641128,"8.1-8.4":0.0596891378276,"9.0-9.2":0.0363561112222,"9.3":0.250694378876,"10.0-10.2":0.465032646529,"10.3":0.969677175435,"11.0-11.2":3.50483764753},"android":{"2.1":0,"2.2":0,"2.3":0,"3":0,"4":0,"4.1":0.265335594013,"4.2-4.3":0.747021749298,"4.4":2.1226847521,"4.4.3-4.4.4":1.22870790458,"62":null},"op_mob":{"10":null,"11":null,"11.1":null,"11.5":null,"12":null,"12.1":null,"0":null},"ie":{"5.5":0,"6":0.00558675496689,"7":0.0167602649007,"8":0.0335205298013,"9":0.0614543046358,"10":0.0726278145695,"11":0.653650331126},"edge":{"12":0.0555,"13":0.0666,"14":0.11655,"15":0.3219,"16":0.0666,"17":0},"samsung":{"4":1.47965881459,"5":0.703613981763,"6.2":1.22097720365},"ie_mob":{"10":0.033375,"11":0.189125},"bb":{"7":0.00979,"10":0.03916},"and_uc":{"0":0.7209},"op_mini":{"0":1.87477276632},"and_chr":{"0":47.9896},"baidu":{"0":null},"and_ff":{"0":0.1068},"and_qq":{"1.2":null}},"total":93.5495227663}