{"id":"HN","name":"Honduras","month":"2017-06","access_date":"2017-07-11","data":{"chrome":{"4":0,"5":0,"6":0,"7":0,"8":0,"9":0,"10":0,"11":0.08,"12":0,"13":0,"14":0,"15":0,"16":0,"17":0,"18":0.01,"19":0,"20":0.005,"21":0,"22":0.03,"23":0,"24":0.01,"25":0.005,"26":0.005,"27":0.005,"28":0.005,"29":0.01,"30":0,"31":0.025,"32":0.01,"33":0.005,"34":0.03,"35":0.005,"36":0.065,"37":0.015,"38":0.02,"39":0.015,"40":0.01,"41":0.015,"42":0.005,"43":0.045,"44":0.025,"45":0.035,"46":0.01,"47":0.02,"48":0.055,"49":1.015,"50":0.025,"51":0.16,"52":0.045,"53":0.125,"54":0.17,"55":0.3,"56":0.26,"57":0.345,"58":26.405,"59":4.675,"60":0.05,"61":0.03,"62":0},"firefox":{"2":0,"3":0.01,"3.5":0,"3.6":0.005,"4":0,"5":0,"6":0,"7":0,"8":0,"9":0,"10":0,"11":0,"12":0,"13":0.005,"14":0.005,"15":0,"16":0.015,"17":0,"18":0,"19":0,"20":0,"21":0.005,"22":0.005,"23":0,"24":0,"25":0.005,"26":0,"27":0,"28":0.005,"29":0.01,"30":0,"31":0.005,"32":0,"33":0.005,"34":0,"35":0.005,"36":0.005,"37":0.01,"38":0.01,"39":0.01,"40":0.03,"41":0.005,"42":0.005,"43":0.02,"44":0.005,"45":0.085,"46":0.025,"47":0.045,"48":0.075,"49":0.04,"50":0.025,"51":0.03,"52":0.255,"53":2.55,"54":1.325,"55":0.01,"56":0,"57":0},"opera":{"9":0,"9.5-9.6":0,"10.0-10.1":0.025,"10.5":0,"10.6":0,"11":0,"11.1":0,"11.5":0,"11.6":0,"12":0,"12.1":0.01,"15":0,"16":0,"17":0,"18":0,"19":0,"20":0,"21":0,"22":0,"23":0,"24":0,"25":0,"26":0,"27":0.005,"28":0.01,"29":0.01,"30":0,"31":0,"32":0,"33":0.005,"34":0,"35":0,"36":0.02,"37":0.015,"38":0,"39":0,"40":0,"41":0.01,"42":0.02,"43":0.005,"44":0,"45":0.84,"46":0.025,"47":0.005,"48":0},"safari":{"3.1":0,"3.2":0,"4":0.005,"5":0.005,"5.1":0.025,"6":0,"6.1":0.01,"7":0.005,"7.1":0,"8":0.08,"9":0.075,"9.1":0.27,"10":0.535,"10.1":1.135,"11":0.005,"0":null},"ios_saf":{"3.2":0,"4.0-4.1":0,"4.2-4.3":0,"5.0-5.1":0,"6.0-6.1":0,"7.0-7.1":0.0265669014085,"8":0,"8.1-8.4":0.0203158657829,"9.0-9.2":0.0156275890638,"9.3":0.285463960232,"10.0-10.2":0.973598798674,"10.3":3.70842688484,"11":null},"android":{"2.1":0,"2.2":0,"2.3":0,"3":0,"4":0,"4.1":0.37000660066,"4.2-4.3":0.95703630363,"4.4":2.57225742574,"4.4.3-4.4.4":1.49069966997,"56":null},"op_mob":{"10":0,"11":0,"11.1":0,"11.5":0,"12":0,"12.1":0,"0":0.00984478935698},"ie":{"5.5":0,"6":0.0105072463768,"7":0.0157608695652,"8":0.189130434783,"9":0.0788043478261,"10":0.126086956522,"11":1.02971014493},"edge":{"12":0.09,"13":0.13,"14":0.72,"15":null,"16":null},"bb":{"7":0.04,"10":null},"samsung":{"4":4.26,"5":null},"ie_mob":{"10":0.0530769230769,"11":0.291923076923},"op_mini":{"0":2.21015521064},"and_chr":{"0":35.975},"baidu":{"0":null},"and_ff":{"0":0.02},"and_qq":{"1.2":null},"and_uc":{"0":1.29}},"total":98.945}