{"id":"HN","name":"Honduras","month":"2018-04","access_date":"2018-05-06","data":{"chrome":{"4":0,"5":0.01129,"6":0,"7":0,"8":0,"9":0,"10":0,"11":0.01129,"12":0,"13":0,"14":0,"15":0,"16":0,"17":0,"18":0.005645,"19":0,"20":0,"21":0.02258,"22":0.01129,"23":0,"24":0,"25":0,"26":0.005645,"27":0,"28":0,"29":0,"30":0,"31":0,"32":0,"33":0,"34":0.01129,"35":0.005645,"36":0.005645,"37":0,"38":0.062095,"39":0.005645,"40":0.01129,"41":0,"42":0,"43":0.01129,"44":0.01129,"45":0.005645,"46":0.02258,"47":0.005645,"48":0.005645,"49":0.3387,"50":0.01129,"51":0.050805,"52":0.01129,"53":0.04516,"54":0.01129,"55":0.03387,"56":0.05645,"57":0.039515,"58":0.095965,"59":0.04516,"60":0.062095,"61":0.073385,"62":0.073385,"63":0.163705,"64":0.287895,"65":19.311545,"66":2.850725,"67":0.016935,"68":0.005645,"69":0},"firefox":{"2":0,"3":0,"3.5":0,"3.6":0,"4":0.005645,"5":0.005645,"6":0.005645,"7":0,"8":0,"9":0,"10":0,"11":0,"12":0,"13":0,"14":0,"15":0.005645,"16":0.016935,"17":0,"18":0,"19":0,"20":0,"21":0,"22":0,"23":0,"24":0.005645,"25":0,"26":0,"27":0,"28":0,"29":0,"30":0,"31":0,"32":0,"33":0,"34":0,"35":0,"36":0,"37":0,"38":0.005645,"39":0.005645,"40":0.005645,"41":0.005645,"42":0,"43":0.005645,"44":0,"45":0.016935,"46":0.005645,"47":0.02258,"48":0.01129,"49":0.005645,"50":0,"51":0.005645,"52":0.107255,"53":0.005645,"54":0.028225,"55":0.03387,"56":0.016935,"57":0.19193,"58":0.05645,"59":2.29187,"60":0.03387,"61":0},"opera":{"9":0,"9.5-9.6":0,"10.0-10.1":0,"10.5":0,"10.6":0,"11":0,"11.1":0,"11.5":0,"11.6":0,"12":0,"12.1":0.10161,"15":0,"16":0,"17":0.050805,"18":0,"19":0,"20":0.005645,"21":0,"22":0.005645,"23":0,"24":0,"25":0,"26":0,"27":0,"28":0,"29":0.05645,"30":0,"31":0,"32":0.01129,"33":0.016935,"34":0,"35":0,"36":0.005645,"37":0.005645,"38":0,"39":0,"40":0,"41":0.005645,"42":0,"43":0.005645,"44":0,"45":0.005645,"46":0,"47":0.005645,"48":0,"49":0,"50":0,"51":0.050805,"52":0.55321},"safari":{"3.1":0,"3.2":0,"4":0,"5":0,"5.1":0.01129,"6":0,"6.1":0,"7":0,"7.1":0,"8":0.01129,"9":0.02258,"9.1":0.09032,"10":0.05645,"10.1":0.197575,"11":0.615305,"11.1":0.479825,"0":null},"ios_saf":{"3.2":0.000666544279703,"4.0-4.1":0,"4.2-4.3":0.00133308855941,"5.0-5.1":0.0153305184332,"6.0-6.1":0.00999816419555,"7.0-7.1":0.0373264796634,"8":0.00999816419555,"8.1-8.4":0.060655529453,"9.0-9.2":0.0379930239431,"9.3":0.274616243238,"10.0-10.2":0.24728792777,"10.3":0.551898663594,"11.0-11.2":2.97678675316,"11.3":2.42955389952},"android":{"2.1":0,"2.2":0,"2.3":0,"3":0,"4":0,"4.1":0.179962568449,"4.2-4.3":0.556628409387,"4.4":1.52758924381,"4.4.3-4.4.4":0.945849778357,"62":null},"op_mob":{"10":null,"11":null,"11.1":null,"11.5":null,"12":null,"12.1":null,"0":null},"ie":{"5.5":0,"6":0,"7":0,"8":0.0399854166667,"9":0.0285610119048,"10":0.0285610119048,"11":0.382717559524},"edge":{"12":0.03387,"13":0.02258,"14":0.04516,"15":0.06774,"16":0.491115,"17":0.005645,"18":null},"samsung":{"4":1.07023318519,"5":0.164651259259,"6.2":1.50244274074},"bb":{"7":0.011323,"10":0.045292},"ie_mob":{"10":0.0232266666667,"11":0.0812933333333},"baidu":{"0":null},"and_ff":{"0":0.13936},"and_qq":{"1.2":null},"and_uc":{"0":0.448565},"op_mini":{"0":1.01014299828},"and_chr":{"0":52.285365}},"total":96.8856351835}