{"id":"HR","name":"Croatia","month":"2021-10","access_date":"2021-11-04","data":{"firefox":{"2":null,"3":null,"3.5":null,"3.6":null,"4":null,"5":null,"6":null,"7":null,"8":null,"9":null,"10":null,"11":null,"12":null,"13":null,"14":null,"15":null,"16":null,"17":null,"18":null,"19":null,"20":null,"21":null,"22":null,"23":null,"24":null,"25":null,"26":null,"27":null,"28":null,"29":null,"30":null,"31":null,"32":null,"33":null,"34":null,"35":null,"36":null,"37":null,"38":null,"39":null,"40":null,"41":null,"42":null,"43":null,"44":null,"45":null,"46":null,"47":null,"48":0.00964,"49":null,"50":null,"51":null,"52":0.15427,"53":null,"54":null,"55":null,"56":0.00482,"57":null,"58":null,"59":null,"60":null,"61":null,"62":null,"63":0.02411,"64":null,"65":0.00482,"66":null,"67":null,"68":0.00964,"69":null,"70":null,"71":null,"72":0.00964,"73":null,"74":null,"75":null,"76":null,"77":0.01446,"78":0.10124,"79":null,"80":null,"81":null,"82":null,"83":null,"84":0.01446,"85":0.00482,"86":0.00482,"87":0.00964,"88":0.03857,"89":0.05785,"90":0.02411,"91":0.08196,"92":1.61504,"93":3.7652,"94":0.01446,"95":null},"chrome":{"4":null,"5":null,"6":null,"7":null,"8":null,"9":null,"10":null,"11":null,"12":null,"13":null,"14":null,"15":null,"16":null,"17":null,"18":null,"19":null,"20":null,"21":null,"22":null,"23":null,"24":null,"25":null,"26":null,"27":null,"28":null,"29":null,"30":null,"31":null,"32":null,"33":null,"34":null,"35":null,"36":null,"37":null,"38":0.00964,"39":null,"40":null,"41":null,"42":null,"43":0.00964,"44":null,"45":null,"46":null,"47":null,"48":null,"49":0.22177,"50":null,"51":null,"52":null,"53":0.00964,"54":null,"55":null,"56":null,"57":null,"58":null,"59":null,"60":null,"61":null,"62":null,"63":0.00964,"64":null,"65":0.00964,"66":0.00482,"67":0.00482,"68":0.00482,"69":0.01446,"70":0.00964,"71":0.01446,"72":null,"73":null,"74":0.01446,"75":0.10606,"76":0.03375,"77":0.16391,"78":0.00964,"79":0.1157,"80":0.02411,"81":0.24105,"83":0.02411,"84":0.03857,"85":0.01446,"86":0.06749,"87":0.21695,"88":0.04339,"89":0.08196,"90":0.06267,"91":0.12535,"92":0.32783,"93":1.03169,"94":24.12428,"95":6.50835,"96":0.00964,"97":null,"98":null},"opera":{"9":null,"9.5-9.6":null,"10.0-10.1":0,"10.5":null,"10.6":null,"11":null,"11.1":null,"11.5":null,"11.6":null,"12":null,"12.1":null,"15":null,"16":null,"17":null,"18":null,"19":null,"20":null,"21":null,"22":null,"23":null,"24":null,"25":null,"26":null,"27":null,"28":null,"29":null,"30":null,"31":null,"32":null,"33":null,"34":null,"35":null,"36":0.00964,"37":null,"38":null,"39":null,"40":null,"41":null,"42":null,"43":null,"44":null,"45":null,"46":0.00964,"47":null,"48":null,"49":null,"50":null,"51":null,"52":null,"53":null,"54":null,"55":null,"56":null,"57":null,"58":null,"60":null,"62":null,"63":null,"64":null,"65":null,"66":null,"67":null,"68":null,"69":null,"70":null,"71":null,"72":null,"73":null,"74":null,"75":null,"76":null,"77":null,"78":0.06267,"79":1.24382,"80":0.64601},"ios_saf":{"3.2":0,"4.0-4.1":0,"4.2-4.3":0,"5.0-5.1":0.00546,"6.0-6.1":0,"7.0-7.1":0.00234,"8":0,"8.1-8.4":0.00312,"9.0-9.2":0.00156,"9.3":0.05538,"10.0-10.2":0.00468,"10.3":0.06474,"11.0-11.2":0.01638,"11.3-11.4":0.0156,"12.0-12.1":0.0195,"12.2-12.5":0.29953,"13.0-13.1":0.01794,"13.2":0.0078,"13.3":0.04992,"13.4-13.7":0.17395,"14.0-14.4":0.59751,"14.5-14.8":4.61313,"15":1.85102},"edge":{"12":0.00482,"13":null,"14":null,"15":null,"16":0.01446,"17":0.01446,"18":0.03375,"79":null,"80":null,"81":null,"83":null,"84":0.00964,"85":null,"86":0.00964,"87":null,"88":0.02411,"89":0.01928,"90":null,"91":0.01446,"92":0.01446,"93":0.08196,"94":2.16463,"95":0.63155},"safari":{"3.1":null,"3.2":null,"4":0,"5":null,"5.1":null,"6":null,"6.1":null,"7":null,"7.1":null,"8":null,"9":null,"9.1":null,"10":null,"10.1":null,"11":null,"11.1":0.01928,"12":0.00482,"12.1":0.03375,"13":0.02411,"13.1":0.14463,"14":0.18802,"14.1":0.76172,"15":0.36158,"0":null},"samsung":{"4":0.11435,"5.0-5.4":0.09474,"6.2-6.4":0.06621,"7.2-7.4":0.10527,"8.2":null,"9.2":0.02079,"10.1":0.03119,"11.1-11.2":0.11435,"12.0":0.05198,"13.0":0.15593,"14.0":0.25989,"15.0":3.51372},"android":{"2.1":0,"2.2":0,"2.3":0,"3":0,"4":0.00078,"4.1":0.00118,"4.2-4.3":0.00353,"4.4":0,"4.4.3-4.4.4":0.0204,"0":0},"ie":{"5.5":null,"6":null,"7":null,"8":null,"9":null,"10":null,"11":0.40979},"op_mob":{"10":null,"11":null,"11.1":null,"11.5":null,"12":null,"12.1":null,"0":null},"bb":{"7":0,"10":0},"ie_mob":{"10":0.02594,"11":null},"baidu":{"0":null},"and_ff":{"0":0.26413},"and_qq":{"10.4":0},"and_uc":{"0":0.08804},"op_mini":{"0":0.41677},"and_chr":{"0":39.98632},"kaios":{"2.5":0}},"total":99.76375}