{"id":"HR","name":"Croatia","month":"2020-04","access_date":"2020-05-07","data":{"chrome":{"4":0,"5":0,"6":0,"7":0,"8":0,"9":0,"10":0,"11":0,"12":0,"13":0,"14":0,"15":0,"16":0,"17":0,"18":0,"19":0,"20":0,"21":0,"22":0.00383,"23":0,"24":0,"25":0,"26":0,"27":0,"28":0.00383,"29":0,"30":0,"31":0,"32":0,"33":0,"34":0,"35":0,"36":0.00383,"37":0,"38":0.00383,"39":0,"40":0,"41":0,"42":0,"43":0.01533,"44":0,"45":0,"46":0,"47":0.00383,"48":0,"49":0.1916,"50":0,"51":0.00383,"52":0,"53":0.0115,"54":0,"55":0.00383,"56":0.00383,"57":0,"58":0.00383,"59":0.00383,"60":0,"61":0.01916,"62":0.00383,"63":0.0115,"64":0.00766,"65":0.00383,"66":0.00766,"67":0.00766,"68":0.00766,"69":0.0115,"70":0.01916,"71":0.03449,"72":0.01916,"73":0.01916,"74":0.03449,"75":0.03449,"76":0.01916,"77":0.13795,"78":0.04215,"79":0.06131,"80":5.93577,"81":3.06943,"83":0.00766,"84":0.00383,"85":null},"firefox":{"2":0,"3":0,"3.5":0,"3.6":0,"4":0,"5":0,"6":0,"7":0,"8":0,"9":0,"10":0,"11":0,"12":0,"13":0,"14":0,"15":0,"16":0,"17":0,"18":0,"19":0,"20":0,"21":0,"22":0,"23":0,"24":0,"25":0,"26":0,"27":0,"28":0,"29":0,"30":0,"31":0,"32":0,"33":0,"34":0,"35":0,"36":0,"37":0,"38":0,"39":0,"40":0,"41":0,"42":0,"43":0,"44":0,"45":0,"46":0,"47":0.00383,"48":0.00383,"49":0,"50":0,"51":0,"52":0.08047,"53":0,"54":0,"55":0.00383,"56":0.00383,"57":0,"58":0,"59":0.00383,"60":0.00383,"61":0.00383,"62":0.00766,"63":0.00383,"64":0.00383,"65":0.00383,"66":0.00766,"67":0.00383,"68":0.11113,"69":0.00766,"70":0.00766,"71":0.00383,"72":0.01916,"73":0.01533,"74":0.64761,"75":1.19558,"76":0.00766,"77":0,"78":0},"opera":{"9":0,"9.5-9.6":0,"10.0-10.1":0,"10.5":0,"10.6":0,"11":0,"11.1":0,"11.5":0,"11.6":0,"12":0,"12.1":0.00383,"15":0,"16":0,"17":0,"18":0,"19":0,"20":0,"21":0,"22":0,"23":0,"24":0,"25":0,"26":0,"27":0,"28":0,"29":0,"30":0,"31":0,"32":0,"33":0,"34":0,"35":0,"36":0.00383,"37":0,"38":0,"39":0,"40":0.0115,"41":0,"42":0,"43":0,"44":0,"45":0,"46":0,"47":0.00383,"48":0,"49":0,"50":0,"51":0,"52":0,"53":0,"54":0,"55":0,"56":0,"57":0,"58":0,"60":0,"62":0.00383,"63":0,"64":0,"65":0.00383,"66":0.01533,"67":0.43302,"68":0.00766},"ios_saf":{"3.2":0.00074,"4.0-4.1":0,"4.2-4.3":0.00148,"5.0-5.1":0.0074,"6.0-6.1":0.00222,"7.0-7.1":0.0074,"8":0.00074,"8.1-8.4":0.01036,"9.0-9.2":0.00888,"9.3":0.1066,"10.0-10.2":0.02739,"10.3":0.09402,"11.0-11.2":0.0607,"11.3-11.4":0.1029,"12.0-12.1":0.12733,"12.2-12.4":0.8343,"13.0-13.1":0.17767,"13.2":0.08661,"13.3":4.85036,"13.4":0.89871},"safari":{"3.1":0,"3.2":0,"4":0,"5":0,"5.1":0,"6":0,"6.1":0,"7":0,"7.1":0,"8":0,"9":0,"9.1":0,"10":0,"10.1":0.01533,"11":0.00383,"11.1":0.01916,"12":0.00766,"12.1":0.04598,"13":0.28357,"13.1":0.17244,"0":null},"android":{"2.1":0,"2.2":0.00129,"2.3":0.00043,"3":0.00043,"4":0.00387,"4.1":0.00859,"4.2-4.3":0.01805,"4.4":0,"4.4.3-4.4.4":0.12417,"81":null},"edge":{"12":0,"13":0.00383,"14":0.00383,"15":0.01533,"16":0.00383,"17":0.03832,"18":0.44451,"79":null,"80":null,"81":null},"samsung":{"4":0.16341,"5.0-5.4":0.03064,"6.2-6.4":0.04085,"7.2-7.4":0.13277,"8.2":0.06128,"9.2":0.41874,"10.1":0.6945,"11.1":6.322},"op_mob":{"10":null,"11":null,"11.1":null,"11.5":null,"12":null,"12.1":null,"0":null},"ie":{"5.5":0,"6":0,"7":0,"8":0.0958,"9":0.00383,"10":0.00383,"11":0.31806},"ie_mob":{"10":0,"11":0.06168},"bb":{"7":0,"10":0},"baidu":{"0":null},"and_ff":{"0":0.24055},"and_uc":{"0":0.03701},"and_qq":{"1.2":0},"kaios":{"2.5":0},"op_mini":{"0":0.25694},"and_chr":{"0":66.68814}},"total":96.60589}