{"id":"HT","name":"Haiti","month":"2021-10","access_date":"2021-11-04","data":{"firefox":{"2":null,"3":null,"3.5":null,"3.6":null,"4":null,"5":null,"6":null,"7":null,"8":null,"9":null,"10":null,"11":null,"12":null,"13":null,"14":null,"15":null,"16":null,"17":null,"18":null,"19":null,"20":null,"21":null,"22":null,"23":null,"24":null,"25":null,"26":null,"27":null,"28":null,"29":null,"30":0.00162,"31":null,"32":null,"33":null,"34":null,"35":null,"36":null,"37":null,"38":null,"39":null,"40":null,"41":null,"42":null,"43":null,"44":null,"45":null,"46":null,"47":null,"48":0.00162,"49":0.00324,"50":null,"51":null,"52":0.00647,"53":null,"54":null,"55":null,"56":null,"57":null,"58":null,"59":0.00162,"60":null,"61":null,"62":null,"63":null,"64":null,"65":null,"66":null,"67":null,"68":0.00485,"69":null,"70":null,"71":null,"72":null,"73":null,"74":null,"75":null,"76":null,"77":0.00971,"78":0.03074,"79":null,"80":null,"81":null,"82":null,"83":null,"84":null,"85":null,"86":null,"87":null,"88":0.00324,"89":0.00485,"90":0.0178,"91":0.00485,"92":0.16989,"93":0.50158,"94":0.00809,"95":null},"chrome":{"4":null,"5":null,"6":null,"7":null,"8":null,"9":null,"10":null,"11":0.06796,"12":null,"13":null,"14":null,"15":null,"16":null,"17":null,"18":0.00162,"19":null,"20":null,"21":null,"22":null,"23":null,"24":null,"25":null,"26":null,"27":null,"28":null,"29":null,"30":null,"31":null,"32":null,"33":0.00485,"34":0.00809,"35":null,"36":0.00324,"37":null,"38":null,"39":null,"40":null,"41":null,"42":0.00485,"43":0.00162,"44":null,"45":null,"46":0.00324,"47":null,"48":null,"49":0.03721,"50":0.00971,"51":null,"52":null,"53":0.00485,"54":null,"55":0.00971,"56":0.01133,"57":null,"58":0.00647,"59":0.02265,"60":0.07605,"61":0.00162,"62":0.00162,"63":0.05016,"64":0.00809,"65":0.00647,"66":0.00809,"67":0.00809,"68":0.01133,"69":0.01618,"70":0.00809,"71":0.00809,"72":0.01294,"73":0.00647,"74":0.02589,"75":0.02103,"76":0.0631,"77":0.04692,"78":0.00809,"79":0.04045,"80":0.03236,"81":0.02751,"83":0.00971,"84":0.13429,"85":0.02103,"86":0.02912,"87":0.0809,"88":0.02751,"89":0.05825,"90":0.02751,"91":0.08575,"92":0.60513,"93":0.60028,"94":5.05625,"95":1.31705,"96":0.01456,"97":null,"98":null},"opera":{"9":null,"9.5-9.6":null,"10.0-10.1":0,"10.5":null,"10.6":null,"11":null,"11.1":null,"11.5":null,"11.6":null,"12":null,"12.1":null,"15":null,"16":null,"17":null,"18":null,"19":null,"20":null,"21":null,"22":null,"23":null,"24":null,"25":null,"26":null,"27":null,"28":null,"29":null,"30":null,"31":null,"32":null,"33":null,"34":null,"35":null,"36":null,"37":null,"38":null,"39":null,"40":null,"41":null,"42":null,"43":null,"44":null,"45":null,"46":0.00324,"47":null,"48":null,"49":null,"50":null,"51":null,"52":null,"53":0.00162,"54":null,"55":null,"56":null,"57":null,"58":null,"60":null,"62":null,"63":null,"64":null,"65":null,"66":null,"67":null,"68":null,"69":null,"70":null,"71":null,"72":null,"73":null,"74":null,"75":null,"76":null,"77":0.00485,"78":0.0178,"79":0.30904,"80":0.1618},"ios_saf":{"3.2":0,"4.0-4.1":0,"4.2-4.3":0,"5.0-5.1":0.00103,"6.0-6.1":0.00414,"7.0-7.1":0.03517,"8":0,"8.1-8.4":0.00517,"9.0-9.2":0.0031,"9.3":0.15308,"10.0-10.2":0.02069,"10.3":0.25858,"11.0-11.2":0.1055,"11.3-11.4":0.14894,"12.0-12.1":0.37235,"12.2-12.5":2.05209,"13.0-13.1":0.18928,"13.2":0.05378,"13.3":0.33822,"13.4-13.7":0.44062,"14.0-14.4":2.04485,"14.5-14.8":3.1102,"15":1.00536},"edge":{"12":0.03398,"13":0.01942,"14":0.00809,"15":0.01456,"16":0.01942,"17":0.0178,"18":0.05016,"79":null,"80":0.00809,"81":null,"83":0.00324,"84":0.02103,"85":0.01133,"86":0.00162,"87":0.00162,"88":0.00485,"89":0.02103,"90":0.00647,"91":0.0178,"92":0.03398,"93":0.04692,"94":1.33323,"95":0.31227},"safari":{"3.1":null,"3.2":null,"4":0,"5":null,"5.1":0.01294,"6":null,"6.1":null,"7":null,"7.1":0.00324,"8":null,"9":null,"9.1":null,"10":null,"10.1":0.00647,"11":null,"11.1":0.01294,"12":null,"12.1":0.01456,"13":0.02427,"13.1":0.03883,"14":0.04045,"14.1":0.2605,"15":0.25079,"0":null},"samsung":{"4":0.30518,"5.0-5.4":0.1119,"6.2-6.4":0.09156,"7.2-7.4":0.35605,"8.2":0.09156,"9.2":0.19328,"10.1":0.19403,"11.1-11.2":0.40691,"12.0":0.12207,"13.0":0.21363,"14.0":0.28484,"15.0":0.77313},"android":{"2.1":0,"2.2":0,"2.3":0,"3":0,"4":0,"4.1":0.00144,"4.2-4.3":0.0045,"4.4":0,"4.4.3-4.4.4":0.03597,"0":0},"op_mob":{"10":null,"11":null,"11.1":null,"11.5":null,"12":null,"12.1":null,"0":null},"ie":{"5.5":null,"6":null,"7":null,"8":null,"9":null,"10":null,"11":0.12135},"bb":{"7":0,"10":0.03352},"ie_mob":{"10":null,"11":0.24045},"baidu":{"0":null},"and_ff":{"0":0.09219},"and_qq":{"10.4":0},"and_uc":{"0":0.19276},"op_mini":{"0":0.92041},"and_chr":{"0":72.27114},"kaios":{"2.5":0}},"total":100.07382}