{"id":"HT","name":"Haiti","month":"2019-11","access_date":"2019-12-04","data":{"chrome":{"4":0,"5":0,"6":0,"7":0,"8":0,"9":0,"10":0,"11":0,"12":0,"13":0,"14":0,"15":0,"16":0,"17":0,"18":0,"19":0,"20":0,"21":0,"22":0,"23":0,"24":0,"25":0,"26":0,"27":0,"28":0,"29":0,"30":0,"31":0,"32":0,"33":0.008926,"34":0,"35":0,"36":0,"37":0,"38":0.04463,"39":0,"40":0,"41":0,"42":0,"43":0.004463,"44":0,"45":0,"46":0,"47":0,"48":0,"49":0.022315,"50":0.004463,"51":0,"52":0,"53":0,"54":0.004463,"55":0.004463,"56":0.004463,"57":0,"58":0.004463,"59":0,"60":0.004463,"61":0,"62":0.004463,"63":0.013389,"64":0,"65":0.071408,"66":0,"67":0.017852,"68":0.004463,"69":0.017852,"70":0.004463,"71":0.008926,"72":0.017852,"73":0.004463,"74":0.026778,"75":0.026778,"76":0.053556,"77":0.365966,"78":3.025914,"79":0.004463,"80":0.004463,"81":null},"firefox":{"2":0,"3":0,"3.5":0,"3.6":0,"4":0,"5":0,"6":0,"7":0,"8":0,"9":0,"10":0,"11":0,"12":0,"13":0,"14":0,"15":0,"16":0,"17":0,"18":0,"19":0,"20":0,"21":0,"22":0,"23":0,"24":0,"25":0,"26":0,"27":0,"28":0,"29":0,"30":0,"31":0,"32":0,"33":0,"34":0,"35":0,"36":0,"37":0,"38":0,"39":0,"40":0,"41":0,"42":0,"43":0,"44":0,"45":0,"46":0,"47":0,"48":0.004463,"49":0,"50":0.004463,"51":0,"52":0.008926,"53":0,"54":0,"55":0,"56":0,"57":0,"58":0,"59":0,"60":0.008926,"61":0,"62":0,"63":0.004463,"64":0,"65":0,"66":0,"67":0.008926,"68":0.04463,"69":0.031241,"70":0.410596,"71":0.004463,"72":0,"73":0},"opera":{"9":0,"9.5-9.6":0,"10.0-10.1":0,"10.5":0,"10.6":0,"11":0,"11.1":0,"11.5":0,"11.6":0,"12":0,"12.1":0.008926,"15":0,"16":0,"17":0.008926,"18":0,"19":0,"20":0,"21":0,"22":0,"23":0,"24":0,"25":0,"26":0,"27":0,"28":0,"29":0.004463,"30":0.004463,"31":0,"32":0,"33":0,"34":0,"35":0,"36":0,"37":0.004463,"38":0,"39":0,"40":0,"41":0,"42":0,"43":0,"44":0,"45":0,"46":0,"47":0,"48":0,"49":0,"50":0,"51":0,"52":0,"53":0.008926,"54":0.004463,"55":0,"56":0,"57":0,"58":0,"60":0,"62":0,"63":0.08926,"64":0.218687},"safari":{"3.1":0,"3.2":0,"4":0,"5":0,"5.1":13.272962,"6":0,"6.1":0,"7":0,"7.1":0,"8":0,"9":0,"9.1":0.008926,"10":0.004463,"10.1":0.017852,"11":0.035704,"11.1":0.071408,"12":0.035704,"12.1":0.124964,"13":0.361503,"0":null},"ios_saf":{"3.2":0,"4.0-4.1":0,"4.2-4.3":0,"5.0-5.1":0.0034572473947896,"6.0-6.1":0,"7.0-7.1":0.0054328173346693,"8":0,"8.1-8.4":0.0064206023046092,"9.0-9.2":0.0059267098196393,"9.3":0.067663270440882,"10.0-10.2":0.025188516733467,"10.3":0.071120517835671,"11.0-11.2":0.072602195290581,"11.3-11.4":0.12199144378758,"12.0-12.1":0.16989901482966,"12.2-12.4":1.2169510829659,"13.0-13.1":2.4180976064128,"13.2":0.72898530781563,"13.3":0.015310667034068},"android":{"2.1":0,"2.2":0.0038027377398721,"2.3":0.00095068443496802,"3":0.001426026652452,"4":0.010932871002132,"4.1":0.012358897654584,"4.2-4.3":0.26381493070362,"4.4":0,"4.4.3-4.4.4":0.15258485181237,"76":null},"ie":{"5.5":0,"6":0,"7":0,"8":0.026778,"9":0,"10":0.013389,"11":0.120501},"samsung":{"4":0.36298111111111,"5.0-5.4":0.1613249382716,"6.2-6.4":0.030248425925926,"7.2-7.4":0.14115932098765,"8.2":0.040331234567901,"9.2":0.23190459876543,"10.1":0.66546537037037},"edge":{"12":0.026778,"13":0.013389,"14":0.013389,"15":0.017852,"16":0.017852,"17":0.053556,"18":0.272243,"76":null},"op_mob":{"10":null,"11":null,"11.1":null,"11.5":null,"12":null,"12.1":null,"0":null},"ie_mob":{"10":0.0199332,"11":0.0298998},"bb":{"7":0,"10":0.016611},"baidu":{"0":null},"and_ff":{"0":0.083055},"and_uc":{"0":0.370979},"and_qq":{"1.2":0.005537},"kaios":{"2.5":0},"op_mini":{"0":2.500469242268},"and_chr":{"0":68.357807}},"total":97.565672242268}