{"id":"HT","name":"Haiti","month":"2014-11","access_date":"2014-12-01","data":{"chrome":{"4":0.004726,"5":null,"6":null,"7":0.004726,"8":0.004726,"9":null,"10":0.018904,"11":0.151232,"12":0.075616,"13":0.009452,"14":0.004726,"15":0.004726,"16":0.009452,"17":null,"18":0.009452,"19":null,"20":null,"21":0.028356,"22":null,"23":0.004726,"24":0.018904,"25":0.07089,"26":0.02363,"27":0.033082,"28":0.02363,"29":0.07089,"30":0.018904,"31":0.080342,"32":0.080342,"33":0.311916,"34":0.184314,"35":0.44897,"36":1.049172,"37":0.586024,"38":13.643962,"39":4.527508,"40":0.066164,"41":0.051986,"42":null},"firefox":{"2":0.009452,"3":0.02363,"3.5":0.009452,"3.6":0.132328,"4":0.028356,"5":0.009452,"6":0.004726,"7":0.080342,"8":0.009452,"9":0.014178,"10":0.014178,"11":0.056712,"12":0.089794,"13":0.018904,"14":0.033082,"15":0.028356,"16":0.066164,"17":0.014178,"18":0.018904,"19":0.07089,"20":0.042534,"21":0.04726,"22":0.037808,"23":0.042534,"24":0.056712,"25":0.037808,"26":0.04726,"27":0.033082,"28":0.085068,"29":0.089794,"30":0.222122,"31":0.21267,"32":1.261842,"33":5.50579,"34":0.264656,"35":0.014178,"36":null},"opera":{"9":null,"9.5-9.6":null,"10.0-10.1":0,"10.5":null,"10.6":null,"11":null,"11.1":0.004726,"11.5":0.02363,"11.6":0.04726,"12":0.033082,"12.1":0.108698,"15":null,"16":0.004726,"17":null,"18":0.009452,"19":0.014178,"20":0.018904,"21":0.004726,"22":0.009452,"23":0.009452,"24":0.018904,"25":0.444244,"26":0.099246,"27":null,"28":null},"android":{"2.1":0,"2.2":0.0289118464167,"2.3":0.404765849834,"3":0.0128497095185,"4":0.835231118705,"4.1":2.73056327269,"4.2-4.3":3.81315129963,"4.4":5.87392346366,"4.4.3-4.4.4":2.28082343954,"37":0},"safari":{"3.1":null,"3.2":null,"4":0,"5":0.198492,"5.1":0.444244,"6":0.274108,"6.1":0.406436,"7":0.373354,"7.1":0.538764,"8":0.7089},"ios_saf":{"3.2":0,"4.0-4.1":0,"4.2-4.3":0,"5.0-5.1":0.0277796088657,"6.0-6.1":0.125221929195,"7.0-7.1":1.51206547949,"8":0.573969457025,"8.1":2.02235552542},"op_mob":{"10":0,"11":0,"11.1":0,"11.5":0,"12":0.049037262519,"12.1":0.245186312595,"0":null},"ie":{"5.5":null,"6":0.02363,"7":0.033082,"8":1.247664,"9":1.46506,"10":2.38663,"11":7.008658},"bb":{"7":0.181953,"10":null},"ie_mob":{"10":0.57265092,"11":null},"and_chr":{"0":6.51496},"and_ff":{"0":0.15822},"and_uc":{"0":3.275154},"op_mini":{"5.0-8.0":13.5553004249}},"total":91.10887392}