{"id":"HT","name":"Haiti","month":"2015-05","access_date":"2015-06-03","data":{"chrome":{"4":0.143024,"5":0.061296,"6":0.030648,"7":0.061296,"8":0,"9":0.056188,"10":0.091944,"11":0.1277,"12":0.112376,"13":0.091944,"14":0.030648,"15":0.066404,"16":0.056188,"17":0,"18":0.030648,"19":0.071512,"20":0.091944,"21":0.015324,"22":0.035756,"23":0.005108,"24":0.260508,"25":0.02554,"26":0.010216,"27":0.301372,"28":0.168564,"29":0.122592,"30":0.107268,"31":0.07662,"32":0.061296,"33":0.07662,"34":0.097052,"35":0.1277,"36":0.888792,"37":0.403532,"38":0.173672,"39":0.541448,"40":0.17878,"41":0.58742,"42":9.955492,"43":3.989348,"44":0.035756,"45":0,"46":0},"firefox":{"2":0.061296,"3":0.163456,"3.5":0.137916,"3.6":0.265616,"4":0.209428,"5":0.1277,"6":0.066404,"7":0.086836,"8":0.035756,"9":0.05108,"10":0.122592,"11":0.071512,"12":0.10216,"13":0.020432,"14":0.117484,"15":0.045972,"16":0.188996,"17":0.045972,"18":0.071512,"19":0.107268,"20":0.15324,"21":0.771308,"22":0.117484,"23":0.107268,"24":0.091944,"25":0.056188,"26":0.020432,"27":0.030648,"28":0.056188,"29":0.07662,"30":0.056188,"31":0.28094,"32":0.143024,"33":0.086836,"34":0.086836,"35":0.137916,"36":0.20432,"37":3.187392,"38":1.987012,"39":0.015324,"40":0.005108,"41":0.005108},"opera":{"9":0.030648,"9.5-9.6":0.056188,"10.0-10.1":0.091944,"10.5":0,"10.6":0.030648,"11":0.122592,"11.1":0.117484,"11.5":0.219644,"11.6":0.10216,"12":0.194104,"12.1":0.2554,"15":0.005108,"16":0,"17":0,"18":0,"19":0,"20":0.005108,"21":0.005108,"22":0,"23":0.005108,"24":0.005108,"25":0,"26":0.005108,"27":0.02554,"28":0.362668,"29":0.704904,"30":0.005108,"31":0},"safari":{"3.1":0,"3.2":0,"4":0.066404,"5":0.240076,"5.1":0.209428,"6":0.148132,"6.1":0.122592,"7":0.526124,"7.1":0.245184,"8":1.04714},"android":{"2.1":0,"2.2":0,"2.3":0.241629805237,"3":0,"4":0.613870316007,"4.1":2.08977128853,"4.2-4.3":4.05328556172,"4.4":6.95719691474,"4.4.3-4.4.4":2.92132611376,"40":null},"ios_saf":{"3.2":0,"4.0-4.1":0,"4.2-4.3":0,"5.0-5.1":0.0250944276805,"6.0-6.1":0.0539530195132,"7.0-7.1":0.888342739891,"8":0.136137270167,"8.1-8.3":5.13369254275},"op_mob":{"10":0,"11":0,"11.1":0,"11.5":0,"12":0.0033258766007,"12.1":0.0133035064028,"0":0.0731692852154},"ie":{"5.5":0.056391369183,"6":0.0615178572906,"7":0.0768973216132,"8":0.917641371251,"9":1.13295387177,"10":1.2918750031,"11":6.33633930093,"0":null},"ie_mob":{"10":0.351655162791,"11":1.02299683721},"bb":{"7":0.117408,"10":null},"and_uc":{"0":3.292316},"op_mini":{"5.0-8.0":12.7663773318},"and_chr":{"0":10.015256},"and_ff":{"0":0.136976}},"total":94.8817080951}