{"id":"HU","name":"Hungary","month":"2018-02","access_date":"2018-03-03","data":{"chrome":{"4":0.006532,"5":0,"6":0,"7":0.006532,"8":0,"9":0,"10":0.006532,"11":0.006532,"12":0,"13":0,"14":0,"15":0,"16":0,"17":0,"18":0,"19":0,"20":0,"21":0,"22":0.019596,"23":0,"24":0,"25":0,"26":0.013064,"27":0,"28":0,"29":0.013064,"30":0,"31":0.006532,"32":0,"33":0.006532,"34":0.03266,"35":0,"36":0.006532,"37":0.006532,"38":0.071852,"39":0.006532,"40":0.006532,"41":0,"42":0,"43":0.013064,"44":0.006532,"45":0,"46":0.006532,"47":0.006532,"48":0.013064,"49":1.920408,"50":0.006532,"51":0.006532,"52":0.006532,"53":0.006532,"54":0.019596,"55":0.026128,"56":0.026128,"57":0.026128,"58":0.09798,"59":0.026128,"60":0.039192,"61":1.103908,"62":0.104512,"63":9.321164,"64":8.772476,"65":0.026128,"66":0.013064,"67":0},"firefox":{"2":0,"3":0.006532,"3.5":0,"3.6":0.006532,"4":0,"5":0,"6":0,"7":0,"8":0,"9":0,"10":0,"11":0,"12":0,"13":0,"14":0,"15":0,"16":0,"17":0,"18":0,"19":0,"20":0,"21":0,"22":0,"23":0,"24":0,"25":0,"26":0,"27":0,"28":0.006532,"29":0,"30":0.006532,"31":0.006532,"32":0,"33":0.006532,"34":0.006532,"35":0.006532,"36":0.006532,"37":0.006532,"38":0.013064,"39":0.006532,"40":0.006532,"41":0.006532,"42":0.006532,"43":0.019596,"44":0.006532,"45":0.026128,"46":0.006532,"47":0.045724,"48":0.045724,"49":0.013064,"50":0.026128,"51":3.252936,"52":0.502964,"53":0.026128,"54":0.026128,"55":0.03266,"56":3.599132,"57":0.35926,"58":5.565264,"59":0.091448,"60":0,"61":0},"opera":{"9":0,"9.5-9.6":0,"10.0-10.1":0,"10.5":0,"10.6":0,"11":0,"11.1":0,"11.5":0,"11.6":0,"12":0,"12.1":2.175156,"15":0,"16":0,"17":0,"18":0.006532,"19":0,"20":0.006532,"21":0,"22":0,"23":0,"24":0,"25":0,"26":0,"27":0,"28":0,"29":0,"30":0.006532,"31":0.006532,"32":0.045724,"33":0,"34":0,"35":0,"36":0.039192,"37":0.03266,"38":0,"39":0,"40":0.006532,"41":0,"42":0.006532,"43":0.006532,"44":0,"45":0.039192,"46":0.006532,"47":0,"48":0.006532,"49":0.013064,"50":0.836096,"51":0.267812,"52":0.006532},"safari":{"3.1":0,"3.2":0,"4":0,"5":0,"5.1":0.006532,"6":0,"6.1":0,"7":0,"7.1":0,"8":0.006532,"9":0.006532,"9.1":0.039192,"10":0.026128,"10.1":0.078384,"11":0.483368,"11.1":0.006532,"0":null},"ios_saf":{"3.2":0.000773854156247,"4.0-4.1":0,"4.2-4.3":0.00696468740622,"5.0-5.1":0.0116078123437,"6.0-6.1":0.00696468740622,"7.0-7.1":0.0340495828749,"8":0.0170247914374,"8.1-8.4":0.0650037491247,"9.0-9.2":0.0549436450935,"9.3":0.304898537561,"10.0-10.2":0.395439473842,"10.3":0.864395092528,"11.0-11.2":5.97415408623,"11.3":null},"android":{"2.1":0,"2.2":0,"2.3":0,"3":0,"4":0,"4.1":0.128861960089,"4.2-4.3":0.373952354767,"4.4":1.0991167184,"4.4.3-4.4.4":0.677156966741,"62":null},"op_mob":{"10":null,"11":null,"11.1":null,"11.5":null,"12":null,"12.1":null,"0":null},"ie":{"5.5":0,"6":0.006572825,"7":0,"8":0.032864125,"9":0.032864125,"10":0.0262913,"11":0.953059625},"edge":{"12":0.013064,"13":0.026128,"14":0.071852,"15":0.143704,"16":0.705456,"17":0},"samsung":{"4":0.675360888889,"5":0.102327407407,"6.2":0.880015703704},"ie_mob":{"10":0.03246048,"11":0.23804352},"bb":{"7":0.003468,"10":0.013872},"and_uc":{"0":2.961672},"op_mini":{"0":2.2556122268},"and_chr":{"0":35.525804},"baidu":{"0":null},"and_ff":{"0":0.15606},"and_qq":{"1.2":null}},"total":94.5994842268}