{"id":"ID","name":"Indonesia","month":"2015-11","access_date":"2015-12-02","data":{"chrome":{"4":0.023009,"5":0.019722,"6":0.039444,"7":0.019722,"8":0.009861,"9":0.013148,"10":0.029583,"11":0.049305,"12":0.026296,"13":0.009861,"14":0.016435,"15":0.013148,"16":0.009861,"17":0.006574,"18":0.009861,"19":0.003287,"20":0.003287,"21":0.009861,"22":0.009861,"23":0.013148,"24":0.009861,"25":0.013148,"26":0.026296,"27":0.016435,"28":0.019722,"29":0.019722,"30":0.019722,"31":0.154489,"32":0.019722,"33":0.105184,"34":0.036157,"35":0.039444,"36":0.059166,"37":0.062453,"38":0.059166,"39":0.092036,"40":0.190646,"41":0.06574,"42":0.118332,"43":0.608095,"44":0.539068,"45":0.420736,"46":9.614475,"47":0.055879,"48":0.147915,"49":0.003287,"50":0},"firefox":{"2":0.003287,"3":0.059166,"3.5":0.016435,"3.6":0.082175,"4":0.039444,"5":0.023009,"6":0.029583,"7":0.019722,"8":0.026296,"9":0.03287,"10":0.042731,"11":0.049305,"12":0.111758,"13":0.062453,"14":0.052592,"15":0.059166,"16":0.082175,"17":0.055879,"18":0.052592,"19":0.052592,"20":0.06574,"21":0.062453,"22":0.042731,"23":0.055879,"24":0.06574,"25":0.075601,"26":0.072314,"27":0.082175,"28":0.069027,"29":0.193933,"30":0.207081,"31":0.141341,"32":0.151202,"33":0.200507,"34":0.276108,"35":0.322126,"36":0.29583,"37":0.401014,"38":0.555503,"39":0.621243,"40":0.693557,"41":2.537564,"42":4.946935,"43":0.765871,"44":0.009861,"45":0.006574},"opera":{"9":0,"9.5-9.6":0.003287,"10.0-10.1":0.003287,"10.5":0,"10.6":0.006574,"11":0.003287,"11.1":0.003287,"11.5":0.003287,"11.6":0.006574,"12":0.009861,"12.1":0.046018,"15":0.003287,"16":0.003287,"17":0.003287,"18":0.003287,"19":0.003287,"20":0.006574,"21":0.003287,"22":0.003287,"23":0,"24":0.003287,"25":0.003287,"26":0.003287,"27":0.003287,"28":0.013148,"29":0.016435,"30":0.046018,"31":0.013148,"32":0.111758,"33":0.417449,"34":0.003287,"35":0},"safari":{"3.1":0,"3.2":0,"4":0.003287,"5":0.013148,"5.1":0.039444,"6":0.013148,"6.1":0.013148,"7":0.026296,"7.1":0.036157,"8":0.134767,"9":0.236664},"android":{"2.1":0,"2.2":0,"2.3":0.0453923769653,"3":0,"4":0.0548931070278,"4.1":0.587989627202,"4.2-4.3":1.24776254821,"4.4":2.38679451904,"4.4.3-4.4.4":1.24987382156,"46":null},"ios_saf":{"3.2":0,"4.0-4.1":0,"4.2-4.3":0,"5.0-5.1":0.00540466835957,"6.0-6.1":0.00450389029964,"7.0-7.1":0.118001925851,"8":0.0166643941087,"8.1-8.4":0.431247496191,"9.0-9.1":1.64121762519},"op_mob":{"10":0,"11":0,"11.1":0,"11.5":0,"12":0.00205134464358,"12.1":0.00410268928715,"0":0.100515887535},"ie":{"5.5":0,"6":0.0136718247012,"7":0.0102538685259,"8":0.187987589641,"9":0.0581052549801,"10":0.0751950358566,"11":0.280272406375},"bb":{"7":0.83409025,"10":null},"ie_mob":{"10":0.0583009456522,"11":0.257210054348},"edge":{"12":null,"13":null,"14":null},"and_uc":{"0":32.02101},"op_mini":{"5.0-8.0":12.1177030785},"and_chr":{"0":13.215093},"and_ff":{"0":0.114121}},"total":95.1282352301}