{"id":"IE","name":"Ireland","month":"2018-07","access_date":"2018-08-03","data":{"chrome":{"4":0,"5":0,"6":0,"7":0,"8":0,"9":0,"10":0,"11":0.004432,"12":0,"13":0,"14":0,"15":0,"16":0,"17":0,"18":0.004432,"19":0,"20":0,"21":0,"22":0.004432,"23":0,"24":0,"25":0,"26":0,"27":0,"28":0,"29":0,"30":0,"31":0,"32":0,"33":0.004432,"34":0.004432,"35":0,"36":0.004432,"37":0.004432,"38":0.02216,"39":0.004432,"40":0.101936,"41":0.057616,"42":0,"43":0.008864,"44":0.004432,"45":0.008864,"46":0.004432,"47":0.004432,"48":0.004432,"49":0.248192,"50":0.008864,"51":0.008864,"52":0.004432,"53":0.004432,"54":0.013296,"55":0.04432,"56":0.031024,"57":0.02216,"58":0.026592,"59":0.02216,"60":0.02216,"61":0.070912,"62":0.035456,"63":0.08864,"64":0.053184,"65":0.1108,"66":0.292512,"67":10.419632,"68":0.234896,"69":0.008864,"70":0.004432,"71":0},"firefox":{"2":0,"3":0.017728,"3.5":0,"3.6":0,"4":0,"5":0,"6":0,"7":0,"8":0,"9":0,"10":0.013296,"11":0,"12":0,"13":0,"14":0,"15":0,"16":0,"17":0,"18":0,"19":0,"20":0,"21":0,"22":0.004432,"23":0,"24":0,"25":0,"26":0,"27":0,"28":0,"29":0,"30":0,"31":0,"32":0,"33":0,"34":0,"35":0,"36":0,"37":0.004432,"38":0.004432,"39":0,"40":0,"41":0,"42":0.004432,"43":0.008864,"44":0,"45":0.008864,"46":0.004432,"47":0.004432,"48":0.026592,"49":0,"50":0.008864,"51":0,"52":0.084208,"53":0.004432,"54":0.008864,"55":0.004432,"56":0.02216,"57":0.02216,"58":0.013296,"59":0.02216,"60":0.186144,"61":1.347328,"62":0.013296,"63":0},"opera":{"9":0,"9.5-9.6":0,"10.0-10.1":0,"10.5":0,"10.6":0,"11":0,"11.1":0,"11.5":0,"11.6":0,"12":0,"12.1":0.004432,"15":0,"16":0,"17":0,"18":0,"19":0,"20":0,"21":0,"22":0,"23":0,"24":0,"25":0,"26":0,"27":0,"28":0,"29":0,"30":0,"31":0,"32":0,"33":0.004432,"34":0,"35":0.004432,"36":0.004432,"37":0,"38":0,"39":0,"40":0,"41":0,"42":0,"43":0,"44":0,"45":0,"46":0,"47":0.004432,"48":0,"49":0,"50":0,"51":0,"52":0,"53":0.053184},"safari":{"3.1":0,"3.2":0,"4":0,"5":0.004432,"5.1":0.008864,"6":0,"6.1":0.004432,"7":0.004432,"7.1":0,"8":0.008864,"9":0.013296,"9.1":0.06648,"10":0.04432,"10.1":0.128528,"11":0.124096,"11.1":0.749008,"12":0.008864,"0":null},"ios_saf":{"3.2":0.00332268107243,"4.0-4.1":0,"4.2-4.3":0.00996804321729,"5.0-5.1":0.0598082593037,"6.0-6.1":0.0265814485794,"7.0-7.1":0.176102096839,"8":0.0265814485794,"8.1-8.4":0.252523761505,"9.0-9.2":0.132907242897,"9.3":1.0001270028,"10.0-10.2":1.07654866747,"10.3":2.0002540056,"11.0-11.2":4.28625858343,"11.3-11.4":23.9399171269,"12":0.222619631853},"android":{"2.1":0,"2.2":0,"2.3":0,"3":0,"4":0,"4.1":0,"4.2-4.3":0.101381361257,"4.4":0.377645570681,"4.4.3-4.4.4":0.247117068063,"67":null},"op_mob":{"10":null,"11":null,"11.1":null,"11.5":null,"12":null,"12.1":null,"0":null},"ie":{"5.5":0,"6":0,"7":0,"8":0.0133379432177,"9":0.164501299685,"10":0.0489057917981,"11":1.1826309653},"edge":{"12":0.004432,"13":0.013296,"14":0.039888,"15":0.070912,"16":0.186144,"17":0.815488,"18":null},"samsung":{"4":0.36722729097,"5":0.129609632107,"6.2":0.324024080268,"7.2":null},"bb":{"7":0.0022272,"10":0.0089088},"ie_mob":{"10":0.0116,"11":0.1276},"op_mini":{"0":0.158142680412},"and_chr":{"0":42.28704},"baidu":{"0":null},"and_ff":{"0":0.206016},"and_qq":{"1.2":null},"and_uc":{"0":0.033408}},"total":95.2436916838}