{"id":"IE","name":"Ireland","month":"2017-11","access_date":"2017-12-06","data":{"chrome":{"4":0,"5":0,"6":0,"7":0,"8":0,"9":0,"10":0,"11":0.009854,"12":0,"13":0,"14":0,"15":0,"16":0,"17":0,"18":0.004927,"19":0.004927,"20":0,"21":0,"22":0.004927,"23":0,"24":0,"25":0,"26":0,"27":0,"28":0,"29":0.004927,"30":0,"31":0,"32":0.014781,"33":0.004927,"34":0.009854,"35":0.009854,"36":0.004927,"37":0.004927,"38":0.029562,"39":0.004927,"40":0.014781,"41":0.024635,"42":0.004927,"43":0.009854,"44":0.024635,"45":0.004927,"46":0.009854,"47":0.009854,"48":0.009854,"49":0.364598,"50":0.014781,"51":0.024635,"52":0.014781,"53":0.014781,"54":0.024635,"55":0.118248,"56":0.359671,"57":0.054197,"58":0.103467,"59":0.093613,"60":0.172445,"61":5.56751,"62":7.523529,"63":0.034489,"64":0.014781,"65":0},"firefox":{"2":0,"3":0.009854,"3.5":0,"3.6":0.004927,"4":0,"5":0,"6":0,"7":0,"8":0,"9":0,"10":0,"11":0,"12":0,"13":0,"14":0,"15":0,"16":0,"17":0,"18":0,"19":0,"20":0,"21":0,"22":0.004927,"23":0,"24":0,"25":0,"26":0,"27":0,"28":0,"29":0,"30":0,"31":0.004927,"32":0,"33":0.004927,"34":0,"35":0,"36":0,"37":0,"38":0.004927,"39":0.004927,"40":0.004927,"41":0.004927,"42":0.004927,"43":0.009854,"44":0,"45":0.019708,"46":0.009854,"47":0.014781,"48":0.059124,"49":0.004927,"50":0.014781,"51":0.009854,"52":0.133029,"53":0.019708,"54":0.019708,"55":0.029562,"56":1.005108,"57":0.773539,"58":0.014781,"59":0,"60":0},"opera":{"9":0,"9.5-9.6":0,"10.0-10.1":0,"10.5":0,"10.6":0,"11":0,"11.1":0,"11.5":0,"11.6":0,"12":0,"12.1":0.004927,"15":0,"16":0,"17":0,"18":0,"19":0,"20":0,"21":0,"22":0,"23":0,"24":0,"25":0,"26":0,"27":0,"28":0,"29":0,"30":0.004927,"31":0.009854,"32":0,"33":0,"34":0,"35":0,"36":0.004927,"37":0,"38":0,"39":0,"40":0,"41":0,"42":0,"43":0.014781,"44":0,"45":0.004927,"46":0,"47":0,"48":0.152737,"49":0.088686,"50":0},"safari":{"3.1":0,"3.2":0,"4":0,"5":0.009854,"5.1":0.014781,"6":0,"6.1":0.009854,"7":0.009854,"7.1":0,"8":0.029562,"9":0.044343,"9.1":0.310401,"10":0.103467,"10.1":0.310401,"11":0.793247,"0":null},"ios_saf":{"3.2":0.00248723004601,"4.0-4.1":0.00248723004601,"4.2-4.3":0.338263286257,"5.0-5.1":0.0572062910582,"6.0-6.1":0.0373084506901,"7.0-7.1":0.159182722945,"8":0.0397956807361,"8.1-8.4":0.273595305061,"9.0-9.2":0.166644413083,"9.3":1.14910028126,"10.0-10.2":2.13155614943,"10.3":4.44468009222,"11.0-11.2":16.0650188672},"android":{"2.1":0,"2.2":0,"2.3":0,"3":0,"4":0,"4.1":0.0616854864359,"4.2-4.3":0.173668369504,"4.4":0.493483891487,"4.4.3-4.4.4":0.285651252572,"62":null},"op_mob":{"10":null,"11":null,"11.1":null,"11.5":null,"12":null,"12.1":null,"0":null},"ie":{"5.5":0,"6":0,"7":0.004979,"8":0.104559,"9":0.144391,"10":0.059748,"11":1.573364},"edge":{"12":0.019708,"13":0.04927,"14":0.261131,"15":0.867152,"16":0.162591,"17":0},"samsung":{"4":0.6726798,"5":0.749872563934,"6.2":1.94084663607},"ie_mob":{"10":0.0225466666667,"11":0.180373333333},"bb":{"7":0.0020292,"10":0.0081168},"and_uc":{"0":0.055803},"op_mini":{"0":0.134478082474},"and_chr":{"0":35.354982},"baidu":{"0":null},"and_ff":{"0":0.228285},"and_qq":{"1.2":null}},"total":87.3195690825}