{"id":"IE","name":"Ireland","month":"2021-01","access_date":"2021-02-05","data":{"firefox":{"2":0,"3":0,"3.5":0,"3.6":0,"4":0,"5":0,"6":0,"7":0,"8":0,"9":0,"10":0,"11":0,"12":0,"13":0,"14":0,"15":0,"16":0,"17":0,"18":0,"19":0,"20":0,"21":0,"22":0,"23":0,"24":0,"25":0,"26":0,"27":0,"28":0,"29":0,"30":0.00821,"31":0,"32":0,"33":0,"34":0,"35":0,"36":0,"37":0,"38":0.01642,"39":0,"40":0,"41":0,"42":0,"43":0.01642,"44":0.07387,"45":0.01642,"46":0,"47":0,"48":0.0041,"49":0,"50":0,"51":0,"52":0.01231,"53":0,"54":0,"55":0,"56":0.0041,"57":0,"58":0,"59":0,"60":0,"61":0,"62":0,"63":0.0041,"64":0,"65":0,"66":0,"67":0,"68":0.00821,"69":0,"70":0.00821,"71":0,"72":0.0041,"73":0.0041,"74":0,"75":0,"76":0,"77":0.01231,"78":0.08208,"79":0.0041,"80":0.0041,"81":0.0041,"82":0.0985,"83":0.01642,"84":0.70999,"85":0.06977,"86":0,"87":0},"chrome":{"4":0,"5":0,"6":0,"7":0,"8":0,"9":0,"10":0,"11":0,"12":0,"13":0,"14":0,"15":0,"16":0,"17":0,"18":0,"19":0,"20":0,"21":0,"22":0,"23":0,"24":0,"25":0,"26":0,"27":0,"28":0,"29":0.0041,"30":0,"31":0,"32":0,"33":0,"34":0,"35":0,"36":0,"37":0,"38":0.0041,"39":0,"40":0.0041,"41":0,"42":0,"43":0,"44":0,"45":0,"46":0.0041,"47":0.01642,"48":0.19289,"49":0.09029,"50":0,"51":0,"52":0.0041,"53":0.00821,"54":0,"55":0,"56":0.0041,"57":0,"58":0,"59":0.0041,"60":0,"61":0.04514,"62":0,"63":0.0041,"64":0,"65":0.01231,"66":0,"67":0.00821,"68":0.00821,"69":0.00821,"70":0.00821,"71":0.01642,"72":0.00821,"73":0.0041,"74":0.00821,"75":0.03283,"76":0.02873,"77":0.00821,"78":0.00821,"79":0.02052,"80":0.01642,"81":0.04104,"83":0.05746,"84":0.04514,"85":0.06156,"86":0.52121,"87":7.83454,"88":1.45282,"89":0.00821,"90":0,"91":0},"opera":{"9":0,"9.5-9.6":0,"10.0-10.1":0,"10.5":0,"10.6":0,"11":0,"11.1":0,"11.5":0,"11.6":0,"12":0,"12.1":0,"15":0,"16":0,"17":0,"18":0,"19":0,"20":0,"21":0,"22":0,"23":0,"24":0,"25":0,"26":0,"27":0,"28":0,"29":0,"30":0,"31":0,"32":0,"33":0,"34":0,"35":0,"36":0,"37":0,"38":0,"39":0,"40":0,"41":0,"42":0,"43":0,"44":0,"45":0,"46":0.0041,"47":0,"48":0,"49":0,"50":0,"51":0,"52":0,"53":0,"54":0,"55":0,"56":0,"57":0,"58":0,"60":0,"62":0,"63":0,"64":0,"65":0,"66":0,"67":0,"68":0,"69":0,"70":0,"71":0,"72":0.04514},"ios_saf":{"3.2":0,"4.0-4.1":0,"4.2-4.3":0,"5.0-5.1":0.03936,"6.0-6.1":0.00716,"7.0-7.1":0.12525,"8":0.00716,"8.1-8.4":0.03221,"9.0-9.2":0.04294,"9.3":0.41153,"10.0-10.2":0.06083,"10.3":0.42584,"11.0-11.2":0.12525,"11.3-11.4":0.2004,"12.0-12.1":0.15745,"12.2-12.4":2.16856,"13.0-13.1":0.1324,"13.2":0.14314,"13.3":0.63697,"13.4-13.7":3.38525,"14.0-14.4":27.18935},"safari":{"3.1":0,"3.2":0,"4":0,"5":0,"5.1":0,"6":0,"6.1":0,"7":0,"7.1":0,"8":0.0041,"9":0.02873,"9.1":0.0041,"10":0,"10.1":0.01231,"11":0.0041,"11.1":0.04104,"12":0.00821,"12.1":0.04925,"13":0.0985,"13.1":0.36526,"14":1.51027,"0":null},"edge":{"12":0.0041,"13":0.00821,"14":0.0041,"15":0.0041,"16":0.0041,"17":0.01231,"18":0.08208,"79":0,"80":0.0041,"81":0,"83":0,"84":0.0041,"85":0.00821,"86":0.01231,"87":0.96444,"88":0.38167},"android":{"2.1":0,"2.2":0,"2.3":0,"3":0,"4":0.02665,"4.1":0.01332,"4.2-4.3":0.02221,"4.4":0,"4.4.3-4.4.4":0.34198,"81":0},"samsung":{"4":0.0522,"5.0-5.4":0,"6.2-6.4":0,"7.2-7.4":0.02088,"8.2":0.01044,"9.2":0.07308,"10.1":0.0522,"11.1-11.2":0.18792,"12.0":0.21924,"13.0":3.80015},"op_mob":{"10":null,"11":null,"11.1":null,"11.5":null,"12":null,"12.1":null,"0":null},"ie":{"5.5":0,"6":0,"7":0,"8":0.01407,"9":0.07035,"10":0.00469,"11":0.27204},"bb":{"7":0,"10":0.0059},"ie_mob":{"10":0,"11":0},"and_chr":{"0":40.97744},"kaios":{"2.5":0},"baidu":{"0":null},"and_ff":{"0":0.33607},"and_qq":{"10.4":0.03538},"and_uc":{"0":0.05306},"op_mini":{"0":0.12838}},"total":97.46432}