{"id":"IL","name":"Israel","month":"2015-11","access_date":"2015-12-02","data":{"chrome":{"4":0,"5":0,"6":0,"7":0,"8":0,"9":0,"10":0,"11":0.035335,"12":0.014134,"13":0.007067,"14":0,"15":0,"16":0.007067,"17":0.007067,"18":0.014134,"19":0,"20":0,"21":0.014134,"22":0.049469,"23":0.014134,"24":0.007067,"25":0.007067,"26":0.028268,"27":0.007067,"28":0.007067,"29":0.056536,"30":0.021201,"31":0.127206,"32":0.028268,"33":0.049469,"34":0.021201,"35":0.098938,"36":0.056536,"37":0.091871,"38":0.14134,"39":0.28268,"40":0.113072,"41":0.077737,"42":0.190809,"43":0.459355,"44":0.310948,"45":0.515891,"46":42.041583,"47":0.240278,"48":0.169608,"49":0.014134,"50":0},"firefox":{"2":0,"3":0.035335,"3.5":0,"3.6":0.014134,"4":0,"5":0,"6":0.007067,"7":0.021201,"8":0,"9":0,"10":0.007067,"11":0.021201,"12":0.007067,"13":0,"14":0,"15":0.007067,"16":0.014134,"17":0,"18":0,"19":0.098938,"20":0.007067,"21":0.007067,"22":0,"23":0,"24":0.014134,"25":0.021201,"26":0.056536,"27":0.014134,"28":0.014134,"29":0.014134,"30":0.007067,"31":0.021201,"32":0.007067,"33":0.021201,"34":0.395752,"35":0.021201,"36":0.028268,"37":0.049469,"38":0.106005,"39":0.120139,"40":0.106005,"41":1.370998,"42":3.646572,"43":0.035335,"44":0.007067,"45":0.007067},"opera":{"9":0,"9.5-9.6":0,"10.0-10.1":0,"10.5":0,"10.6":0,"11":0,"11.1":0,"11.5":0,"11.6":0.007067,"12":0,"12.1":0.077737,"15":0,"16":0,"17":0,"18":0,"19":0,"20":0,"21":0,"22":0,"23":0,"24":0,"25":0,"26":0,"27":0,"28":0,"29":0.007067,"30":0.007067,"31":0.007067,"32":0.049469,"33":0.325082,"34":0,"35":0},"safari":{"3.1":0,"3.2":0,"4":0.014134,"5":0.042402,"5.1":0.113072,"6":0.028268,"6.1":0.077737,"7":0.063603,"7.1":0.063603,"8":0.275613,"9":0.84804},"android":{"2.1":0,"2.2":0,"2.3":0.0237327255162,"3":0,"4":0.0287000401591,"4.1":0.307421584012,"4.2-4.3":0.652373989771,"4.4":1.24789982307,"4.4.3-4.4.4":0.653477837469,"46":null},"ios_saf":{"3.2":0,"4.0-4.1":0,"4.2-4.3":0,"5.0-5.1":0.021941414322,"6.0-6.1":0.018284511935,"7.0-7.1":0.479054212697,"8":0.0676526941595,"8.1-8.4":1.75074201778,"9.0-9.1":6.66287614911},"op_mob":{"10":0,"11":0,"11.1":0,"11.5":0,"12":0.000375533460867,"12.1":0.000751066921734,"0":0.0184011395825},"ie":{"5.5":0,"6":0.0212653624772,"7":0.0354422707954,"8":1.11997575713,"9":0.822260682453,"10":0.793906865817,"11":8.7471524323},"bb":{"7":1.08740975,"10":null},"ie_mob":{"10":0.0260144347826,"11":0.114769565217},"edge":{"12":null,"13":null,"14":null},"and_uc":{"0":0.360759},"op_mini":{"5.0-8.0":2.21835126003},"and_chr":{"0":13.924833},"and_ff":{"0":0.023464}},"total":94.896087121}