{"id":"IL","name":"Israel","month":"2015-09","access_date":"2015-10-02","data":{"firefox":{"2":0,"3":0.047131,"3.5":0.006733,"3.6":0.013466,"4":0,"5":0,"6":0.006733,"7":0.026932,"8":0,"9":0.006733,"10":0.006733,"11":0.020199,"12":0.006733,"13":0,"14":0,"15":0,"16":0.013466,"17":0,"18":0,"19":0.127927,"20":0.006733,"21":0.006733,"22":0.006733,"23":0.006733,"24":0.013466,"25":0.026932,"26":0.047131,"27":0.013466,"28":0.013466,"29":0.013466,"30":0.006733,"31":0.020199,"32":0.006733,"33":0.020199,"34":0.208723,"35":0.053864,"36":0.033665,"37":0.060597,"38":0.168325,"39":0.262587,"40":4.558241,"41":0.356849,"42":0.013466,"43":0.006733,"44":0},"chrome":{"4":0,"5":0,"6":0,"7":0,"8":0,"9":0,"10":0,"11":0.040398,"12":0.006733,"13":0.006733,"14":0,"15":0,"16":0,"17":0.006733,"18":0.020199,"19":0,"20":0.006733,"21":0.006733,"22":0.053864,"23":0.006733,"24":0.006733,"25":0.006733,"26":0.033665,"27":0.006733,"28":0.013466,"29":0.033665,"30":0.020199,"31":0.13466,"32":0.026932,"33":0.047131,"34":0.020199,"35":0.13466,"36":0.06733,"37":0.107728,"38":0.175058,"39":0.343383,"40":0.161592,"41":0.074063,"42":0.20199,"43":0.882023,"44":5.945239,"45":33.045564,"46":0.188524,"47":0.175058,"48":0},"opera":{"9":0,"9.5-9.6":0,"10.0-10.1":0,"10.5":0,"10.6":0,"11":0,"11.1":0,"11.5":0,"11.6":0.006733,"12":0.006733,"12.1":0.074063,"15":0,"16":0,"17":0,"18":0,"19":0,"20":0,"21":0,"22":0,"23":0,"24":0,"25":0,"26":0,"27":0,"28":0.006733,"29":0.006733,"30":0.020199,"31":0.215456,"32":0.188524,"33":0,"34":0},"safari":{"3.1":0,"3.2":0,"4":0.013466,"5":0.033665,"5.1":0.080796,"6":0.026932,"6.1":0.06733,"7":0.053864,"7.1":0.161592,"8":0.781028,"9":0.026932},"android":{"2.1":0,"2.2":0,"2.3":0.0325704506858,"3":0,"4":0.0987291786414,"4.1":0.343516472077,"4.2-4.3":0.727746007511,"4.4":1.29162193501,"4.4.3-4.4.4":0.622400956074,"44":null},"ios_saf":{"3.2":0,"4.0-4.1":0,"4.2-4.3":0,"5.0-5.1":0.0201387275848,"6.0-6.1":0.018307934168,"7.0-7.1":0.584938496668,"8":0.0814703070477,"8.1-8.4":5.73312958471,"9":2.62810394982},"op_mob":{"10":0,"11":0,"11.1":0,"11.5":0,"12":0.00910290033595,"12.1":0.0182058006719,"0":0.318601511758},"ie":{"5.5":0,"6":0.020277858338,"7":0.0337964305633,"8":1.36537579476,"9":0.892225766871,"10":0.858429336308,"11":8.83438694925},"bb":{"7":1.7625465,"10":null},"ie_mob":{"10":0.0247232432432,"11":0.105956756757},"and_uc":{"0":0.382239},"op_mini":{"5.0-8.0":3.54181978723},"and_chr":{"0":12.64916},"and_ff":{"0":0.058806},"edge":{"12":0.821426,"13":null}},"total":93.8722786361}