{"id":"IL","name":"Israel","month":"2021-01","access_date":"2021-02-05","data":{"firefox":{"2":0,"3":0.00435,"3.5":0,"3.6":0,"4":0,"5":0,"6":0,"7":0,"8":0,"9":0,"10":0,"11":0,"12":0,"13":0,"14":0,"15":0,"16":0,"17":0,"18":0,"19":0,"20":0,"21":0,"22":0,"23":0,"24":0,"25":0.00435,"26":0.01305,"27":0,"28":0,"29":0,"30":0.00435,"31":0,"32":0,"33":0,"34":0,"35":0,"36":0,"37":0,"38":0,"39":0,"40":0,"41":0,"42":0,"43":0,"44":0,"45":0,"46":0,"47":0,"48":0,"49":0,"50":0,"51":0,"52":0.01305,"53":0,"54":0,"55":0.00435,"56":0.0174,"57":0,"58":0,"59":0,"60":0,"61":0,"62":0,"63":0,"64":0,"65":0,"66":0.00435,"67":0,"68":0.00435,"69":0,"70":0,"71":0,"72":0,"73":0,"74":0,"75":0,"76":0,"77":0,"78":0.02175,"79":0.06525,"80":0.0087,"81":0.00435,"82":0.0087,"83":0.0174,"84":0.6177,"85":0.0522,"86":0,"87":0},"chrome":{"4":0,"5":0,"6":0,"7":0,"8":0,"9":0,"10":0,"11":0,"12":0,"13":0,"14":0,"15":0,"16":0,"17":0,"18":0,"19":0,"20":0,"21":0,"22":0.00435,"23":0,"24":0,"25":0,"26":0,"27":0,"28":0,"29":0,"30":0,"31":0.0174,"32":0.00435,"33":0,"34":0,"35":0.00435,"36":0,"37":0,"38":0.01305,"39":0,"40":0,"41":0.00435,"42":0,"43":0,"44":0,"45":0,"46":0,"47":0,"48":0,"49":0.04785,"50":0,"51":0,"52":0,"53":0.0174,"54":0,"55":0,"56":0.00435,"57":0.00435,"58":0,"59":0,"60":0.01305,"61":0.00435,"62":0,"63":0.00435,"64":0,"65":0.00435,"66":0.00435,"67":0.00435,"68":0.03045,"69":0.02175,"70":0.0087,"71":0.02175,"72":0.0087,"73":0.01305,"74":0.0174,"75":0.0087,"76":0.01305,"77":0.00435,"78":0.0174,"79":0.0261,"80":0.05655,"81":0.0348,"83":0.0261,"84":0.04785,"85":0.0609,"86":0.174,"87":12.21915,"88":1.9488,"89":0.0087,"90":0,"91":0},"opera":{"9":0,"9.5-9.6":0,"10.0-10.1":0,"10.5":0,"10.6":0,"11":0,"11.1":0,"11.5":0,"11.6":0,"12":0,"12.1":0.01305,"15":0,"16":0,"17":0,"18":0,"19":0,"20":0,"21":0,"22":0,"23":0,"24":0,"25":0,"26":0,"27":0,"28":0,"29":0,"30":0,"31":0,"32":0,"33":0,"34":0,"35":0,"36":0,"37":0,"38":0,"39":0,"40":0,"41":0,"42":0,"43":0,"44":0,"45":0,"46":0,"47":0,"48":0,"49":0,"50":0,"51":0,"52":0,"53":0,"54":0,"55":0,"56":0,"57":0,"58":0,"60":0,"62":0,"63":0,"64":0,"65":0,"66":0,"67":0,"68":0,"69":0,"70":0,"71":0,"72":0.0783},"ios_saf":{"3.2":0.00555,"4.0-4.1":0,"4.2-4.3":0,"5.0-5.1":0.01481,"6.0-6.1":0.01481,"7.0-7.1":0.05924,"8":0.00555,"8.1-8.4":0.03332,"9.0-9.2":0.02036,"9.3":0.20549,"10.0-10.2":0.04998,"10.3":0.19623,"11.0-11.2":0.10737,"11.3-11.4":0.1481,"12.0-12.1":0.13514,"12.2-12.4":0.95524,"13.0-13.1":0.09256,"13.2":0.05369,"13.3":0.39061,"13.4-13.7":1.65872,"14.0-14.4":14.22685},"safari":{"3.1":0,"3.2":0,"4":0,"5":0,"5.1":0.01305,"6":0,"6.1":0.00435,"7":0,"7.1":0,"8":0.0522,"9":0,"9.1":0,"10":0,"10.1":0.00435,"11":0,"11.1":0.0087,"12":0.00435,"12.1":0.0174,"13":0.0174,"13.1":0.10005,"14":0.47415,"0":null},"edge":{"12":0,"13":0,"14":0.00435,"15":0.00435,"16":0.00435,"17":0.0087,"18":0.04785,"79":0,"80":0,"81":0,"83":0,"84":0.00435,"85":0.00435,"86":0.0174,"87":0.7308,"88":0.22185},"android":{"2.1":0,"2.2":0,"2.3":0,"3":0,"4":0,"4.1":0.00811,"4.2-4.3":0.01784,"4.4":0,"4.4.3-4.4.4":0.1119,"81":0},"samsung":{"4":0.09213,"5.0-5.4":0.01024,"6.2-6.4":0.01024,"7.2-7.4":0.06142,"8.2":0.02047,"9.2":0.23544,"10.1":0.1126,"11.1-11.2":0.38899,"12.0":0.54253,"13.0":5.48675},"op_mob":{"10":null,"11":null,"11.1":null,"11.5":null,"12":null,"12.1":null,"0":null},"ie":{"5.5":0,"6":0,"7":0,"8":0,"9":0.00435,"10":0.00435,"11":0.35235},"bb":{"7":0,"10":0},"ie_mob":{"10":0,"11":0},"and_chr":{"0":52.2049},"kaios":{"2.5":0},"baidu":{"0":null},"and_ff":{"0":0.16385},"and_qq":{"10.4":0.00565},"and_uc":{"0":0.0678},"op_mini":{"0":0.20326}},"total":96.10499}