{"id":"IL","name":"Israel","month":"2019-05","access_date":"2019-06-04","data":{"chrome":{"4":0,"5":0,"6":0,"7":0,"8":0,"9":0,"10":0,"11":0.005585,"12":0,"13":0,"14":0,"15":0,"16":0,"17":0,"18":0,"19":0,"20":0,"21":0,"22":0.005585,"23":0,"24":0.005585,"25":0,"26":0,"27":0,"28":0,"29":0.050265,"30":0,"31":0.039095,"32":0.005585,"33":0,"34":0.005585,"35":0,"36":0,"37":0,"38":0.027925,"39":0.005585,"40":0.01117,"41":0.01117,"42":0,"43":0.005585,"44":0.005585,"45":0,"46":0,"47":0.005585,"48":0.005585,"49":0.32393,"50":0.005585,"51":0.005585,"52":0,"53":0.016755,"54":0.005585,"55":0.01117,"56":0.01117,"57":0.01117,"58":0.016755,"59":0.005585,"60":0.01117,"61":0.161965,"62":0.016755,"63":0.03351,"64":0.027925,"65":0.03351,"66":0.03351,"67":0.13404,"68":0.094945,"69":0.04468,"70":0.340685,"71":0.17872,"72":0.273665,"73":5.9201,"74":16.526015,"75":0.027925,"76":0.016755,"77":0},"firefox":{"2":0,"3":0,"3.5":0,"3.6":0,"4":0,"5":0,"6":0,"7":0,"8":0,"9":0,"10":0,"11":0,"12":0,"13":0,"14":0,"15":0,"16":0,"17":0,"18":0,"19":0,"20":0,"21":0,"22":0,"23":0,"24":0.005585,"25":0.01117,"26":0.027925,"27":0.005585,"28":0,"29":0,"30":0,"31":0,"32":0,"33":0,"34":0,"35":0.005585,"36":0.005585,"37":0,"38":0,"39":0,"40":0,"41":0,"42":0,"43":0,"44":0,"45":0,"46":0,"47":0,"48":0.061435,"49":0,"50":0,"51":0,"52":0.1117,"53":0,"54":0,"55":0,"56":0.016755,"57":0.016755,"58":0,"59":0,"60":0.03351,"61":0.005585,"62":0.005585,"63":0.005585,"64":0.02234,"65":0.03351,"66":1.25104,"67":0.027925,"68":0,"69":0},"opera":{"9":0,"9.5-9.6":0,"10.0-10.1":0,"10.5":0,"10.6":0,"11":0,"11.1":0,"11.5":0,"11.6":0,"12":0,"12.1":0.005585,"15":0,"16":0,"17":0,"18":0,"19":0,"20":0,"21":0,"22":0,"23":0,"24":0,"25":0,"26":0,"27":0,"28":0,"29":0,"30":0,"31":0,"32":0,"33":0,"34":0,"35":0,"36":0,"37":0.005585,"38":0,"39":0,"40":0,"41":0,"42":0.005585,"43":0,"44":0,"45":0,"46":0,"47":0,"48":0.005585,"49":0,"50":0,"51":0,"52":0,"53":0,"54":0,"55":0,"56":0,"57":0,"58":0.184305},"safari":{"3.1":0,"3.2":0,"4":0,"5":0,"5.1":0.005585,"6":0,"6.1":0.01117,"7":0.005585,"7.1":0,"8":0.1117,"9":0,"9.1":0.016755,"10":0.005585,"10.1":0.05585,"11":0.016755,"11.1":0.083775,"12":0.161965,"12.1":0.418875,"0":null},"ios_saf":{"3.2":0.011950904537714,"4.0-4.1":0.0089631784032856,"4.2-4.3":0.0014938630672143,"5.0-5.1":0.013444767604928,"6.0-6.1":0.0044815892016428,"7.0-7.1":0.020914082941,"8":0.14789244365421,"8.1-8.4":0.049297481218071,"9.0-9.2":0.032864987478714,"9.3":0.23304263848543,"10.0-10.2":0.14042312831814,"10.3":0.32715601171992,"11.0-11.2":0.38093508213964,"11.3-11.4":0.77830265801863,"12.0-12.1":2.4364906626265,"12.2":10.325581520585},"android":{"2.1":0.0039336144578313,"2.2":0.0065560240963855,"2.3":0.0016390060240964,"3":0,"4":0.06326563253012,"4.1":0.017045662650602,"4.2-4.3":0.10817439759036,"4.4":0,"4.4.3-4.4.4":0.1258756626506,"67":null},"edge":{"12":0,"13":0.005585,"14":0.01117,"15":0.016755,"16":0.02234,"17":0.653445,"18":0.284835,"75":null},"op_mob":{"10":null,"11":null,"11.1":null,"11.5":null,"12":null,"12.1":null,"0":null},"ie":{"5.5":0,"6":0,"7":0,"8":0.033885111940299,"9":0.016942555970149,"10":0.033885111940299,"11":1.4288222201493},"samsung":{"4":0.27773787909836,"5.0-5.4":0.061719528688525,"6.2-6.4":0.05143294057377,"7.2-7.4":0.34974399590164,"8.2":0.41146352459016,"9.2":3.8677571311475},"ie_mob":{"10":0,"11":0.013245},"bb":{"7":0,"10":0},"baidu":{"0":null},"and_ff":{"0":0.10596},"and_uc":{"0":0.0883},"and_qq":{"1.2":0.013245},"op_mini":{"0":0.15047412371134},"and_chr":{"0":46.25806},"kaios":{"2.5":0}},"total":96.634574123711}