{"id":"IL","name":"Israel","month":"2021-03","access_date":"2021-04-27","data":{"firefox":{"2":0,"3":0,"3.5":0,"3.6":0,"4":0,"5":0,"6":0,"7":0,"8":0,"9":0,"10":0,"11":0,"12":0,"13":0,"14":0,"15":0,"16":0,"17":0,"18":0,"19":0,"20":0,"21":0,"22":0,"23":0,"24":0.00444,"25":0.00888,"26":0.02221,"27":0.00444,"28":0,"29":0,"30":0,"31":0.00444,"32":0.00444,"33":0.00444,"34":0,"35":0,"36":0.00444,"37":0,"38":0,"39":0,"40":0,"41":0,"42":0,"43":0,"44":0,"45":0.00444,"46":0,"47":0,"48":0,"49":0,"50":0,"51":0,"52":0.01332,"53":0,"54":0.00444,"55":0.00444,"56":0.00444,"57":0,"58":0,"59":0,"60":0,"61":0,"62":0,"63":0,"64":0,"65":0,"66":0.00888,"67":0,"68":0.00444,"69":0,"70":0,"71":0,"72":0,"73":0,"74":0,"75":0,"76":0,"77":0,"78":0.01776,"79":0.07994,"80":0.00888,"81":0.00444,"82":0.00888,"83":0.00444,"84":0.01776,"85":0.04441,"86":0.55957,"87":0.11991,"88":0,"89":0,"90":0},"chrome":{"4":0,"5":0,"6":0,"7":0,"8":0,"9":0,"10":0,"11":0,"12":0,"13":0,"14":0,"15":0,"16":0,"17":0,"18":0,"19":0,"20":0,"21":0,"22":0,"23":0,"24":0,"25":0,"26":0,"27":0,"28":0,"29":0,"30":0,"31":0.03109,"32":0.00888,"33":0,"34":0,"35":0,"36":0,"37":0,"38":0.01332,"39":0,"40":0,"41":0.00444,"42":0,"43":0,"44":0,"45":0,"46":0,"47":0,"48":0,"49":0.04885,"50":0,"51":0,"52":0,"53":0.01776,"54":0,"55":0,"56":0.02665,"57":0.00444,"58":0.00444,"59":0.00444,"60":0.02221,"61":0.00444,"62":0.00444,"63":0.00444,"64":0,"65":0.00444,"66":0,"67":0.00444,"68":0.00888,"69":0.03109,"70":0.00444,"71":0.01776,"72":0.00888,"73":0.01332,"74":0.00888,"75":0.01776,"76":0.00888,"77":0.00444,"78":0.00888,"79":0.03553,"80":0.11103,"81":0.02665,"83":0.02221,"84":0.03997,"85":0.03553,"86":0.05773,"87":0.25314,"88":5.58678,"89":8.71324,"90":0.01332,"91":0.00444,"92":0,"93":null},"opera":{"9":0,"9.5-9.6":0,"10.0-10.1":0,"10.5":0,"10.6":0,"11":0,"11.1":0,"11.5":0,"11.6":0,"12":0,"12.1":0.00444,"15":0,"16":0,"17":0,"18":0,"19":0,"20":0,"21":0,"22":0,"23":0,"24":0,"25":0,"26":0,"27":0,"28":0,"29":0,"30":0,"31":0,"32":0,"33":0,"34":0,"35":0,"36":0,"37":0,"38":0,"39":0,"40":0,"41":0,"42":0,"43":0,"44":0,"45":0,"46":0,"47":0,"48":0,"49":0,"50":0,"51":0,"52":0,"53":0,"54":0.00444,"55":0,"56":0,"57":0,"58":0,"60":0,"62":0,"63":0.00444,"64":0,"65":0,"66":0,"67":0,"68":0,"69":0,"70":0,"71":0,"72":0,"73":0.08882,"74":0.23093,"75":0.00444},"ios_saf":{"3.2":0.00369,"4.0-4.1":0,"4.2-4.3":0,"5.0-5.1":0.01661,"6.0-6.1":0.00923,"7.0-7.1":0.05353,"8":0.00738,"8.1-8.4":0.04061,"9.0-9.2":0.00738,"9.3":0.21226,"10.0-10.2":0.04984,"10.3":0.17904,"11.0-11.2":0.07383,"11.3-11.4":0.12367,"12.0-12.1":0.1089,"12.2-12.4":0.48728,"13.0-13.1":0.09967,"13.2":0.04614,"13.3":0.28609,"13.4-13.7":0.88966,"14.0-14.4":15.08722,"14.5":0.09598},"safari":{"3.1":0,"3.2":0,"4":0,"5":0,"5.1":0.01332,"6":0,"6.1":0.00888,"7":0.00444,"7.1":0,"8":0.06217,"9":0,"9.1":0,"10":0,"10.1":0.00444,"11":0,"11.1":0.00888,"12":0,"12.1":0.02221,"13":0.02665,"13.1":0.06662,"14":0.52404,"0":null},"edge":{"12":0,"13":0,"14":0.00444,"15":0.00444,"16":0.00444,"17":0.00888,"18":0.03997,"79":0,"80":0,"81":0,"83":0,"84":0.00444,"85":0.00444,"86":0.00888,"87":0.01332,"88":0.2487,"89":0.7905,"90":0},"samsung":{"4":0.10203,"5.0-5.4":0.02041,"6.2-6.4":0,"7.2-7.4":0.06122,"8.2":0.02041,"9.2":0.20406,"10.1":0.11223,"11.1-11.2":0.3775,"12.0":0.3571,"13.0":5.42789,"14.0":0.0102},"android":{"2.1":0,"2.2":0,"2.3":0,"3":0,"4":0,"4.1":0.00633,"4.2-4.3":0.01583,"4.4":0,"4.4.3-4.4.4":0.10446,"0":0},"op_mob":{"10":null,"11":null,"11.1":null,"11.5":null,"12":null,"12.1":null,"0":null},"ie":{"5.5":0,"6":0,"7":0,"8":0,"9":0.00449,"10":0.00449,"11":0.36405},"bb":{"7":0,"10":0},"ie_mob":{"10":0,"11":0},"kaios":{"2.5":0},"baidu":{"0":null},"and_ff":{"0":0.17233},"and_qq":{"10.4":0.01668},"and_uc":{"0":0.08339},"op_mini":{"0":0.23683},"and_chr":{"0":52.32812}},"total":96.32929}