{"id":"IL","name":"Israel","month":"2018-03","access_date":"2018-04-03","data":{"chrome":{"4":0,"5":0,"6":0,"7":0,"8":0,"9":0,"10":0,"11":0.005304,"12":0,"13":0,"14":0,"15":0,"16":0,"17":0,"18":0.02652,"19":0,"20":0,"21":0.005304,"22":0.005304,"23":0,"24":0,"25":0,"26":0.005304,"27":0,"28":0,"29":0.021216,"30":0,"31":0.02652,"32":0.005304,"33":0,"34":0.010608,"35":0.005304,"36":0.005304,"37":0.005304,"38":0.042432,"39":0.005304,"40":0.015912,"41":0.005304,"42":0,"43":0.010608,"44":0.010608,"45":0.021216,"46":0.005304,"47":0.010608,"48":0.010608,"49":0.47736,"50":0.010608,"51":0.015912,"52":0.010608,"53":0.015912,"54":0.031824,"55":0.021216,"56":0.037128,"57":0.116688,"58":0.206856,"59":0.047736,"60":0.05304,"61":0.063648,"62":0.084864,"63":0.737256,"64":12.347712,"65":6.264024,"66":0.031824,"67":0.010608,"68":0},"firefox":{"2":0,"3":0,"3.5":0,"3.6":0.005304,"4":0,"5":0,"6":0,"7":0,"8":0,"9":0.005304,"10":0,"11":0,"12":0,"13":0,"14":0,"15":0,"16":0.005304,"17":0,"18":0,"19":0,"20":0,"21":0,"22":0,"23":0,"24":0.005304,"25":0.005304,"26":0.015912,"27":0.005304,"28":0,"29":0,"30":0,"31":0.005304,"32":0,"33":0.010608,"34":0,"35":0,"36":0.005304,"37":0,"38":0.005304,"39":0,"40":0,"41":0,"42":0,"43":0.005304,"44":0,"45":0.005304,"46":0,"47":0.005304,"48":0.037128,"49":0.015912,"50":0.005304,"51":0.005304,"52":0.111384,"53":0.010608,"54":0.010608,"55":0.005304,"56":0.021216,"57":0.047736,"58":0.705432,"59":0.514488,"60":0.005304,"61":0},"opera":{"9":0,"9.5-9.6":0,"10.0-10.1":0,"10.5":0,"10.6":0,"11":0,"11.1":0,"11.5":0,"11.6":0,"12":0,"12.1":0.010608,"15":0,"16":0,"17":0,"18":0,"19":0,"20":0,"21":0,"22":0,"23":0,"24":0,"25":0,"26":0,"27":0,"28":0,"29":0,"30":0,"31":0,"32":0,"33":0,"34":0,"35":0,"36":0.005304,"37":0.005304,"38":0,"39":0,"40":0,"41":0,"42":0,"43":0.005304,"44":0,"45":0.005304,"46":0,"47":0,"48":0.005304,"49":0.005304,"50":0.015912,"51":0.196248,"52":0.005304},"safari":{"3.1":0,"3.2":0,"4":0,"5":0.005304,"5.1":0.010608,"6":0.005304,"6.1":0.010608,"7":0.005304,"7.1":0,"8":0.05304,"9":0.010608,"9.1":0.058344,"10":0.021216,"10.1":0.084864,"11":0.429624,"11.1":0.005304,"0":null},"ios_saf":{"3.2":0.00168254097869,"4.0-4.1":0,"4.2-4.3":0.00168254097869,"5.0-5.1":0.0302857376163,"6.0-6.1":0.0235555737016,"7.0-7.1":0.0824445079556,"8":0.0235555737016,"8.1-8.4":0.124508032423,"9.0-9.2":0.0942222948064,"9.3":0.674698932453,"10.0-10.2":0.673016391474,"10.3":1.55971548724,"11.0-11.2":13.5242643867,"11.3":null},"android":{"2.1":0,"2.2":0,"2.3":0,"3":0,"4":0,"4.1":0.0428402912621,"4.2-4.3":0.130383495146,"4.4":0.367867718447,"4.4.3-4.4.4":0.226308495146,"62":null},"ie":{"5.5":0,"6":0,"7":0,"8":0.0478305267327,"9":0.0372015207921,"10":0.0478305267327,"11":2.55096142574},"op_mob":{"10":null,"11":null,"11.1":null,"11.5":null,"12":null,"12.1":null,"0":null},"edge":{"12":0.005304,"13":0.010608,"14":0.037128,"15":0.05304,"16":0.779688,"17":0},"samsung":{"4":0.777823341176,"5":0.307035529412,"6.2":2.29253195294},"bb":{"7":0.0009392,"10":0.0037568},"ie_mob":{"10":0,"11":0.02348},"and_ff":{"0":0.103312},"and_qq":{"1.2":null},"and_uc":{"0":0.108008},"op_mini":{"0":0.115592604811},"and_chr":{"0":49.40824},"baidu":{"0":null}},"total":97.6872874283}