{"id":"IM","name":"Isle of Man","month":"2018-03","access_date":"2018-04-03","data":{"chrome":{"4":0,"5":0,"6":0,"7":0,"8":0,"9":0,"10":0,"11":0,"12":0,"13":0,"14":0,"15":0,"16":0,"17":0,"18":0,"19":0,"20":0,"21":0,"22":1.3475,"23":0,"24":0,"25":0,"26":0,"27":0,"28":0,"29":0,"30":0,"31":0.006125,"32":0,"33":0.01225,"34":0,"35":0,"36":0,"37":0.777875,"38":0.006125,"39":0,"40":0,"41":0,"42":0.01225,"43":0,"44":0,"45":0,"46":0,"47":0.03675,"48":0,"49":0.312375,"50":0.01225,"51":0.006125,"52":0,"53":0.030625,"54":0.018375,"55":0.2205,"56":0.140875,"57":0.006125,"58":0.049,"59":0.030625,"60":0.13475,"61":0.03675,"62":0.0735,"63":0.630875,"64":7.760375,"65":4.88775,"66":0.0245,"67":0,"68":0},"firefox":{"2":0,"3":0,"3.5":0,"3.6":0,"4":0,"5":0,"6":0,"7":0,"8":0,"9":0,"10":0,"11":0,"12":0,"13":0,"14":0,"15":0,"16":0.006125,"17":0,"18":0,"19":0,"20":0,"21":0,"22":0,"23":0,"24":0.01225,"25":0,"26":0.01225,"27":0,"28":0,"29":0,"30":0,"31":0,"32":0,"33":0,"34":0,"35":0,"36":0,"37":0,"38":0,"39":0.006125,"40":0,"41":0,"42":0.0245,"43":0.006125,"44":0,"45":0.01225,"46":0,"47":0.006125,"48":0.03675,"49":0,"50":0.01225,"51":0.006125,"52":0.098,"53":0.018375,"54":0.006125,"55":0.006125,"56":0.018375,"57":0.0245,"58":1.01675,"59":0.833,"60":0.01225,"61":0},"opera":{"9":0,"9.5-9.6":0,"10.0-10.1":0,"10.5":0,"10.6":0,"11":0,"11.1":0,"11.5":0,"11.6":0,"12":0,"12.1":0,"15":0,"16":0,"17":0,"18":0,"19":0,"20":0,"21":0,"22":0,"23":0,"24":0,"25":0,"26":0,"27":0,"28":0,"29":0,"30":0,"31":0,"32":0,"33":0,"34":0,"35":0,"36":0,"37":0,"38":0,"39":0,"40":0,"41":0,"42":0.01225,"43":0,"44":0,"45":0.018375,"46":0,"47":0,"48":0,"49":0,"50":0.018375,"51":0.25725,"52":0.01225},"safari":{"3.1":0,"3.2":0,"4":0.006125,"5":0.01225,"5.1":0.067375,"6":0,"6.1":0.049,"7":0.006125,"7.1":0,"8":0.13475,"9":0.042875,"9.1":0.398125,"10":0.08575,"10.1":0.55125,"11":1.941625,"11.1":0.03675,"0":null},"ios_saf":{"3.2":0.00445090313219,"4.0-4.1":0,"4.2-4.3":0.00445090313219,"5.0-5.1":0.0801162563795,"6.0-6.1":0.0623126438507,"7.0-7.1":0.218094253477,"8":0.0623126438507,"8.1-8.4":0.329366831782,"9.0-9.2":0.249250575403,"9.3":1.78481215601,"10.0-10.2":1.78036125288,"10.3":4.12598720354,"11.0-11.2":35.7763593766,"11.3":null},"android":{"2.1":0,"2.2":0,"2.3":0,"3":0,"4":0,"4.1":0.0784065533981,"4.2-4.3":0.238628640777,"4.4":0.673273665049,"4.4.3-4.4.4":0.414191140777,"62":null},"ie":{"5.5":0,"6":0,"7":0,"8":0.055125,"9":0.447125,"10":0.079625,"11":3.766875},"op_mob":{"10":null,"11":null,"11.1":null,"11.5":null,"12":null,"12.1":null,"0":null},"edge":{"12":0.018375,"13":0.055125,"14":0.147,"15":0.245,"16":4.146625,"17":0},"samsung":{"4":0.348552966102,"5":0.120190677966,"6.2":2.30766101695},"bb":{"7":0.00155,"10":0.0062},"ie_mob":{"10":0.0129926470588,"11":0.207882352941},"and_ff":{"0":0.174375},"and_qq":{"1.2":null},"and_uc":{"0":0.034875},"op_mini":{"0":0.0403545962199},"and_chr":{"0":17.23425},"baidu":{"0":null}},"total":97.7312592572}