{"id":"IM","name":"Isle of Man","month":"2015-07","access_date":"2015-08-02","data":{"chrome":{"4":0,"5":0,"6":0,"7":0,"8":0,"9":0,"10":0,"11":0.025383,"12":0,"13":0,"14":0,"15":0,"16":0,"17":0,"18":0,"19":0,"20":0,"21":0.008461,"22":0.008461,"23":0,"24":0,"25":0.008461,"26":0.008461,"27":0,"28":0.008461,"29":0,"30":0.008461,"31":0.042305,"32":0.008461,"33":0.033844,"34":0.008461,"35":0.016922,"36":0.033844,"37":0.08461,"38":0.016922,"39":0.093071,"40":0.042305,"41":0.177681,"42":0.211525,"43":16.050517,"44":4.509713,"45":0.050766,"46":0,"47":0},"firefox":{"2":0,"3":0,"3.5":0,"3.6":0.008461,"4":0,"5":0.008461,"6":0,"7":0,"8":0,"9":0,"10":0.025383,"11":0.008461,"12":0.008461,"13":0,"14":0,"15":0.008461,"16":0.008461,"17":0,"18":0.008461,"19":0.008461,"20":0,"21":0,"22":0.016922,"23":0,"24":0.008461,"25":0,"26":0,"27":0,"28":0,"29":0.008461,"30":0.016922,"31":0.08461,"32":0.025383,"33":0.016922,"34":0.08461,"35":0.025383,"36":0.016922,"37":0.25383,"38":1.742966,"39":5.711175,"40":0.050766,"41":0,"42":0},"opera":{"9":0,"9.5-9.6":0,"10.0-10.1":0.008461,"10.5":0,"10.6":0,"11":0,"11.1":0,"11.5":0,"11.6":0,"12":0,"12.1":0.042305,"15":0,"16":0,"17":0,"18":0,"19":0,"20":0,"21":0,"22":0,"23":0,"24":0,"25":0,"26":0,"27":0,"28":0,"29":0,"30":0.152298,"31":0,"32":0},"safari":{"3.1":0,"3.2":0,"4":0.016922,"5":0.08461,"5.1":0.50766,"6":0.406128,"6.1":0.245369,"7":0.211525,"7.1":1.133774,"8":2.479073,"9":0.025383},"android":{"2.1":0,"2.2":0,"2.3":0.024741878801,"3":0,"4":0.0777601905174,"4.1":0.266376850987,"4.2-4.3":0.524077978239,"4.4":0.935371547918,"4.4.3-4.4.4":0.401332553538,"40":null},"ios_saf":{"3.2":0,"4.0-4.1":0,"4.2-4.3":0,"5.0-5.1":0.0648275187569,"6.0-6.1":0.26693684194,"7.0-7.1":1.86093112667,"8":0.263123458484,"8.1-8.4":21.8392470542,"9":null},"op_mob":{"10":0,"11":0,"11.1":0,"11.5":0,"12":9.00932305469e-5,"12.1":0.000270279691641,"0":0.00279289014695},"ie":{"5.5":0,"6":0,"7":0.0338536421652,"8":1.37953591823,"9":1.56573095014,"10":1.23565793903,"11":25.4917925504},"bb":{"7":0.010773,"10":null},"ie_mob":{"10":0.17405128125,"11":0.65546971875},"and_uc":{"0":0.004617},"op_mini":{"5.0-8.0":0.0383997369309},"and_chr":{"0":5.793009},"edge":{"0":0.059227},"and_ff":{"0":0.053865}},"total":97.950871}