{"id":"IN","name":"India","month":"2018-06","access_date":"2018-07-05","data":{"chrome":{"4":0,"5":0,"6":0,"7":0,"8":0,"9":0,"10":0,"11":0.002106,"12":0,"13":0,"14":0,"15":0,"16":0,"17":0,"18":0.002106,"19":0.002106,"20":0.002106,"21":0,"22":0.002106,"23":0.002106,"24":0,"25":0.002106,"26":0,"27":0.002106,"28":0.004212,"29":0.014742,"30":0.002106,"31":0.002106,"32":0.002106,"33":0.004212,"34":0,"35":0,"36":0.002106,"37":0.002106,"38":0.002106,"39":0,"40":0,"41":0,"42":0,"43":0.002106,"44":0,"45":0,"46":0.002106,"47":0,"48":0.014742,"49":0.065286,"50":0.002106,"51":0.006318,"52":0.002106,"53":0.002106,"54":0.002106,"55":0.004212,"56":0.004212,"57":0.002106,"58":0.018954,"59":0.004212,"60":0.01053,"61":0.006318,"62":0.01053,"63":0.02106,"64":0.018954,"65":0.033696,"66":0.9477,"67":1.783782,"68":0.014742,"69":0.006318,"70":0},"firefox":{"2":0,"3":0,"3.5":0,"3.6":0,"4":0.002106,"5":0,"6":0,"7":0,"8":0,"9":0,"10":0,"11":0,"12":0,"13":0,"14":0,"15":0,"16":0,"17":0,"18":0,"19":0,"20":0,"21":0,"22":0,"23":0,"24":0,"25":0,"26":0,"27":0,"28":0,"29":0,"30":0,"31":0.01053,"32":0.002106,"33":0,"34":0,"35":0.002106,"36":0,"37":0,"38":0.002106,"39":0.002106,"40":0.002106,"41":0,"42":0.002106,"43":0.006318,"44":0.002106,"45":0.002106,"46":0.002106,"47":0.04212,"48":0.004212,"49":0.002106,"50":0.002106,"51":0.002106,"52":0.03159,"53":0.002106,"54":0.004212,"55":0.002106,"56":0.006318,"57":0.006318,"58":0.006318,"59":0.023166,"60":0.288522,"61":0.05265,"62":0.006318},"opera":{"9":0,"9.5-9.6":0,"10.0-10.1":0,"10.5":0,"10.6":0,"11":0,"11.1":0,"11.5":0,"11.6":0,"12":0,"12.1":0.004212,"15":0,"16":0,"17":0,"18":0,"19":0,"20":0.002106,"21":0,"22":0,"23":0,"24":0,"25":0,"26":0,"27":0,"28":0,"29":0,"30":0.002106,"31":0,"32":0.002106,"33":0.004212,"34":0,"35":0.006318,"36":0,"37":0.054756,"38":0,"39":0,"40":0,"41":0,"42":0,"43":0.002106,"44":0,"45":0.002106,"46":0.002106,"47":0.002106,"48":0,"49":0,"50":0,"51":0,"52":0.002106,"53":0.065286},"safari":{"3.1":0,"3.2":0,"4":0,"5":0,"5.1":0,"6":0,"6.1":0,"7":0,"7.1":0,"8":0,"9":0,"9.1":0.002106,"10":0.002106,"10.1":0.006318,"11":0.008424,"11.1":0.029484,"12":0,"0":null},"ios_saf":{"3.2":0.000245377039335,"4.0-4.1":0,"4.2-4.3":0.000490754078671,"5.0-5.1":0.00368065559003,"6.0-6.1":0.00196301631468,"7.0-7.1":0.0103058356521,"8":0.00294452447202,"8.1-8.4":0.0154587534781,"9.0-9.2":0.0117780978881,"9.3":0.0704232102893,"10.0-10.2":0.0772937673907,"10.3":0.1771622224,"11.0-11.2":0.397756180763,"11.3-11.4":1.67469829346,"12":0.00736131118006},"android":{"2.1":0,"2.2":0,"2.3":0,"3":0,"4":0,"4.1":0.0614856992481,"4.2-4.3":0.140313518797,"4.4":0.520263609023,"4.4.3-4.4.4":0.326347172932,"67":null},"ie":{"5.5":0,"6":0,"7":0,"8":0.012636,"9":0.002106,"10":0.004212,"11":0.050544},"op_mob":{"10":null,"11":null,"11.1":null,"11.5":null,"12":null,"12.1":null,"0":null},"edge":{"12":0.004212,"13":0.004212,"14":0.01053,"15":0.008424,"16":0.016848,"17":0.025272,"18":null},"samsung":{"4":1.11710767568,"5":0.152332864865,"6.2":0.477309643243,"7.2":null},"bb":{"7":0.0047364,"10":0.0189456},"ie_mob":{"10":0.0217085,"11":0.1519595},"and_ff":{"0":0.094728},"and_qq":{"1.2":null},"and_uc":{"0":30.186656},"op_mini":{"0":5.76956454983},"and_chr":{"0":43.031992},"baidu":{"0":null}},"total":88.4252187336}