{"id":"IQ","name":"Iraq","month":"2016-03","access_date":"2016-04-02","data":{"firefox":{"2":0,"3":0.003317,"3.5":0.003317,"3.6":0.03317,"4":0.003317,"5":0.003317,"6":0.046438,"7":0.003317,"8":0.006634,"9":0.006634,"10":0.016585,"11":0.009951,"12":0.039804,"13":0.019902,"14":0.003317,"15":0.019902,"16":0.009951,"17":0.003317,"18":0.019902,"19":0.003317,"20":0.009951,"21":0.003317,"22":0.006634,"23":0.009951,"24":0.009951,"25":0.006634,"26":0.013268,"27":0.009951,"28":0.003317,"29":0.019902,"30":0.036487,"31":0.023219,"32":0.019902,"33":0.026536,"34":0.019902,"35":0.019902,"36":0.019902,"37":0.039804,"38":0.039804,"39":0.036487,"40":0.023219,"41":0.039804,"42":0.056389,"43":0.225556,"44":1.966981,"45":1.26046,"46":0.162533,"47":0.006634,"48":0.003317},"chrome":{"4":0.009951,"5":0.016585,"6":0.046438,"7":0,"8":0.009951,"9":0,"10":0.009951,"11":0.039804,"12":0.013268,"13":0.026536,"14":0.016585,"15":0.019902,"16":0.003317,"17":0.003317,"18":0.003317,"19":0.006634,"20":0.003317,"21":0.006634,"22":0.026536,"23":0.006634,"24":0.003317,"25":0.013268,"26":0.013268,"27":0.009951,"28":0.013268,"29":0.056389,"30":0.019902,"31":0.03317,"32":0.009951,"33":0.119412,"34":0.036487,"35":0.019902,"36":0.023219,"37":0.019902,"38":0.129363,"39":0.036487,"40":0.063023,"41":0.016585,"42":0.043121,"43":1.675085,"44":0.175801,"45":0.620279,"46":0.185752,"47":0.271994,"48":7.012138,"49":8.614249,"50":0.096193,"51":0.069657,"52":0},"opera":{"9":0,"9.5-9.6":0,"10.0-10.1":0,"10.5":0,"10.6":0,"11":0,"11.1":0,"11.5":0,"11.6":0.003317,"12":0.003317,"12.1":0.026536,"15":0.003317,"16":0,"17":0,"18":0.003317,"19":0,"20":0,"21":0,"22":0,"23":0,"24":0,"25":0,"26":0,"27":0,"28":0.003317,"29":0.006634,"30":0.003317,"31":0.003317,"32":0.003317,"33":0.003317,"34":0.063023,"35":0.252092,"36":0.195703,"37":0.006634,"38":0},"safari":{"3.1":0,"3.2":0,"4":0.003317,"5":0.003317,"5.1":0.013268,"6":0,"6.1":0,"7":0.003317,"7.1":0.006634,"8":0.023219,"9":0.112778,"9.1":0.016585,"0":null},"android":{"2.1":0,"2.2":0,"2.3":0.0562689630341,"3":0,"4":0.320733089294,"4.1":1.08880443471,"4.2-4.3":2.45332678829,"4.4":5.08108736198,"4.4.3-4.4.4":2.7206043627,"47":null},"ios_saf":{"3.2":0,"4.0-4.1":0,"4.2-4.3":0,"5.0-5.1":0,"6.0-6.1":0.0437586466957,"7.0-7.1":0.528345141585,"8":0.0340345029855,"8.1-8.4":1.41486290983,"9.0-9.2":11.2022135541,"9.3":2.79082924481},"op_mob":{"10":0,"11":0,"11.1":0,"11.5":0,"12":0,"12.1":6.18868526516e-5,"0":0.00235170040076},"ie":{"5.5":0,"6":0.0033705,"7":0.0033705,"8":0.512316,"9":0.1381905,"10":0.121338,"11":1.3043835},"ie_mob":{"10":0.0413510625,"11":0.1992369375},"edge":{"12":0.06634,"13":0.152582,"14":0},"bb":{"7":0.006683,"10":null},"and_uc":{"0":0.6683},"op_mini":{"5.0-8.0":0.792863412747},"and_chr":{"0":34.026263},"and_ff":{"0":0.06683}},"total":90.648544}