{"id":"IR","name":"Iran, Islamic Republic of","month":"2021-06","access_date":"2021-07-04","data":{"firefox":{"2":null,"3":null,"3.5":null,"3.6":null,"4":null,"5":null,"6":null,"7":null,"8":null,"9":null,"10":null,"11":null,"12":null,"13":null,"14":null,"15":null,"16":null,"17":null,"18":null,"19":null,"20":null,"21":null,"22":null,"23":null,"24":null,"25":null,"26":null,"27":0.00289,"28":null,"29":0.00577,"30":0.00289,"31":0.00289,"32":null,"33":0.00866,"34":null,"35":null,"36":null,"37":0.00289,"38":0.01732,"39":0.00289,"40":0.00577,"41":0.00866,"42":null,"43":0.00866,"44":null,"45":0.00289,"46":0.00289,"47":0.0202,"48":0.00577,"49":0.00577,"50":0.00577,"51":null,"52":0.09812,"53":null,"54":null,"55":null,"56":0.00866,"57":0.00577,"58":null,"59":null,"60":0.00577,"61":null,"62":0.00289,"63":null,"64":null,"65":null,"66":null,"67":0.00289,"68":0.01732,"69":0.00577,"70":0.00289,"71":0.00289,"72":0.02886,"73":0.00289,"74":null,"75":0.00577,"76":0.00289,"77":0.00866,"78":0.14141,"79":0.00866,"80":0.01443,"81":0.01443,"82":0.01443,"83":0.01443,"84":0.02309,"85":0.02597,"86":0.02597,"87":0.03175,"88":0.7619,"89":3.39394,"90":0.03463,"91":null},"chrome":{"4":null,"5":null,"6":null,"7":null,"8":null,"9":null,"10":null,"11":0.00577,"12":null,"13":null,"14":null,"15":null,"16":null,"17":null,"18":null,"19":null,"20":null,"21":null,"22":null,"23":null,"24":null,"25":null,"26":null,"27":null,"28":null,"29":0.00577,"30":null,"31":null,"32":null,"33":null,"34":0.00289,"35":0.00577,"36":null,"37":null,"38":0.01154,"39":0.00289,"40":null,"41":0.00866,"42":null,"43":null,"44":null,"45":null,"46":null,"47":null,"48":0.00289,"49":0.08369,"50":null,"51":0.00577,"52":null,"53":0.00577,"54":null,"55":0.00289,"56":0.00577,"57":0.00289,"58":0.00577,"59":null,"60":0.00577,"61":0.02886,"62":0.00866,"63":0.0202,"64":0.00577,"65":0.00289,"66":0.00289,"67":0.00289,"68":0.00577,"69":0.00577,"70":0.00866,"71":0.02597,"72":0.00577,"73":0.00577,"74":0.01154,"75":0.00866,"76":0.00866,"77":0.01443,"78":0.01732,"79":0.04906,"80":0.03175,"81":0.03463,"83":0.06061,"84":0.08081,"85":0.09235,"86":0.12987,"87":0.18182,"88":0.06349,"89":0.15007,"90":1.68254,"91":13.87012,"92":0.00866,"93":0.00577,"94":null},"opera":{"9":null,"9.5-9.6":null,"10.0-10.1":0,"10.5":null,"10.6":null,"11":null,"11.1":null,"11.5":null,"11.6":null,"12":null,"12.1":null,"15":null,"16":null,"17":null,"18":0.00289,"19":null,"20":null,"21":null,"22":null,"23":null,"24":null,"25":null,"26":null,"27":null,"28":null,"29":null,"30":null,"31":null,"32":null,"33":null,"34":null,"35":null,"36":null,"37":null,"38":null,"39":null,"40":null,"41":null,"42":null,"43":null,"44":null,"45":null,"46":null,"47":null,"48":null,"49":null,"50":null,"51":null,"52":null,"53":null,"54":null,"55":null,"56":null,"57":null,"58":null,"60":null,"62":null,"63":null,"64":0.00577,"65":null,"66":null,"67":null,"68":0.00289,"69":null,"70":0.00289,"71":0.00289,"72":0.00289,"73":0.00577,"74":0.00289,"75":0.05195,"76":0.31746,"77":0.13564},"safari":{"3.1":null,"3.2":null,"4":0,"5":null,"5.1":0.13276,"6":null,"6.1":null,"7":null,"7.1":null,"8":null,"9":null,"9.1":null,"10":null,"10.1":null,"11":null,"11.1":null,"12":null,"12.1":0.00289,"13":0.00577,"13.1":0.02309,"14":0.05772,"14.1":0.06061,"15":null,"0":null},"ios_saf":{"3.2":0,"4.0-4.1":0,"4.2-4.3":0,"5.0-5.1":0.00181,"6.0-6.1":0.00136,"7.0-7.1":0.01087,"8":0,"8.1-8.4":0.00045,"9.0-9.2":0.00317,"9.3":0.03124,"10.0-10.2":0.01358,"10.3":0.05885,"11.0-11.2":0.04346,"11.3-11.4":0.05116,"12.0-12.1":0.05433,"12.2-12.4":0.2087,"13.0-13.1":0.0507,"13.2":0.02445,"13.3":0.13445,"13.4-13.7":0.28792,"14.0-14.4":1.7538,"14.5-14.7":1.30335},"edge":{"12":0.00289,"13":0.00577,"14":0.00866,"15":0.00577,"16":0.00577,"17":0.00866,"18":0.04618,"79":null,"80":null,"81":0.00289,"83":0.00577,"84":0.00866,"85":0.00577,"86":0.00577,"87":0.00289,"88":0.00289,"89":0.02886,"90":0.03175,"91":0.51371},"samsung":{"4":1.39184,"5.0-5.4":0.13112,"6.2-6.4":0.13112,"7.2-7.4":0.80687,"8.2":0.13112,"9.2":0.62532,"10.1":0.30257,"11.1-11.2":1.40193,"12.0":0.69592,"13.0":1.93648,"14.0":4.15536},"android":{"2.1":0,"2.2":0,"2.3":0,"3":0,"4":0.0009,"4.1":0.00389,"4.2-4.3":0.03378,"4.4":0,"4.4.3-4.4.4":0.10372,"0":0},"op_mob":{"10":null,"11":null,"11.1":null,"11.5":null,"12":null,"12.1":null,"0":null},"ie":{"5.5":null,"6":null,"7":null,"8":0.04663,"9":0.01457,"10":0.01457,"11":2.5678},"ie_mob":{"10":null,"11":0.03849},"bb":{"7":0,"10":0},"and_uc":{"0":0.13517},"op_mini":{"0":0.49166},"and_chr":{"0":56.54804},"kaios":{"2.5":0},"baidu":{"0":null},"and_ff":{"0":0.87502},"and_qq":{"10.4":0}},"total":99.74316}