{"id":"IR","name":"Iran","month":"2015-03","access_date":"2015-04-01","data":{"chrome":{"4":0.051072,"5":0.051072,"6":0.057456,"7":0.025536,"8":0.025536,"9":0.025536,"10":0.038304,"11":0.242592,"12":0.057456,"13":0.044688,"14":0.108528,"15":0.070224,"16":0.108528,"17":0.019152,"18":0.03192,"19":0.012768,"20":0.012768,"21":0.019152,"22":0.070224,"23":0.038304,"24":0.038304,"25":0.025536,"26":0.044688,"27":0.03192,"28":0.038304,"29":0.051072,"30":0.06384,"31":0.070224,"32":0.025536,"33":0.146832,"34":0.057456,"35":0.09576,"36":0.325584,"37":0.268128,"38":0.325584,"39":0.721392,"40":5.943504,"41":6.556368,"42":0.09576,"43":0.051072,"44":0},"firefox":{"2":0.019152,"3":0.121296,"3.5":0.070224,"3.6":0.210672,"4":0.344736,"5":0.153216,"6":0.146832,"7":0.082992,"8":0.09576,"9":0.082992,"10":0.070224,"11":0.108528,"12":0.229824,"13":0.114912,"14":0.146832,"15":0.12768,"16":0.146832,"17":0.09576,"18":0.12768,"19":0.082992,"20":0.12768,"21":0.146832,"22":0.09576,"23":0.12768,"24":0.204288,"25":0.146832,"26":0.19152,"27":0.140448,"28":0.12768,"29":0.3192,"30":0.54264,"31":0.529872,"32":0.70224,"33":0.76608,"34":0.676704,"35":4.902912,"36":9.429168,"37":1.200192,"38":0.012768,"39":0.012768},"opera":{"9":0,"9.5-9.6":0.012768,"10.0-10.1":0.006384,"10.5":0,"10.6":0.006384,"11":0.012768,"11.1":0.012768,"11.5":0.025536,"11.6":0.044688,"12":0.038304,"12.1":0.22344,"15":0.006384,"16":0.012768,"17":0.019152,"18":0.019152,"19":0.025536,"20":0.019152,"21":0.012768,"22":0.019152,"23":0.006384,"24":0.012768,"25":0.019152,"26":0.057456,"27":0.3192,"28":0.376656,"29":0.006384},"safari":{"3.1":0,"3.2":0,"4":0.019152,"5":0.019152,"5.1":0.153216,"6":0.019152,"6.1":0.019152,"7":0.114912,"7.1":0.038304,"8":0.22344},"android":{"2.1":0,"2.2":0,"2.3":0.218055087248,"3":0,"4":0.483332295302,"4.1":1.67082974497,"4.2-4.3":2.89582711409,"4.4":4.96248934228,"4.4.3-4.4.4":2.39305041611,"37":0},"ios_saf":{"3.2":0,"4.0-4.1":0,"4.2-4.3":0,"5.0-5.1":0.0150631223731,"6.0-6.1":0.0380001496229,"7.0-7.1":0.600813176471,"8":0.120504978984,"8.1":2.63022657255},"op_mob":{"10":0,"11":0,"11.1":0,"11.5":0,"12":0.00159744810127,"12.1":0.00638979240506,"0":0.0399362025316},"ie":{"5.5":0,"6":0.837824,"7":1.2309568,"8":6.8379328,"9":2.3974656,"10":2.0365568,"11":5.5940864,"0":null},"ie_mob":{"10":0.0534846577778,"11":0.134547342222},"bb":{"7":0.016272,"10":null},"and_uc":{"0":1.41024},"op_mini":{"5.0-8.0":6.26199655696},"and_chr":{"0":11.833904},"and_ff":{"0":1.01248}},"total":96.7255264}