{"id":"IR","name":"Iran, Islamic Republic of","month":"2019-10","access_date":"2019-11-13","data":{"chrome":{"4":null,"5":null,"6":null,"7":null,"8":null,"9":null,"10":null,"11":0.009232,"12":null,"13":0.650856,"14":null,"15":null,"16":null,"17":null,"18":null,"19":null,"20":null,"21":null,"22":null,"23":null,"24":null,"25":0.078472,"26":0.004616,"27":null,"28":null,"29":0.004616,"30":null,"31":0.009232,"32":0.009232,"33":0.009232,"34":0.013848,"35":0.009232,"36":0.013848,"37":null,"38":0.041544,"39":0.004616,"40":null,"41":null,"42":null,"43":0.009232,"44":0.004616,"45":0.004616,"46":0.009232,"47":0.004616,"48":0.009232,"49":0.327736,"50":0.009232,"51":0.009232,"52":0.004616,"53":0.013848,"54":0.013848,"55":0.02308,"56":0.013848,"57":0.013848,"58":0.036928,"59":0.009232,"60":0.027696,"61":0.04616,"62":0.032312,"63":0.096936,"64":0.009232,"65":0.018464,"66":0.027696,"67":0.032312,"68":0.032312,"69":0.041544,"70":0.101552,"71":0.166176,"72":0.129248,"73":0.124632,"74":0.120016,"75":0.25388,"76":0.516992,"77":21.242832,"78":1.77716,"79":0.018464,"80":null,"81":null},"firefox":{"2":null,"3":null,"3.5":null,"3.6":0.004616,"4":null,"5":null,"6":null,"7":null,"8":null,"9":null,"10":null,"11":null,"12":null,"13":null,"14":null,"15":null,"16":null,"17":null,"18":null,"19":null,"20":null,"21":null,"22":null,"23":null,"24":null,"25":null,"26":null,"27":null,"28":null,"29":null,"30":null,"31":0.004616,"32":null,"33":0.009232,"34":null,"35":null,"36":null,"37":0.004616,"38":0.004616,"39":0.004616,"40":0.004616,"41":0.004616,"42":0.009232,"43":0.04616,"44":0.009232,"45":0.013848,"46":0.004616,"47":0.083088,"48":0.036928,"49":0.013848,"50":0.018464,"51":0.009232,"52":0.62316,"53":0.009232,"54":0.013848,"55":0.013848,"56":0.055392,"57":0.02308,"58":0.018464,"59":0.027696,"60":0.286192,"61":0.027696,"62":0.041544,"63":0.02308,"64":0.036928,"65":0.04616,"66":0.060008,"67":0.083088,"68":0.244648,"69":7.233272,"70":1.675608,"71":0.06924,"72":null},"opera":{"9":null,"9.5-9.6":null,"10.0-10.1":0,"10.5":null,"10.6":null,"11":null,"11.1":null,"11.5":null,"11.6":null,"12":null,"12.1":null,"15":null,"16":null,"17":null,"18":null,"19":null,"20":null,"21":null,"22":null,"23":null,"24":null,"25":null,"26":null,"27":null,"28":null,"29":null,"30":null,"31":null,"32":null,"33":null,"34":null,"35":null,"36":null,"37":null,"38":null,"39":null,"40":null,"41":null,"42":null,"43":null,"44":null,"45":null,"46":null,"47":null,"48":null,"49":null,"50":null,"51":null,"52":null,"53":null,"54":null,"55":null,"56":0.004616,"57":0.004616,"58":0.009232,"60":null,"62":0.009232,"63":0.78472,"64":0.110784},"safari":{"3.1":null,"3.2":null,"4":0,"5":null,"5.1":0.272344,"6":null,"6.1":null,"7":null,"7.1":null,"8":null,"9":0.018464,"9.1":0.009232,"10":0.009232,"10.1":0.032312,"11":0.027696,"11.1":0.055392,"12":0.06924,"12.1":0.143096,"13":0.240032,"0":null},"ios_saf":{"3.2":0.0011821783069842,"4.0-4.1":0.0023643566139684,"4.2-4.3":0,"5.0-5.1":0.0041376240744447,"6.0-6.1":0.0011821783069842,"7.0-7.1":0.0047287132279368,"8":0.0005910891534921,"8.1-8.4":0.0076841589953972,"9.0-9.2":0.0076841589953972,"9.3":0.080388124874925,"10.0-10.2":0.033100992595557,"10.3":0.089254462177306,"11.0-11.2":0.091618818791275,"11.3-11.4":0.16018516059636,"12.0-12.1":0.22579605663398,"12.2-12.4":2.3359843346008,"13.0-13.1":2.8206774404643,"13.2":0.040785151590955,"13.3":0},"android":{"2.1":0,"2.2":0.0094913223938224,"2.3":0.001725694980695,"3":0.0025885424710425,"4":0.03106250965251,"4.1":0.078519121621622,"4.2-4.3":0.49700015444015,"4.4":0,"4.4.3-4.4.4":0.27352265444015,"76":null},"ie":{"5.5":null,"6":0.1758418202803,"7":0.20823373454246,"8":1.4437538928277,"9":0.018509665292663,"10":0.32854655894477,"11":3.4381703281121},"samsung":{"4":2.21409,"5.0-5.4":0.36396,"6.2-6.4":0.25275,"7.2-7.4":0.78858,"8.2":0.57627,"9.2":3.09366,"10.1":3.59916},"edge":{"12":0.018464,"13":0.018464,"14":0.036928,"15":0.027696,"16":0.036928,"17":0.25388,"18":0.39236,"76":null},"op_mob":{"10":null,"11":null,"11.1":null,"11.5":null,"12":null,"12.1":null,"0":null},"ie_mob":{"10":0,"11":0.016155},"bb":{"7":0,"10":0.01077},"baidu":{"0":null},"and_ff":{"0":0.92622},"and_uc":{"0":0.166935},"and_qq":{"1.2":null},"kaios":{"2.5":null},"op_mini":{"0":0.93806329896907},"and_chr":{"0":34.45172}},"total":99.487164298969}