{"id":"IR","name":"Iran, Islamic Republic of","month":"2018-08","access_date":"2018-09-04","data":{"chrome":{"4":null,"5":null,"6":null,"7":null,"8":null,"9":null,"10":null,"11":0.017466,"12":null,"13":null,"14":0.005822,"15":null,"16":null,"17":null,"18":0.017466,"19":null,"20":0.011644,"21":0.011644,"22":0.011644,"23":0.011644,"24":0.011644,"25":null,"26":0.005822,"27":0.011644,"28":0.005822,"29":0.826724,"30":0.011644,"31":0.017466,"32":0.005822,"33":0.011644,"34":0.005822,"35":null,"36":0.017466,"37":null,"38":0.034932,"39":0.011644,"40":0.011644,"41":0.02911,"42":null,"43":0.017466,"44":0.011644,"45":0.011644,"46":0.017466,"47":0.011644,"48":0.046576,"49":0.489048,"50":0.017466,"51":0.02911,"52":0.023288,"53":0.02911,"54":0.02911,"55":0.046576,"56":0.02911,"57":0.034932,"58":0.093152,"59":0.034932,"60":0.081508,"61":0.081508,"62":0.23288,"63":0.267812,"64":0.163016,"65":0.209592,"66":0.244524,"67":5.699738,"68":22.222574,"69":0.046576,"70":0.052398,"71":null},"firefox":{"2":null,"3":0.023288,"3.5":null,"3.6":0.005822,"4":0.005822,"5":null,"6":null,"7":null,"8":null,"9":null,"10":null,"11":null,"12":0.017466,"13":null,"14":0.005822,"15":0.005822,"16":0.005822,"17":0.005822,"18":null,"19":null,"20":null,"21":0.005822,"22":null,"23":null,"24":0.011644,"25":0.011644,"26":null,"27":0.005822,"28":null,"29":0.011644,"30":0.011644,"31":0.011644,"32":0.005822,"33":0.017466,"34":0.011644,"35":0.011644,"36":0.011644,"37":0.017466,"38":0.017466,"39":0.011644,"40":0.023288,"41":0.023288,"42":0.017466,"43":0.098974,"44":0.040754,"45":0.034932,"46":0.017466,"47":0.716106,"48":0.069864,"49":0.040754,"50":0.052398,"51":0.02911,"52":0.605488,"53":0.02911,"54":0.046576,"55":0.034932,"56":0.227058,"57":0.14555,"58":0.098974,"59":0.163016,"60":0.250346,"61":10.607684,"62":0.390074,"63":0.005822},"opera":{"9":null,"9.5-9.6":null,"10.0-10.1":0,"10.5":null,"10.6":null,"11":null,"11.1":null,"11.5":null,"11.6":null,"12":null,"12.1":0.005822,"15":null,"16":null,"17":null,"18":null,"19":null,"20":null,"21":null,"22":null,"23":null,"24":null,"25":null,"26":null,"27":null,"28":null,"29":null,"30":null,"31":null,"32":null,"33":null,"34":null,"35":null,"36":0.005822,"37":null,"38":null,"39":null,"40":null,"41":null,"42":null,"43":null,"44":null,"45":null,"46":null,"47":0.005822,"48":0.005822,"49":0.011644,"50":0.017466,"51":0.005822,"52":null,"53":0.023288,"54":0.745216,"55":0.075686},"safari":{"3.1":null,"3.2":null,"4":0.02911,"5":null,"5.1":null,"6":null,"6.1":null,"7":null,"7.1":null,"8":0.011644,"9":0.005822,"9.1":0.017466,"10":0.023288,"10.1":0.064042,"11":0.11644,"11.1":0.308566,"12":0.005822,"0":null},"ios_saf":{"3.2":0.000387587093547,"4.0-4.1":0,"4.2-4.3":0.000387587093547,"5.0-5.1":0.0058138064032,"6.0-6.1":0.00310069674837,"7.0-7.1":0.0155034837419,"8":0.00310069674837,"8.1-8.4":0.0267435094547,"9.0-9.2":0.0178290063032,"9.3":0.106586450725,"10.0-10.2":0.122089934467,"10.3":0.201932875738,"11.0-11.2":0.421307170685,"11.3-11.4":2.91581770475,"12":0.033332490045},"android":{"2.1":0,"2.2":0,"2.3":0,"3":0,"4":0,"4.1":0,"4.2-4.3":0.339944074766,"4.4":1.14731125234,"4.4.3-4.4.4":0.786120672897,"67":null},"op_mob":{"10":null,"11":null,"11.1":null,"11.5":null,"12":null,"12.1":null,"0":null},"ie":{"5.5":null,"6":0.289116207407,"7":0.373441767901,"8":2.75262722469,"9":0.879395130864,"10":0.704720755556,"11":4.75837091358},"edge":{"12":0.034932,"13":0.046576,"14":0.069864,"15":0.075686,"16":0.14555,"17":0.459938,"18":null},"samsung":{"4":2.9774943879,"5":1.07435364512,"6.2":0.849250976616,"7.2":null},"bb":{"7":0.0050148,"10":0.0200592},"ie_mob":{"10":0.011616,"11":0.033432},"baidu":{"0":null},"and_ff":{"0":0.87759},"and_qq":{"1.2":null},"and_uc":{"0":0.346857},"op_mini":{"0":0.969319768041},"and_chr":{"0":26.044027}},"total":96.8311077777}