{"id":"IR","name":"Iran, Islamic Republic of","month":"2019-09","access_date":"2019-10-06","data":{"chrome":{"4":null,"5":null,"6":null,"7":null,"8":null,"9":null,"10":null,"11":0.010122,"12":null,"13":0.789516,"14":null,"15":null,"16":null,"17":null,"18":null,"19":null,"20":null,"21":null,"22":null,"23":null,"24":0.005061,"25":0.172074,"26":0.005061,"27":null,"28":null,"29":0.010122,"30":null,"31":0.010122,"32":0.010122,"33":0.010122,"34":0.010122,"35":0.010122,"36":0.05061,"37":null,"38":0.025305,"39":0.010122,"40":null,"41":0.005061,"42":null,"43":0.010122,"44":0.005061,"45":0.010122,"46":0.010122,"47":0.010122,"48":0.015183,"49":0.323904,"50":0.010122,"51":0.020244,"52":0.005061,"53":0.010122,"54":0.020244,"55":0.030366,"56":0.020244,"57":0.015183,"58":0.045549,"59":0.015183,"60":0.040488,"61":0.131586,"62":0.035427,"63":0.106281,"64":0.010122,"65":0.020244,"66":0.030366,"67":0.05061,"68":0.035427,"69":0.05061,"70":0.106281,"71":0.156891,"72":0.146769,"73":0.161952,"74":0.146769,"75":0.475734,"76":18.578931,"77":6.893082,"78":0.025305,"79":0.005061,"80":null},"firefox":{"2":null,"3":null,"3.5":null,"3.6":null,"4":null,"5":null,"6":null,"7":null,"8":null,"9":null,"10":null,"11":null,"12":null,"13":null,"14":null,"15":null,"16":null,"17":null,"18":null,"19":null,"20":null,"21":null,"22":null,"23":null,"24":null,"25":null,"26":null,"27":null,"28":null,"29":null,"30":null,"31":0.010122,"32":null,"33":0.010122,"34":null,"35":null,"36":null,"37":0.005061,"38":0.010122,"39":0.005061,"40":0.010122,"41":0.010122,"42":0.010122,"43":0.045549,"44":0.015183,"45":0.015183,"46":0.010122,"47":0.091098,"48":0.05061,"49":0.020244,"50":0.035427,"51":0.010122,"52":0.328965,"53":0.015183,"54":0.020244,"55":0.015183,"56":0.080976,"57":0.025305,"58":0.020244,"59":0.025305,"60":0.384636,"61":0.035427,"62":0.045549,"63":0.025305,"64":0.045549,"65":0.045549,"66":0.075915,"67":0.141708,"68":2.287572,"69":7.262535,"70":0.20244,"71":null},"opera":{"9":null,"9.5-9.6":null,"10.0-10.1":0,"10.5":null,"10.6":null,"11":null,"11.1":null,"11.5":null,"11.6":null,"12":null,"12.1":null,"15":null,"16":null,"17":null,"18":null,"19":null,"20":null,"21":null,"22":null,"23":null,"24":null,"25":null,"26":null,"27":null,"28":null,"29":null,"30":null,"31":null,"32":null,"33":null,"34":null,"35":null,"36":0.005061,"37":null,"38":null,"39":null,"40":null,"41":null,"42":null,"43":null,"44":null,"45":null,"46":null,"47":null,"48":null,"49":null,"50":null,"51":null,"52":null,"53":null,"54":null,"55":null,"56":0.010122,"57":0.005061,"58":0.005061,"60":0.005061,"62":0.126525},"safari":{"3.1":null,"3.2":null,"4":0,"5":null,"5.1":0.263172,"6":null,"6.1":null,"7":null,"7.1":null,"8":null,"9":0.005061,"9.1":0.010122,"10":0.015183,"10.1":0.025305,"11":0.035427,"11.1":0.070854,"12":0.080976,"12.1":0.313782,"13":0.065793,"13.1":null,"0":null},"ios_saf":{"3.2":0.0022243294635709,"4.0-4.1":0.0011121647317854,"4.2-4.3":0,"5.0-5.1":0.003892576561249,"6.0-6.1":0,"7.0-7.1":0.0044486589271417,"8":0,"8.1-8.4":0.0083412354883907,"9.0-9.2":0.0094534002201761,"9.3":0.068398131004804,"10.0-10.2":0.03280885958767,"10.3":0.082856272518014,"11.0-11.2":0.09008534327462,"11.3-11.4":0.16293213320657,"12.0-12.1":0.27359252401922,"12.2-12.3":4.4269717148719,"13.0-13.1":0.3892576561249},"android":{"2.1":0,"2.2":0.0095143323383085,"2.3":0.0051896358208955,"3":0.0060545751243781,"4":0.033732632835821,"4.1":0.07697959800995,"4.2-4.3":0.45495807363184,"4.4":0,"4.4.3-4.4.4":0.28283515223881,"76":null},"samsung":{"4":2.006944432377,"5.0-5.4":0.36489898770492,"6.2-6.4":0.23312990881148,"7.2-7.4":0.77034230737705,"8.2":0.6183010625,"9.2":4.7943672551229,"10.1":1.1048330461066},"edge":{"12":0.025305,"13":0.025305,"14":0.035427,"15":0.030366,"16":0.05061,"17":0.35427,"18":0.374514,"76":null},"op_mob":{"10":null,"11":null,"11.1":null,"11.5":null,"12":null,"12.1":null,"0":null},"ie":{"5.5":null,"6":0.20371420928403,"7":0.23936419590873,"8":1.6500850952006,"9":0.030557131392604,"10":0.41252127380016,"11":3.9367770944138},"ie_mob":{"10":0,"11":0.019756},"bb":{"7":0,"10":0.014817},"and_chr":{"0":31.447168},"baidu":{"0":null},"and_ff":{"0":0.869264},"and_uc":{"0":0.192621},"and_qq":{"1.2":null},"kaios":{"2.5":null},"op_mini":{"0":1.0520833762887}},"total":98.692083376289}