{"id":"IR","name":"Iran, Islamic Republic of","month":"2021-12","access_date":"2022-01-03","data":{"firefox":{"2":null,"3":null,"3.5":null,"3.6":null,"4":null,"5":null,"6":null,"7":null,"8":null,"9":null,"10":null,"11":null,"12":null,"13":null,"14":null,"15":null,"16":null,"17":null,"18":null,"19":null,"20":null,"21":null,"22":null,"23":null,"24":null,"25":null,"26":null,"27":null,"28":null,"29":0.00637,"30":0.00637,"31":0.00319,"32":0.00319,"33":0.01274,"34":0.00319,"35":0.00319,"36":null,"37":0.00319,"38":0.01274,"39":0.00637,"40":0.00637,"41":0.00956,"42":0.00319,"43":0.00956,"44":null,"45":null,"46":null,"47":0.0223,"48":0.00956,"49":0.00637,"50":0.00319,"51":null,"52":0.09874,"53":null,"54":null,"55":null,"56":0.01274,"57":null,"58":null,"59":null,"60":0.00637,"61":null,"62":0.00319,"63":null,"64":0.00319,"65":null,"66":null,"67":null,"68":0.00637,"69":0.00319,"70":0.00319,"71":null,"72":0.03185,"73":0.00319,"74":null,"75":null,"76":0.00319,"77":0.00637,"78":0.01593,"79":0.00637,"80":0.00956,"81":0.01274,"82":0.00956,"83":0.00637,"84":0.01274,"85":0.00956,"86":0.00637,"87":0.00637,"88":0.0223,"89":0.03185,"90":0.01593,"91":0.14333,"92":0.02548,"93":0.04459,"94":1.51925,"95":3.36336,"96":0.02548,"97":null},"chrome":{"4":null,"5":null,"6":null,"7":null,"8":null,"9":null,"10":null,"11":null,"12":null,"13":null,"14":null,"15":null,"16":null,"17":null,"18":null,"19":null,"20":null,"21":null,"22":null,"23":null,"24":null,"25":null,"26":null,"27":null,"28":null,"29":0.00319,"30":null,"31":null,"32":null,"33":null,"34":0.00637,"35":null,"36":null,"37":null,"38":0.01274,"39":null,"40":null,"41":null,"42":null,"43":null,"44":null,"45":null,"46":null,"47":null,"48":0.00637,"49":0.04141,"50":null,"51":0.00319,"52":null,"53":null,"54":null,"55":0.00319,"56":0.00637,"57":null,"58":0.00637,"59":null,"60":0.00637,"61":0.02548,"62":0.00956,"63":0.01593,"64":0.00319,"65":null,"66":0.00319,"67":0.00637,"68":0.00319,"69":0.00956,"70":0.00956,"71":0.0223,"72":0.00637,"73":0.00956,"74":0.00956,"75":0.00956,"76":0.00637,"77":0.00637,"78":0.01911,"79":0.03185,"80":0.02867,"81":0.03822,"83":0.04141,"84":0.05733,"85":0.06052,"86":0.11148,"87":0.13696,"88":0.03504,"89":0.04778,"90":0.04141,"91":0.09874,"92":0.1497,"93":0.08281,"94":0.16881,"95":0.27073,"96":17.17671,"97":0.00956,"98":0.00319,"99":null},"opera":{"9":null,"9.5-9.6":null,"10.0-10.1":0,"10.5":null,"10.6":null,"11":null,"11.1":null,"11.5":null,"11.6":null,"12":null,"12.1":null,"15":null,"16":null,"17":null,"18":null,"19":null,"20":null,"21":null,"22":null,"23":null,"24":null,"25":null,"26":null,"27":null,"28":null,"29":null,"30":null,"31":null,"32":null,"33":null,"34":null,"35":null,"36":null,"37":null,"38":null,"39":null,"40":null,"41":null,"42":null,"43":null,"44":null,"45":null,"46":null,"47":null,"48":null,"49":null,"50":null,"51":null,"52":null,"53":null,"54":null,"55":null,"56":null,"57":null,"58":null,"60":null,"62":null,"63":null,"64":0.00637,"65":null,"66":null,"67":null,"68":null,"69":null,"70":null,"71":null,"72":null,"73":null,"74":null,"75":null,"76":null,"77":0.00319,"78":0.00319,"79":0.01593,"80":0.01911,"81":0.18792,"82":0.35035},"safari":{"3.1":null,"3.2":null,"4":0,"5":null,"5.1":0.2134,"6":null,"6.1":null,"7":null,"7.1":null,"8":null,"9":null,"9.1":null,"10":null,"10.1":null,"11":null,"11.1":0.00319,"12":null,"12.1":0.00319,"13":0.00637,"13.1":0.01274,"14":0.01911,"14.1":0.04459,"15":0.01911,"15.1":0.05733,"15.2":0.01274,"0":null},"edge":{"12":0.00637,"13":0.00637,"14":0.00637,"15":0.00637,"16":0.00637,"17":0.00637,"18":0.04141,"79":null,"80":null,"81":0.00637,"83":null,"84":0.01274,"85":0.00319,"86":0.00319,"87":null,"88":null,"89":0.0223,"90":0.00956,"91":0.00637,"92":0.01911,"93":0.00637,"94":0.00956,"95":0.02867,"96":0.8281},"ios_saf":{"3.2":0,"4.0-4.1":0,"4.2-4.3":0,"5.0-5.1":0,"6.0-6.1":0,"7.0-7.1":0.00695,"8":0,"8.1-8.4":0.00082,"9.0-9.2":0.00205,"9.3":0.02291,"10.0-10.2":0.00777,"10.3":0.0364,"11.0-11.2":0.02741,"11.3-11.4":0.02741,"12.0-12.1":0.03231,"12.2-12.5":0.49372,"13.0-13.1":0.02659,"13.2":0.01309,"13.3":0.07281,"13.4-13.7":0.15912,"14.0-14.4":0.54403,"14.5-14.8":1.01893,"15.0-15.1":1.39648,"15.2":0.19961},"samsung":{"4":0.86783,"5.0-5.4":0.07064,"6.2-6.4":0.08073,"7.2-7.4":0.63574,"8.2":0.09082,"9.2":0.31282,"10.1":0.14128,"11.1-11.2":0.61556,"12.0":0.32291,"13.0":0.92838,"14.0":0.93847,"15.0":1.6953},"android":{"2.1":0,"2.2":0,"2.3":0,"3":0,"4":0.00058,"4.1":0.00259,"4.2-4.3":0.02219,"4.4":0,"4.4.3-4.4.4":0.07003,"0":0},"op_mob":{"10":null,"11":null,"11.1":null,"11.5":null,"12":null,"12.1":null,"0":null},"ie":{"5.5":null,"6":null,"7":null,"8":0.03526,"9":0.01282,"10":0.00962,"11":2.88524},"ie_mob":{"10":null,"11":null},"bb":{"7":0,"10":0},"and_uc":{"0":0.14309},"op_mini":{"0":0.44512},"and_chr":{"0":54.99333},"kaios":{"2.5":0},"baidu":{"0":null},"and_ff":{"0":0.91308},"and_qq":{"10.4":0}},"total":96.79591}