{"id":"IS","name":"Iceland","month":"2016-09","access_date":"2016-10-02","data":{"firefox":{"2":null,"3":0.02892,"3.5":0.01446,"3.6":0.05061,"4":0.01446,"5":0.01446,"6":null,"7":null,"8":null,"9":0.00723,"10":null,"11":null,"12":null,"13":null,"14":null,"15":null,"16":0.02169,"17":0.01446,"18":null,"19":null,"20":null,"21":null,"22":null,"23":null,"24":0.00723,"25":null,"26":null,"27":null,"28":null,"29":0.00723,"30":null,"31":0.00723,"32":0.00723,"33":0.01446,"34":null,"35":0.11568,"36":0.00723,"37":0.02169,"38":0.05061,"39":0.04338,"40":0.02169,"41":0.05784,"42":0.20967,"43":0.28197,"44":0.03615,"45":0.26751,"46":0.10122,"47":0.61455,"48":5.83461,"49":1.38816,"50":0.04338,"51":null,"52":null},"chrome":{"4":0.00723,"5":null,"6":null,"7":null,"8":null,"9":0.01446,"10":null,"11":0.00723,"12":null,"13":null,"14":null,"15":0.01446,"16":0.01446,"17":null,"18":null,"19":null,"20":null,"21":null,"22":0.01446,"23":null,"24":null,"25":null,"26":null,"27":null,"28":null,"29":null,"30":null,"31":0.02892,"32":0.01446,"33":0.01446,"34":0.04338,"35":0.01446,"36":0.01446,"37":0.02169,"38":0.02892,"39":0.04338,"40":0.03615,"41":0.02169,"42":0.02169,"43":0.08676,"44":0.18798,"45":0.04338,"46":0.03615,"47":0.10122,"48":0.12291,"49":1.95933,"50":0.16629,"51":0.6507,"52":21.27789,"53":18.5811,"54":0.09399,"55":0.06507,"56":null},"opera":{"9":0.00723,"9.5-9.6":null,"10.0-10.1":0,"10.5":null,"10.6":null,"11":null,"11.1":null,"11.5":null,"11.6":null,"12":null,"12.1":0.07953,"15":null,"16":null,"17":null,"18":null,"19":null,"20":null,"21":null,"22":null,"23":null,"24":null,"25":0.01446,"26":null,"27":null,"28":null,"29":0.00723,"30":null,"31":null,"32":null,"33":null,"34":null,"35":null,"36":0.02892,"37":0.02169,"38":0.02892,"39":0.38319,"40":0.08676,"41":null},"safari":{"3.1":null,"3.2":null,"4":0.03615,"5":0.08676,"5.1":0.13737,"6":0.01446,"6.1":0.18075,"7":0.10122,"7.1":0.02169,"8":0.4338,"9":0.57117,"9.1":3.76683,"10":0.54225,"0":null},"ios_saf":{"3.2":0,"4.0-4.1":0,"4.2-4.3":0,"5.0-5.1":0,"6.0-6.1":0,"7.0-7.1":0.164232935415,"8":0,"8.1-8.4":0.343794278135,"9.0-9.2":0.411677224773,"9.3":6.8244259096,"10":2.98684965208},"android":{"2.1":0,"2.2":0,"2.3":0.00132933806147,"3":0,"4":0.00963770094563,"4.1":0.0345627895981,"4.2-4.3":0.0860746394799,"4.4":0.20372105792,"4.4.3-4.4.4":0.226984473995,"52":null},"ie":{"5.5":0.0072734887218,"6":null,"7":0.0145469774436,"8":0.181837218045,"9":0.123649308271,"10":0.116375819549,"11":4.39318718797},"op_mob":{"10":0,"11":0,"11.1":0,"11.5":0,"12":0,"12.1":0.000112456478405,"0":0.00472317209302},"edge":{"12":0.10845,"13":1.82196,"14":0.76638},"ie_mob":{"10":0.0758577653631,"11":0.281472234637},"bb":{"7":0.0076175,"10":null},"samsung":{"0":3.51236},"and_uc":{"0":0.02493},"op_mini":{"0":0.0671843714286},"and_chr":{"0":13.07353},"and_ff":{"0":0.07479}},"total":95.5536475}