{"id":"IS","name":"Iceland","month":"2015-04","access_date":"2015-05-02","data":{"chrome":{"4":0.008752,"5":0,"6":0,"7":0,"8":0,"9":0.008752,"10":0,"11":0.017504,"12":0.017504,"13":0,"14":0.008752,"15":0.008752,"16":0.008752,"17":0.008752,"18":0.017504,"19":0,"20":0.008752,"21":0.04376,"22":0.017504,"23":0.008752,"24":0.008752,"25":0.008752,"26":0.017504,"27":0.017504,"28":0.026256,"29":0.08752,"30":0.026256,"31":0.105024,"32":0.070016,"33":0.105024,"34":0.280064,"35":0.140032,"36":1.811664,"37":2.468064,"38":0.26256,"39":0.48136,"40":0.586384,"41":24.068,"42":16.173696,"43":0.315072,"44":0.140032,"45":0},"firefox":{"2":0,"3":0.035008,"3.5":0.008752,"3.6":0.04376,"4":0.008752,"5":0.008752,"6":0.008752,"7":0.008752,"8":0.008752,"9":0.026256,"10":0.008752,"11":0.008752,"12":0.026256,"13":0,"14":0.008752,"15":0.008752,"16":0.035008,"17":0,"18":0,"19":0.017504,"20":0.008752,"21":0.008752,"22":0,"23":0.008752,"24":0.008752,"25":0.008752,"26":0.017504,"27":0.008752,"28":0.017504,"29":0.017504,"30":0.035008,"31":1.680384,"32":1.058992,"33":0.157536,"34":0.078768,"35":0.140032,"36":2.223008,"37":8.48944,"38":0.113776,"39":0.008752,"40":0.008752},"opera":{"9":0,"9.5-9.6":0.008752,"10.0-10.1":0,"10.5":0,"10.6":0,"11":0,"11.1":0,"11.5":0,"11.6":0,"12":0,"12.1":0.26256,"15":0,"16":0,"17":0,"18":0,"19":0,"20":0,"21":0,"22":0,"23":0,"24":0.008752,"25":0,"26":0,"27":0,"28":0.595136,"29":0.04376},"safari":{"3.1":0,"3.2":0,"4":0.113776,"5":0.210048,"5.1":0.551376,"6":0.166288,"6.1":0.428848,"7":1.382816,"7.1":1.00648,"8":3.562064},"android":{"2.1":0,"2.2":0,"2.3":0.030816904204,"3":0,"4":0.0588822991041,"4.1":0.22195508385,"4.2-4.3":0.405572471399,"4.4":0.606616084539,"4.4.3-4.4.4":0.273133156903,"40":null},"ios_saf":{"3.2":0,"4.0-4.1":0,"4.2-4.3":0,"5.0-5.1":0.0460278195881,"6.0-6.1":0.116839849724,"7.0-7.1":1.75023734485,"8":0.305671930085,"8.1-8.3":9.53011905575},"op_mob":{"10":0,"11":0,"11.1":0,"11.5":0,"12":1.14713153724e-5,"12.1":4.58852614897e-5,"0":0.000229426307448},"ie":{"5.5":0,"6":0.00923725940594,"7":0.0184745188119,"8":0.840590605941,"9":0.646608158416,"10":0.775929790099,"11":7.02031714851,"0":null},"ie_mob":{"10":0.0753630967742,"11":0.216668903226},"bb":{"7":0.01092,"10":null},"and_uc":{"0":0.01248},"op_mini":{"5.0-8.0":0.0359052171157},"and_chr":{"0":5.797824},"and_ff":{"0":0.098592}},"total":98.9998374812}