{"id":"IT","name":"Italy","month":"2018-07","access_date":"2018-08-03","data":{"chrome":{"4":0,"5":0,"6":0,"7":0,"8":0,"9":0,"10":0,"11":0.005814,"12":0,"13":0,"14":0,"15":0,"16":0,"17":0,"18":0.005814,"19":0,"20":0,"21":0.005814,"22":0.011628,"23":0,"24":0.005814,"25":0,"26":0.005814,"27":0.011628,"28":0.005814,"29":0.337212,"30":0.005814,"31":0.005814,"32":0.02907,"33":0.005814,"34":0.02907,"35":0.011628,"36":0.063954,"37":0.011628,"38":0.02907,"39":0.011628,"40":0.011628,"41":0.250002,"42":0.023256,"43":0.011628,"44":0.005814,"45":0.005814,"46":0.011628,"47":0.023256,"48":0.011628,"49":0.720936,"50":0.063954,"51":0.052326,"52":0.011628,"53":0.02907,"54":0.05814,"55":0.069768,"56":0.023256,"57":0.023256,"58":0.05814,"59":0.034884,"60":0.05814,"61":0.05814,"62":0.05814,"63":0.098838,"64":0.069768,"65":0.127908,"66":0.360468,"67":16.610598,"68":0.40698,"69":0.011628,"70":0,"71":0},"firefox":{"2":0,"3":0,"3.5":0,"3.6":0.011628,"4":0,"5":0,"6":0,"7":0,"8":0,"9":0,"10":0,"11":0,"12":0,"13":0,"14":0.005814,"15":0,"16":0.011628,"17":0,"18":0,"19":0,"20":0,"21":0.017442,"22":0.005814,"23":0,"24":0.005814,"25":0.005814,"26":0,"27":0,"28":0,"29":0.005814,"30":0,"31":0.011628,"32":0,"33":0.005814,"34":0.005814,"35":0,"36":0.005814,"37":0.069768,"38":0.011628,"39":0.005814,"40":0.011628,"41":0.017442,"42":0,"43":0.011628,"44":0.005814,"45":0.023256,"46":0.005814,"47":0.023256,"48":0.255816,"49":0.011628,"50":0.017442,"51":0.017442,"52":0.331398,"53":0.098838,"54":0.023256,"55":0.023256,"56":0.052326,"57":0.02907,"58":0.034884,"59":0.05814,"60":0.511632,"61":3.098862,"62":0.034884,"63":0},"opera":{"9":0,"9.5-9.6":0,"10.0-10.1":0,"10.5":0,"10.6":0,"11":0,"11.1":0,"11.5":0,"11.6":0,"12":0.005814,"12.1":0.023256,"15":0,"16":0,"17":0,"18":0,"19":0,"20":0,"21":0,"22":0,"23":0,"24":0,"25":0,"26":0,"27":0,"28":0.02907,"29":0,"30":0,"31":0,"32":0.005814,"33":0.005814,"34":0,"35":0.005814,"36":0.017442,"37":0.005814,"38":0,"39":0,"40":0.005814,"41":0,"42":0.005814,"43":0.005814,"44":0,"45":0,"46":0,"47":0.011628,"48":0,"49":0,"50":0,"51":0,"52":0,"53":0.162792},"safari":{"3.1":0,"3.2":0,"4":0.005814,"5":0.017442,"5.1":0.034884,"6":0,"6.1":0.023256,"7":0.005814,"7.1":0,"8":0.02907,"9":0.046512,"9.1":0.168606,"10":0.081396,"10.1":0.273258,"11":0.2907,"11.1":1.930248,"12":0.017442,"0":null},"ios_saf":{"3.2":0.00164160544218,"4.0-4.1":0,"4.2-4.3":0.00492481632653,"5.0-5.1":0.0295488979592,"6.0-6.1":0.0131328435374,"7.0-7.1":0.0870050884354,"8":0.0131328435374,"8.1-8.4":0.124762013605,"9.0-9.2":0.0656642176871,"9.3":0.494123238095,"10.0-10.2":0.531880163265,"10.3":0.98824647619,"11.0-11.2":2.11767102041,"11.3-11.4":11.8277672109,"12":0.109987564626},"android":{"2.1":0,"2.2":0,"2.3":0,"3":0,"4":0,"4.1":0,"4.2-4.3":0.183870715532,"4.4":0.684918415358,"4.4.3-4.4.4":0.44818486911,"67":null},"op_mob":{"10":null,"11":null,"11.1":null,"11.5":null,"12":null,"12.1":null,"0":null},"ie":{"5.5":0,"6":0.00587789010989,"7":0.00587789010989,"8":0.111679912088,"9":0.052901010989,"10":0.0881683516484,"11":1.87504694505},"edge":{"12":0.02907,"13":0.023256,"14":0.05814,"15":0.127908,"16":0.197676,"17":1.098846,"18":null},"samsung":{"4":0.629986046512,"5":0.146996744186,"6.2":0.377991627907,"7.2":null},"bb":{"7":0.0050232,"10":0.0200928},"ie_mob":{"10":0.0575575,"11":0.3568565},"op_mini":{"0":0.206077786942},"and_chr":{"0":42.70866},"baidu":{"0":null},"and_ff":{"0":0.196742},"and_qq":{"1.2":null},"and_uc":{"0":0.414414}},"total":94.5796722055}