{"id":"JE","name":"Jersey","month":"2020-03","access_date":"2020-04-15","data":{"chrome":{"4":0,"5":0,"6":0,"7":0,"8":0,"9":0,"10":0,"11":0,"12":0,"13":0,"14":0,"15":0,"16":0,"17":0,"18":0,"19":0,"20":0,"21":0,"22":0,"23":0,"24":0,"25":0,"26":0,"27":0,"28":0,"29":0,"30":0,"31":0,"32":0,"33":0,"34":0,"35":0,"36":0,"37":0,"38":0,"39":0,"40":0,"41":0,"42":0,"43":0,"44":0,"45":0,"46":0,"47":0,"48":0,"49":0.031962,"50":0,"51":0,"52":0,"53":0.004566,"54":0,"55":0,"56":0,"57":0.009132,"58":0,"59":0,"60":0.004566,"61":0,"62":0,"63":0,"64":0,"65":0.013698,"66":0,"67":0.04566,"68":0,"69":0.004566,"70":0.004566,"71":0.004566,"72":0.02283,"73":0.004566,"74":0,"75":0.031962,"76":0.009132,"77":0.036528,"78":0.059358,"79":0.54792,"80":8.552118,"81":0.004566,"83":0,"84":null,"85":null},"firefox":{"2":0,"3":0,"3.5":0,"3.6":0,"4":0,"5":0,"6":0,"7":0,"8":0,"9":0,"10":0,"11":0,"12":0,"13":0,"14":0,"15":0,"16":0,"17":0,"18":0,"19":0,"20":0,"21":0,"22":0,"23":0.009132,"24":0,"25":0,"26":0,"27":0,"28":0,"29":0,"30":0,"31":0,"32":0,"33":0,"34":0,"35":0,"36":0,"37":0,"38":0,"39":0,"40":0,"41":0,"42":0,"43":0,"44":0,"45":0,"46":0,"47":0,"48":0.009132,"49":0,"50":0,"51":0,"52":0.004566,"53":0,"54":0,"55":0,"56":0,"57":0,"58":0,"59":0,"60":0,"61":0,"62":0,"63":0,"64":0,"65":0.004566,"66":0.004566,"67":0.013698,"68":0.077622,"69":0,"70":0,"71":0.004566,"72":0.031962,"73":0.397242,"74":0.630108,"75":0.004566,"76":0,"77":0},"opera":{"9":0,"9.5-9.6":0,"10.0-10.1":0,"10.5":0,"10.6":0,"11":0,"11.1":0,"11.5":0,"11.6":0,"12":0,"12.1":0,"15":0,"16":0,"17":0,"18":0,"19":0,"20":0,"21":0,"22":0,"23":0,"24":0,"25":0,"26":0,"27":0,"28":0,"29":0,"30":0,"31":0,"32":0,"33":0,"34":0,"35":0,"36":0,"37":0,"38":0,"39":0,"40":0,"41":0,"42":0,"43":0,"44":0,"45":0,"46":0,"47":0,"48":0,"49":0,"50":0,"51":0,"52":0,"53":0,"54":0,"55":0,"56":0,"57":0,"58":0,"60":0,"62":0,"63":0,"64":0,"65":0,"66":0.02283},"ios_saf":{"3.2":0.010054520756227,"4.0-4.1":0.0050272603781134,"4.2-4.3":0,"5.0-5.1":0.040218083024907,"6.0-6.1":0.020109041512454,"7.0-7.1":0.090490686806042,"8":0,"8.1-8.4":0.075408905671702,"9.0-9.2":0.065354384915475,"9.3":0.64851658877663,"10.0-10.2":0.17595411323397,"10.3":0.62338028688607,"11.0-11.2":0.46753521516455,"11.3-11.4":0.71889823407022,"12.0-12.1":0.96020673221967,"12.2-12.4":5.7461586121837,"13.0-13.1":1.4729872907872,"13.2":0.6736528906672,"13.3":37.915597771732,"13.4":0.54797138121436},"safari":{"3.1":0,"3.2":0,"4":0,"5":0,"5.1":0.009132,"6":0,"6.1":0,"7":0,"7.1":0,"8":0.004566,"9":0,"9.1":0.027396,"10":0.004566,"10.1":0.082188,"11":0.018264,"11.1":0.118716,"12":0.105018,"12.1":0.538788,"13":3.890232,"13.1":0.18264,"0":null},"android":{"2.1":0,"2.2":0.016773616045845,"2.3":0.0041934040114613,"3":0.0041934040114613,"4":0.041934040114613,"4.1":0.067094464183381,"4.2-4.3":0.19289658452722,"4.4":0,"4.4.3-4.4.4":1.136412487106,"80":null},"edge":{"12":0,"13":0,"14":0.004566,"15":0.04566,"16":0.02283,"17":0.054792,"18":1.502214,"79":null,"80":null},"samsung":{"4":0.13503833924051,"5.0-5.4":0,"6.2-6.4":0,"7.2-7.4":0.022506389873418,"8.2":0,"9.2":0.045012779746835,"10.1":0.97902795949367,"11.1":3.2634265316456},"op_mob":{"10":null,"11":null,"11.1":null,"11.5":null,"12":null,"12.1":null,"0":null},"ie":{"5.5":0,"6":0,"7":0,"8":0,"9":0,"10":0.004566,"11":1.068444},"ie_mob":{"10":0,"11":0.032604},"bb":{"7":0,"10":0},"baidu":{"0":null},"and_ff":{"0":0.16302},"and_uc":{"0":0.005434},"and_qq":{"1.2":0},"kaios":{"2.5":0},"op_mini":{"0":0.046301041237113},"and_chr":{"0":22.699608}},"total":97.404395041237}