{"id":"JE","name":"Jersey","month":"2015-09","access_date":"2015-10-02","data":{"firefox":{"2":0,"3":0,"3.5":0,"3.6":0.013956,"4":0.006978,"5":0,"6":0,"7":0,"8":0,"9":0,"10":0.006978,"11":0.006978,"12":0.013956,"13":0.006978,"14":0,"15":0,"16":0.006978,"17":0,"18":0.006978,"19":0.013956,"20":0.006978,"21":0,"22":0,"23":0,"24":0,"25":0,"26":0,"27":0.020934,"28":0.006978,"29":0.006978,"30":0.03489,"31":0.020934,"32":0.006978,"33":0.111648,"34":0.006978,"35":0.020934,"36":0.020934,"37":0.062802,"38":0.083736,"39":0.24423,"40":4.975314,"41":0.446592,"42":0.013956,"43":0,"44":0},"chrome":{"4":0,"5":0,"6":0,"7":0,"8":0.006978,"9":0,"10":0,"11":0.027912,"12":0.006978,"13":0,"14":0,"15":0,"16":0,"17":0,"18":0,"19":0,"20":0,"21":0,"22":0.041868,"23":0,"24":0.006978,"25":0.006978,"26":0.006978,"27":0.027912,"28":0.006978,"29":0,"30":0.006978,"31":0.020934,"32":0.013956,"33":0.048846,"34":0.020934,"35":0.020934,"36":0.041868,"37":0.013956,"38":0.03489,"39":0.062802,"40":0.03489,"41":0.027912,"42":0.076758,"43":0.27912,"44":3.168012,"45":17.319396,"46":0.083736,"47":0.076758,"48":0},"opera":{"9":0.006978,"9.5-9.6":0,"10.0-10.1":0,"10.5":0,"10.6":0,"11":0,"11.1":0,"11.5":0.006978,"11.6":0,"12":0,"12.1":0.041868,"15":0,"16":0,"17":0,"18":0,"19":0,"20":0,"21":0,"22":0,"23":0,"24":0.013956,"25":0,"26":0,"27":0,"28":0.006978,"29":0,"30":0.006978,"31":0.10467,"32":0.083736,"33":0,"34":0},"safari":{"3.1":0,"3.2":0,"4":0.03489,"5":0.17445,"5.1":0.983898,"6":0.083736,"6.1":0.544284,"7":0.38379,"7.1":0.97692,"8":4.619436,"9":0.125604},"android":{"2.1":0,"2.2":0,"2.3":0.023238521228,"3":0,"4":0.0704417674722,"4.1":0.245093778576,"4.2-4.3":0.519235708687,"4.4":0.921552607446,"4.4.3-4.4.4":0.44407361659,"44":null},"ios_saf":{"3.2":0,"4.0-4.1":0,"4.2-4.3":0,"5.0-5.1":0.0703172867528,"6.0-6.1":0.0639248061389,"7.0-7.1":2.04239755614,"8":0.284465387318,"8.1-8.4":20.0180530424,"9":9.17640592124},"op_mob":{"10":0,"11":0,"11.1":0,"11.5":0,"12":0.00522904754148,"12.1":0.010458095083,"0":0.183016663952},"ie":{"5.5":0,"6":0.00698124860335,"7":0.0209437458101,"8":0.837749832402,"9":1.22869975419,"10":1.64059342179,"11":11.2537727486},"bb":{"7":0.03022,"10":null},"ie_mob":{"10":0.177807945946,"11":0.762034054054},"and_uc":{"0":0.628576},"op_mini":{"5.0-8.0":2.03455419342},"and_chr":{"0":8.701102},"and_ff":{"0":0.111814},"edge":{"12":1.123458,"13":null}},"total":98.5031307514}