{"id":"JM","name":"Jamaica","month":"2015-04","access_date":"2015-05-02","data":{"chrome":{"4":0,"5":0,"6":0.028952,"7":0,"8":0,"9":0,"10":0.014476,"11":0.07238,"12":0.021714,"13":0.007238,"14":0.007238,"15":0.014476,"16":0.014476,"17":0,"18":0.057904,"19":0,"20":0.021714,"21":0.03619,"22":0.130284,"23":0.007238,"24":0.007238,"25":0.021714,"26":0.050666,"27":0.028952,"28":0.03619,"29":0.079618,"30":0.028952,"31":0.151998,"32":0.18095,"33":0.21714,"34":0.159236,"35":0.246092,"36":2.055592,"37":0.369138,"38":0.347424,"39":1.23046,"40":0.75999,"41":20.657252,"42":14.309526,"43":0.607992,"44":0.3619,"45":0},"firefox":{"2":0,"3":0.021714,"3.5":0.007238,"3.6":0.057904,"4":0.014476,"5":0.007238,"6":0.007238,"7":0.021714,"8":0.007238,"9":0.007238,"10":0.014476,"11":0.086856,"12":0.028952,"13":0.014476,"14":0.007238,"15":0.021714,"16":0.021714,"17":0.021714,"18":0.007238,"19":0.007238,"20":0.028952,"21":0.021714,"22":0.014476,"23":0.007238,"24":0.043428,"25":0.007238,"26":0.021714,"27":0.014476,"28":0.021714,"29":0.057904,"30":0.043428,"31":0.18095,"32":0.115808,"33":0.057904,"34":0.094094,"35":0.238854,"36":1.852928,"37":5.848304,"38":0.7238,"39":0.014476,"40":0.014476},"opera":{"9":0,"9.5-9.6":0,"10.0-10.1":0,"10.5":0,"10.6":0,"11":0,"11.1":0,"11.5":0,"11.6":0.007238,"12":0.007238,"12.1":0.101332,"15":0,"16":0,"17":0,"18":0,"19":0,"20":0,"21":0.014476,"22":0,"23":0,"24":0.007238,"25":0,"26":0.014476,"27":0.014476,"28":1.078462,"29":0.07238},"safari":{"3.1":0,"3.2":0,"4":0.028952,"5":0.115808,"5.1":0.21714,"6":0.043428,"6.1":0.115808,"7":0.173712,"7.1":0.282282,"8":0.825132},"android":{"2.1":0,"2.2":0,"2.3":0.234717110958,"3":0,"4":0.448477337009,"4.1":1.69052204916,"4.2-4.3":3.08904483529,"4.4":4.62029455915,"4.4.3-4.4.4":2.08032010843,"40":null},"ios_saf":{"3.2":0,"4.0-4.1":0,"4.2-4.3":0,"5.0-5.1":0.0222949229533,"6.0-6.1":0.0565948044199,"7.0-7.1":0.847778736916,"8":0.148061154997,"8.1-8.3":4.61619238071},"op_mob":{"10":0,"11":0,"11.1":0,"11.5":0,"12":0.000229364183835,"12.1":0.000917456735341,"0":0.0045872836767},"ie":{"5.5":0,"6":0.014553068323,"7":0.0509357391304,"8":0.807695291925,"9":0.705823813665,"10":0.865907565217,"11":5.71207931677,"0":null},"ie_mob":{"10":0.186034064516,"11":0.534847935484},"bb":{"7":0.205769,"10":null},"and_uc":{"0":0.820314},"op_mini":{"5.0-8.0":0.717909895404},"and_chr":{"0":13.273376},"and_ff":{"0":0.168482}},"total":97.193127795}