{"id":"JM","name":"Jamaica","month":"2016-04","access_date":"2016-05-03","data":{"firefox":{"2":0,"3":0.012864,"3.5":0.012864,"3.6":0.019296,"4":0.012864,"5":0.006432,"6":0.019296,"7":0.019296,"8":0.006432,"9":0,"10":0.03216,"11":0.012864,"12":0.012864,"13":0.006432,"14":0,"15":0,"16":0.006432,"17":0.012864,"18":0.006432,"19":0.006432,"20":0,"21":0.006432,"22":0.006432,"23":0.006432,"24":0.006432,"25":0.006432,"26":0,"27":0.006432,"28":0.006432,"29":0.012864,"30":0.006432,"31":0.012864,"32":0.012864,"33":0.012864,"34":0.025728,"35":0.012864,"36":0.012864,"37":0.038592,"38":0.057888,"39":0.051456,"40":0.070752,"41":0.057888,"42":0.115776,"43":0.212256,"44":0.302304,"45":5.994624,"46":0.527424,"47":0.03216,"48":0.006432,"49":0},"chrome":{"4":0,"5":0,"6":0.006432,"7":0.006432,"8":0,"9":0,"10":0.006432,"11":0.045024,"12":0.012864,"13":0,"14":0,"15":0,"16":0.006432,"17":0,"18":0.03216,"19":0,"20":0.006432,"21":0.025728,"22":0.147936,"23":0,"24":0.006432,"25":0.006432,"26":0.019296,"27":0.006432,"28":0.038592,"29":0.405216,"30":0.006432,"31":0.045024,"32":0.019296,"33":0.03216,"34":0.057888,"35":0.03216,"36":0.051456,"37":0.057888,"38":0.03216,"39":0.102912,"40":0.03216,"41":0.038592,"42":0.038592,"43":0.154368,"44":0.102912,"45":0.559584,"46":0.205824,"47":0.270144,"48":0.636768,"49":30.449088,"50":2.566368,"51":0.443808,"52":0.057888,"53":0},"opera":{"9":0,"9.5-9.6":0,"10.0-10.1":0,"10.5":0,"10.6":0,"11":0,"11.1":0,"11.5":0,"11.6":0,"12":0,"12.1":0.057888,"15":0,"16":0,"17":0,"18":0,"19":0,"20":0,"21":0,"22":0,"23":0,"24":0.006432,"25":0,"26":0,"27":0.012864,"28":0,"29":0.083616,"30":0.006432,"31":0.006432,"32":0.006432,"33":0.019296,"34":0.051456,"35":0.090048,"36":0.913344,"37":0,"38":0},"safari":{"3.1":0,"3.2":0,"4":0.012864,"5":0.025728,"5.1":0.06432,"6":0.025728,"6.1":0.038592,"7":0.012864,"7.1":0.025728,"8":0.180096,"9":0.636768,"9.1":0.681792,"0":null},"android":{"2.1":0,"2.2":0,"2.3":0.0384324146868,"3":0,"4":0.230594488121,"4.1":0.773452345572,"4.2-4.3":1.79911741253,"4.4":3.90329211663,"4.4.3-4.4.4":2.15221522246,"47":null},"ios_saf":{"3.2":0,"4.0-4.1":0,"4.2-4.3":0,"5.0-5.1":0,"6.0-6.1":0.0172619681251,"7.0-7.1":0.177976843772,"8":0,"8.1-8.4":0.449406411532,"9.0-9.2":1.45298152391,"9.3":3.76608525266},"ie":{"5.5":0,"6":0.0195187532468,"7":0.0130125021645,"8":0.370856311688,"9":0.266756294372,"10":0.273262545455,"11":3.53289433766},"op_mob":{"10":0,"11":0,"11.1":0,"11.5":0,"12":0,"12.1":0.000173770167354,"0":0.00590818569003},"ie_mob":{"10":0.393309767442,"11":0.452306232558},"edge":{"12":0.35376,"13":1.64016,"14":0.006432},"bb":{"7":0.23192,"10":null},"and_uc":{"0":3.600112},"op_mini":{"5.0-8.0":1.78505404414},"and_chr":{"0":20.769856},"and_ff":{"0":0.049952}},"total":96.0842687446}