{"id":"JO","name":"Jordan","month":"2018-02","access_date":"2018-03-03","data":{"chrome":{"4":0,"5":0,"6":0,"7":0,"8":0,"9":0,"10":0,"11":0.00459,"12":0,"13":0,"14":0,"15":0,"16":0,"17":0.00459,"18":0,"19":0.1836,"20":0,"21":0.00459,"22":0.00459,"23":0.00459,"24":0.56457,"25":0.00459,"26":0.00459,"27":0.00459,"28":0.00459,"29":0.44982,"30":0.18819,"31":0.00459,"32":0.00459,"33":0.00918,"34":0.00459,"35":0.38097,"36":0.00459,"37":0,"38":0.00459,"39":0,"40":0.00918,"41":0.00459,"42":0,"43":0.06885,"44":0.00459,"45":0.00459,"46":0.00918,"47":0.00918,"48":0.00918,"49":0.35802,"50":0.00459,"51":0.00459,"52":0.00459,"53":0.01377,"54":0.00918,"55":0.09639,"56":0.02754,"57":0.05967,"58":0.06885,"59":0.02754,"60":0.05049,"61":0.05967,"62":0.07803,"63":5.73291,"64":5.8752,"65":0.02295,"66":0.00918,"67":0},"firefox":{"2":0.19737,"3":0,"3.5":0,"3.6":0.00459,"4":0,"5":0,"6":0,"7":0,"8":0,"9":0,"10":0,"11":0,"12":0,"13":0,"14":0,"15":0.1836,"16":0,"17":0,"18":0.16065,"19":0,"20":0,"21":0.1836,"22":0,"23":0.1836,"24":0,"25":0.33966,"26":0,"27":0.00459,"28":0,"29":0,"30":0,"31":0,"32":0,"33":0,"34":0,"35":0,"36":0,"37":0,"38":0,"39":0.00459,"40":0.01836,"41":0,"42":0,"43":0.00459,"44":0.00918,"45":0,"46":0,"47":0.00918,"48":0.06426,"49":0.00459,"50":0.00459,"51":0.00459,"52":0.05049,"53":0.00459,"54":0.00459,"55":0.00459,"56":0.01377,"57":0.07344,"58":0.93636,"59":0.04131,"60":0,"61":0},"opera":{"9":0,"9.5-9.6":0,"10.0-10.1":0.19737,"10.5":0,"10.6":0,"11":0,"11.1":0,"11.5":0,"11.6":0,"12":0,"12.1":0,"15":0,"16":0,"17":0,"18":0,"19":0.00459,"20":0,"21":0,"22":0.00459,"23":0,"24":0,"25":0,"26":0,"27":0,"28":0,"29":0,"30":0,"31":0,"32":0,"33":0,"34":0,"35":0,"36":0.00459,"37":0.01836,"38":0,"39":0,"40":0,"41":0,"42":0,"43":0.00918,"44":0,"45":0.01836,"46":0,"47":0,"48":0.00459,"49":0.00918,"50":0.2295,"51":0.06426,"52":0},"safari":{"3.1":0,"3.2":0,"4":0,"5":0.17901,"5.1":0.00459,"6":0,"6.1":0,"7":0,"7.1":0,"8":0.00459,"9":0.01377,"9.1":0.03672,"10":0.03213,"10.1":0.12852,"11":0.33966,"11.1":0.00459,"0":null},"ios_saf":{"3.2":0.000926135840752,"4.0-4.1":0,"4.2-4.3":0.00833522256677,"5.0-5.1":0.0138920376113,"6.0-6.1":0.00833522256677,"7.0-7.1":0.0407499769931,"8":0.0203749884965,"8.1-8.4":0.0777954106232,"9.0-9.2":0.0657556446934,"9.3":0.364897521256,"10.0-10.2":0.473255414624,"10.3":1.03449373412,"11.0-11.2":7.14976869061,"11.3":null},"android":{"2.1":0,"2.2":0,"2.3":0,"3":0,"4":0,"4.1":0.153690931264,"4.2-4.3":0.446005055432,"4.4":1.31089323725,"4.4.3-4.4.4":0.807630776053,"62":null},"op_mob":{"10":null,"11":null,"11.1":null,"11.5":null,"12":null,"12.1":null,"0":null},"ie":{"5.5":0,"6":0.00460275,"7":0,"8":0.41885025,"9":0.41885025,"10":0.4142475,"11":0.40043925},"edge":{"12":0.00918,"13":0.02295,"14":0.05049,"15":0.06885,"16":0.28917,"17":0.00459},"samsung":{"4":1.8864060049,"5":0.418068357843,"6.2":1.85581563725},"ie_mob":{"10":0.04328,"11":0.19476},"bb":{"7":0.001082,"10":0.004328},"and_uc":{"0":0.86019},"op_mini":{"0":0.701691872852},"and_chr":{"0":58.02943},"baidu":{"0":null},"and_ff":{"0":0.15148},"and_qq":{"1.2":null}},"total":96.5075218729}