{"id":"JO","name":"Jordan","month":"2018-04","access_date":"2018-05-06","data":{"chrome":{"4":0,"5":0,"6":0,"7":0,"8":0,"9":0,"10":0,"11":0.004922,"12":0,"13":0,"14":0,"15":0,"16":0,"17":0.004922,"18":0.004922,"19":0.004922,"20":0,"21":0.004922,"22":0.004922,"23":0.004922,"24":0.575874,"25":0,"26":0,"27":0.004922,"28":0.004922,"29":0.019688,"30":0.285476,"31":0.004922,"32":0.004922,"33":0.009844,"34":0.004922,"35":0.59064,"36":0.004922,"37":0,"38":0.004922,"39":0.004922,"40":0.014766,"41":0,"42":0.009844,"43":0.039376,"44":0.004922,"45":0.004922,"46":0.009844,"47":0.009844,"48":0.004922,"49":0.462668,"50":0.004922,"51":0.004922,"52":0.004922,"53":0.009844,"54":0.014766,"55":0.029532,"56":0.019688,"57":0.014766,"58":0.078752,"59":0.029532,"60":0.132894,"61":0.054142,"62":0.054142,"63":0.157504,"64":0.310086,"65":12.930094,"66":2.037708,"67":0.02461,"68":0.004922,"69":0},"firefox":{"2":0.290398,"3":0,"3.5":0,"3.6":0,"4":0,"5":0,"6":0.004922,"7":0,"8":0,"9":0,"10":0,"11":0,"12":0,"13":0,"14":0,"15":0.265788,"16":0,"17":0,"18":0,"19":0,"20":0,"21":0,"22":0,"23":0.280554,"24":0,"25":0,"26":0,"27":0.009844,"28":0,"29":0,"30":0.004922,"31":0,"32":0,"33":0,"34":0,"35":0,"36":0,"37":0,"38":0,"39":0,"40":0.014766,"41":0,"42":0,"43":0.004922,"44":0.004922,"45":0.004922,"46":0,"47":0.009844,"48":0.078752,"49":0.004922,"50":0.004922,"51":0,"52":0.059064,"53":0.009844,"54":0.004922,"55":0.004922,"56":0.014766,"57":0.019688,"58":0.039376,"59":1.220656,"60":0.04922,"61":0},"opera":{"9":0,"9.5-9.6":0,"10.0-10.1":0.280554,"10.5":0,"10.6":0,"11":0,"11.1":0,"11.5":0,"11.6":0,"12":0,"12.1":0,"15":0,"16":0,"17":0,"18":0,"19":0,"20":0,"21":0,"22":0.004922,"23":0,"24":0,"25":0,"26":0,"27":0,"28":0,"29":0,"30":0.004922,"31":0,"32":0,"33":0.004922,"34":0,"35":0,"36":0,"37":0.014766,"38":0,"39":0,"40":0,"41":0,"42":0,"43":0.004922,"44":0,"45":0.004922,"46":0.004922,"47":0,"48":0,"49":0,"50":0,"51":0.029532,"52":0.364228},"safari":{"3.1":0,"3.2":0,"4":0,"5":0.004922,"5.1":0.004922,"6":0,"6.1":0,"7":0.004922,"7.1":0,"8":0.014766,"9":0.009844,"9.1":0.054142,"10":0.044298,"10.1":0.137816,"11":0.241178,"11.1":0.310086,"0":null},"ios_saf":{"3.2":0.000920793027449,"4.0-4.1":0,"4.2-4.3":0.0018415860549,"5.0-5.1":0.0211782396313,"6.0-6.1":0.0138118954117,"7.0-7.1":0.0515644095372,"8":0.0138118954117,"8.1-8.4":0.0837921654979,"9.0-9.2":0.0524852025646,"9.3":0.379366727309,"10.0-10.2":0.341614213184,"10.3":0.762416626728,"11.0-11.2":4.11226166059,"11.3":3.35629058505},"android":{"2.1":0,"2.2":0,"2.3":0,"3":0,"4":0,"4.1":0.139940837027,"4.2-4.3":0.432840263364,"4.4":1.1878698957,"4.4.3-4.4.4":0.735503003911,"62":null},"op_mob":{"10":null,"11":null,"11.1":null,"11.5":null,"12":null,"12.1":null,"0":null},"ie":{"5.5":0,"6":0.039376,"7":0,"8":0.127972,"9":0.310086,"10":0.044298,"11":0.452824},"edge":{"12":0.009844,"13":0.014766,"14":0.034454,"15":0.039376,"16":0.477434,"17":0,"18":null},"samsung":{"4":1.42184,"5":0.274212,"6.2":1.564024},"bb":{"7":0.0010156,"10":0.0040624},"ie_mob":{"10":0.0216661333333,"11":0.140829866667},"baidu":{"0":null},"and_ff":{"0":0.147262},"and_qq":{"1.2":null},"and_uc":{"0":1.127316},"op_mini":{"0":0.764396051546},"and_chr":{"0":55.843436}},"total":96.5345740515}