{"id":"JP","name":"Japan","month":"2015-11","access_date":"2015-12-02","data":{"chrome":{"4":0,"5":0,"6":0,"7":0,"8":0,"9":0,"10":0,"11":0.031085,"12":0,"13":0,"14":0,"15":0,"16":0,"17":0.043519,"18":0.006217,"19":0,"20":0,"21":0.018651,"22":0.006217,"23":0,"24":0,"25":0.006217,"26":0.006217,"27":0.018651,"28":0.006217,"29":0.006217,"30":0.006217,"31":0.211378,"32":0.012434,"33":0.024868,"34":0.018651,"35":0.024868,"36":0.018651,"37":0.018651,"38":0.031085,"39":0.049736,"40":0.031085,"41":0.06217,"42":0.118123,"43":0.180293,"44":0.174076,"45":0.354369,"46":18.769123,"47":0.080821,"48":0.080821,"49":0.006217,"50":0},"firefox":{"2":0.006217,"3":0.006217,"3.5":0.006217,"3.6":0.031085,"4":0,"5":0,"6":0.006217,"7":0,"8":0,"9":0,"10":0.012434,"11":0.006217,"12":0.018651,"13":0.006217,"14":0.006217,"15":0.006217,"16":0.043519,"17":0.006217,"18":0.006217,"19":0.012434,"20":0.006217,"21":0.012434,"22":0.006217,"23":0.006217,"24":0.018651,"25":0.006217,"26":0.006217,"27":0.006217,"28":0.024868,"29":0.018651,"30":0.012434,"31":0.049736,"32":0.012434,"33":0.049736,"34":0.031085,"35":0.080821,"36":0.037302,"37":0.049736,"38":0.167859,"39":0.142991,"40":0.161642,"41":2.070261,"42":5.732074,"43":0.068387,"44":0.018651,"45":0},"opera":{"9":0,"9.5-9.6":0,"10.0-10.1":0,"10.5":0,"10.6":0,"11":0,"11.1":0,"11.5":0,"11.6":0.006217,"12":0.006217,"12.1":0.205161,"15":0,"16":0,"17":0,"18":0,"19":0,"20":0,"21":0,"22":0,"23":0,"24":0,"25":0.006217,"26":0,"27":0,"28":0.018651,"29":0.006217,"30":0.012434,"31":0.006217,"32":0.068387,"33":0.404105,"34":0.006217,"35":0},"safari":{"3.1":0,"3.2":0,"4":0.074604,"5":0.205161,"5.1":0.571964,"6":0.12434,"6.1":0.379237,"7":0.198944,"7.1":0.217595,"8":0.640351,"9":1.945921},"android":{"2.1":0,"2.2":0,"2.3":0.0538766133737,"3":0,"4":0.0651531138473,"4.1":0.697890084865,"4.2-4.3":1.48098039553,"4.4":2.83290750786,"4.4.3-4.4.4":1.48348628452,"46":null},"ios_saf":{"3.2":0,"4.0-4.1":0,"4.2-4.3":0,"5.0-5.1":0.0660481755206,"6.0-6.1":0.0550401462671,"7.0-7.1":1.4420518322,"8":0.203648541188,"8.1-8.4":5.27009400508,"9.0-9.1":20.0566292997},"op_mob":{"10":0,"11":0,"11.1":0,"11.5":0,"12":9.5222513089e-6,"12.1":1.90445026178e-5,"0":0.000466590314136},"ie":{"5.5":0,"6":0.0499292120427,"7":0.0748938180641,"8":1.06723690741,"9":1.36057102816,"10":0.861278907737,"11":15.7901133085},"bb":{"7":0.00094575,"10":null},"ie_mob":{"10":0.00419419565217,"11":0.0185038043478},"edge":{"12":null,"13":null,"14":null},"and_uc":{"0":0.139971},"op_mini":{"5.0-8.0":0.0562498429319},"and_chr":{"0":9.743122},"and_ff":{"0":0.022698}},"total":97.4023589319}