{"id":"JP","name":"Japan","month":"2014-12","access_date":"2015-01-01","data":{"chrome":{"4":null,"5":null,"6":null,"7":null,"8":null,"9":null,"10":null,"11":0.055792,"12":null,"13":null,"14":null,"15":null,"16":null,"17":0.027896,"18":0.006974,"19":null,"20":null,"21":0.027896,"22":0.013948,"23":0.013948,"24":0.006974,"25":0.013948,"26":0.020922,"27":0.048818,"28":0.020922,"29":0.020922,"30":0.076714,"31":0.376596,"32":0.041844,"33":0.132506,"34":0.132506,"35":0.20922,"36":0.27896,"37":0.404492,"38":0.676478,"39":19.436538,"40":0.097636,"41":0.097636,"42":null},"firefox":{"2":null,"3":0.013948,"3.5":null,"3.6":0.055792,"4":null,"5":null,"6":null,"7":null,"8":null,"9":null,"10":0.013948,"11":0.013948,"12":0.03487,"13":null,"14":0.013948,"15":0.013948,"16":0.06974,"17":0.013948,"18":0.013948,"19":0.013948,"20":0.013948,"21":0.013948,"22":0.03487,"23":0.013948,"24":0.041844,"25":0.020922,"26":0.041844,"27":0.06974,"28":0.097636,"29":0.048818,"30":0.062766,"31":0.24409,"32":0.188298,"33":2.315368,"34":6.492794,"35":0.083688,"36":0.006974,"37":null},"opera":{"9":null,"9.5-9.6":null,"10.0-10.1":0,"10.5":null,"10.6":null,"11":null,"11.1":null,"11.5":null,"11.6":0.006974,"12":0.006974,"12.1":0.320804,"15":null,"16":null,"17":null,"18":null,"19":0.020922,"20":null,"21":null,"22":null,"23":null,"24":null,"25":0.006974,"26":0.38357,"27":0.006974,"28":null},"android":{"2.1":0,"2.2":0.006035221686,"2.3":0.169740609919,"3":0,"4":0.350042857788,"4.1":1.07276065469,"4.2-4.3":1.70872213985,"4.4":2.86748470356,"4.4.3-4.4.4":1.17234181251,"37":0},"safari":{"3.1":null,"3.2":null,"4":0.181324,"5":0.320804,"5.1":0.997282,"6":0.20922,"6.1":0.536998,"7":0.536998,"7.1":0.934516,"8":1.039126},"ios_saf":{"3.2":0,"4.0-4.1":0,"4.2-4.3":0,"5.0-5.1":0.111290432628,"6.0-6.1":0.460251958664,"7.0-7.1":5.45134492024,"8":1.54486210715,"8.1":11.2327885813},"op_mob":{"10":0,"11":0,"11.1":0,"11.5":0,"12":0.000124247168285,"12.1":0.000621235841424,"0":null},"ie":{"5.5":null,"6":0.0700675716299,"7":0.182175686238,"8":2.45236500705,"9":2.83072989385,"10":1.65359469047,"11":22.6458391508,"0":null},"bb":{"7":0.001513,"10":null},"ie_mob":{"10":0.01292102,"11":null},"op_mini":{"5.0-8.0":0.0870085169903},"and_chr":{"0":4.11574},"and_ff":{"0":0.054468},"and_uc":{"0":0.208794}},"total":98.27665602}