{"id":"JP","name":"Japan","month":"2019-08","access_date":"2019-09-04","data":{"chrome":{"4":0,"5":0,"6":0,"7":0,"8":0,"9":0,"10":0,"11":0,"12":0,"13":0,"14":0,"15":0,"16":0,"17":0,"18":0,"19":0,"20":0,"21":0,"22":0,"23":0,"24":0,"25":0,"26":0,"27":0,"28":0,"29":0,"30":0,"31":0,"32":0,"33":0,"34":0.006231,"35":0.012462,"36":0,"37":0.006231,"38":0.006231,"39":0,"40":0.006231,"41":0.056079,"42":0.006231,"43":0.006231,"44":0,"45":0.006231,"46":0.006231,"47":0.012462,"48":0.012462,"49":0.392553,"50":0.006231,"51":0.006231,"52":0.012462,"53":0.012462,"54":0.012462,"55":0.037386,"56":0.018693,"57":0.018693,"58":0.006231,"59":0.024924,"60":0.012462,"61":0.847416,"62":0.018693,"63":0.292857,"64":0.024924,"65":0.056079,"66":0.018693,"67":0.591945,"68":0.024924,"69":0.12462,"70":0.074772,"71":0.074772,"72":0.068541,"73":0.130851,"74":0.205623,"75":4.604709,"76":11.122335,"77":0.018693,"78":0.018693,"79":0},"firefox":{"2":0,"3":0,"3.5":0,"3.6":0,"4":0,"5":0,"6":0,"7":0,"8":0,"9":0,"10":0,"11":0,"12":0,"13":0,"14":0,"15":0,"16":0,"17":0,"18":0,"19":0,"20":0,"21":0,"22":0,"23":0,"24":0,"25":0,"26":0,"27":0,"28":0,"29":0,"30":0,"31":0,"32":0,"33":0,"34":0,"35":0,"36":0,"37":0,"38":0,"39":0,"40":0,"41":0,"42":0,"43":0,"44":0,"45":0.006231,"46":0,"47":0.006231,"48":0.099696,"49":0,"50":0.018693,"51":0.006231,"52":0.074772,"53":0.006231,"54":0.006231,"55":0.006231,"56":0.06231,"57":0.012462,"58":0.043617,"59":0.006231,"60":0.099696,"61":0.006231,"62":0.012462,"63":0.012462,"64":0.006231,"65":0.012462,"66":0.049848,"67":0.06231,"68":2.517324,"69":0.012462,"70":0,"71":0},"opera":{"9":0,"9.5-9.6":0,"10.0-10.1":0,"10.5":0,"10.6":0,"11":0,"11.1":0,"11.5":0,"11.6":0,"12":0,"12.1":0.006231,"15":0,"16":0,"17":0,"18":0,"19":0,"20":0,"21":0,"22":0,"23":0,"24":0,"25":0,"26":0,"27":0,"28":0,"29":0,"30":0,"31":0,"32":0,"33":0,"34":0,"35":0,"36":0.006231,"37":0.006231,"38":0,"39":0,"40":0,"41":0,"42":0,"43":0,"44":0,"45":0,"46":0,"47":0,"48":0,"49":0,"50":0,"51":0,"52":0,"53":0.037386,"54":0,"55":0,"56":0,"57":0,"58":0.006231,"60":0,"62":0.199392},"safari":{"3.1":0,"3.2":0,"4":0,"5":0.012462,"5.1":0.012462,"6":0,"6.1":0.006231,"7":0.006231,"7.1":0,"8":0.043617,"9":0.018693,"9.1":0.093465,"10":0.024924,"10.1":0.174468,"11":0.074772,"11.1":0.292857,"12":0.224316,"12.1":1.775835,"13":0.018693,"0":null},"ios_saf":{"3.2":0.012948286071643,"4.0-4.1":0.0086321907144287,"4.2-4.3":0,"5.0-5.1":0.034528762857715,"6.0-6.1":0.012948286071643,"7.0-7.1":0.056109239643786,"8":0.0043160953572143,"8.1-8.4":0.064741430358215,"9.0-9.2":0.060425335001001,"9.3":0.63014992215329,"10.0-10.2":0.27623010286172,"10.3":0.71647182929758,"11.0-11.2":0.83300640394237,"11.3-11.4":1.4458919446668,"12.0-12.1":2.7709332193316,"12.2-12.3":35.763166129878,"13":0.44455782179308},"android":{"2.1":0,"2.2":0.0041030091743119,"2.3":0.0034191743119266,"3":0.0013676697247706,"4":0.030772568807339,"4.1":0.11761959633028,"4.2-4.3":0.33165990825688,"4.4":0,"4.4.3-4.4.4":0.2564380733945,"67":null},"edge":{"12":0.006231,"13":0.006231,"14":0.018693,"15":0.012462,"16":0.043617,"17":1.339665,"18":1.607598,"76":null},"op_mob":{"10":null,"11":null,"11.1":null,"11.5":null,"12":null,"12.1":null,"0":null},"ie":{"5.5":0,"6":0.0063164625935162,"7":0.0063164625935162,"8":0.05053170074813,"9":0.037898775561097,"10":0.056848163341646,"11":4.9078914351621},"samsung":{"4":0.042715333333333,"5.0-5.4":0,"6.2-6.4":0,"7.2-7.4":0.0320365,"8.2":0.010678833333333,"9.2":1.0038103333333},"ie_mob":{"10":0,"11":0.011307},"bb":{"7":0,"10":0},"and_chr":{"0":19.153773},"baidu":{"0":null},"and_ff":{"0":0.128146},"and_uc":{"0":0.327903},"kaios":{"2.5":0},"and_qq":{"1.2":0.109301},"op_mini":{"0":0.12845684536082}},"total":98.139490845361}