{"id":"KE","name":"Kenya","month":"2019-05","access_date":"2019-06-04","data":{"chrome":{"4":0,"5":0,"6":0,"7":0,"8":0,"9":0,"10":0,"11":0.003714,"12":0,"13":0,"14":0,"15":0,"16":0,"17":0,"18":0,"19":0,"20":0,"21":0,"22":0,"23":0,"24":0,"25":0,"26":0,"27":0,"28":0,"29":0,"30":0,"31":0,"32":0,"33":0.003714,"34":0,"35":0,"36":0.003714,"37":0,"38":0.011142,"39":0,"40":0.007428,"41":0.003714,"42":0,"43":0.003714,"44":0,"45":0,"46":0.003714,"47":0,"48":0,"49":0.089136,"50":0.007428,"51":0,"52":0.003714,"53":0,"54":0,"55":0.007428,"56":0,"57":0.003714,"58":0.014856,"59":0,"60":0.003714,"61":0.003714,"62":0.007428,"63":0.048282,"64":0.01857,"65":0.077994,"66":0.011142,"67":0.025998,"68":0.022284,"69":0.033426,"70":0.048282,"71":0.044568,"72":0.09285,"73":1.54131,"74":5.734416,"75":0.03714,"76":0.014856,"77":0},"firefox":{"2":0,"3":0,"3.5":0,"3.6":0.003714,"4":0,"5":0,"6":0,"7":0,"8":0,"9":0,"10":0,"11":0,"12":0,"13":0,"14":0,"15":0,"16":0,"17":0,"18":0,"19":0,"20":0,"21":0,"22":0,"23":0,"24":0,"25":0,"26":0,"27":0,"28":0,"29":0,"30":0.003714,"31":0,"32":0.007428,"33":0.003714,"34":0.003714,"35":0.003714,"36":0.003714,"37":0,"38":0.003714,"39":0,"40":0.003714,"41":0,"42":0.003714,"43":0.01857,"44":0.003714,"45":0.007428,"46":0.003714,"47":0.022284,"48":0.014856,"49":0.003714,"50":0.003714,"51":0,"52":0.063138,"53":0.003714,"54":0.003714,"55":0.007428,"56":0.011142,"57":0.007428,"58":0.003714,"59":0.007428,"60":0.03714,"61":0.011142,"62":0.014856,"63":0.014856,"64":0.022284,"65":0.03714,"66":1.853286,"67":0.245124,"68":0.003714,"69":0},"opera":{"9":0,"9.5-9.6":0,"10.0-10.1":0,"10.5":0,"10.6":0,"11":0.007428,"11.1":0,"11.5":0,"11.6":0,"12":0.007428,"12.1":0.193128,"15":0.007428,"16":0.011142,"17":0,"18":0.003714,"19":0.007428,"20":0.03714,"21":0.003714,"22":0.003714,"23":0.063138,"24":0.003714,"25":0,"26":0.003714,"27":0.003714,"28":0.011142,"29":0.003714,"30":0.007428,"31":0,"32":0.007428,"33":0.011142,"34":0,"35":0.003714,"36":0.003714,"37":0.033426,"38":0.014856,"39":0,"40":0,"41":0,"42":0.007428,"43":0.007428,"44":0,"45":0.003714,"46":0,"47":0,"48":0.003714,"49":0.003714,"50":0.003714,"51":0.007428,"52":0.014856,"53":0,"54":0,"55":0,"56":0,"57":0.003714,"58":0.393684},"safari":{"3.1":0,"3.2":0,"4":0,"5":0,"5.1":0.493962,"6":0,"6.1":0,"7":0,"7.1":0,"8":0.003714,"9":0,"9.1":0.007428,"10":0.003714,"10.1":0.014856,"11":0.007428,"11.1":0.059424,"12":0.100278,"12.1":0.219126,"0":null},"ios_saf":{"3.2":0.0018438257036963,"4.0-4.1":0.0013828692777722,"4.2-4.3":0.00023047821296204,"5.0-5.1":0.0020743039166583,"6.0-6.1":0.00069143463888611,"7.0-7.1":0.0032266949814685,"8":0.022817343083242,"8.1-8.4":0.0076057810277472,"9.0-9.2":0.0050705206851648,"9.3":0.035954601222078,"10.0-10.2":0.021664952018431,"10.3":0.050474728638686,"11.0-11.2":0.058771944305319,"11.3-11.4":0.12007914895322,"12.0-12.1":0.37590996534108,"12.2":1.5930654079936},"android":{"2.1":0.013535373493976,"2.2":0.022558955823293,"2.3":0.0056397389558233,"3":0,"4":0.21769392369478,"4.1":0.058653285140562,"4.2-4.3":0.37222277108434,"4.4":0,"4.4.3-4.4.4":0.43313195180723,"67":null},"edge":{"12":0.01857,"13":0.014856,"14":0.022284,"15":0.01857,"16":0.022284,"17":0.230268,"18":0.089136,"75":null},"op_mob":{"10":null,"11":null,"11.1":null,"11.5":null,"12":null,"12.1":null,"0":null},"ie":{"5.5":0,"6":0,"7":0,"8":0.019522307692308,"9":0.0039044615384615,"10":0.0078089230769231,"11":0.12103830769231},"samsung":{"4":0.4185556097561,"5.0-5.4":0.019931219512195,"6.2-6.4":0.029896829268293,"7.2-7.4":0.099656097560976,"8.2":0.089690487804878,"9.2":0.56803975609756},"ie_mob":{"10":0.045952827586207,"11":0.28720517241379},"bb":{"7":0,"10":0.037716},"baidu":{"0":null},"and_ff":{"0":0.257726},"and_uc":{"0":0.97433},"and_qq":{"1.2":0.018858},"op_mini":{"0":31.743587154639},"and_chr":{"0":33.745186},"kaios":{"2.5":0}},"total":84.540505154639}