{"id":"KE","name":"Kenya","month":"2018-03","access_date":"2018-04-03","data":{"chrome":{"4":0,"5":0,"6":0,"7":0,"8":0,"9":0,"10":0,"11":0.003668,"12":0,"13":0,"14":0,"15":0,"16":0,"17":0,"18":0,"19":0,"20":0,"21":0,"22":0,"23":0,"24":0,"25":0,"26":0,"27":0,"28":0,"29":0.001834,"30":0,"31":0.001834,"32":0,"33":0.001834,"34":0.001834,"35":0,"36":0,"37":0.001834,"38":0.001834,"39":0,"40":0.003668,"41":0,"42":0,"43":0.003668,"44":0,"45":0,"46":0.001834,"47":0,"48":0,"49":0.040348,"50":0.003668,"51":0.001834,"52":0,"53":0.001834,"54":0.001834,"55":0.00917,"56":0.003668,"57":0.007336,"58":0.011004,"59":0.003668,"60":0.016506,"61":0.007336,"62":0.011004,"63":0.044016,"64":1.006866,"65":0.601552,"66":0.00917,"67":0.001834,"68":0},"firefox":{"2":0,"3":0,"3.5":0,"3.6":0,"4":0,"5":0,"6":0,"7":0,"8":0,"9":0,"10":0,"11":0,"12":0.001834,"13":0,"14":0,"15":0,"16":0,"17":0,"18":0,"19":0,"20":0,"21":0,"22":0,"23":0,"24":0,"25":0,"26":0,"27":0,"28":0,"29":0,"30":0.001834,"31":0.001834,"32":0.003668,"33":0.001834,"34":0.001834,"35":0.001834,"36":0.001834,"37":0.001834,"38":0.003668,"39":0.001834,"40":0.001834,"41":0.001834,"42":0.001834,"43":0.011004,"44":0.005502,"45":0.003668,"46":0.001834,"47":0.01834,"48":0.012838,"49":0.005502,"50":0.005502,"51":0.001834,"52":0.05502,"53":0.005502,"54":0.003668,"55":0.005502,"56":0.012838,"57":0.022008,"58":0.326452,"59":0.2751,"60":0.02751,"61":0},"opera":{"9":0,"9.5-9.6":0,"10.0-10.1":0,"10.5":0,"10.6":0,"11":0.001834,"11.1":0,"11.5":0,"11.6":0,"12":0.003668,"12.1":0.117376,"15":0.011004,"16":0.00917,"17":0.001834,"18":0.007336,"19":0.00917,"20":0.05502,"21":0.01834,"22":0.01834,"23":0.067858,"24":0.001834,"25":0.001834,"26":0.003668,"27":0.003668,"28":0.020174,"29":0.012838,"30":0.01834,"31":0.007336,"32":0.069692,"33":0.011004,"34":0.001834,"35":0.001834,"36":0.001834,"37":0.02751,"38":0,"39":0,"40":0,"41":0,"42":0.003668,"43":0.012838,"44":0.003668,"45":0.029344,"46":0.003668,"47":0,"48":0,"49":0.001834,"50":0.007336,"51":0.099036,"52":0.003668},"safari":{"3.1":0,"3.2":0,"4":0,"5":0,"5.1":0,"6":0,"6.1":0,"7":0,"7.1":0,"8":0.001834,"9":0.001834,"9.1":0.007336,"10":0.001834,"10.1":0.014672,"11":0.05502,"11.1":0,"0":null},"ios_saf":{"3.2":0.00012238687081,"4.0-4.1":0,"4.2-4.3":0.00012238687081,"5.0-5.1":0.00220296367457,"6.0-6.1":0.00171341619133,"7.0-7.1":0.00599695666967,"8":0.00171341619133,"8.1-8.4":0.00905662843991,"9.0-9.2":0.00685366476534,"9.3":0.0490771351946,"10.0-10.2":0.0489547483238,"10.3":0.11345262924,"11.0-11.2":0.983745667567,"11.3":null},"android":{"2.1":0,"2.2":0,"2.3":0,"3":0,"4":0,"4.1":0.115492490291,"4.2-4.3":0.351498883495,"4.4":0.991728992718,"4.4.3-4.4.4":0.610101633495,"62":null},"ie":{"5.5":0,"6":0,"7":0,"8":0.009694,"9":0.0019388,"10":0.0038776,"11":0.0523476},"op_mob":{"10":null,"11":null,"11.1":null,"11.5":null,"12":null,"12.1":null,"0":null},"edge":{"12":0.005502,"13":0.00917,"14":0.012838,"15":0.011004,"16":0.051352,"17":0},"samsung":{"4":0.836700923077,"5":0.0619778461538,"6.2":0.299559589744},"bb":{"7":0.016332,"10":0.065328},"ie_mob":{"10":0.220206741573,"11":0.759713258427},"and_ff":{"0":0.261312},"and_qq":{"1.2":null},"and_uc":{"0":6.459306},"op_mini":{"0":47.3912827835},"and_chr":{"0":22.95565},"baidu":{"0":null}},"total":86.1643251425}