{"id":"KG","name":"Kyrgyzstan","month":"2015-07","access_date":"2015-08-02","data":{"chrome":{"4":0.016701,"5":0.011134,"6":0.011134,"7":0.005567,"8":0.061237,"9":0.005567,"10":0.044536,"11":0.061237,"12":0.089072,"13":0.155876,"14":0.005567,"15":0.016701,"16":0.038969,"17":0.083505,"18":0.038969,"19":0.005567,"20":0.016701,"21":0.016701,"22":0.066804,"23":0.027835,"24":0.027835,"25":0.005567,"26":0.038969,"27":0.027835,"28":0.194845,"29":0.044536,"30":0.038969,"31":0.211546,"32":0.005567,"33":0.05567,"34":0.016701,"35":0.05567,"36":0.33402,"37":0.050103,"38":0.050103,"39":0.384123,"40":0.083505,"41":0.205979,"42":0.384123,"43":20.102437,"44":5.138341,"45":1.397317,"46":0.016701,"47":0},"firefox":{"2":0,"3":0.022268,"3.5":0.011134,"3.6":0.083505,"4":0.005567,"5":0.005567,"6":0.005567,"7":0.005567,"8":0,"9":0.005567,"10":0.011134,"11":0.038969,"12":0.022268,"13":0.005567,"14":0.005567,"15":0.005567,"16":0.005567,"17":0.011134,"18":0,"19":0.005567,"20":0.005567,"21":0.011134,"22":0.005567,"23":0.005567,"24":0.011134,"25":0.005567,"26":0.016701,"27":0.011134,"28":0,"29":0.011134,"30":0.011134,"31":0.066804,"32":0.016701,"33":0.061237,"34":0.027835,"35":0.050103,"36":0.044536,"37":0.083505,"38":0.918555,"39":2.410511,"40":0.050103,"41":0.016701,"42":0},"opera":{"9":0,"9.5-9.6":0.005567,"10.0-10.1":0,"10.5":0.005567,"10.6":0.011134,"11":0.005567,"11.1":0.016701,"11.5":0.011134,"11.6":0.27835,"12":0.061237,"12.1":1.219173,"15":0.005567,"16":0.027835,"17":0.005567,"18":0.022268,"19":0.050103,"20":0.033402,"21":0.044536,"22":0.033402,"23":0.005567,"24":0.022268,"25":0.072371,"26":0.105773,"27":0.016701,"28":0.100206,"29":0.116907,"30":4.308858,"31":0.072371,"32":0},"safari":{"3.1":0,"3.2":0,"4":0.016701,"5":0.033402,"5.1":0.027835,"6":0.005567,"6.1":0.050103,"7":0.038969,"7.1":0.077938,"8":0.617937,"9":0.011134},"android":{"2.1":0,"2.2":0,"2.3":0.0567202484508,"3":0,"4":0.178263637988,"4.1":0.6106634541,"4.2-4.3":1.20143798991,"4.4":2.14432004208,"4.4.3-4.4.4":0.920046627468,"40":null},"ios_saf":{"3.2":0,"4.0-4.1":0,"4.2-4.3":0,"5.0-5.1":0.0157080186784,"6.0-6.1":0.064680076911,"7.0-7.1":0.45091253618,"8":0.0637560758123,"8.1-8.4":5.29175429242,"9":null},"op_mob":{"10":0,"11":0,"11.1":0,"11.5":0,"12":0.0485376656227,"12.1":0.145612996868,"0":1.5046676343},"ie":{"5.5":0,"6":0.0229941304348,"7":0.0287426630435,"8":1.11521532609,"9":1.23018597826,"10":0.931262282609,"11":4.06996108696},"bb":{"7":0.01219075,"10":null},"ie_mob":{"10":0.130219375,"11":0.490400625},"and_uc":{"0":2.712996},"op_mini":{"5.0-8.0":20.6878317032},"and_chr":{"0":9.921977},"edge":{"0":0.061237},"and_ff":{"0":0.039897}},"total":95.4370642174}