{"id":"KG","name":"Kyrgyzstan","month":"2017-04","access_date":"2017-05-03","data":{"chrome":{"4":0.011422,"5":null,"6":null,"7":null,"8":0.011422,"9":null,"10":0.011422,"11":0.034266,"12":0.017133,"13":0.125642,"14":0.011422,"15":0.011422,"16":0.022844,"17":0.022844,"18":0.034266,"19":0.005711,"20":0.005711,"21":0.011422,"22":0.028555,"23":0.011422,"24":0.011422,"25":null,"26":0.005711,"27":0.017133,"28":0.017133,"29":0.017133,"30":null,"31":0.039977,"32":null,"33":null,"34":0.005711,"35":0.011422,"36":0.005711,"37":null,"38":0.051399,"39":0.034266,"40":0.062821,"41":0.022844,"42":0.045688,"43":0.125642,"44":0.028555,"45":0.108509,"46":0.011422,"47":0.062821,"48":0.039977,"49":1.393484,"50":0.028555,"51":0.085665,"52":0.028555,"53":0.125642,"54":0.079954,"55":0.462591,"56":5.613913,"57":29.64009,"58":2.461441,"59":0.131353,"60":0.005711,"61":null},"firefox":{"2":null,"3":0.011422,"3.5":0.017133,"3.6":0.085665,"4":0.005711,"5":0.005711,"6":null,"7":null,"8":null,"9":0.011422,"10":0.005711,"11":null,"12":null,"13":null,"14":null,"15":null,"16":0.005711,"17":null,"18":null,"19":null,"20":null,"21":0.011422,"22":0.011422,"23":0.005711,"24":0.005711,"25":null,"26":null,"27":null,"28":null,"29":null,"30":null,"31":null,"32":null,"33":0.011422,"34":0.011422,"35":0.011422,"36":null,"37":null,"38":null,"39":null,"40":null,"41":0.011422,"42":0.011422,"43":0.051399,"44":0.062821,"45":0.028555,"46":0.017133,"47":0.039977,"48":0.022844,"49":0.017133,"50":0.062821,"51":0.11422,"52":2.34151,"53":0.576811,"54":0.011422,"55":null,"56":null},"opera":{"9":null,"9.5-9.6":null,"10.0-10.1":0,"10.5":null,"10.6":0.017133,"11":null,"11.1":0.005711,"11.5":0.011422,"11.6":0.028555,"12":0.028555,"12.1":0.222729,"15":null,"16":null,"17":null,"18":null,"19":null,"20":null,"21":null,"22":null,"23":null,"24":null,"25":0.017133,"26":null,"27":0.017133,"28":null,"29":null,"30":null,"31":null,"32":0.011422,"33":null,"34":null,"35":null,"36":0.222729,"37":0.011422,"38":null,"39":0.017133,"40":0.05711,"41":0.017133,"42":0.091376,"43":2.501418,"44":1.747566,"45":null,"46":null},"safari":{"3.1":null,"3.2":null,"4":0.011422,"5":0.017133,"5.1":0.017133,"6":null,"6.1":0.028555,"7":0.005711,"7.1":null,"8":0.051399,"9":0.028555,"9.1":0.079954,"10":0.291261,"10.1":0.451169,"0":null},"ios_saf":{"3.2":0,"4.0-4.1":0,"4.2-4.3":0,"5.0-5.1":0,"6.0-6.1":0,"7.0-7.1":0.0559239736314,"8":0,"8.1-8.4":0.049374319062,"9.0-9.2":0.0186413245438,"9.3":0.30027647103,"10.0-10.2":2.51355589592,"10.3":1.75868301581},"android":{"2.1":0,"2.2":0,"2.3":0,"3":0,"4":0.0811688331422,"4.1":0.289888689794,"4.2-4.3":0.762987031537,"4.4":1.87615960034,"4.4.3-4.4.4":1.03432284518,"56":null},"op_mob":{"10":0,"11":0,"11.1":0,"11.5":0,"12":0,"12.1":0,"0":0.0146453658537},"ie":{"5.5":null,"6":null,"7":null,"8":0.5276964,"9":0.0816673,"10":0.0753852,"11":0.5088501},"edge":{"12":0.017133,"13":0.028555,"14":0.434036,"15":null},"bb":{"7":0.00750575,"10":null},"ie_mob":{"10":0.0477917142857,"11":0.175236285714},"op_mini":{"0":3.28788463415},"and_chr":{"0":24.61239},"and_ff":{"0":0.008578},"and_qq":{"1.2":null},"samsung":{"0":2.993722},"and_uc":{"0":3.113814}},"total":95.42952975}