{"id":"KG","name":"Kyrgyzstan","month":"2022-02","access_date":"2022-03-03","data":{"firefox":{"2":null,"3":null,"3.5":null,"3.6":null,"4":null,"5":null,"6":null,"7":null,"8":null,"9":null,"10":null,"11":null,"12":null,"13":null,"14":null,"15":null,"16":null,"17":null,"18":null,"19":null,"20":null,"21":null,"22":null,"23":null,"24":null,"25":null,"26":null,"27":null,"28":null,"29":null,"30":null,"31":null,"32":null,"33":null,"34":null,"35":null,"36":null,"37":null,"38":null,"39":null,"40":null,"41":null,"42":null,"43":null,"44":null,"45":null,"46":null,"47":null,"48":null,"49":null,"50":null,"51":null,"52":0.0158,"53":null,"54":null,"55":null,"56":null,"57":null,"58":null,"59":null,"60":null,"61":null,"62":null,"63":null,"64":null,"65":null,"66":null,"67":null,"68":null,"69":null,"70":null,"71":null,"72":0.0079,"73":null,"74":null,"75":null,"76":null,"77":null,"78":0.00395,"79":null,"80":null,"81":null,"82":null,"83":null,"84":null,"85":null,"86":null,"87":0.00395,"88":null,"89":null,"90":null,"91":0.03555,"92":null,"93":0.0079,"94":null,"95":0.01185,"96":0.20935,"97":0.2923,"98":0.0079,"99":null},"chrome":{"4":null,"5":null,"6":null,"7":null,"8":null,"9":null,"10":null,"11":null,"12":null,"13":null,"14":null,"15":null,"16":null,"17":null,"18":null,"19":null,"20":null,"21":null,"22":null,"23":null,"24":null,"25":null,"26":null,"27":null,"28":null,"29":null,"30":null,"31":null,"32":null,"33":null,"34":null,"35":null,"36":null,"37":null,"38":null,"39":null,"40":null,"41":null,"42":0.00395,"43":null,"44":null,"45":null,"46":null,"47":null,"48":null,"49":0.0395,"50":null,"51":null,"52":null,"53":null,"54":null,"55":null,"56":null,"57":0.00395,"58":null,"59":0.05925,"60":0.00395,"61":null,"62":null,"63":0.00395,"64":null,"65":null,"66":0.0079,"67":0.0079,"68":null,"69":null,"70":null,"71":0.0237,"72":0.01975,"73":null,"74":0.0316,"75":null,"76":null,"77":0.01975,"78":0.0079,"79":0.03555,"80":0.0237,"81":0.00395,"83":0.01185,"84":0.00395,"85":0.01185,"86":0.0395,"87":0.02765,"88":0.04345,"89":0.0869,"90":0.01975,"91":0.01975,"92":0.0316,"93":0.01185,"94":0.1185,"95":0.03555,"96":0.56485,"97":14.60315,"98":17.80265,"99":null,"100":0.00395,"101":null},"opera":{"9":null,"9.5-9.6":null,"10.0-10.1":0,"10.5":null,"10.6":null,"11":null,"11.1":null,"11.5":null,"11.6":null,"12":null,"12.1":null,"15":null,"16":null,"17":null,"18":null,"19":null,"20":null,"21":null,"22":null,"23":null,"24":null,"25":null,"26":null,"27":null,"28":null,"29":null,"30":null,"31":null,"32":null,"33":null,"34":null,"35":null,"36":null,"37":null,"38":null,"39":null,"40":null,"41":null,"42":0.01975,"43":null,"44":null,"45":null,"46":null,"47":null,"48":null,"49":null,"50":null,"51":null,"52":null,"53":null,"54":null,"55":null,"56":null,"57":null,"58":null,"60":null,"62":null,"63":null,"64":null,"65":null,"66":null,"67":null,"68":null,"69":null,"70":null,"71":null,"72":null,"73":null,"74":null,"75":null,"76":null,"77":0.0079,"78":null,"79":0.00395,"80":null,"81":0.00395,"82":0.16195,"83":1.14155},"edge":{"12":0.00395,"13":null,"14":null,"15":null,"16":null,"17":null,"18":0.0079,"79":null,"80":null,"81":null,"83":null,"84":null,"85":null,"86":null,"87":null,"88":null,"89":null,"90":null,"91":null,"92":null,"93":null,"94":null,"95":null,"96":0.00395,"97":0.1106,"98":0.38315},"safari":{"3.1":null,"3.2":null,"4":0,"5":null,"5.1":0.4503,"6":null,"6.1":null,"7":null,"7.1":null,"8":null,"9":null,"9.1":null,"10":null,"10.1":null,"11":null,"11.1":null,"12":null,"12.1":0.00395,"13":0.00395,"13.1":0.0553,"14":0.16195,"14.1":0.17775,"15":0.02765,"15.1":0.079,"15.2-15.3":0.1817,"15.4":0.01185,"0":null},"ios_saf":{"3.2":0,"4.0-4.1":0,"4.2-4.3":0,"5.0-5.1":0.00054,"6.0-6.1":0,"7.0-7.1":0.00326,"8":0,"8.1-8.4":0,"9.0-9.2":0,"9.3":0.0174,"10.0-10.2":0.00109,"10.3":0.01142,"11.0-11.2":0.01251,"11.3-11.4":0.00761,"12.0-12.1":0.01794,"12.2-12.5":0.27784,"13.0-13.1":0.01196,"13.2":0.00598,"13.3":0.12179,"13.4-13.7":0.09189,"14.0-14.4":0.53557,"14.5-14.8":1.11518,"15.0-15.1":1.20218,"15.2-15.3":1.98568,"15.4":0.01305},"samsung":{"4":0.31645,"5.0-5.4":0.01021,"6.2-6.4":0.07146,"7.2-7.4":0.32666,"8.2":0.08049,"9.2":0.08166,"10.1":0.02042,"11.1-11.2":0.1327,"12.0":0.10208,"13.0":0.21437,"14.0":0.2552,"15.0":0.30624,"16.0":1.1331},"android":{"2.1":0,"2.2":0,"2.3":0,"3":0,"4":0,"4.1":0.00016,"4.2-4.3":0.00033,"4.4":0,"4.4.3-4.4.4":0.00556,"0":0},"ie":{"5.5":null,"6":null,"7":null,"8":null,"9":null,"10":null,"11":0.0237},"op_mob":{"10":null,"11":null,"11.1":null,"11.5":null,"12":null,"12.1":null,"0":null},"bb":{"7":0,"10":0},"ie_mob":{"10":0.01512,"11":null},"baidu":{"0":null},"and_ff":{"0":0.03025},"and_qq":{"10.4":0},"and_uc":{"0":0.5566},"op_mini":{"0":0.35512},"and_chr":{"0":50.3731},"kaios":{"2.5":0}},"total":97.17532}