{"id":"KH","name":"Cambodia","month":"2018-01","access_date":"2018-02-05","data":{"chrome":{"4":0,"5":0,"6":0,"7":0,"8":0,"9":0,"10":0,"11":0.023108,"12":0,"13":0,"14":0,"15":0,"16":0,"17":0,"18":0.005777,"19":0,"20":0,"21":0.005777,"22":0,"23":0.005777,"24":0,"25":0,"26":0,"27":0,"28":0.005777,"29":0.017331,"30":0.005777,"31":0.017331,"32":0.005777,"33":0.034662,"34":0.005777,"35":0,"36":0.011554,"37":0,"38":0.011554,"39":0.023108,"40":0.040439,"41":0.005777,"42":0,"43":0.23108,"44":0.005777,"45":0.017331,"46":0.011554,"47":0.017331,"48":0.028885,"49":1.889079,"50":0.017331,"51":0.063547,"52":0.011554,"53":0.023108,"54":0.046216,"55":0.144425,"56":0.40439,"57":0.329289,"58":0.427498,"59":0.548815,"60":0.548815,"61":0.450606,"62":0.28885,"63":15.609454,"64":0.589254,"65":0.17331,"66":0.005777,"67":0},"firefox":{"2":0,"3":0.005777,"3.5":0,"3.6":0,"4":0,"5":0,"6":0,"7":0,"8":0,"9":0,"10":0,"11":0,"12":0.005777,"13":0.005777,"14":0,"15":0,"16":0,"17":0,"18":0,"19":0,"20":0,"21":0,"22":0,"23":0.005777,"24":0,"25":0,"26":0.005777,"27":0,"28":0.005777,"29":0.011554,"30":0.017331,"31":0.011554,"32":0.011554,"33":0.011554,"34":0.005777,"35":0.017331,"36":0.017331,"37":0.017331,"38":0.023108,"39":0.023108,"40":0.040439,"41":0.040439,"42":0.028885,"43":0.075101,"44":0.028885,"45":0.011554,"46":0.011554,"47":0.17331,"48":0.127094,"49":0.028885,"50":0.051993,"51":0.017331,"52":0.248411,"53":0.103986,"54":0.11554,"55":0.138648,"56":0.179087,"57":3.362214,"58":0.745233,"59":0.109763,"60":0,"61":0},"opera":{"9":0,"9.5-9.6":0,"10.0-10.1":0,"10.5":0,"10.6":0,"11":0,"11.1":0,"11.5":0,"11.6":0,"12":0,"12.1":0.005777,"15":0,"16":0,"17":0,"18":0,"19":0,"20":0,"21":0,"22":0.011554,"23":0,"24":0,"25":0,"26":0,"27":0,"28":0,"29":0,"30":0,"31":0,"32":0,"33":0,"34":0.005777,"35":0,"36":0.011554,"37":0.219526,"38":0,"39":0,"40":0,"41":0,"42":0,"43":0.005777,"44":0,"45":0.017331,"46":0.046216,"47":0.034662,"48":0.023108,"49":0.340843,"50":0.415944,"51":0,"52":0},"safari":{"3.1":0,"3.2":0,"4":0.005777,"5":0,"5.1":0.005777,"6":0,"6.1":0,"7":0.005777,"7.1":0,"8":0.023108,"9":0.051993,"9.1":0.046216,"10":0.132871,"10.1":0.207972,"11":0.745233,"11.1":0,"0":null},"ios_saf":{"3.2":0.00434622104208,"4.0-4.1":0,"4.2-4.3":0.0608470945892,"5.0-5.1":0.0391159893788,"6.0-6.1":0.0195579946894,"7.0-7.1":0.117347968136,"8":0.0304235472946,"8.1-8.4":0.195579946894,"9.0-9.2":0.197753057415,"9.3":0.91705263988,"10.0-10.2":1.14740235511,"10.3":2.48821154659,"11.0-11.2":16.470004639,"11.3":null},"android":{"2.1":0,"2.2":0,"2.3":0,"3":0,"4":0,"4.1":0.227179739356,"4.2-4.3":0.681539218069,"4.4":2.00175355244,"4.4.3-4.4.4":1.21734049013,"62":null},"op_mob":{"10":null,"11":null,"11.1":null,"11.5":null,"12":null,"12.1":null,"0":null},"ie":{"5.5":0,"6":0.0340064539007,"7":0.0340064539007,"8":0.224442595745,"9":0.0408077446809,"10":0.0884167801418,"11":0.537301971631},"edge":{"12":0.034662,"13":0.028885,"14":0.075101,"15":0.144425,"16":0.306181,"17":0},"samsung":{"4":1.68961837771,"5":0.412102043344,"6.2":1.21570102786},"ie_mob":{"10":0.0135136,"11":0.0540544},"bb":{"7":0.0008446,"10":0.0033784},"and_uc":{"0":1.461158},"op_mini":{"0":1.11945780069},"and_chr":{"0":31.991055},"baidu":{"0":null},"and_ff":{"0":0.223819},"and_qq":{"1.2":null}},"total":95.8603132496}