{"id":"KH","name":"Cambodia","month":"2021-06","access_date":"2021-07-04","data":{"firefox":{"2":null,"3":null,"3.5":null,"3.6":null,"4":0.0117,"5":0.0117,"6":null,"7":null,"8":null,"9":null,"10":null,"11":null,"12":null,"13":null,"14":null,"15":0.0117,"16":null,"17":0.03119,"18":null,"19":null,"20":null,"21":null,"22":null,"23":null,"24":null,"25":null,"26":null,"27":null,"28":null,"29":null,"30":null,"31":null,"32":null,"33":null,"34":null,"35":null,"36":null,"37":null,"38":null,"39":null,"40":null,"41":null,"42":null,"43":0.0078,"44":null,"45":null,"46":0.0078,"47":null,"48":0.0039,"49":null,"50":0.0039,"51":null,"52":0.0117,"53":null,"54":0.0078,"55":null,"56":0.0156,"57":0.0156,"58":null,"59":null,"60":null,"61":0.05069,"62":null,"63":null,"64":null,"65":null,"66":null,"67":0.0078,"68":0.0078,"69":null,"70":null,"71":null,"72":0.0117,"73":null,"74":null,"75":null,"76":null,"77":null,"78":0.12867,"79":0.02339,"80":0.03119,"81":0.0117,"82":0.0195,"83":0.0078,"84":0.0156,"85":0.0156,"86":0.0117,"87":0.04289,"88":0.44449,"89":1.85203,"90":0.07798,"91":null},"chrome":{"4":null,"5":null,"6":null,"7":null,"8":null,"9":null,"10":null,"11":null,"12":null,"13":null,"14":null,"15":null,"16":null,"17":null,"18":null,"19":null,"20":null,"21":null,"22":null,"23":0.0117,"24":0.0195,"25":0.0078,"26":null,"27":null,"28":null,"29":0.0039,"30":null,"31":null,"32":null,"33":null,"34":0.0039,"35":null,"36":null,"37":null,"38":0.02339,"39":null,"40":null,"41":0.03509,"42":null,"43":0.0078,"44":null,"45":null,"46":null,"47":0.0195,"48":null,"49":0.36651,"50":0.0039,"51":null,"52":null,"53":0.05849,"54":null,"55":0.0039,"56":0.02339,"57":0.0078,"58":null,"59":null,"60":null,"61":0.08578,"62":null,"63":0.02339,"64":0.0078,"65":0.0117,"66":null,"67":0.0195,"68":0.0078,"69":0.0039,"70":0.0195,"71":0.0156,"72":0.0195,"73":0.0117,"74":0.0078,"75":0.03899,"76":0.0156,"77":null,"78":0.03119,"79":0.12087,"80":0.06628,"81":0.04679,"83":0.19105,"84":0.18715,"85":0.19885,"86":0.26903,"87":0.29243,"88":0.12087,"89":0.35481,"90":2.96324,"91":20.35278,"92":0.04289,"93":0.05849,"94":null},"opera":{"9":null,"9.5-9.6":null,"10.0-10.1":0,"10.5":null,"10.6":null,"11":null,"11.1":null,"11.5":null,"11.6":null,"12":null,"12.1":0.0078,"15":null,"16":null,"17":null,"18":null,"19":null,"20":null,"21":null,"22":null,"23":null,"24":null,"25":null,"26":null,"27":null,"28":null,"29":0.0039,"30":null,"31":null,"32":null,"33":null,"34":null,"35":null,"36":0.0039,"37":null,"38":null,"39":null,"40":0.0117,"41":null,"42":null,"43":null,"44":null,"45":null,"46":0.0078,"47":null,"48":null,"49":null,"50":null,"51":null,"52":0.0078,"53":null,"54":null,"55":null,"56":null,"57":null,"58":null,"60":null,"62":null,"63":null,"64":null,"65":null,"66":null,"67":null,"68":0.0078,"69":null,"70":null,"71":0.0078,"72":0.0117,"73":0.0039,"74":0.0039,"75":0.14816,"76":0.46398,"77":0.18325},"safari":{"3.1":null,"3.2":null,"4":0,"5":null,"5.1":null,"6":null,"6.1":null,"7":null,"7.1":null,"8":null,"9":null,"9.1":null,"10":null,"10.1":0.0195,"11":0.0039,"11.1":0.0195,"12":0.0117,"12.1":0.10137,"13":0.12477,"13.1":0.41329,"14":1.50501,"14.1":1.5635,"15":0.0078,"0":null},"ios_saf":{"3.2":0,"4.0-4.1":0,"4.2-4.3":0,"5.0-5.1":0,"6.0-6.1":0.00872,"7.0-7.1":0.08426,"8":0,"8.1-8.4":0.12785,"9.0-9.2":0.02906,"9.3":0.2586,"10.0-10.2":0.06102,"10.3":0.26441,"11.0-11.2":0.14237,"11.3-11.4":0.24407,"12.0-12.1":0.22954,"12.2-12.4":0.9385,"13.0-13.1":0.20049,"13.2":0.09588,"13.3":0.58402,"13.4-13.7":1.4034,"14.0-14.4":11.69207,"14.5-14.7":10.54727},"edge":{"12":0.0078,"13":null,"14":0.0078,"15":0.0039,"16":0.0117,"17":0.0117,"18":0.08188,"79":null,"80":null,"81":null,"83":0.0039,"84":0.0117,"85":0.0156,"86":0.0117,"87":0.0117,"88":null,"89":0.02729,"90":0.05849,"91":1.79744},"samsung":{"4":0.32409,"5.0-5.4":0.05237,"6.2-6.4":0.01045,"7.2-7.4":0.0419,"8.2":0.02091,"9.2":0.03136,"10.1":0.01045,"11.1-11.2":0.04182,"12.0":0.115,"13.0":0.15682,"14.0":1.36954},"android":{"2.1":0,"2.2":0,"2.3":0,"3":0,"4":0,"4.1":0,"4.2-4.3":0.00851,"4.4":0,"4.4.3-4.4.4":0.0647,"0":0},"op_mob":{"10":null,"11":null,"11.1":null,"11.5":null,"12":null,"12.1":null,"0":null},"ie":{"5.5":null,"6":null,"7":null,"8":0.03355,"9":0.02796,"10":0.02236,"11":0.50878},"ie_mob":{"10":null,"11":null},"bb":{"7":0,"10":0},"and_uc":{"0":0.93955},"op_mini":{"0":0.6758},"and_chr":{"0":32.14885},"kaios":{"2.5":0.0061},"baidu":{"0":null},"and_ff":{"0":0.19523},"and_qq":{"10.4":0.04271}},"total":99.54944}