{"id":"KI","name":"Kiribati","month":"2020-11","access_date":"2020-12-04","data":{"firefox":{"2":0,"3":0,"3.5":0,"3.6":0,"4":0,"5":0,"6":0,"7":0,"8":0,"9":0,"10":0,"11":0,"12":0,"13":0,"14":0,"15":0,"16":0,"17":0,"18":0,"19":0,"20":0,"21":0,"22":0,"23":0,"24":0,"25":0,"26":0,"27":0,"28":0,"29":0,"30":0,"31":0,"32":0,"33":0,"34":0,"35":0,"36":0,"37":0,"38":0,"39":0,"40":0,"41":0,"42":0,"43":0.05424,"44":0,"45":0,"46":0,"47":0,"48":0,"49":0,"50":0,"51":0,"52":0,"53":0,"54":0,"55":0,"56":0.03487,"57":0,"58":0,"59":0.00775,"60":0,"61":0,"62":0,"63":0,"64":0,"65":0,"66":0,"67":0,"68":0.03099,"69":0,"70":0.01162,"71":0,"72":0,"73":0,"74":0.00387,"75":0,"76":0.00387,"77":0.00775,"78":0.01162,"79":0.14334,"80":0.03487,"81":0.04261,"82":0.85615,"83":0.31379,"84":0,"85":0},"chrome":{"4":0,"5":0,"6":0,"7":0,"8":0,"9":0,"10":0,"11":0,"12":0,"13":0,"14":0,"15":0,"16":0,"17":0,"18":0,"19":0,"20":0,"21":0,"22":0,"23":0,"24":0,"25":0,"26":0,"27":0,"28":0,"29":0,"30":0,"31":0,"32":0,"33":0.0155,"34":0,"35":0,"36":0,"37":0,"38":0,"39":0,"40":0,"41":0,"42":0,"43":0,"44":0.00387,"45":0,"46":0,"47":0,"48":0,"49":0,"50":0,"51":0,"52":0,"53":0,"54":0,"55":0,"56":0,"57":0.00775,"58":0.34479,"59":0,"60":0,"61":0,"62":0,"63":0.00387,"64":0,"65":0.02324,"66":0.00775,"67":0.00775,"68":0,"69":0.05811,"70":0,"71":0.00387,"72":0.00775,"73":0,"74":0.01937,"75":0,"76":0,"77":0,"78":0,"79":0.19757,"80":0.06198,"81":0.09685,"83":0.4765,"84":0.30992,"85":0.30605,"86":5.4081,"87":0.99949,"88":0,"89":0,"90":0},"opera":{"9":0,"9.5-9.6":0,"10.0-10.1":0,"10.5":0,"10.6":0,"11":0,"11.1":0,"11.5":0,"11.6":0,"12":0,"12.1":0,"15":0,"16":0,"17":0,"18":0,"19":0,"20":0,"21":0,"22":0,"23":0,"24":0,"25":0,"26":0,"27":0,"28":0,"29":0,"30":0,"31":0,"32":0,"33":0,"34":0,"35":0,"36":0,"37":0,"38":0,"39":0,"40":0,"41":0,"42":0,"43":0,"44":0,"45":0,"46":0,"47":0,"48":0,"49":0,"50":0.00387,"51":0,"52":0,"53":0,"54":0,"55":0,"56":0,"57":0,"58":0,"60":0,"62":0,"63":0,"64":0,"65":0,"66":0,"67":0,"68":0,"69":0,"70":0.02324,"71":0.09685,"72":0.80192},"ios_saf":{"3.2":0.02422,"4.0-4.1":0.02725,"4.2-4.3":0,"5.0-5.1":0.00404,"6.0-6.1":0,"7.0-7.1":0.00706,"8":0,"8.1-8.4":0.01413,"9.0-9.2":0.00706,"9.3":0.14533,"10.0-10.2":0.02119,"10.3":0.15239,"11.0-11.2":0.05954,"11.3-11.4":0.08881,"12.0-12.1":0.11303,"12.2-12.4":0.90326,"13.0-13.1":0.07367,"13.2":0.0333,"13.3":0.25836,"13.4-13.7":1.17272,"14.0-14.2":6.03718},"safari":{"3.1":0,"3.2":0,"4":0,"5":0,"5.1":0,"6":0,"6.1":0,"7":0,"7.1":0,"8":0,"9":0,"9.1":0,"10":0,"10.1":0,"11":0,"11.1":0,"12":0,"12.1":0,"13":0,"13.1":1.24355,"14":0,"0":null},"edge":{"12":0.01937,"13":0.00387,"14":0.0155,"15":0.00775,"16":0.22857,"17":0.04649,"18":0.1046,"79":0,"80":0,"81":0,"83":0,"84":0,"85":0.0155,"86":0.53461,"87":0.22857},"samsung":{"4":1.45761,"5.0-5.4":0.05169,"6.2-6.4":0.15506,"7.2-7.4":0.74431,"8.2":0.01034,"9.2":0.14473,"10.1":0.0827,"11.1-11.2":0.74431,"12.0":1.21984,"13.0":0.02068},"android":{"2.1":0,"2.2":0,"2.3":0.00187,"3":0,"4":0.09732,"4.1":0.14224,"4.2-4.3":0.03556,"4.4":0,"4.4.3-4.4.4":0.35373,"81":null},"op_mob":{"10":null,"11":null,"11.1":null,"11.5":null,"12":null,"12.1":null,"0":null},"ie":{"5.5":0,"6":0,"7":0,"8":0,"9":0,"10":0,"11":0.05811},"bb":{"7":0,"10":0},"ie_mob":{"10":0,"11":0},"kaios":{"2.5":0},"baidu":{"0":null},"and_ff":{"0":0.11639},"and_qq":{"10.4":0.04288},"and_uc":{"0":0.45332},"op_mini":{"0":0.0928},"and_chr":{"0":69.35533}},"total":97.81504}