{"id":"KI","name":"Kiribati","month":"2018-11","access_date":"2018-12-04","data":{"chrome":{"4":0,"5":0,"6":0,"7":0,"8":0,"9":0,"10":0,"11":0.020935,"12":0,"13":0.008374,"14":0,"15":0,"16":0,"17":0,"18":0,"19":0,"20":0,"21":0,"22":0,"23":0,"24":0,"25":0,"26":0,"27":0,"28":0,"29":0,"30":0,"31":0,"32":0,"33":0,"34":0,"35":0,"36":0,"37":0,"38":0,"39":0,"40":0,"41":0.012561,"42":0.004187,"43":0.020935,"44":0.004187,"45":0,"46":0.004187,"47":0,"48":0,"49":0.016748,"50":0,"51":0.016748,"52":0.016748,"53":0.020935,"54":0.004187,"55":0,"56":0.033496,"57":0,"58":0.012561,"59":0.008374,"60":0,"61":0,"62":0.008374,"63":0.037683,"64":0,"65":0.016748,"66":0.075366,"67":0.020935,"68":0.025122,"69":0.163293,"70":6.150703,"71":0,"72":0,"73":0},"firefox":{"2":0,"3":0.008374,"3.5":0.004187,"3.6":0,"4":0,"5":0,"6":0,"7":0,"8":0,"9":0,"10":0,"11":0,"12":0.004187,"13":0,"14":0,"15":0,"16":0.016748,"17":0,"18":0.004187,"19":0,"20":0,"21":0.004187,"22":0,"23":0,"24":0,"25":0,"26":0,"27":0,"28":0,"29":0,"30":0,"31":0.004187,"32":0,"33":0,"34":0,"35":0.008374,"36":0,"37":0,"38":0,"39":0,"40":0,"41":0,"42":0,"43":0.008374,"44":0.008374,"45":0.004187,"46":0.004187,"47":0.004187,"48":0,"49":0.004187,"50":0,"51":0.004187,"52":0.004187,"53":0,"54":0.025122,"55":0,"56":0.004187,"57":0.004187,"58":0.012561,"59":0.037683,"60":0.205163,"61":0.087927,"62":0.079553,"63":2.487078,"64":0.129797,"65":0},"opera":{"9":0,"9.5-9.6":0,"10.0-10.1":0,"10.5":0,"10.6":0,"11":0,"11.1":0,"11.5":0,"11.6":0,"12":0,"12.1":0,"15":0,"16":0,"17":0.008374,"18":0,"19":0,"20":0,"21":0,"22":0,"23":0,"24":0,"25":0,"26":0,"27":0,"28":0,"29":0,"30":0,"31":0,"32":0,"33":0,"34":0,"35":0,"36":0,"37":0.012561,"38":0,"39":0.004187,"40":0,"41":0,"42":0,"43":0,"44":0,"45":0,"46":0,"47":0,"48":0,"49":0,"50":0,"51":0,"52":0,"53":0,"54":0.025122,"55":0.004187,"56":0.104675},"safari":{"3.1":0,"3.2":0,"4":0,"5":0,"5.1":0.008374,"6":0,"6.1":0,"7":0,"7.1":0,"8":0,"9":0,"9.1":0.004187,"10":0,"10.1":0.025122,"11":0.004187,"11.1":0.004187,"12":0.037683,"0":null},"ios_saf":{"3.2":0.00057044851395977,"4.0-4.1":0,"4.2-4.3":0.00057044851395977,"5.0-5.1":0.0068453821675173,"6.0-6.1":0.0034226910837586,"7.0-7.1":0.013120315821075,"8":0.092412659261483,"8.1-8.4":0.031945116781747,"9.0-9.2":0.018254352446713,"9.3":0.13177360672471,"10.0-10.2":0.1545915472831,"10.3":0.19965697988592,"11.0-11.2":0.36052346082258,"11.3-11.4":0.95949440048034,"12-12.1":3.7273105902131},"android":{"2.1":0,"2.2":0.0014529989142237,"2.3":0.040683969598263,"3":0.0014529989142237,"4":0.18162486427796,"4.1":0.07119694679696,"4.2-4.3":0.34436074267101,"4.4":0,"4.4.3-4.4.4":0.69743947882736,"67":null},"ie":{"5.5":0,"6":0,"7":0,"8":0.020935,"9":0,"10":0.033496,"11":0.242846},"edge":{"12":0.062805,"13":0.08374,"14":0.092114,"15":0.221911,"16":0.297277,"17":1.364962,"18":null},"op_mob":{"10":null,"11":null,"11.1":null,"11.5":null,"12":null,"12.1":null,"0":null},"samsung":{"4":6.1770094668367,"5":0.47600610586735,"6.2":1.6715563252551,"7.2":null},"ie_mob":{"10":0,"11":0.023252},"bb":{"7":0,"10":0},"baidu":{"0":null},"and_ff":{"0":0.069756},"and_uc":{"0":3.383166},"and_qq":{"1.2":null},"op_mini":{"0":0.43476645532646},"and_chr":{"0":62.598516}},"total":94.408610353286}