{"id":"KM","name":"Comoros","month":"2021-12","access_date":"2022-01-03","data":{"firefox":{"2":null,"3":null,"3.5":null,"3.6":null,"4":null,"5":null,"6":null,"7":null,"8":null,"9":null,"10":null,"11":null,"12":null,"13":null,"14":null,"15":null,"16":null,"17":null,"18":null,"19":null,"20":null,"21":null,"22":null,"23":null,"24":null,"25":null,"26":null,"27":null,"28":null,"29":null,"30":null,"31":null,"32":null,"33":0.00227,"34":null,"35":null,"36":null,"37":null,"38":null,"39":null,"40":null,"41":null,"42":null,"43":null,"44":null,"45":null,"46":null,"47":null,"48":null,"49":null,"50":null,"51":null,"52":0.02494,"53":null,"54":null,"55":null,"56":0.00227,"57":null,"58":null,"59":null,"60":null,"61":0.00227,"62":null,"63":null,"64":null,"65":null,"66":null,"67":null,"68":null,"69":null,"70":null,"71":null,"72":null,"73":null,"74":null,"75":null,"76":0.00227,"77":null,"78":0.00453,"79":null,"80":null,"81":null,"82":null,"83":null,"84":0.00453,"85":0.00227,"86":null,"87":null,"88":0.00227,"89":0.0136,"90":0.01134,"91":0.03174,"92":null,"93":0.00227,"94":0.7005,"95":1.6141,"96":0.00227,"97":null},"chrome":{"4":null,"5":null,"6":null,"7":null,"8":null,"9":null,"10":null,"11":0.0068,"12":null,"13":null,"14":null,"15":null,"16":null,"17":null,"18":null,"19":null,"20":null,"21":null,"22":null,"23":null,"24":null,"25":null,"26":null,"27":null,"28":null,"29":null,"30":null,"31":null,"32":null,"33":0.00453,"34":0.00227,"35":null,"36":null,"37":null,"38":null,"39":0.00453,"40":0.00227,"41":null,"42":null,"43":0.14055,"44":null,"45":null,"46":null,"47":null,"48":null,"49":null,"50":null,"51":null,"52":null,"53":0.05668,"54":null,"55":0.0068,"56":null,"57":null,"58":null,"59":0.0068,"60":null,"61":null,"62":null,"63":0.02494,"64":0.01814,"65":null,"66":0.01134,"67":0.00453,"68":null,"69":0.00227,"70":null,"71":0.0068,"72":0.00227,"73":null,"74":0.00227,"75":null,"76":null,"77":null,"78":null,"79":0.01814,"80":0.01134,"81":0.07481,"83":0.00227,"84":0.01587,"85":null,"86":0.02494,"87":0.17909,"88":0.21083,"89":0.1927,"90":0.03174,"91":0.09748,"92":0.09975,"93":0.06348,"94":0.12242,"95":0.36499,"96":7.00276,"97":null,"98":null,"99":null},"opera":{"9":null,"9.5-9.6":null,"10.0-10.1":0,"10.5":null,"10.6":null,"11":null,"11.1":null,"11.5":null,"11.6":null,"12":null,"12.1":null,"15":null,"16":null,"17":null,"18":null,"19":null,"20":null,"21":null,"22":null,"23":null,"24":null,"25":null,"26":null,"27":null,"28":null,"29":null,"30":null,"31":null,"32":null,"33":null,"34":null,"35":null,"36":null,"37":null,"38":null,"39":null,"40":null,"41":null,"42":null,"43":null,"44":0.00227,"45":null,"46":null,"47":null,"48":null,"49":null,"50":null,"51":null,"52":null,"53":null,"54":null,"55":null,"56":null,"57":null,"58":null,"60":null,"62":null,"63":null,"64":null,"65":0.0136,"66":null,"67":null,"68":null,"69":null,"70":null,"71":null,"72":null,"73":null,"74":null,"75":null,"76":0.00453,"77":0.0068,"78":null,"79":null,"80":null,"81":0.28338,"82":1.01335},"safari":{"3.1":null,"3.2":null,"4":0,"5":null,"5.1":null,"6":null,"6.1":null,"7":null,"7.1":null,"8":null,"9":null,"9.1":null,"10":null,"10.1":0.13375,"11":0.00227,"11.1":0.07254,"12":null,"12.1":0.0068,"13":null,"13.1":0.03854,"14":0.00227,"14.1":0.07254,"15":0.00453,"15.1":0.05894,"15.2":0.0068,"0":null},"edge":{"12":0.00453,"13":0.00453,"14":0.04081,"15":0.07028,"16":null,"17":null,"18":0.03174,"79":null,"80":null,"81":0.00227,"83":null,"84":0.02494,"85":0.00453,"86":null,"87":null,"88":0.00227,"89":0.00453,"90":null,"91":0.0068,"92":0.0136,"93":0.03174,"94":0.0068,"95":0.04081,"96":1.18337},"ios_saf":{"3.2":0,"4.0-4.1":0,"4.2-4.3":0,"5.0-5.1":0,"6.0-6.1":0,"7.0-7.1":0.039,"8":0.03389,"8.1-8.4":0,"9.0-9.2":0,"9.3":0.04156,"10.0-10.2":0.00256,"10.3":0.31777,"11.0-11.2":0.19693,"11.3-11.4":0.09655,"12.0-12.1":0.00959,"12.2-12.5":1.33757,"13.0-13.1":0.08056,"13.2":0.01726,"13.3":0.05818,"13.4-13.7":0.11125,"14.0-14.4":0.98975,"14.5-14.8":2.31453,"15.0-15.1":0.65536,"15.2":0.09207},"samsung":{"4":0.39038,"5.0-5.4":0.02055,"6.2-6.4":0.03082,"7.2-7.4":0.32874,"8.2":null,"9.2":0.08218,"10.1":0.01027,"11.1-11.2":0.47256,"12.0":0.18491,"13.0":0.08218,"14.0":0.14382,"15.0":0.14382},"android":{"2.1":0,"2.2":0,"2.3":0,"3":0,"4":0,"4.1":0.00157,"4.2-4.3":0.00668,"4.4":0,"4.4.3-4.4.4":0.06133,"0":0},"op_mob":{"10":null,"11":null,"11.1":null,"11.5":null,"12":null,"12.1":null,"0":null},"ie":{"5.5":null,"6":null,"7":null,"8":null,"9":null,"10":null,"11":0.4602},"ie_mob":{"10":null,"11":null},"bb":{"7":0,"10":0},"and_uc":{"0":0.29382},"op_mini":{"0":0.7979},"and_chr":{"0":74.91884},"kaios":{"2.5":0},"baidu":{"0":null},"and_ff":{"0":0.10052},"and_qq":{"10.4":0.0232}},"total":99.38497}