{"id":"KM","name":"Comoros","month":"2021-01","access_date":"2021-02-05","data":{"firefox":{"2":0,"3":0,"3.5":0,"3.6":0.00292,"4":0,"5":0,"6":0,"7":0,"8":0,"9":0,"10":0,"11":0,"12":0,"13":0,"14":0,"15":0,"16":0,"17":0,"18":0,"19":0,"20":0,"21":0,"22":0,"23":0,"24":0,"25":0,"26":0,"27":0,"28":0,"29":0,"30":0.00292,"31":0,"32":0,"33":0,"34":0,"35":0,"36":0,"37":0,"38":0,"39":0,"40":0,"41":0.00292,"42":0,"43":0,"44":0,"45":0,"46":0,"47":0,"48":0,"49":0,"50":0,"51":0,"52":0.00292,"53":0,"54":0,"55":0,"56":0,"57":0,"58":0.00584,"59":0,"60":0,"61":0,"62":0,"63":0,"64":0,"65":0,"66":0,"67":0.00292,"68":0.00584,"69":0.00292,"70":0,"71":0,"72":0,"73":0,"74":0,"75":0,"76":0,"77":0,"78":0.00584,"79":0.00292,"80":0.00584,"81":0.06136,"82":0.00877,"83":0.00292,"84":0.72758,"85":0.09935,"86":0,"87":0},"chrome":{"4":0,"5":0,"6":0,"7":0,"8":0,"9":0,"10":0,"11":0.00292,"12":0,"13":0,"14":0,"15":0,"16":0,"17":0,"18":0,"19":0.00292,"20":0,"21":0,"22":0,"23":0,"24":0,"25":0,"26":0,"27":0,"28":0,"29":0,"30":0,"31":0,"32":0,"33":0,"34":0.01753,"35":0,"36":0.00292,"37":0,"38":0,"39":0,"40":0.00584,"41":0,"42":0,"43":0.00877,"44":0,"45":0,"46":0,"47":0.00292,"48":0,"49":0.00292,"50":0,"51":0,"52":0,"53":0,"54":0,"55":0.00292,"56":0.00292,"57":0.00877,"58":0,"59":0,"60":0,"61":0,"62":0,"63":0.00292,"64":0,"65":0.00292,"66":0,"67":0.00292,"68":0,"69":0,"70":0.00584,"71":0.00292,"72":0.01169,"73":0,"74":0,"75":0.04967,"76":0,"77":0.00292,"78":0.00292,"79":0.00584,"80":0.00292,"81":0.02045,"83":0.00292,"84":0.02045,"85":0.04383,"86":0.03506,"87":2.98044,"88":0.36525,"89":0,"90":0,"91":0},"opera":{"9":0,"9.5-9.6":0,"10.0-10.1":0,"10.5":0,"10.6":0,"11":0,"11.1":0,"11.5":0,"11.6":0,"12":0,"12.1":0,"15":0,"16":0,"17":0,"18":0,"19":0,"20":0.00292,"21":0,"22":0.00584,"23":0.00292,"24":0,"25":0,"26":0,"27":0,"28":0,"29":0,"30":0,"31":0,"32":0,"33":0,"34":0,"35":0,"36":0.00292,"37":0,"38":0,"39":0,"40":0,"41":0,"42":0,"43":0,"44":0.01461,"45":0,"46":0,"47":0,"48":0,"49":0,"50":0,"51":0,"52":0,"53":0,"54":0,"55":0,"56":0,"57":0,"58":0,"60":0,"62":0,"63":0,"64":0,"65":0,"66":0,"67":0,"68":0,"69":0,"70":0,"71":0,"72":0.00877},"ios_saf":{"3.2":0,"4.0-4.1":0,"4.2-4.3":0,"5.0-5.1":0,"6.0-6.1":0,"7.0-7.1":0.01332,"8":0.01332,"8.1-8.4":0.02049,"9.0-9.2":0,"9.3":0.00717,"10.0-10.2":0,"10.3":1.08006,"11.0-11.2":0.16908,"11.3-11.4":0.06866,"12.0-12.1":0.02357,"12.2-12.4":2.32407,"13.0-13.1":0.09018,"13.2":0.03791,"13.3":0.373,"13.4-13.7":3.54246,"14.0-14.4":2.36505},"safari":{"3.1":0,"3.2":0,"4":0,"5":0,"5.1":0,"6":0,"6.1":0,"7":0,"7.1":0,"8":0,"9":0,"9.1":0,"10":0,"10.1":0.00292,"11":0,"11.1":0,"12":0,"12.1":0.00584,"13":0,"13.1":0.00877,"14":0.03214,"0":null},"edge":{"12":0.01461,"13":0.00292,"14":0.00584,"15":0.03506,"16":0.00292,"17":0.01461,"18":0.02338,"79":0,"80":0,"81":0.00292,"83":0.00292,"84":0.03214,"85":0.00584,"86":0.00584,"87":0.17824,"88":0.06428},"android":{"2.1":0,"2.2":0,"2.3":0,"3":0,"4":0.00294,"4.1":0.02551,"4.2-4.3":0.02649,"4.4":0,"4.4.3-4.4.4":0.35811,"81":0},"samsung":{"4":0.49528,"5.0-5.4":0.07075,"6.2-6.4":0.10108,"7.2-7.4":0.23248,"8.2":0.01011,"9.2":0.37399,"10.1":0.11119,"11.1-11.2":0.42453,"12.0":0.49528,"13.0":0.49528},"op_mob":{"10":null,"11":null,"11.1":null,"11.5":null,"12":null,"12.1":null,"0":null},"ie":{"5.5":0,"6":0,"7":0,"8":0,"9":0,"10":0,"11":0.0263},"bb":{"7":0,"10":0.00708},"ie_mob":{"10":0,"11":0},"and_chr":{"0":76.52989},"kaios":{"2.5":0.01416},"baidu":{"0":null},"and_ff":{"0":0.1274},"and_qq":{"10.4":0.02123},"and_uc":{"0":0.55208},"op_mini":{"0":0.89123}},"total":96.56691}