{"id":"KM","name":"Comoros","month":"2014-11","access_date":"2014-12-01","data":{"chrome":{"4":0.03944,"5":null,"6":null,"7":null,"8":null,"9":null,"10":0.102544,"11":0.070992,"12":0.023664,"13":0.023664,"14":0.496944,"15":null,"16":0.03944,"17":null,"18":0.007888,"19":null,"20":null,"21":null,"22":0.007888,"23":0.031552,"24":0.031552,"25":0.149872,"26":0.007888,"27":0.023664,"28":0.023664,"29":0.181424,"30":0.031552,"31":0.646816,"32":0.031552,"33":2.334848,"34":0.205088,"35":0.615264,"36":7.25696,"37":0.5916,"38":22.646448,"39":10.751344,"40":0.055216,"41":null,"42":null},"firefox":{"2":0.031552,"3":0.43384,"3.5":null,"3.6":0.149872,"4":0.055216,"5":0.086768,"6":null,"7":null,"8":0.047328,"9":0.047328,"10":0.094656,"11":0.260304,"12":0.047328,"13":0.015776,"14":0.599488,"15":0.015776,"16":0.15776,"17":null,"18":0.03944,"19":0.007888,"20":0.070992,"21":0.110432,"22":0.055216,"23":0.047328,"24":0.015776,"25":0.015776,"26":0.047328,"27":0.528496,"28":0.141984,"29":0.181424,"30":1.254192,"31":0.347072,"32":3.770464,"33":10.222848,"34":0.481168,"35":0.03944,"36":null},"opera":{"9":null,"9.5-9.6":null,"10.0-10.1":0,"10.5":null,"10.6":null,"11":null,"11.1":null,"11.5":0.047328,"11.6":0.023664,"12":0.007888,"12.1":0.070992,"15":null,"16":0.007888,"17":null,"18":0.015776,"19":0.03944,"20":0.023664,"21":0.007888,"22":0.015776,"23":null,"24":0.023664,"25":0.536384,"26":0.134096,"27":null,"28":null},"android":{"2.1":0,"2.2":0.0104010003015,"2.3":0.145614004222,"3":0.00462266680068,"4":0.300473342044,"4.1":0.982316695145,"4.2-4.3":1.3717763731,"4.4":2.11313656126,"4.4.3-4.4.4":0.820523357121,"37":0},"safari":{"3.1":null,"3.2":null,"4":0,"5":0.11832,"5.1":0.212976,"6":0.102544,"6.1":0.291856,"7":0.181424,"7.1":0.07888,"8":0.126208},"ios_saf":{"3.2":0,"4.0-4.1":0,"4.2-4.3":0,"5.0-5.1":0.011744041721,"6.0-6.1":0.0529385265269,"7.0-7.1":0.639237224752,"8":0.242649969712,"8.1":0.854966237288},"op_mob":{"10":0,"11":0,"11.1":0,"11.5":0,"12":0.0201980698027,"12.1":0.100990349014,"0":null},"ie":{"5.5":null,"6":null,"7":0.0238807393838,"8":1.35324189842,"9":0.788064399667,"10":1.64777101749,"11":5.69953646628},"bb":{"7":0.010032,"10":null},"ie_mob":{"10":0.16876992,"11":null},"and_chr":{"0":4.175568},"and_ff":{"0":0.135168},"and_uc":{"0":1.186944},"op_mini":{"5.0-8.0":5.58332358118}},"total":96.3595684412}