{"id":"KM","name":"Comoros","month":"2021-10","access_date":"2021-11-04","data":{"firefox":{"2":null,"3":null,"3.5":null,"3.6":null,"4":null,"5":null,"6":null,"7":null,"8":null,"9":null,"10":null,"11":null,"12":null,"13":null,"14":null,"15":null,"16":null,"17":null,"18":null,"19":null,"20":null,"21":null,"22":null,"23":null,"24":null,"25":null,"26":null,"27":null,"28":null,"29":0.00723,"30":null,"31":null,"32":null,"33":null,"34":null,"35":null,"36":null,"37":null,"38":null,"39":null,"40":null,"41":null,"42":0.00482,"43":null,"44":null,"45":null,"46":null,"47":null,"48":null,"49":null,"50":null,"51":null,"52":0.06023,"53":null,"54":null,"55":null,"56":null,"57":null,"58":null,"59":null,"60":null,"61":0.09636,"62":null,"63":null,"64":null,"65":null,"66":null,"67":null,"68":null,"69":null,"70":null,"71":null,"72":null,"73":null,"74":null,"75":null,"76":0.00964,"77":null,"78":0.00964,"79":null,"80":null,"81":null,"82":null,"83":null,"84":0.00723,"85":0.00723,"86":null,"87":null,"88":0.0265,"89":null,"90":null,"91":0.00723,"92":0.51312,"93":1.36831,"94":null,"95":null},"chrome":{"4":null,"5":null,"6":null,"7":null,"8":null,"9":null,"10":null,"11":0.00482,"12":null,"13":null,"14":null,"15":null,"16":null,"17":null,"18":null,"19":null,"20":null,"21":null,"22":null,"23":null,"24":null,"25":null,"26":null,"27":null,"28":null,"29":null,"30":null,"31":null,"32":null,"33":0.01927,"34":null,"35":null,"36":null,"37":null,"38":null,"39":null,"40":null,"41":null,"42":null,"43":null,"44":null,"45":null,"46":null,"47":null,"48":null,"49":0.02168,"50":null,"51":null,"52":null,"53":null,"54":null,"55":0.00723,"56":null,"57":0.00723,"58":null,"59":null,"60":0.00964,"61":null,"62":null,"63":null,"64":0.00723,"65":0.05059,"66":null,"67":null,"68":0.02891,"69":0.00482,"70":0.00482,"71":0.00723,"72":null,"73":null,"74":null,"75":0.00723,"76":null,"77":null,"78":null,"79":0.01927,"80":null,"81":0.0265,"83":null,"84":null,"85":0.01927,"86":null,"87":0.32522,"88":0.00482,"89":0.07709,"90":0.15899,"91":0.07709,"92":0.18549,"93":0.27222,"94":6.97646,"95":1.75375,"96":null,"97":null,"98":null},"opera":{"9":null,"9.5-9.6":null,"10.0-10.1":0,"10.5":null,"10.6":null,"11":null,"11.1":null,"11.5":null,"11.6":null,"12":null,"12.1":null,"15":null,"16":null,"17":null,"18":null,"19":null,"20":null,"21":null,"22":null,"23":null,"24":null,"25":null,"26":null,"27":null,"28":null,"29":null,"30":null,"31":null,"32":null,"33":0.01205,"34":null,"35":null,"36":null,"37":null,"38":null,"39":null,"40":null,"41":null,"42":null,"43":null,"44":null,"45":null,"46":null,"47":null,"48":null,"49":null,"50":null,"51":null,"52":null,"53":null,"54":null,"55":null,"56":null,"57":null,"58":null,"60":null,"62":null,"63":null,"64":null,"65":0.00723,"66":null,"67":null,"68":null,"69":null,"70":null,"71":null,"72":null,"73":null,"74":null,"75":null,"76":0.27463,"77":0.04577,"78":0.03132,"79":0.33485,"80":0.23367},"ios_saf":{"3.2":0.00211,"4.0-4.1":0,"4.2-4.3":0,"5.0-5.1":0,"6.0-6.1":0,"7.0-7.1":0.0532,"8":0,"8.1-8.4":0,"9.0-9.2":0,"9.3":0.01633,"10.0-10.2":0.00211,"10.3":0.20436,"11.0-11.2":0.11482,"11.3-11.4":0.16539,"12.0-12.1":0.01053,"12.2-12.5":1.26621,"13.0-13.1":0.16591,"13.2":0.00211,"13.3":0.09586,"13.4-13.7":0.10218,"14.0-14.4":0.70368,"14.5-14.8":1.76606,"15":0.59729},"edge":{"12":0.07709,"13":0.01445,"14":0.04336,"15":0.03373,"16":0.01927,"17":0.01205,"18":0.053,"79":null,"80":null,"81":null,"83":null,"84":null,"85":0.01205,"86":null,"87":null,"88":0.01205,"89":0.03614,"90":null,"91":0.01205,"92":0.01445,"93":0.06745,"94":0.73715,"95":0.1614},"safari":{"3.1":null,"3.2":null,"4":0,"5":null,"5.1":null,"6":null,"6.1":null,"7":null,"7.1":null,"8":null,"9":null,"9.1":null,"10":0.08191,"10.1":null,"11":null,"11.1":0.00964,"12":null,"12.1":null,"13":0.03373,"13.1":0.06986,"14":0.02409,"14.1":0.43603,"15":0.03614,"0":null},"samsung":{"4":0.69637,"5.0-5.4":0.08074,"6.2-6.4":0.04037,"7.2-7.4":0.55508,"8.2":0.02149,"9.2":0.16148,"10.1":0.06055,"11.1-11.2":0.70646,"12.0":0.09083,"13.0":0.21194,"14.0":0.32295,"15.0":0.58536},"android":{"2.1":0,"2.2":0,"2.3":0,"3":0,"4":0.00404,"4.1":0.0074,"4.2-4.3":0.01816,"4.4":0,"4.4.3-4.4.4":0.12982,"0":0},"op_mob":{"10":null,"11":null,"11.1":null,"11.5":null,"12":null,"12.1":null,"0":null},"ie":{"5.5":null,"6":null,"7":null,"8":null,"9":0.00482,"10":null,"11":0.01445},"bb":{"7":0,"10":0},"ie_mob":{"10":null,"11":null},"baidu":{"0":null},"and_ff":{"0":0.23532},"and_qq":{"10.4":0.00759},"and_uc":{"0":0.24291},"op_mini":{"0":0.59649},"and_chr":{"0":74.54741},"kaios":{"2.5":0}},"total":99.7412}