{"id":"KN","name":"Saint Kitts and Nevis","month":"2020-02","access_date":"2020-03-05","data":{"chrome":{"4":0,"5":0,"6":0,"7":0,"8":0,"9":0,"10":0,"11":0,"12":0,"13":0,"14":0,"15":0,"16":0,"17":0,"18":0,"19":0,"20":0,"21":0,"22":0,"23":0,"24":0,"25":0,"26":0,"27":0,"28":0,"29":0,"30":0,"31":0,"32":0,"33":0,"34":0,"35":0,"36":0,"37":0,"38":0,"39":0,"40":0,"41":0,"42":0,"43":0,"44":0,"45":0,"46":0,"47":0,"48":0,"49":0,"50":0,"51":0,"52":0,"53":0.01093,"54":0,"55":0.005465,"56":0,"57":0,"58":0.005465,"59":0,"60":0,"61":0,"62":0,"63":0,"64":0,"65":0,"66":0,"67":0,"68":0.02186,"69":0.01093,"70":0.005465,"71":0.005465,"72":0,"73":0.071045,"74":0.005465,"75":0.03279,"76":0.005465,"77":0.016395,"78":0.15302,"79":10.465475,"80":4.61246,"81":0.01093,"82":0,"83":null},"firefox":{"2":0,"3":0,"3.5":0,"3.6":0,"4":0,"5":0,"6":0,"7":0,"8":0,"9":0,"10":0,"11":0,"12":0,"13":0,"14":0,"15":0,"16":0,"17":0,"18":0,"19":0,"20":0,"21":0,"22":0.01093,"23":0,"24":0,"25":0,"26":0,"27":0,"28":0,"29":0,"30":0,"31":0,"32":0,"33":0,"34":0,"35":0,"36":0,"37":0,"38":0,"39":0,"40":0,"41":0,"42":0,"43":0,"44":0,"45":0,"46":0,"47":0,"48":0,"49":0,"50":0,"51":0,"52":0,"53":0,"54":0,"55":0,"56":0,"57":0,"58":0,"59":0,"60":0,"61":0,"62":0.005465,"63":0,"64":0,"65":0,"66":0,"67":0,"68":0.125695,"69":0,"70":0,"71":0.038255,"72":0.694055,"73":0.04372,"74":0,"75":0},"opera":{"9":0,"9.5-9.6":0,"10.0-10.1":0,"10.5":0,"10.6":0,"11":0,"11.1":0,"11.5":0,"11.6":0,"12":0,"12.1":0,"15":0,"16":0,"17":0,"18":0,"19":0,"20":0,"21":0,"22":0,"23":0,"24":0,"25":0,"26":0,"27":0,"28":0,"29":0,"30":0,"31":0,"32":0,"33":0,"34":0,"35":0,"36":0,"37":0,"38":0,"39":0,"40":0,"41":0,"42":0,"43":0,"44":0,"45":0,"46":0,"47":0,"48":0,"49":0,"50":0,"51":0,"52":0,"53":0,"54":0,"55":0,"56":0.081975,"57":0,"58":0,"60":0,"62":0.005465,"63":0,"64":0,"65":0,"66":0.16395},"safari":{"3.1":0,"3.2":0,"4":0,"5":0,"5.1":0.005465,"6":0,"6.1":0,"7":0,"7.1":0,"8":0,"9":0,"9.1":0,"10":0.005465,"10.1":0.071045,"11":0.02186,"11.1":0.3279,"12":0.03279,"12.1":0.26232,"13":3.645155,"0":null},"ios_saf":{"3.2":0.0017021988374424,"4.0-4.1":0.0017021988374424,"4.2-4.3":0.0017021988374424,"5.0-5.1":0.011915391862097,"6.0-6.1":0.0085109941872119,"7.0-7.1":0.018724187211866,"8":0,"8.1-8.4":0.032341777911405,"9.0-9.2":0.020426386049308,"9.3":0.21788145119262,"10.0-10.2":0.066385754660253,"10.3":0.22469024654239,"11.0-11.2":0.17192208258168,"11.3-11.4":0.2893738023652,"12.0-12.1":0.41874091401082,"12.2-12.4":2.1839211084386,"13.0-13.1":0.73194550010022,"13.2":0.32682217678894,"13.3":12.255831629585},"android":{"2.1":0,"2.2":0.0046386914378029,"2.3":0.0023193457189015,"3":0.0023193457189015,"4":0.023193457189015,"4.1":0.034790185783522,"4.2-4.3":0.76306474151858,"4.4":0,"4.4.3-4.4.4":0.60534923263328,"80":null},"edge":{"12":0.005465,"13":0.005465,"14":0.016395,"15":0.016395,"16":0.038255,"17":0.08744,"18":1.568455,"79":null,"80":null},"samsung":{"4":0.19760089655172,"5.0-5.4":0,"6.2-6.4":0,"7.2-7.4":0.032933482758621,"8.2":0,"9.2":0.1536895862069,"10.1":2.6895677586207,"11.1":0.10977827586207},"op_mob":{"10":null,"11":null,"11.1":null,"11.5":null,"12":null,"12.1":null,"0":null},"ie":{"5.5":0,"6":0,"7":0,"8":0,"9":0,"10":0.005465,"11":5.317445},"ie_mob":{"10":0,"11":0},"bb":{"7":0,"10":0},"baidu":{"0":null},"and_ff":{"0":0.276635},"and_uc":{"0":0.095235},"and_qq":{"1.2":0},"kaios":{"2.5":0},"op_mini":{"0":0.85439555841924},"and_chr":{"0":46.80485}},"total":97.675815558419}