{"id":"KN","name":"Saint Kitts and Nevis","month":"2015-12","access_date":"2016-01-02","data":{"firefox":{"2":0,"3":0.015186,"3.5":0,"3.6":0,"4":0,"5":0.007593,"6":0.015186,"7":0,"8":0,"9":0.007593,"10":0.007593,"11":0.007593,"12":0,"13":0,"14":0,"15":0,"16":0.007593,"17":0,"18":0,"19":0,"20":0,"21":0.037965,"22":0.007593,"23":0.030372,"24":0.015186,"25":0.007593,"26":0,"27":0,"28":0.007593,"29":0.007593,"30":0,"31":0.007593,"32":0.007593,"33":0.007593,"34":0.068337,"35":0.022779,"36":0.007593,"37":0.053151,"38":0.045558,"39":0.045558,"40":0.121488,"41":0.091116,"42":3.637047,"43":2.384202,"44":0.068337,"45":0,"46":0},"chrome":{"4":0,"5":0,"6":0,"7":0,"8":0,"9":0,"10":0,"11":0.045558,"12":0,"13":0,"14":0,"15":0,"16":0,"17":0,"18":0,"19":0,"20":0,"21":0.007593,"22":0.07593,"23":0,"24":0,"25":0,"26":0.022779,"27":0.037965,"28":0.015186,"29":0.022779,"30":0.037965,"31":0.030372,"32":0.068337,"33":0.030372,"34":0.022779,"35":0.022779,"36":0.174639,"37":0.053151,"38":0.068337,"39":0.045558,"40":0.015186,"41":0.060744,"42":0.341685,"43":0.098709,"44":0.212604,"45":0.258162,"46":8.321928,"47":28.435785,"48":0.106302,"49":0.07593,"50":0},"opera":{"9":0,"9.5-9.6":0,"10.0-10.1":0,"10.5":0,"10.6":0,"11":0,"11.1":0,"11.5":0,"11.6":0,"12":0.007593,"12.1":0.098709,"15":0,"16":0,"17":0,"18":0,"19":0,"20":0,"21":0.007593,"22":0,"23":0,"24":0,"25":0,"26":0,"27":0.045558,"28":0.037965,"29":0.053151,"30":0,"31":0,"32":0.007593,"33":0.326499,"34":0.584661,"35":0.007593,"36":0},"safari":{"3.1":0,"3.2":0,"4":0.015186,"5":0.053151,"5.1":0.091116,"6":0.022779,"6.1":0.220197,"7":0.045558,"7.1":0.068337,"8":0.979497,"9":2.642364},"android":{"2.1":0,"2.2":0,"2.3":0.0405385336597,"3":0,"4":0.117111319461,"4.1":0.554026626683,"4.2-4.3":1.21840815055,"4.4":2.36699993758,"4.4.3-4.4.4":1.22291243207,"46":null},"ios_saf":{"3.2":0,"4.0-4.1":0,"4.2-4.3":0,"5.0-5.1":0,"6.0-6.1":0,"7.0-7.1":0.467164632185,"8":0.0622103655925,"8.1-8.4":1.5493902374,"9.0-9.2":9.54048776482},"op_mob":{"10":0,"11":0,"11.1":0,"11.5":0,"12":0,"12.1":1.74146474643e-5,"0":0.000409244215412},"ie":{"5.5":0,"6":0.00773026641294,"7":0,"8":0.185526393911,"9":0.185526393911,"10":0.811677973359,"11":6.91858843958},"bb":{"7":0.0950765,"10":null},"ie_mob":{"10":0.295217425234,"11":1.32469357477},"edge":{"12":null,"13":null,"14":null},"and_uc":{"0":0.315317},"op_mini":{"5.0-8.0":0.127144341137},"and_chr":{"0":15.927386},"and_ff":{"0":0.021663}},"total":94.1296149672}