{"id":"KP","name":"Korea, Democratic People's Republic of","month":"2018-09","access_date":"2018-10-03","data":{"chrome":{"4":null,"5":null,"6":null,"7":null,"8":null,"9":null,"10":null,"11":null,"12":null,"13":null,"14":null,"15":null,"16":null,"17":null,"18":null,"19":null,"20":null,"21":null,"22":null,"23":null,"24":null,"25":null,"26":0.504985,"27":0.069921,"28":1.445034,"29":null,"30":null,"31":null,"32":null,"33":null,"34":0.147611,"35":null,"36":null,"37":null,"38":null,"39":null,"40":null,"41":null,"42":null,"43":null,"44":0.504985,"45":null,"46":null,"47":0.504985,"48":0.870128,"49":null,"50":null,"51":1.662566,"52":0.287453,"53":null,"54":2.602615,"55":1.375113,"56":0.069921,"57":0.287453,"58":null,"59":2.01994,"60":null,"61":0.147611,"62":null,"63":4.979929,"64":3.534895,"65":null,"66":0.435064,"67":1.584876,"68":7.434933,"69":3.02991,"70":null,"71":null,"72":null},"firefox":{"2":null,"3":null,"3.5":null,"3.6":null,"4":null,"5":null,"6":null,"7":null,"8":null,"9":null,"10":null,"11":null,"12":null,"13":null,"14":null,"15":null,"16":null,"17":null,"18":null,"19":null,"20":null,"21":null,"22":null,"23":null,"24":3.752427,"25":null,"26":null,"27":null,"28":null,"29":null,"30":null,"31":null,"32":null,"33":null,"34":null,"35":null,"36":null,"37":null,"38":null,"39":null,"40":null,"41":null,"42":0.217532,"43":null,"44":null,"45":12.710084,"46":null,"47":1.157581,"48":null,"49":null,"50":null,"51":null,"52":4.474944,"53":null,"54":null,"55":null,"56":null,"57":null,"58":null,"59":0.147611,"60":0.069921,"61":4.840087,"62":3.464974,"63":null,"64":null},"opera":{"9":null,"9.5-9.6":null,"10.0-10.1":0,"10.5":null,"10.6":null,"11":null,"11.1":null,"11.5":null,"11.6":null,"12":null,"12.1":null,"15":null,"16":null,"17":null,"18":null,"19":null,"20":null,"21":null,"22":null,"23":null,"24":null,"25":null,"26":null,"27":null,"28":null,"29":null,"30":null,"31":null,"32":null,"33":null,"34":null,"35":null,"36":null,"37":null,"38":null,"39":null,"40":null,"41":null,"42":null,"43":null,"44":null,"45":null,"46":null,"47":null,"48":null,"49":null,"50":null,"51":null,"52":null,"53":0.357374,"54":0.287453,"55":1.297423},"safari":{"3.1":null,"3.2":null,"4":0,"5":null,"5.1":null,"6":null,"6.1":null,"7":null,"7.1":null,"8":null,"9":null,"9.1":0.069921,"10":null,"10.1":null,"11":null,"11.1":0.357374,"12":null,"0":null},"ios_saf":{"3.2":0.000753791670838,"4.0-4.1":0,"4.2-4.3":0.000753791670838,"5.0-5.1":0.0105530833917,"6.0-6.1":0.00527654169587,"7.0-7.1":0.0218599584543,"8":0.00753791670838,"8.1-8.4":0.0452275002503,"9.0-9.2":0.0286440834918,"9.3":0.185432751026,"10.0-10.2":0.266842251477,"10.3":0.35051312694,"11.0-11.2":0.720624837321,"11.3-11.4":5.24337486235,"12":0.642230503554},"android":{"2.1":0,"2.2":0.000113303506651,"2.3":0.000793124546554,"3":0.000113303506651,"4":0.00872437001209,"4.1":0.00623169286578,"4.2-4.3":0.0241336469166,"4.4":0,"4.4.3-4.4.4":0.0535925586457,"67":null},"op_mob":{"10":null,"11":null,"11.1":null,"11.5":null,"12":null,"12.1":null,"0":null},"ie":{"5.5":null,"6":null,"7":0.0831086316456,"8":3.85993422532,"9":0.175451555696,"10":null,"11":3.17659658734},"edge":{"12":null,"13":null,"14":null,"15":null,"16":null,"17":1.802408,"18":null},"samsung":{"4":null,"5":null,"6.2":null,"7.2":null},"bb":{"7":0,"10":0},"ie_mob":{"10":0.0483975,"11":0.0096795},"baidu":{"0":null},"and_ff":{"0":0.185173},"and_qq":{"1.2":null},"and_uc":{"0":0.278875},"op_mini":{"0":2.02345566667},"and_chr":{"0":10.093409}},"total":96.0644496667}