{"id":"KR","name":"South Korea","month":"2015-03","access_date":"2015-04-20","data":{"firefox":{"2":0,"3":0.007418,"3.5":0,"3.6":0.007418,"4":0,"5":0,"6":0,"7":0,"8":0,"9":0,"10":0.014836,"11":0,"12":0,"13":0,"14":0,"15":0,"16":0.007418,"17":0,"18":0.007418,"19":0.007418,"20":0.007418,"21":0.029672,"22":0.007418,"23":0.007418,"24":0,"25":0,"26":0,"27":0,"28":0,"29":0.007418,"30":0.007418,"31":0.014836,"32":0.007418,"33":0.007418,"34":0.014836,"35":0.192868,"36":1.045938,"37":0.051926,"38":0,"39":0,"40":0},"chrome":{"4":0,"5":0,"6":0,"7":0,"8":0,"9":0,"10":0,"11":0.03709,"12":0,"13":0,"14":0,"15":0,"16":0,"17":0.007418,"18":0.096434,"19":0.029672,"20":0.007418,"21":0.007418,"22":0.029672,"23":0.007418,"24":0.014836,"25":0.007418,"26":0.029672,"27":0.200286,"28":0.029672,"29":0.044508,"30":0.066762,"31":0.578604,"32":0.059344,"33":0.066762,"34":0.066762,"35":0.07418,"36":0.133524,"37":0.118688,"38":0.178032,"39":0.578604,"40":6.097596,"41":10.79319,"42":0.274466,"43":0.07418,"44":0},"opera":{"9":0,"9.5-9.6":0,"10.0-10.1":0,"10.5":0,"10.6":0,"11":0,"11.1":0,"11.5":0.007418,"11.6":0,"12":0.007418,"12.1":0.022254,"15":0,"16":0,"17":0,"18":0,"19":0,"20":0,"21":0,"22":0,"23":0,"24":0,"25":0,"26":0.007418,"27":0.051926,"28":0.081598,"29":0},"safari":{"3.1":0,"3.2":0,"4":0.014836,"5":0.022254,"5.1":0.059344,"6":0.029672,"6.1":0.03709,"7":0.103852,"7.1":0.11127,"8":0.497006},"android":{"2.1":0,"2.2":0,"2.3":0.0877213532842,"3":0,"4":0.194439687534,"4.1":0.672157885356,"4.2-4.3":1.164961921,"4.4":1.99635920563,"4.4.3-4.4.4":0.962699947189,"40":null},"ios_saf":{"3.2":0,"4.0-4.1":0,"4.2-4.3":0,"5.0-5.1":0.0215449661136,"6.0-6.1":0.0543520736048,"7.0-7.1":0.859350352941,"8":0.172359728909,"8.1-8.3":3.76204487843},"op_mob":{"10":0,"11":0,"11.1":0,"11.5":0,"12":1.89564556962e-5,"12.1":7.58258227848e-5,"0":0.000473911392405},"ie":{"5.5":0,"6":0.0966793791349,"7":0.215669384224,"8":11.5122829924,"9":11.4230404885,"10":7.49637032061,"11":18.9268476845,"0":null},"ie_mob":{"10":0.00440661333333,"11":0.0110853866667},"bb":{"7":0.003873,"10":null},"and_uc":{"0":0.074878},"op_mini":{"5.0-8.0":0.0743093063291},"and_chr":{"0":15.720638},"and_ff":{"0":0.036148}},"total":97.7616992494}