{"id":"KR","name":"Korea, Republic of","month":"2021-04","access_date":"2021-05-04","data":{"firefox":{"2":null,"3":null,"3.5":null,"3.6":null,"4":null,"5":null,"6":null,"7":null,"8":null,"9":null,"10":null,"11":null,"12":null,"13":null,"14":null,"15":null,"16":null,"17":null,"18":null,"19":null,"20":null,"21":null,"22":null,"23":null,"24":null,"25":null,"26":null,"27":null,"28":null,"29":null,"30":null,"31":null,"32":null,"33":null,"34":null,"35":null,"36":null,"37":null,"38":null,"39":null,"40":null,"41":null,"42":null,"43":null,"44":null,"45":null,"46":null,"47":null,"48":null,"49":null,"50":null,"51":null,"52":0.01878,"53":null,"54":null,"55":null,"56":null,"57":null,"58":null,"59":null,"60":null,"61":null,"62":null,"63":null,"64":null,"65":null,"66":null,"67":null,"68":null,"69":null,"70":null,"71":null,"72":null,"73":null,"74":null,"75":null,"76":null,"77":null,"78":0.03287,"79":0.0047,"80":0.00939,"81":0.00939,"82":0.00939,"83":0.0047,"84":0.0047,"85":0.0047,"86":0.01409,"87":0.46021,"88":0.16906,"89":0.00939,"90":null},"chrome":{"4":null,"5":null,"6":null,"7":null,"8":null,"9":null,"10":null,"11":null,"12":null,"13":null,"14":null,"15":null,"16":null,"17":null,"18":null,"19":null,"20":null,"21":null,"22":null,"23":null,"24":null,"25":null,"26":null,"27":null,"28":null,"29":null,"30":null,"31":null,"32":null,"33":null,"34":null,"35":null,"36":null,"37":null,"38":null,"39":null,"40":null,"41":null,"42":0.03287,"43":null,"44":null,"45":null,"46":null,"47":null,"48":null,"49":0.05166,"50":null,"51":null,"52":null,"53":0.0047,"54":null,"55":null,"56":0.00939,"57":null,"58":null,"59":null,"60":null,"61":0.02818,"62":null,"63":0.00939,"64":0.00939,"65":0.0047,"66":null,"67":0.0047,"68":0.08453,"69":0.00939,"70":0.01409,"71":0.01409,"72":0.01409,"73":0.00939,"74":0.00939,"75":0.01409,"76":0.01409,"77":0.16906,"78":0.02818,"79":0.03287,"80":0.03757,"81":0.05166,"83":0.07514,"84":0.13149,"85":0.10331,"86":0.13149,"87":0.19723,"88":0.2348,"89":21.31984,"90":8.18043,"91":0.00939,"92":0.0047,"93":null},"opera":{"9":null,"9.5-9.6":null,"10.0-10.1":0,"10.5":null,"10.6":null,"11":null,"11.1":null,"11.5":null,"11.6":null,"12":null,"12.1":null,"15":null,"16":null,"17":null,"18":null,"19":null,"20":null,"21":null,"22":null,"23":null,"24":null,"25":null,"26":null,"27":null,"28":null,"29":null,"30":null,"31":null,"32":null,"33":null,"34":null,"35":null,"36":null,"37":null,"38":null,"39":null,"40":null,"41":null,"42":null,"43":null,"44":null,"45":null,"46":null,"47":null,"48":null,"49":null,"50":null,"51":null,"52":null,"53":null,"54":null,"55":null,"56":null,"57":null,"58":null,"60":null,"62":null,"63":null,"64":null,"65":null,"66":null,"67":null,"68":null,"69":null,"70":0.0047,"71":0.0047,"72":null,"73":0.0047,"74":0.05166,"75":0.18314},"ios_saf":{"3.2":0,"4.0-4.1":0,"4.2-4.3":0.00119,"5.0-5.1":0.00239,"6.0-6.1":0.00119,"7.0-7.1":0.00358,"8":0,"8.1-8.4":0,"9.0-9.2":0.11708,"9.3":0.01911,"10.0-10.2":0.00239,"10.3":0.01673,"11.0-11.2":0.01553,"11.3-11.4":0.01075,"12.0-12.1":0.03106,"12.2-12.4":0.10274,"13.0-13.1":0.14814,"13.2":0.01673,"13.3":0.1123,"13.4-13.7":0.34765,"14.0-14.4":10.7137,"14.5":0.18995},"safari":{"3.1":null,"3.2":null,"4":0,"5":null,"5.1":null,"6":null,"6.1":null,"7":null,"7.1":null,"8":0.01878,"9":null,"9.1":null,"10":null,"10.1":null,"11":null,"11.1":0.00939,"12":0.0047,"12.1":0.02818,"13":0.02818,"13.1":0.1174,"14":0.92511,"14.1":0.02818,"0":null},"edge":{"12":null,"13":null,"14":null,"15":null,"16":0.0047,"17":0.01409,"18":0.07044,"79":null,"80":null,"81":null,"83":null,"84":0.00939,"85":0.01409,"86":0.04226,"87":0.02818,"88":0.03287,"89":3.80376,"90":1.74222},"samsung":{"4":0.01011,"5.0-5.4":0.04045,"6.2-6.4":0.04033,"7.2-7.4":1.63174,"8.2":0.03033,"9.2":0.08089,"10.1":0.091,"11.1-11.2":0.14156,"12.0":0.37413,"13.0":8.85778,"14.0":4.25699},"android":{"2.1":0,"2.2":0,"2.3":0,"3":0,"4":0,"4.1":0.00312,"4.2-4.3":0.00156,"4.4":0,"4.4.3-4.4.4":0.02184,"0":0},"op_mob":{"10":null,"11":null,"11.1":null,"11.5":null,"12":null,"12.1":null,"0":null},"ie":{"5.5":null,"6":null,"7":null,"8":null,"9":0.01931,"10":null,"11":3.59191},"bb":{"7":0,"10":0},"ie_mob":{"10":0,"11":0.01209},"and_chr":{"0":22.10456},"kaios":{"2.5":0},"baidu":{"0":null},"and_ff":{"0":0.15909},"and_qq":{"10.4":0.01591},"and_uc":{"0":0.12727},"op_mini":{"0":0.16066}},"total":92.59232}