{"id":"KW","name":"Kuwait","month":"2018-08","access_date":"2018-09-04","data":{"chrome":{"4":0,"5":0,"6":0,"7":0,"8":0,"9":0,"10":0,"11":0,"12":0,"13":0,"14":0,"15":0,"16":0,"17":0,"18":0,"19":0,"20":0,"21":0,"22":0,"23":0,"24":0,"25":0,"26":0.003051,"27":0,"28":0,"29":0.009153,"30":0.003051,"31":0.003051,"32":0.003051,"33":0.003051,"34":0.003051,"35":0,"36":0.003051,"37":0.003051,"38":0.006102,"39":0.003051,"40":0,"41":0.003051,"42":0,"43":0.015255,"44":0,"45":0.003051,"46":0.006102,"47":0,"48":0,"49":0.103734,"50":0,"51":0.003051,"52":0,"53":0.003051,"54":0.015255,"55":0.009153,"56":0.012204,"57":0.006102,"58":0.012204,"59":0,"60":0.054918,"61":0.003051,"62":0.018306,"63":0.039663,"64":0.021357,"65":0.048816,"66":0.051867,"67":1.348542,"68":4.17987,"69":0.009153,"70":0.012204,"71":0},"firefox":{"2":0,"3":0,"3.5":0,"3.6":0.003051,"4":0,"5":0,"6":0,"7":0,"8":0,"9":0,"10":0,"11":0,"12":0,"13":0,"14":0,"15":0,"16":0,"17":0,"18":0,"19":0,"20":0,"21":0,"22":0,"23":0,"24":0,"25":0,"26":0,"27":0,"28":0,"29":0,"30":0,"31":0,"32":0,"33":0,"34":0,"35":0.018306,"36":0,"37":0,"38":0.006102,"39":0,"40":0,"41":0,"42":0,"43":0,"44":0,"45":0.003051,"46":0,"47":0.012204,"48":0.06102,"49":0,"50":0,"51":0.003051,"52":0.048816,"53":0.003051,"54":0.003051,"55":0.003051,"56":0.006102,"57":0.006102,"58":0.003051,"59":0.006102,"60":0.024408,"61":0.698679,"62":0.027459,"63":0},"opera":{"9":0,"9.5-9.6":0,"10.0-10.1":0,"10.5":0,"10.6":0,"11":0,"11.1":0,"11.5":0,"11.6":0,"12":0,"12.1":0.003051,"15":0,"16":0,"17":0,"18":0,"19":0,"20":0,"21":0,"22":0,"23":0,"24":0,"25":0,"26":0,"27":0,"28":0,"29":0,"30":0,"31":0,"32":0,"33":0.006102,"34":0,"35":0,"36":0.003051,"37":0.009153,"38":0,"39":0,"40":0.003051,"41":0,"42":0,"43":0,"44":0,"45":0,"46":0,"47":0.015255,"48":0.003051,"49":0,"50":0,"51":0,"52":0.003051,"53":0.003051,"54":0.155601,"55":0.015255},"safari":{"3.1":0,"3.2":0,"4":0,"5":0.003051,"5.1":0.003051,"6":0,"6.1":0.006102,"7":0,"7.1":0,"8":0.018306,"9":0.018306,"9.1":0.106785,"10":0.024408,"10.1":0.082377,"11":0.100683,"11.1":0.485109,"12":0.003051,"0":null},"ios_saf":{"3.2":0.00210764132066,"4.0-4.1":0,"4.2-4.3":0.00210764132066,"5.0-5.1":0.0316146198099,"6.0-6.1":0.0168611305653,"7.0-7.1":0.0843056528264,"8":0.0168611305653,"8.1-8.4":0.145427251126,"9.0-9.2":0.0969515007504,"9.3":0.579601363182,"10.0-10.2":0.663907016008,"10.3":1.09808112806,"11.0-11.2":2.29100611556,"11.3-11.4":15.8557856553,"12":0.181257153577},"android":{"2.1":0,"2.2":0,"2.3":0,"3":0,"4":0,"4.1":0,"4.2-4.3":0.0873118504673,"4.4":0.294677495327,"4.4.3-4.4.4":0.201908654206,"67":null},"op_mob":{"10":null,"11":null,"11.1":null,"11.5":null,"12":null,"12.1":null,"0":null},"ie":{"5.5":0,"6":0,"7":0,"8":0.0122775180723,"9":0.0153468975904,"10":0.0184162771084,"11":0.463476307229},"edge":{"12":0.006102,"13":0.003051,"14":0.015255,"15":0.018306,"16":0.076275,"17":0.295947,"18":null},"samsung":{"4":1.0016461883,"5":0.237503735369,"6.2":0.402723725191,"7.2":null},"bb":{"7":0.0013898,"10":0.0055592},"ie_mob":{"10":0,"11":0.020847},"baidu":{"0":null},"and_ff":{"0":0.104235},"and_qq":{"1.2":null},"and_uc":{"0":12.473455},"op_mini":{"0":5.24335481615},"and_chr":{"0":39.993837}},"total":90.089009465}