{"id":"KW","name":"Kuwait","month":"2015-03","access_date":"2015-04-20","data":{"firefox":{"2":0,"3":0.007412,"3.5":0.003706,"3.6":0.03706,"4":0.003706,"5":0,"6":0.025942,"7":0.003706,"8":0.003706,"9":0.003706,"10":0.011118,"11":0.022236,"12":0.029648,"13":0.007412,"14":0.014824,"15":0.011118,"16":0.022236,"17":0.007412,"18":0.007412,"19":0.011118,"20":0.007412,"21":0.048178,"22":0.007412,"23":0.014824,"24":0.01853,"25":0.003706,"26":0.003706,"27":0.007412,"28":0.025942,"29":0.01853,"30":0.025942,"31":0.05559,"32":0.048178,"33":0.03706,"34":0.070414,"35":0.637432,"36":2.568258,"37":0.1853,"38":0.003706,"39":0,"40":0},"chrome":{"4":0.003706,"5":0.003706,"6":0.003706,"7":0.003706,"8":0.007412,"9":0.007412,"10":0.011118,"11":0.029648,"12":0.007412,"13":0.014824,"14":0.007412,"15":0.014824,"16":0.01853,"17":0.007412,"18":0.003706,"19":0.003706,"20":0.007412,"21":0.011118,"22":0.022236,"23":0.003706,"24":0.044472,"25":0.007412,"26":0.014824,"27":0.029648,"28":0.033354,"29":0.022236,"30":0.040766,"31":0.070414,"32":0.044472,"33":0.174182,"34":0.059296,"35":0.09265,"36":0.366894,"37":0.133416,"38":0.12971,"39":0.403954,"40":5.451526,"41":9.06117,"42":0.118592,"43":0.107474,"44":0},"opera":{"9":0,"9.5-9.6":0,"10.0-10.1":0,"10.5":0,"10.6":0,"11":0,"11.1":0.003706,"11.5":0.014824,"11.6":0.007412,"12":0.007412,"12.1":0.066708,"15":0.003706,"16":0,"17":0.003706,"18":0.003706,"19":0,"20":0.007412,"21":0,"22":0,"23":0,"24":0,"25":0,"26":0.007412,"27":0.133416,"28":0.237184,"29":0.007412},"safari":{"3.1":0,"3.2":0,"4":0.011118,"5":0.05559,"5.1":0.177888,"6":0.070414,"6.1":0.107474,"7":0.181594,"7.1":0.25942,"8":0.807908},"android":{"2.1":0,"2.2":0,"2.3":0.180024916272,"3":0,"4":0.399036120145,"4.1":1.37942658774,"4.2-4.3":2.39077675432,"4.4":4.09700016459,"4.4.3-4.4.4":1.97568745693,"40":null},"ios_saf":{"3.2":0,"4.0-4.1":0,"4.2-4.3":0,"5.0-5.1":0.0813682244344,"6.0-6.1":0.205269838914,"7.0-7.1":3.24548258824,"8":0.650945795475,"8.1-8.3":14.2080015529},"op_mob":{"10":0,"11":0,"11.1":0,"11.5":0,"12":0.00198699189873,"12.1":0.00794796759494,"0":0.0496747974684},"ie":{"5.5":0,"6":0.0185647491796,"7":0.0631201472105,"8":1.74137347304,"9":0.987644656353,"10":0.790858315049,"11":4.31073475949,"0":null},"ie_mob":{"10":0.1074176,"11":0.2702224},"bb":{"7":0.050352,"10":null},"and_uc":{"0":7.987086},"op_mini":{"5.0-8.0":7.78900824304},"and_chr":{"0":17.649866},"and_ff":{"0":0.138468}},"total":93.5729521003}