{"id":"KW","name":"Kuwait","month":"2022-02","access_date":"2022-03-03","data":{"firefox":{"2":null,"3":null,"3.5":null,"3.6":null,"4":null,"5":null,"6":null,"7":null,"8":null,"9":null,"10":null,"11":null,"12":null,"13":null,"14":null,"15":null,"16":null,"17":null,"18":null,"19":null,"20":null,"21":null,"22":null,"23":null,"24":null,"25":null,"26":null,"27":null,"28":null,"29":null,"30":null,"31":null,"32":null,"33":null,"34":0.00878,"35":null,"36":null,"37":null,"38":null,"39":null,"40":null,"41":null,"42":null,"43":null,"44":null,"45":null,"46":null,"47":null,"48":null,"49":null,"50":null,"51":null,"52":0.12298,"53":null,"54":null,"55":null,"56":null,"57":null,"58":null,"59":null,"60":null,"61":null,"62":null,"63":null,"64":null,"65":null,"66":null,"67":null,"68":null,"69":null,"70":null,"71":null,"72":null,"73":null,"74":null,"75":null,"76":null,"77":null,"78":0.05856,"79":null,"80":null,"81":null,"82":null,"83":null,"84":0.06149,"85":null,"86":null,"87":null,"88":0.01464,"89":null,"90":null,"91":0.05563,"92":null,"93":null,"94":null,"95":0.01464,"96":0.24888,"97":0.36307,"98":0.00586,"99":null},"chrome":{"4":null,"5":null,"6":null,"7":null,"8":null,"9":null,"10":null,"11":null,"12":null,"13":null,"14":null,"15":null,"16":null,"17":null,"18":null,"19":null,"20":null,"21":null,"22":null,"23":null,"24":null,"25":null,"26":null,"27":null,"28":null,"29":null,"30":null,"31":null,"32":null,"33":null,"34":null,"35":null,"36":null,"37":null,"38":0.0527,"39":null,"40":null,"41":null,"42":null,"43":0.00586,"44":null,"45":null,"46":null,"47":0.01757,"48":null,"49":0.0205,"50":null,"51":null,"52":null,"53":null,"54":null,"55":null,"56":0.01171,"57":null,"58":null,"59":null,"60":null,"61":null,"62":null,"63":0.00586,"64":0.00878,"65":0.00293,"66":0.00293,"67":0.02342,"68":null,"69":0.00586,"70":0.00586,"71":0.00878,"72":null,"73":0.00586,"74":0.00586,"75":0.00586,"76":0.01464,"77":null,"78":0.01464,"79":0.03221,"80":0.00878,"81":0.00586,"83":0.00878,"84":0.00586,"85":0.01171,"86":0.0205,"87":0.19032,"88":0.01171,"89":0.0205,"90":0.02635,"91":0.04685,"92":0.11126,"93":0.02635,"94":0.02635,"95":0.06442,"96":0.42749,"97":5.6569,"98":12.67531,"99":0.00293,"100":0.01464,"101":null},"opera":{"9":null,"9.5-9.6":null,"10.0-10.1":0,"10.5":null,"10.6":null,"11":null,"11.1":null,"11.5":null,"11.6":null,"12":null,"12.1":null,"15":null,"16":null,"17":null,"18":null,"19":null,"20":null,"21":null,"22":null,"23":null,"24":null,"25":null,"26":null,"27":null,"28":0.01757,"29":null,"30":null,"31":null,"32":null,"33":null,"34":null,"35":null,"36":null,"37":null,"38":null,"39":null,"40":null,"41":null,"42":null,"43":null,"44":null,"45":null,"46":0.01757,"47":null,"48":null,"49":null,"50":null,"51":null,"52":null,"53":null,"54":null,"55":null,"56":null,"57":null,"58":null,"60":null,"62":null,"63":null,"64":null,"65":null,"66":null,"67":null,"68":null,"69":null,"70":null,"71":null,"72":null,"73":null,"74":null,"75":null,"76":null,"77":null,"78":null,"79":null,"80":null,"81":null,"82":0.25474,"83":0.68222},"edge":{"12":null,"13":null,"14":null,"15":0.00293,"16":0.00293,"17":0.00586,"18":0.01464,"79":null,"80":null,"81":null,"83":null,"84":0.00586,"85":0.00293,"86":null,"87":null,"88":null,"89":0.00586,"90":0.00586,"91":null,"92":0.01464,"93":0.00293,"94":0.00586,"95":0.03806,"96":0.07613,"97":0.67637,"98":2.09059},"safari":{"3.1":null,"3.2":null,"4":0,"5":null,"5.1":null,"6":null,"6.1":null,"7":null,"7.1":null,"8":null,"9":null,"9.1":null,"10":null,"10.1":null,"11":null,"11.1":0.02635,"12":null,"12.1":0.04099,"13":0.0732,"13.1":0.15811,"14":0.35136,"14.1":1.06286,"15":0.20203,"15.1":0.34843,"15.2-15.3":0.68808,"15.4":0.00878,"0":null},"ios_saf":{"3.2":0,"4.0-4.1":0,"4.2-4.3":0,"5.0-5.1":0.00336,"6.0-6.1":0,"7.0-7.1":0.01678,"8":0,"8.1-8.4":0,"9.0-9.2":0.01678,"9.3":0.14765,"10.0-10.2":0.01342,"10.3":0.08389,"11.0-11.2":0.04027,"11.3-11.4":0.05033,"12.0-12.1":0.08054,"12.2-12.5":0.91944,"13.0-13.1":0.10738,"13.2":0.07382,"13.3":0.28858,"13.4-13.7":0.60737,"14.0-14.4":2.96973,"14.5-14.8":8.09713,"15.0-15.1":6.32536,"15.2-15.3":13.61043,"15.4":0.09731},"samsung":{"4":0.16429,"5.0-5.4":0.09071,"6.2-6.4":0.11087,"7.2-7.4":0.08214,"8.2":0.08049,"9.2":0.04107,"10.1":0.02054,"11.1-11.2":0.12322,"12.0":0.05134,"13.0":0.15402,"14.0":0.24643,"15.0":0.30804,"16.0":3.0804},"android":{"2.1":0,"2.2":0,"2.3":0,"3":0,"4":0.00381,"4.1":0.00508,"4.2-4.3":0.00127,"4.4":0,"4.4.3-4.4.4":0.03935,"0":0},"ie":{"5.5":null,"6":null,"7":null,"8":null,"9":null,"10":null,"11":0.13762},"op_mob":{"10":null,"11":null,"11.1":null,"11.5":null,"12":null,"12.1":null,"0":null},"bb":{"7":0,"10":0},"ie_mob":{"10":0.01512,"11":null},"baidu":{"0":null},"and_ff":{"0":0.10608},"and_qq":{"10.4":0.0495},"and_uc":{"0":1.74678},"op_mini":{"0":0.83691},"and_chr":{"0":30.27026},"kaios":{"2.5":0}},"total":98.76788}