{"id":"KY","name":"Cayman Islands","month":"2018-06","access_date":"2018-07-05","data":{"chrome":{"4":0,"5":0,"6":0,"7":0,"8":0,"9":0,"10":0,"11":0,"12":0,"13":0,"14":0,"15":0,"16":0,"17":0,"18":0,"19":0,"20":0,"21":0,"22":0,"23":0,"24":0.005615,"25":0,"26":0,"27":0.01123,"28":0,"29":0,"30":0,"31":0,"32":0,"33":0.005615,"34":0,"35":0,"36":0.117915,"37":0.01123,"38":0.016845,"39":0,"40":0,"41":0.005615,"42":0,"43":0.005615,"44":0.005615,"45":0,"46":0,"47":0,"48":0.02246,"49":0.466045,"50":0,"51":0.016845,"52":0.005615,"53":0.005615,"54":0.016845,"55":0.03369,"56":0.016845,"57":0.04492,"58":0.016845,"59":0.02246,"60":0.016845,"61":0.218985,"62":0.04492,"63":0.084225,"64":0.13476,"65":0.16845,"66":6.440405,"67":11.16262,"68":0.01123,"69":0.05615,"70":null},"firefox":{"2":0,"3":0.005615,"3.5":0,"3.6":0.005615,"4":0,"5":0,"6":0,"7":0,"8":0,"9":0,"10":0,"11":0,"12":0,"13":0,"14":0,"15":0,"16":0,"17":0,"18":0,"19":0,"20":0.01123,"21":0,"22":0,"23":0.005615,"24":0,"25":0.005615,"26":0,"27":0.05615,"28":0,"29":0.01123,"30":0,"31":0,"32":0,"33":0,"34":0,"35":0,"36":0.005615,"37":0.016845,"38":0.005615,"39":0.005615,"40":0.005615,"41":0,"42":0.005615,"43":0.005615,"44":0.005615,"45":0.02246,"46":0,"47":0.01123,"48":0.02246,"49":0.005615,"50":0.01123,"51":0,"52":0.16845,"53":0,"54":0.02246,"55":0.039305,"56":0.005615,"57":0.005615,"58":0.01123,"59":0.039305,"60":1.95402,"61":0.14599,"62":0},"opera":{"9":0,"9.5-9.6":0,"10.0-10.1":0,"10.5":0,"10.6":0,"11":0,"11.1":0,"11.5":0,"11.6":0,"12":0,"12.1":0.02246,"15":0,"16":0,"17":0,"18":0,"19":0,"20":0,"21":0,"22":0,"23":0,"24":0,"25":0,"26":0,"27":0,"28":0,"29":0,"30":0,"31":0.005615,"32":0,"33":0,"34":0,"35":0,"36":0.01123,"37":0.005615,"38":0,"39":0,"40":0,"41":0,"42":0.005615,"43":0,"44":0,"45":0.005615,"46":0,"47":0,"48":0,"49":0,"50":0,"51":0,"52":0.005615,"53":0.08984},"safari":{"3.1":0,"3.2":0,"4":0,"5":0,"5.1":0,"6":0.005615,"6.1":0.005615,"7":0,"7.1":0,"8":0,"9":0.016845,"9.1":0.072995,"10":0.04492,"10.1":0.207755,"11":0.275135,"11.1":1.577815,"12":null,"0":null},"ios_saf":{"3.2":0.00364008357522,"4.0-4.1":0,"4.2-4.3":0.00728016715044,"5.0-5.1":0.0546012536283,"6.0-6.1":0.0291206686017,"7.0-7.1":0.152883510159,"8":0.0436810029026,"8.1-8.4":0.229325265239,"9.0-9.2":0.17472401161,"9.3":1.04470398609,"10.0-10.2":1.14662632619,"10.3":2.62814034131,"11.0-11.2":5.90057547543,"11.3-11.4":24.8435704009,"12":0.109202507257},"android":{"2.1":0,"2.2":0,"2.3":0,"3":0,"4":0,"4.1":0.0658097142857,"4.2-4.3":0.150181142857,"4.4":0.556851428571,"4.4.3-4.4.4":0.349297714286,"67":null},"ie":{"5.5":0,"6":0,"7":0.005615,"8":0.028075,"9":0.016845,"10":0.06738,"11":2.03263},"op_mob":{"10":null,"11":null,"11.1":null,"11.5":null,"12":null,"12.1":null,"0":null},"edge":{"12":0.016845,"13":0.028075,"14":0.03369,"15":0.08984,"16":0.612035,"17":1.061235,"18":null},"samsung":{"4":0.232840718816,"5":0.0776135729387,"6.2":2.50580964059,"7.2":null},"bb":{"7":0.012278,"10":0.049112},"ie_mob":{"10":0,"11":0.03508},"and_ff":{"0":0.12278},"and_qq":{"1.2":null},"and_uc":{"0":0.267485},"op_mini":{"0":0.120391606529},"and_chr":{"0":25.064325},"baidu":{"0":null}},"total":94.1427705389}