{"id":"KY","name":"Cayman Islands","month":"2019-01","access_date":"2019-02-03","data":{"chrome":{"4":0,"5":0,"6":0,"7":0,"8":0,"9":0,"10":0,"11":0,"12":0,"13":0,"14":0,"15":0,"16":0,"17":0,"18":0,"19":0,"20":0,"21":0,"22":0,"23":0,"24":0,"25":0,"26":0,"27":0,"28":0,"29":0,"30":0,"31":0,"32":0,"33":0,"34":0,"35":0,"36":0,"37":0,"38":0,"39":0,"40":0,"41":0,"42":0,"43":0.005696,"44":0,"45":0,"46":0,"47":0.005696,"48":0,"49":0.159488,"50":0,"51":0,"52":0,"53":0.05696,"54":0,"55":0.011392,"56":0.011392,"57":0.034176,"58":0.011392,"59":0.005696,"60":0,"61":0.005696,"62":0.011392,"63":0.005696,"64":0.045568,"65":0.017088,"66":0.011392,"67":0.148096,"68":0.045568,"69":0.079744,"70":0.535424,"71":17.042432,"72":0.091136,"73":0,"74":0,"75":0},"firefox":{"2":0,"3":0,"3.5":0,"3.6":0,"4":0,"5":0,"6":0,"7":0,"8":0,"9":0,"10":0,"11":0,"12":0,"13":0,"14":0,"15":0,"16":0,"17":0,"18":0,"19":0,"20":0,"21":0,"22":0,"23":0,"24":0,"25":0,"26":0,"27":0,"28":0,"29":0,"30":0,"31":0,"32":0,"33":0,"34":0,"35":0,"36":0,"37":0,"38":0,"39":0.005696,"40":0,"41":0,"42":0,"43":0,"44":0,"45":0,"46":0,"47":0.011392,"48":0.005696,"49":0,"50":0.005696,"51":0,"52":0.034176,"53":0,"54":0,"55":0,"56":0.005696,"57":0,"58":0,"59":0,"60":0.017088,"61":0.005696,"62":0.005696,"63":0.039872,"64":1.344256,"65":0.017088,"66":0,"67":0},"opera":{"9":0,"9.5-9.6":0,"10.0-10.1":0,"10.5":0,"10.6":0,"11":0,"11.1":0,"11.5":0,"11.6":0,"12":0,"12.1":0,"15":0,"16":0,"17":0,"18":0,"19":0,"20":0,"21":0,"22":0,"23":0,"24":0,"25":0,"26":0,"27":0,"28":0,"29":0,"30":0,"31":0,"32":0,"33":0,"34":0,"35":0,"36":0.131008,"37":0.005696,"38":0,"39":0,"40":0,"41":0,"42":0,"43":0,"44":0,"45":0,"46":0,"47":0,"48":0,"49":0,"50":0,"51":0,"52":0,"53":0,"54":0,"55":0,"56":0.005696,"57":0.068352},"safari":{"3.1":0,"3.2":0,"4":0,"5":0,"5.1":0,"6":0,"6.1":0,"7":0,"7.1":0,"8":0.074048,"9":0.011392,"9.1":0.051264,"10":0.017088,"10.1":0.239232,"11":0.034176,"11.1":0.432896,"12":2.244224,"0":null},"ios_saf":{"3.2":0.024769401541696,"4.0-4.1":0.014153943738112,"4.2-4.3":0.007076971869056,"5.0-5.1":0.038923345279808,"6.0-6.1":0.024769401541696,"7.0-7.1":0.077846690559616,"8":0.92708331484633,"8.1-8.4":0.16984732485734,"9.0-9.2":0.16984732485734,"9.3":0.77492841966163,"10.0-10.2":0.50954197457203,"10.3":1.0580072944239,"11.0-11.2":1.4189328597457,"11.3-11.4":3.5031010751827,"12.0-12.1":26.627106657323},"android":{"2.1":0.0049429626719057,"2.2":0.015535025540275,"2.3":0.0077675127701375,"3":0.00070613752455796,"4":0.094622428290766,"4.1":0.070613752455796,"4.2-4.3":0.18288961886051,"4.4":0,"4.4.3-4.4.4":0.34177056188605,"67":null},"op_mob":{"10":null,"11":null,"11.1":null,"11.5":null,"12":null,"12.1":null,"0":null},"ie":{"5.5":0,"6":0,"7":0,"8":0.022784,"9":0.005696,"10":0,"11":1.458176},"edge":{"12":0.011392,"13":0.02848,"14":0.11392,"15":0.074048,"16":0.210752,"17":2.07904,"18":null},"samsung":{"4":0.111904,"5.0-5.4":0.0223808,"6.2-6.4":0.0447616,"7.2-7.4":null,"8.2":null},"ie_mob":{"10":0,"11":0.030128},"bb":{"7":0,"10":0},"baidu":{"0":null},"and_ff":{"0":0.124816},"and_uc":{"0":0.766112},"and_qq":{"1.2":null},"op_mini":{"0":0.27300819243986},"and_chr":{"0":25.311552}},"total":89.90797459244}