{"id":"KY","name":"Cayman Islands","month":"2021-08","access_date":"2021-09-04","data":{"firefox":{"2":null,"3":null,"3.5":null,"3.6":null,"4":null,"5":null,"6":null,"7":null,"8":null,"9":null,"10":null,"11":null,"12":null,"13":null,"14":null,"15":null,"16":null,"17":null,"18":null,"19":null,"20":null,"21":null,"22":null,"23":null,"24":null,"25":null,"26":null,"27":null,"28":null,"29":null,"30":null,"31":null,"32":null,"33":null,"34":null,"35":null,"36":null,"37":null,"38":null,"39":null,"40":null,"41":null,"42":null,"43":null,"44":null,"45":null,"46":null,"47":null,"48":null,"49":null,"50":null,"51":null,"52":0.0444,"53":null,"54":null,"55":null,"56":null,"57":null,"58":null,"59":null,"60":null,"61":null,"62":null,"63":null,"64":null,"65":null,"66":null,"67":null,"68":null,"69":null,"70":null,"71":null,"72":null,"73":null,"74":null,"75":null,"76":null,"77":null,"78":0.02664,"79":null,"80":null,"81":null,"82":null,"83":0.30192,"84":null,"85":null,"86":null,"87":null,"88":null,"89":0.07992,"90":0.8658,"91":0.92796,"92":null,"93":null},"chrome":{"4":null,"5":null,"6":null,"7":null,"8":null,"9":null,"10":null,"11":null,"12":null,"13":null,"14":null,"15":null,"16":null,"17":null,"18":null,"19":null,"20":null,"21":null,"22":null,"23":null,"24":null,"25":null,"26":null,"27":null,"28":null,"29":null,"30":null,"31":null,"32":null,"33":null,"34":null,"35":null,"36":null,"37":null,"38":null,"39":null,"40":null,"41":null,"42":null,"43":null,"44":null,"45":null,"46":null,"47":null,"48":null,"49":0.1332,"50":null,"51":null,"52":null,"53":0.00444,"54":null,"55":null,"56":null,"57":null,"58":null,"59":null,"60":null,"61":null,"62":null,"63":null,"64":null,"65":0.01776,"66":null,"67":0.0444,"68":null,"69":0.00444,"70":null,"71":null,"72":null,"73":null,"74":0.19536,"75":null,"76":null,"77":null,"78":0.0444,"79":0.07548,"80":0.00888,"81":0.01776,"83":0.00444,"84":0.4218,"85":0.95904,"86":0.07992,"87":0.11988,"88":0.01332,"89":0.13764,"90":0.03996,"91":1.80708,"92":24.01152,"93":0.0444,"94":0.00888,"95":null,"96":null},"opera":{"9":null,"9.5-9.6":null,"10.0-10.1":0,"10.5":null,"10.6":null,"11":null,"11.1":null,"11.5":null,"11.6":null,"12":null,"12.1":null,"15":null,"16":null,"17":null,"18":null,"19":null,"20":null,"21":null,"22":null,"23":null,"24":null,"25":null,"26":null,"27":null,"28":null,"29":null,"30":null,"31":null,"32":null,"33":null,"34":null,"35":null,"36":null,"37":null,"38":null,"39":null,"40":null,"41":null,"42":null,"43":null,"44":null,"45":null,"46":null,"47":null,"48":null,"49":null,"50":null,"51":null,"52":null,"53":null,"54":null,"55":null,"56":null,"57":null,"58":null,"60":null,"62":null,"63":null,"64":null,"65":null,"66":null,"67":null,"68":null,"69":null,"70":0.02664,"71":null,"72":null,"73":null,"74":null,"75":null,"76":null,"77":0.30192,"78":0.26196},"ios_saf":{"3.2":0,"4.0-4.1":0,"4.2-4.3":0,"5.0-5.1":0,"6.0-6.1":0.03215,"7.0-7.1":0,"8":0,"8.1-8.4":0,"9.0-9.2":0.00268,"9.3":0.13932,"10.0-10.2":0.00804,"10.3":1.19495,"11.0-11.2":0.02411,"11.3-11.4":0.4528,"12.0-12.1":0.05894,"12.2-12.4":0.05626,"13.0-13.1":0.0134,"13.2":0.02411,"13.3":0.2331,"13.4-13.7":0.40993,"14.0-14.4":1.61292,"14.5-14.7":21.76365},"safari":{"3.1":null,"3.2":null,"4":0,"5":null,"5.1":0.00444,"6":null,"6.1":null,"7":null,"7.1":null,"8":null,"9":null,"9.1":null,"10":null,"10.1":0.02664,"11":null,"11.1":0.06216,"12":0.03108,"12.1":0.1554,"13":0.0444,"13.1":0.51504,"14":0.73704,"14.1":4.16472,"15":0.01332,"0":null},"edge":{"12":null,"13":null,"14":null,"15":null,"16":0.03552,"17":null,"18":0.07548,"79":null,"80":null,"81":null,"83":null,"84":0.00888,"85":null,"86":null,"87":null,"88":null,"89":0.00888,"90":null,"91":0.3108,"92":5.7942,"93":null},"samsung":{"4":0.18701,"5.0-5.4":0.03117,"6.2-6.4":0.02058,"7.2-7.4":0.06234,"8.2":0.02077,"9.2":0.01039,"10.1":0.02111,"11.1-11.2":0.27012,"12.0":0.02078,"13.0":0.42596,"14.0":7.0128},"android":{"2.1":0,"2.2":0,"2.3":0,"3":0,"4":0,"4.1":0,"4.2-4.3":0,"4.4":0,"4.4.3-4.4.4":0,"0":0},"op_mob":{"10":null,"11":null,"11.1":null,"11.5":null,"12":null,"12.1":null,"0":null},"ie":{"5.5":null,"6":null,"7":null,"8":null,"9":null,"10":null,"11":0.60828},"bb":{"7":0,"10":0},"ie_mob":{"10":null,"11":null},"baidu":{"0":null},"and_ff":{"0":0.42812},"and_qq":{"10.4":0},"and_uc":{"0":0.63384},"op_mini":{"0":0.03158},"and_chr":{"0":20.3424},"kaios":{"2.5":0}},"total":99.17277}