{"id":"KY","name":"Cayman Islands","month":"2014-06","access_date":"2014-07-28","data":{"chrome":{"4":null,"5":null,"6":null,"7":null,"8":null,"9":null,"10":null,"11":0.116144,"12":0.099552,"13":null,"14":null,"15":null,"16":null,"17":null,"18":0.008296,"19":0.016592,"20":0.008296,"21":0.024888,"22":0.08296,"23":null,"24":0.049776,"25":0.033184,"26":0.04148,"27":0.066368,"28":0.116144,"29":0.804712,"30":0.074664,"31":0.439688,"32":0.24888,"33":0.514352,"34":1.16144,"35":30.52928,"36":0.12444,"37":0.174216,"38":null,"39":null},"firefox":{"2":null,"3":0.024888,"3.5":0.024888,"3.6":0.190808,"4":0.016592,"5":null,"6":null,"7":0.008296,"8":0.008296,"9":0.008296,"10":0.091256,"11":0.024888,"12":0.04148,"13":0.024888,"14":0.024888,"15":0.08296,"16":0.074664,"17":0.033184,"18":0.04148,"19":0.033184,"20":0.016592,"21":0.024888,"22":0.049776,"23":0.008296,"24":0.157624,"25":0.033184,"26":0.058072,"27":0.04148,"28":0.149328,"29":6.280072,"30":3.907416,"31":0.16592,"32":0.008296,"33":null,"34":null},"opera":{"9":null,"9.5-9.6":null,"10.0-10.1":0,"10.5":null,"10.6":null,"11":null,"11.1":null,"11.5":null,"11.6":null,"12":0.008296,"12.1":0.074664,"15":null,"16":null,"17":null,"18":null,"19":null,"20":0.182512,"21":0.04148,"22":0.107848,"23":0.016592,"24":null},"safari":{"3.1":null,"3.2":null,"4":0.066368,"5":0.389912,"5.1":1.758752,"6":0.713456,"6.1":2.671312,"7":4.371992,"8":0.016592},"android":{"2.1":0.0130385671642,"2.2":0.0443311283582,"2.3":0.685828632836,"3":0.00260771343284,"4":0.516327259701,"4.1":0.972677110448,"4.2-4.3":0.38594158806,"4.4":null,"4.4.3":null},"op_mob":{"10":0,"11":0.00014637535014,"11.1":0,"11.5":0.00014637535014,"12":0.0007318767507,"12.1":0.00204925490196,"0":null},"ie":{"5.5":null,"6":null,"7":0.049776,"8":2.845528,"9":2.721088,"10":3.766384,"11":16.50904},"ios_saf":{"3.2":0.00899712,"4.0-4.1":0.01799424,"4.2-4.3":0.06297984,"5.0-5.1":0.63879552,"6.0-6.1":2.60016768,"7.0-7.1":5.6681856,"8":null},"bb":{"7":0.22365,"10":null},"and_ff":{"0":0.097128},"ie_mob":{"10":0.0675636},"op_mini":{"5.0-7.0":0.0923501176471},"and_chr":{"0":4.108344}},"total":98.9128056}