{"id":"KY","name":"Cayman Islands","month":"2017-09","access_date":"2017-10-05","data":{"chrome":{"4":0,"5":0,"6":0,"7":0,"8":0,"9":0,"10":0,"11":0.036438,"12":0,"13":0,"14":0,"15":0,"16":0,"17":0,"18":0,"19":0,"20":0.018219,"21":0,"22":0.018219,"23":0,"24":0,"25":0,"26":0.024292,"27":0.030365,"28":0,"29":0.006073,"30":0.006073,"31":0.012146,"32":0.006073,"33":0,"34":0.054657,"35":0.006073,"36":0.048584,"37":0.048584,"38":0.018219,"39":0.006073,"40":0.024292,"41":0.036438,"42":0.006073,"43":0.018219,"44":0.012146,"45":0.054657,"46":0.042511,"47":0.042511,"48":0.085022,"49":0.953461,"50":0.012146,"51":0.072876,"52":0.024292,"53":0.176117,"54":0.176117,"55":0.30365,"56":0.273285,"57":0.170044,"58":0.200409,"59":7.202578,"60":18.577307,"61":0.030365,"62":0.012146,"63":0,"64":0},"firefox":{"2":0,"3":0.006073,"3.5":0.018219,"3.6":0.018219,"4":0,"5":0,"6":0,"7":0,"8":0.018219,"9":0,"10":0,"11":0,"12":0.006073,"13":0,"14":0,"15":0.006073,"16":0,"17":0,"18":0,"19":0,"20":0.012146,"21":0.012146,"22":0,"23":0.018219,"24":0.006073,"25":0.006073,"26":0,"27":0.036438,"28":0,"29":0,"30":0,"31":0.006073,"32":0.006073,"33":0.012146,"34":0,"35":0.012146,"36":0.018219,"37":0.018219,"38":0.006073,"39":0.012146,"40":0.006073,"41":0.085022,"42":0,"43":0.042511,"44":0.018219,"45":0.091095,"46":0.006073,"47":0.078949,"48":0.042511,"49":0.054657,"50":0.06073,"51":0.127533,"52":0.443329,"53":0.048584,"54":2.787507,"55":1.554688,"56":0.036438,"57":0,"58":0,"59":0},"opera":{"9":0,"9.5-9.6":0,"10.0-10.1":0,"10.5":0,"10.6":0,"11":0,"11.1":0,"11.5":0,"11.6":0,"12":0.006073,"12.1":0.012146,"15":0,"16":0,"17":0,"18":0,"19":0,"20":0,"21":0,"22":0,"23":0,"24":0,"25":0,"26":0,"27":0,"28":0.024292,"29":0,"30":0,"31":0,"32":0,"33":0,"34":0,"35":0,"36":0,"37":0.024292,"38":0.006073,"39":0,"40":0,"41":0,"42":0,"43":0,"44":0,"45":0,"46":0.109314,"47":0.127533,"48":0,"49":0},"safari":{"3.1":0,"3.2":0,"4":0,"5":0,"5.1":0.024292,"6":0,"6.1":0.012146,"7":0.024292,"7.1":0.006073,"8":0.054657,"9":0.097168,"9.1":0.461548,"10":0.6073,"10.1":3.570924,"11":0.006073,"0":null},"ios_saf":{"3.2":0,"4.0-4.1":0,"4.2-4.3":0,"5.0-5.1":0,"6.0-6.1":0,"7.0-7.1":0.0982972516287,"8":0,"8.1-8.4":0.0737229387215,"9.0-9.2":0,"9.3":0.842898932716,"10.0-10.2":2.44268670297,"10.3":16.6171503878,"11":4.06704878614},"android":{"2.1":0,"2.2":0,"2.3":0,"3":0,"4":0.0500927504092,"4.1":0.183673418167,"4.2-4.3":0.524781194763,"4.4":1.34057741571,"4.4.3-4.4.4":0.815796220949,"56":null},"op_mob":{"10":null,"11":null,"11.1":null,"11.5":null,"12":null,"12.1":null,"0":null},"ie":{"5.5":0,"6":0,"7":0,"8":0.085022,"9":0.127533,"10":0.36438,"11":5.004152},"edge":{"12":0.054657,"13":0.188263,"14":1.208527,"15":1.554688,"16":0},"samsung":{"4":0,"5":0},"ie_mob":{"10":null,"11":null},"bb":{"7":0.058905,"10":0.23562},"and_uc":{"0":0.302379},"op_mini":{"0":0.203852910596},"and_chr":{"0":18.425357},"baidu":{"0":null},"and_ff":{"0":0.035343},"and_qq":{"1.2":null}},"total":94.6653359106}