{"id":"KY","name":"Cayman Islands","month":"2019-11","access_date":"2019-12-04","data":{"chrome":{"4":0,"5":0,"6":0,"7":0,"8":0,"9":0,"10":0,"11":0,"12":0,"13":0,"14":0,"15":0,"16":0,"17":0,"18":0,"19":0,"20":0,"21":0,"22":0,"23":0,"24":0,"25":0,"26":0,"27":0,"28":0,"29":0,"30":0,"31":0,"32":0,"33":0,"34":0,"35":0,"36":0.022668,"37":0,"38":0,"39":0,"40":0,"41":0,"42":0,"43":0,"44":0,"45":0,"46":0,"47":0.005667,"48":0,"49":0.079338,"50":0,"51":0,"52":0,"53":0,"54":0,"55":0,"56":0,"57":0,"58":0,"59":0,"60":0.005667,"61":0,"62":0,"63":0.017001,"64":0,"65":0.011334,"66":0,"67":0.017001,"68":0.011334,"69":0.005667,"70":0.323019,"71":0.447693,"72":0.187011,"73":0.034002,"74":0.045336,"75":0.147342,"76":0.085005,"77":1.915446,"78":16.343628,"79":0,"80":0.005667,"81":null},"firefox":{"2":0,"3":0,"3.5":0,"3.6":0,"4":0,"5":0,"6":0,"7":0,"8":0,"9":0,"10":0,"11":0,"12":0,"13":0,"14":0,"15":0,"16":0,"17":0,"18":0,"19":0,"20":0.011334,"21":0,"22":0,"23":0,"24":0,"25":0,"26":0,"27":0,"28":0,"29":0,"30":0,"31":0,"32":0,"33":0,"34":0,"35":0,"36":0,"37":0,"38":0,"39":0,"40":0,"41":0,"42":0,"43":0,"44":0,"45":0,"46":0,"47":0,"48":0,"49":0,"50":0,"51":0.005667,"52":0.011334,"53":0,"54":0,"55":0,"56":0.011334,"57":0.147342,"58":0,"59":0,"60":0.005667,"61":0,"62":0,"63":0,"64":0.011334,"65":0,"66":0,"67":0.005667,"68":0.062337,"69":0.073671,"70":1.065396,"71":0.102006,"72":0,"73":0},"opera":{"9":0,"9.5-9.6":0,"10.0-10.1":0,"10.5":0,"10.6":0,"11":0,"11.1":0,"11.5":0,"11.6":0,"12":0,"12.1":0,"15":0,"16":0,"17":0,"18":0,"19":0,"20":0,"21":0,"22":0,"23":0,"24":0,"25":0,"26":0,"27":0,"28":0,"29":0,"30":0,"31":0,"32":0,"33":0,"34":0,"35":0,"36":0,"37":0,"38":0,"39":0,"40":0,"41":0,"42":0,"43":0,"44":0,"45":0,"46":0,"47":0,"48":0,"49":0,"50":0,"51":0,"52":0,"53":0,"54":0,"55":0,"56":0,"57":0,"58":0,"60":0,"62":0,"63":0.017001,"64":0.05667},"safari":{"3.1":0,"3.2":0,"4":0,"5":0,"5.1":0.022668,"6":0,"6.1":0,"7":0,"7.1":0,"8":0,"9":0.005667,"9.1":0.011334,"10":0,"10.1":0.045336,"11":0.005667,"11.1":0.107673,"12":0.181344,"12.1":0.68004,"13":3.156519,"0":null},"ios_saf":{"3.2":0,"4.0-4.1":0,"4.2-4.3":0,"5.0-5.1":0.020831010320641,"6.0-6.1":0,"7.0-7.1":0.032734444789579,"8":0,"8.1-8.4":0.038686162024048,"9.0-9.2":0.035710303406814,"9.3":0.40769263056112,"10.0-10.2":0.15176878947896,"10.3":0.42852364088176,"11.0-11.2":0.43745121673347,"11.3-11.4":0.73503707845691,"12.0-12.1":1.0236953643287,"12.2-12.4":7.3325156328657,"13.0-13.1":14.56980378998,"13.2":4.3923673190381,"13.3":0.092251617134269},"android":{"2.1":0,"2.2":0.0031955991471215,"2.3":0.00079889978678038,"3":0.0011983496801706,"4":0.0091873475479744,"4.1":0.010385697228145,"4.2-4.3":0.22169469083156,"4.4":0,"4.4.3-4.4.4":0.12822341577825,"76":null},"ie":{"5.5":0,"6":0,"7":0,"8":0.005667,"9":0,"10":0.005667,"11":1.156068},"samsung":{"4":0.074002605809129,"5.0-5.4":0.010571800829876,"6.2-6.4":0.010571800829876,"7.2-7.4":0.074002605809129,"8.2":0.010571800829876,"9.2":0.12686160995851,"10.1":4.7890257759336},"edge":{"12":0.017001,"13":0.005667,"14":0.102006,"15":0.141675,"16":0.328686,"17":0.436359,"18":2.414142,"76":null},"op_mob":{"10":null,"11":null,"11.1":null,"11.5":null,"12":null,"12.1":null,"0":null},"ie_mob":{"10":0,"11":0.025998},"bb":{"7":0,"10":0.017332},"baidu":{"0":null},"and_ff":{"0":0.17332},"and_uc":{"0":0.862267},"and_qq":{"1.2":0},"kaios":{"2.5":0},"op_mini":{"0":0.077941884879725},"and_chr":{"0":30.053423}},"total":96.50541488488}