{"id":"LB","name":"Lebanon","month":"2021-12","access_date":"2022-01-03","data":{"firefox":{"2":null,"3":null,"3.5":null,"3.6":null,"4":null,"5":null,"6":null,"7":null,"8":null,"9":null,"10":null,"11":null,"12":null,"13":null,"14":null,"15":null,"16":null,"17":null,"18":null,"19":null,"20":null,"21":null,"22":null,"23":null,"24":null,"25":null,"26":null,"27":null,"28":null,"29":null,"30":null,"31":null,"32":null,"33":null,"34":null,"35":null,"36":null,"37":null,"38":null,"39":null,"40":null,"41":null,"42":null,"43":0.00338,"44":null,"45":null,"46":null,"47":0.00338,"48":null,"49":null,"50":null,"51":null,"52":0.05402,"53":null,"54":null,"55":null,"56":null,"57":null,"58":null,"59":null,"60":null,"61":null,"62":null,"63":null,"64":null,"65":null,"66":0.00338,"67":null,"68":0.00338,"69":null,"70":null,"71":null,"72":0.00338,"73":null,"74":null,"75":null,"76":null,"77":null,"78":0.03038,"79":null,"80":null,"81":null,"82":null,"83":null,"84":null,"85":null,"86":null,"87":0.00675,"88":0.01013,"89":0.01013,"90":0.00675,"91":0.02363,"92":0.00675,"93":0.01013,"94":0.73259,"95":1.27613,"96":0.01688,"97":null},"chrome":{"4":null,"5":null,"6":null,"7":null,"8":null,"9":null,"10":null,"11":null,"12":null,"13":null,"14":null,"15":null,"16":null,"17":null,"18":null,"19":null,"20":null,"21":null,"22":0.00338,"23":null,"24":null,"25":null,"26":null,"27":null,"28":null,"29":null,"30":null,"31":null,"32":null,"33":null,"34":0.00675,"35":null,"36":null,"37":null,"38":0.0135,"39":null,"40":null,"41":null,"42":null,"43":0.01013,"44":null,"45":null,"46":null,"47":null,"48":null,"49":0.06077,"50":null,"51":null,"52":null,"53":null,"54":null,"55":0.00338,"56":null,"57":null,"58":0.01013,"59":null,"60":0.00338,"61":null,"62":null,"63":0.01013,"64":0.00675,"65":0.01013,"66":0.00338,"67":0.00675,"68":0.00675,"69":0.00338,"70":0.00675,"71":0.00338,"72":0.06077,"73":0.01688,"74":0.0135,"75":0.01013,"76":0.00675,"77":null,"78":0.00675,"79":0.04051,"80":0.04726,"81":0.02026,"83":0.02363,"84":0.02701,"85":0.04389,"86":0.03714,"87":0.10128,"88":0.03714,"89":0.03376,"90":0.04389,"91":0.11141,"92":0.11816,"93":0.06752,"94":0.17555,"95":0.56717,"96":19.57405,"97":0.0135,"98":0.00338,"99":null},"opera":{"9":null,"9.5-9.6":null,"10.0-10.1":0,"10.5":null,"10.6":null,"11":null,"11.1":null,"11.5":null,"11.6":null,"12":null,"12.1":null,"15":null,"16":null,"17":null,"18":null,"19":null,"20":null,"21":null,"22":null,"23":null,"24":null,"25":null,"26":null,"27":null,"28":null,"29":null,"30":null,"31":null,"32":null,"33":null,"34":null,"35":null,"36":null,"37":null,"38":null,"39":null,"40":null,"41":null,"42":null,"43":null,"44":null,"45":null,"46":null,"47":null,"48":null,"49":null,"50":null,"51":null,"52":null,"53":null,"54":null,"55":null,"56":null,"57":null,"58":null,"60":null,"62":null,"63":null,"64":null,"65":null,"66":null,"67":null,"68":null,"69":null,"70":null,"71":null,"72":null,"73":null,"74":null,"75":null,"76":null,"77":null,"78":null,"79":null,"80":0.00338,"81":0.30046,"82":0.34435},"safari":{"3.1":null,"3.2":null,"4":0,"5":null,"5.1":0.0135,"6":null,"6.1":null,"7":null,"7.1":null,"8":null,"9":null,"9.1":null,"10":null,"10.1":0.02026,"11":null,"11.1":0.02026,"12":0.00675,"12.1":0.05739,"13":0.02701,"13.1":0.21606,"14":0.30384,"14.1":0.78323,"15":0.17555,"15.1":0.52328,"15.2":0.12829,"0":null},"edge":{"12":0.00675,"13":null,"14":0.00675,"15":0.01013,"16":0.01013,"17":0.0135,"18":0.03038,"79":null,"80":null,"81":null,"83":null,"84":0.00675,"85":null,"86":null,"87":null,"88":null,"89":0.01013,"90":0.01013,"91":0.01013,"92":0.0135,"93":0.01013,"94":0.02363,"95":0.04726,"96":2.59277},"ios_saf":{"3.2":0,"4.0-4.1":0,"4.2-4.3":0,"5.0-5.1":0.00292,"6.0-6.1":0.00438,"7.0-7.1":0.03214,"8":0,"8.1-8.4":0.00438,"9.0-9.2":0.0073,"9.3":0.12271,"10.0-10.2":0.01169,"10.3":0.11686,"11.0-11.2":0.04967,"11.3-11.4":0.07742,"12.0-12.1":0.06281,"12.2-12.5":1.11606,"13.0-13.1":0.02191,"13.2":0.01169,"13.3":0.09933,"13.4-13.7":0.28632,"14.0-14.4":0.98604,"14.5-14.8":4.35905,"15.0-15.1":6.39687,"15.2":0.82974},"samsung":{"4":0.28564,"5.0-5.4":0.0102,"6.2-6.4":0.01045,"7.2-7.4":0.31624,"8.2":0.02041,"9.2":0.04081,"10.1":0.0204,"11.1-11.2":0.27544,"12.0":0.11221,"13.0":0.36725,"14.0":0.37745,"15.0":0.7651},"android":{"2.1":0,"2.2":0,"2.3":0,"3":0,"4":0,"4.1":0.0027,"4.2-4.3":0.00479,"4.4":0,"4.4.3-4.4.4":0.05213,"0":0},"op_mob":{"10":null,"11":null,"11.1":null,"11.5":null,"12":null,"12.1":null,"0":null},"ie":{"5.5":null,"6":null,"7":null,"8":null,"9":0.00338,"10":null,"11":0.20931},"ie_mob":{"10":0.0189,"11":0.08504},"bb":{"7":0,"10":0},"and_uc":{"0":0.24509},"op_mini":{"0":0.34491},"and_chr":{"0":47.63499},"kaios":{"2.5":0},"baidu":{"0":null},"and_ff":{"0":0.13248},"and_qq":{"10.4":0}},"total":95.23157}