{"id":"LC","name":"Saint Lucia","month":"2021-10","access_date":"2021-11-04","data":{"firefox":{"2":null,"3":null,"3.5":null,"3.6":null,"4":null,"5":null,"6":null,"7":null,"8":null,"9":null,"10":null,"11":null,"12":null,"13":null,"14":null,"15":null,"16":null,"17":null,"18":null,"19":null,"20":null,"21":null,"22":null,"23":null,"24":null,"25":null,"26":null,"27":null,"28":null,"29":null,"30":null,"31":null,"32":null,"33":null,"34":null,"35":null,"36":null,"37":null,"38":null,"39":null,"40":null,"41":null,"42":null,"43":null,"44":null,"45":null,"46":null,"47":null,"48":null,"49":null,"50":null,"51":null,"52":null,"53":null,"54":null,"55":null,"56":null,"57":null,"58":null,"59":null,"60":null,"61":null,"62":null,"63":null,"64":null,"65":0.00796,"66":null,"67":null,"68":null,"69":null,"70":null,"71":null,"72":null,"73":null,"74":null,"75":null,"76":null,"77":null,"78":0.06366,"79":null,"80":null,"81":null,"82":null,"83":null,"84":null,"85":null,"86":0.02387,"87":0.07162,"88":0.00796,"89":0.00796,"90":null,"91":0.00796,"92":0.27853,"93":0.75203,"94":null,"95":null},"chrome":{"4":null,"5":null,"6":null,"7":null,"8":null,"9":null,"10":null,"11":0.00796,"12":null,"13":null,"14":null,"15":null,"16":null,"17":null,"18":null,"19":null,"20":null,"21":null,"22":null,"23":null,"24":null,"25":null,"26":null,"27":null,"28":null,"29":null,"30":null,"31":null,"32":null,"33":null,"34":0.03183,"35":null,"36":null,"37":null,"38":null,"39":null,"40":null,"41":null,"42":null,"43":null,"44":null,"45":null,"46":null,"47":null,"48":null,"49":0.07162,"50":null,"51":null,"52":null,"53":null,"54":null,"55":0.00398,"56":null,"57":null,"58":null,"59":null,"60":null,"61":null,"62":null,"63":0.00398,"64":null,"65":0.01194,"66":0.00398,"67":0.00796,"68":null,"69":0.01592,"70":0.00796,"71":null,"72":null,"73":0.00796,"74":0.02785,"75":0.0199,"76":0.16712,"77":0.0199,"78":null,"79":0.1512,"80":0.00796,"81":0.09152,"83":0.00398,"84":0.01194,"85":0.01194,"86":0.02785,"87":0.03581,"88":0.04377,"89":0.05969,"90":0.04377,"91":0.20691,"92":0.48146,"93":1.44836,"94":17.42006,"95":4.08643,"96":0.00796,"97":null,"98":null},"opera":{"9":null,"9.5-9.6":null,"10.0-10.1":0,"10.5":null,"10.6":null,"11":null,"11.1":null,"11.5":null,"11.6":null,"12":null,"12.1":null,"15":null,"16":null,"17":null,"18":null,"19":null,"20":null,"21":null,"22":null,"23":null,"24":null,"25":null,"26":null,"27":null,"28":null,"29":null,"30":null,"31":null,"32":null,"33":null,"34":null,"35":null,"36":null,"37":null,"38":null,"39":null,"40":null,"41":null,"42":null,"43":null,"44":null,"45":null,"46":null,"47":null,"48":null,"49":null,"50":null,"51":null,"52":null,"53":null,"54":null,"55":null,"56":null,"57":null,"58":null,"60":null,"62":null,"63":null,"64":null,"65":null,"66":null,"67":null,"68":null,"69":null,"70":null,"71":null,"72":null,"73":null,"74":null,"75":null,"76":null,"77":null,"78":0.03581,"79":0.38596,"80":0.13131},"ios_saf":{"3.2":0,"4.0-4.1":0,"4.2-4.3":0,"5.0-5.1":0.02176,"6.0-6.1":0,"7.0-7.1":0.00484,"8":0,"8.1-8.4":0,"9.0-9.2":0,"9.3":0.10154,"10.0-10.2":0,"10.3":0.08099,"11.0-11.2":0.00725,"11.3-11.4":0.0133,"12.0-12.1":0.01209,"12.2-12.5":0.79417,"13.0-13.1":0.01209,"13.2":0.01088,"13.3":0.18253,"13.4-13.7":0.21154,"14.0-14.4":0.82076,"14.5-14.8":6.57575,"15":3.23469},"edge":{"12":null,"13":0.00398,"14":null,"15":0.00398,"16":0.00398,"17":0.02785,"18":0.0955,"79":null,"80":0.00398,"81":null,"83":null,"84":0.00796,"85":null,"86":null,"87":null,"88":null,"89":0.02387,"90":0.00796,"91":0.01592,"92":0.03979,"93":0.11539,"94":4.26151,"95":1.2892},"safari":{"3.1":null,"3.2":null,"4":0,"5":null,"5.1":0.01194,"6":null,"6.1":null,"7":null,"7.1":null,"8":null,"9":null,"9.1":null,"10":null,"10.1":0.01194,"11":null,"11.1":0.0199,"12":null,"12.1":0.03183,"13":0.01194,"13.1":0.13131,"14":0.11937,"14.1":1.70301,"15":0.52523,"0":null},"samsung":{"4":0.41814,"5.0-5.4":0.01013,"6.2-6.4":0.03038,"7.2-7.4":0.86763,"8.2":0.08219,"9.2":0.03136,"10.1":0.03136,"11.1-11.2":0.27179,"12.0":0.10453,"13.0":0.41814,"14.0":0.4704,"15.0":6.2616},"android":{"2.1":0,"2.2":0,"2.3":0,"3":0,"4":0.00063,"4.1":0,"4.2-4.3":0.00111,"4.4":0,"4.4.3-4.4.4":0.01632,"0":0},"op_mob":{"10":null,"11":null,"11.1":null,"11.5":null,"12":null,"12.1":null,"0":null},"ie":{"5.5":null,"6":null,"7":null,"8":null,"9":null,"10":null,"11":0.24272},"bb":{"7":0,"10":0.01806},"ie_mob":{"10":null,"11":0.24045},"baidu":{"0":null},"and_ff":{"0":0.27095},"and_qq":{"10.4":0},"and_uc":{"0":0.55995},"op_mini":{"0":0.18241},"and_chr":{"0":42.65695},"kaios":{"2.5":0}},"total":100.06382}