{"id":"LC","name":"Saint Lucia","month":"2014-10","access_date":"2014-11-01","data":{"chrome":{"4":null,"5":null,"6":null,"7":null,"8":null,"9":0.007802,"10":null,"11":0.07802,"12":0.007802,"13":null,"14":0.046812,"15":null,"16":null,"17":null,"18":0.023406,"19":null,"20":0.031208,"21":0.015604,"22":0.140436,"23":null,"24":null,"25":null,"26":0.015604,"27":0.03901,"28":0.093624,"29":0.11703,"30":0.226258,"31":0.631962,"32":0.241862,"33":2.036322,"34":0.694378,"35":1.419964,"36":1.373152,"37":16.828914,"38":21.393084,"39":0.343288,"40":0.717784,"41":null},"firefox":{"2":0.007802,"3":0.046812,"3.5":null,"3.6":0.054614,"4":0.03901,"5":null,"6":null,"7":null,"8":null,"9":0.03901,"10":0.062416,"11":0.179446,"12":0.007802,"13":null,"14":null,"15":null,"16":0.093624,"17":null,"18":0.054614,"19":0.015604,"20":null,"21":0.023406,"22":null,"23":0.070218,"24":0.03901,"25":0.015604,"26":0.070218,"27":0.031208,"28":0.062416,"29":0.062416,"30":0.070218,"31":0.265268,"32":7.045206,"33":2.65268,"34":0.23406,"35":0.046812,"36":null},"opera":{"9":null,"9.5-9.6":null,"10.0-10.1":0,"10.5":null,"10.6":null,"11":null,"11.1":null,"11.5":null,"11.6":null,"12":null,"12.1":0.124832,"15":null,"16":null,"17":0.031208,"18":null,"19":0.015604,"20":null,"21":0.007802,"22":null,"23":null,"24":0.35109,"25":0.764596,"26":null,"27":null},"safari":{"3.1":null,"3.2":null,"4":0,"5":0.093624,"5.1":0.514932,"6":0.062416,"6.1":0.288674,"7":0.834814,"7.1":0.499328,"8":0.343288},"android":{"2.1":0,"2.2":0.0102919056261,"2.3":0.236713829401,"3":0.0077189292196,"4":0.522314210526,"4.1":1.5369245735,"4.2-4.3":2.30281388385,"4.4":2.93233544465,"4.4.3-4.4.4":0.95714722323,"37":0},"ios_saf":{"3.2":0,"4.0-4.1":0,"4.2-4.3":0,"5.0-5.1":0.0239148591549,"6.0-6.1":0.107275225352,"7.0-7.1":1.48374619014,"8":1.30404310563,"8.1":0.476930619718},"op_mob":{"10":0,"11":0,"11.1":0,"11.5":0,"12":0.00160478977273,"12.1":0.00722155397727,"0":null},"ie":{"5.5":null,"6":0.00781837355719,"7":0.0390918677859,"8":0.860021091291,"9":0.774018982162,"10":2.25950995803,"11":10.9613597272},"bb":{"7":0.3335465,"10":null},"and_ff":{"0":0.162652},"ie_mob":{"10":0.59396554},"and_uc":{"0":0.424214},"op_mini":{"5.0-8.0":0.55605965625},"and_chr":{"0":6.856344}},"total":97.48462604}