{"id":"LC","name":"Saint Lucia","month":"2019-05","access_date":"2019-06-04","data":{"chrome":{"4":0,"5":0,"6":0,"7":0,"8":0,"9":0,"10":0,"11":0,"12":0,"13":0,"14":0,"15":0,"16":0,"17":0,"18":0,"19":0,"20":0,"21":0,"22":0.009596,"23":0,"24":0,"25":0,"26":0,"27":0,"28":0,"29":0,"30":0,"31":0,"32":0,"33":0,"34":0,"35":0,"36":0,"37":0,"38":0,"39":0,"40":0,"41":0,"42":0.009596,"43":0,"44":0,"45":0,"46":0,"47":0,"48":0,"49":0.110354,"50":0,"51":0,"52":0,"53":0.081566,"54":0,"55":0.004798,"56":0.004798,"57":0,"58":0.009596,"59":0,"60":0.014394,"61":0,"62":0.004798,"63":0.028788,"64":0,"65":0.100758,"66":0.009596,"67":0.043182,"68":0.014394,"69":0.014394,"70":0.043182,"71":0.081566,"72":0.09596,"73":3.147488,"74":10.569994,"75":0.04798,"76":0.004798,"77":0},"firefox":{"2":0,"3":0,"3.5":0,"3.6":0,"4":0,"5":0,"6":0,"7":0,"8":0,"9":0,"10":0,"11":0,"12":0,"13":0,"14":0,"15":0,"16":0,"17":0,"18":0,"19":0,"20":0,"21":0,"22":0,"23":0,"24":0,"25":0,"26":0,"27":0,"28":0,"29":0,"30":0,"31":0,"32":0,"33":0,"34":0,"35":0,"36":0,"37":0,"38":0.004798,"39":0,"40":0,"41":0,"42":0,"43":0,"44":0,"45":0,"46":0,"47":0,"48":0,"49":0.004798,"50":0,"51":0.004798,"52":0.019192,"53":0,"54":0,"55":0,"56":0,"57":0,"58":0,"59":0,"60":0.004798,"61":0.004798,"62":0,"63":0.004798,"64":0.052778,"65":0.038384,"66":0.93561,"67":0.067172,"68":0.019192,"69":0},"opera":{"9":0,"9.5-9.6":0,"10.0-10.1":0,"10.5":0,"10.6":0,"11":0,"11.1":0,"11.5":0,"11.6":0,"12":0,"12.1":0.004798,"15":0,"16":0,"17":0,"18":0,"19":0,"20":0,"21":0,"22":0,"23":0,"24":0,"25":0,"26":0,"27":0,"28":0,"29":0.004798,"30":0,"31":0,"32":0,"33":0,"34":0,"35":0,"36":0,"37":0.038384,"38":0,"39":0,"40":0,"41":0,"42":0.004798,"43":0,"44":0,"45":0,"46":0,"47":0,"48":0,"49":0,"50":0,"51":0,"52":0.009596,"53":0,"54":0,"55":0,"56":0.004798,"57":0,"58":0.345456},"safari":{"3.1":0,"3.2":0,"4":0,"5":0,"5.1":0.052778,"6":0,"6.1":0,"7":0,"7.1":0,"8":0,"9":0,"9.1":0.004798,"10":0,"10.1":0.033586,"11":0.009596,"11.1":0.028788,"12":0.292678,"12.1":0.690912,"0":null},"ios_saf":{"3.2":0.0081093763397776,"4.0-4.1":0.0060820322548332,"4.2-4.3":0.0010136720424722,"5.0-5.1":0.0091230483822498,"6.0-6.1":0.0030410161274166,"7.0-7.1":0.014191408594611,"8":0.10035353220475,"8.1-8.4":0.033451177401583,"9.0-9.2":0.022300784934388,"9.3":0.15813283862566,"10.0-10.2":0.095285171992387,"10.3":0.22199417730141,"11.0-11.2":0.25848637083041,"11.3-11.4":0.52812313412802,"12.0-12.1":1.6532991012722,"12.2":7.0065011575679},"android":{"2.1":0.021239542168675,"2.2":0.035399236947791,"2.3":0.0088498092369478,"3":0,"4":0.34160263654618,"4.1":0.092038016064257,"4.2-4.3":0.58408740963855,"4.4":0,"4.4.3-4.4.4":0.67966534939759,"67":null},"edge":{"12":0.004798,"13":0.019192,"14":0.105556,"15":0.057576,"16":0.07197,"17":1.17551,"18":0.19192,"75":null},"op_mob":{"10":null,"11":null,"11.1":null,"11.5":null,"12":null,"12.1":null,"0":null},"ie":{"5.5":0,"6":0,"7":0,"8":0.004798,"9":0,"10":0,"11":0.393436},"samsung":{"4":0.26865204081633,"5.0-5.4":0.010746081632653,"6.2-6.4":0.085968653061224,"7.2-7.4":0.1826833877551,"8.2":0.23641379591837,"9.2":3.9545580408163},"ie_mob":{"10":0,"11":0.239292},"bb":{"7":0,"10":0.020808},"baidu":{"0":null},"and_ff":{"0":0.176868},"and_uc":{"0":0.176868},"and_qq":{"1.2":0},"op_mini":{"0":0.89633498969072},"and_chr":{"0":59.43448},"kaios":{"2.5":0}},"total":96.729254989691}