{"id":"LC","name":"Saint Lucia","month":"2019-06","access_date":"2019-07-05","data":{"chrome":{"4":0,"5":0,"6":0,"7":0,"8":0,"9":0,"10":0,"11":0,"12":0,"13":0,"14":0,"15":0,"16":0,"17":0,"18":0,"19":0,"20":0,"21":0,"22":0,"23":0,"24":0,"25":0,"26":0,"27":0,"28":0.004721,"29":0,"30":0,"31":0,"32":0,"33":0,"34":0.004721,"35":0,"36":0,"37":0,"38":0.023605,"39":0.004721,"40":0.004721,"41":0,"42":0,"43":0,"44":0,"45":0,"46":0,"47":0,"48":0,"49":0.108583,"50":0,"51":0,"52":0,"53":0.061373,"54":0,"55":0.009442,"56":0.004721,"57":0,"58":0.042489,"59":0.004721,"60":0.004721,"61":0,"62":0,"63":0.014163,"64":0,"65":0.108583,"66":0.004721,"67":0.033047,"68":0.004721,"69":0.028326,"70":0.018884,"71":0.080257,"72":0.037768,"73":0.169956,"74":8.07291,"75":4.881514,"76":0.018884,"77":0.004721,"78":0},"firefox":{"2":0,"3":0,"3.5":0,"3.6":0,"4":0,"5":0,"6":0,"7":0,"8":0,"9":0,"10":0,"11":0,"12":0,"13":0,"14":0,"15":0,"16":0,"17":0,"18":0,"19":0,"20":0,"21":0,"22":0,"23":0,"24":0,"25":0,"26":0,"27":0,"28":0,"29":0,"30":0,"31":0,"32":0,"33":0,"34":0,"35":0,"36":0,"37":0,"38":0,"39":0,"40":0,"41":0,"42":0,"43":0,"44":0,"45":0,"46":0,"47":0.004721,"48":0.004721,"49":0,"50":0.004721,"51":0.004721,"52":0.04721,"53":0,"54":0,"55":0,"56":0.004721,"57":0,"58":0,"59":0,"60":0.004721,"61":0,"62":0,"63":0,"64":0.023605,"65":0.014163,"66":0.014163,"67":0.953642,"68":0.018884,"69":0},"opera":{"9":0,"9.5-9.6":0,"10.0-10.1":0,"10.5":0,"10.6":0,"11":0,"11.1":0,"11.5":0,"11.6":0,"12":0,"12.1":0,"15":0,"16":0,"17":0.004721,"18":0,"19":0,"20":0,"21":0,"22":0,"23":0,"24":0,"25":0,"26":0,"27":0,"28":0,"29":0,"30":0,"31":0,"32":0,"33":0,"34":0,"35":0,"36":0,"37":0,"38":0,"39":0,"40":0,"41":0,"42":0,"43":0,"44":0,"45":0,"46":0,"47":0,"48":0,"49":0,"50":0,"51":0,"52":0,"53":0.004721,"54":0,"55":0,"56":0,"57":0,"58":0.009442},"safari":{"3.1":0,"3.2":0,"4":0,"5":0,"5.1":0.004721,"6":0,"6.1":0,"7":0,"7.1":0,"8":0,"9":0,"9.1":0.009442,"10":0,"10.1":0.023605,"11":0.018884,"11.1":0.028326,"12":0.075536,"12.1":0.741197,"13":0.004721,"0":null},"ios_saf":{"3.2":0.0090973243432926,"4.0-4.1":0.011118951975135,"4.2-4.3":0.0010108138159214,"5.0-5.1":0.011118951975135,"6.0-6.1":0.0030324414477642,"7.0-7.1":0.0141513934229,"8":0.0010108138159214,"8.1-8.4":0.027291973029878,"9.0-9.2":0.016173021054742,"9.3":0.16779509344295,"10.0-10.2":0.076821850010026,"10.3":0.2031735770002,"11.0-11.2":0.231476363846,"11.3-11.4":0.46396354150792,"12.0-12.1":1.1088627560658,"12.2":7.7357581332464,"13":null},"android":{"2.1":0.018865452574526,"2.2":0.045591510388437,"2.3":0.0062884841915086,"3":0.020437573622403,"4":0.2751211833785,"4.1":0.11633695754291,"4.2-4.3":0.61312720867209,"4.4":0,"4.4.3-4.4.4":0.64456962962963,"67":null},"edge":{"12":0.009442,"13":0.042489,"14":0.066094,"15":0.028326,"16":0.080257,"17":1.22746,"18":0.254934,"76":null},"op_mob":{"10":null,"11":null,"11.1":null,"11.5":null,"12":null,"12.1":null,"0":null},"ie":{"5.5":0,"6":0,"7":0,"8":0.004721,"9":0,"10":0,"11":0.524031},"samsung":{"4":0.31391712421053,"5.0-5.4":0.032474185263158,"6.2-6.4":0.097422555789474,"7.2-7.4":0.23814402526316,"8.2":0.11907201263158,"9.2":4.3407160968421},"ie_mob":{"10":0,"11":0.079185},"bb":{"7":0,"10":0.015837},"baidu":{"0":null},"and_ff":{"0":0.337856},"and_uc":{"0":0.617643},"and_qq":{"1.2":0.005279},"op_mini":{"0":0.89460909106529},"and_chr":{"0":59.368931},"kaios":{"2.5":0}},"total":96.303338091065}