{"id":"LI","name":"Liechtenstein","month":"2016-03","access_date":"2016-04-02","data":{"firefox":{"2":0,"3":0,"3.5":0,"3.6":0,"4":0,"5":0,"6":0,"7":0,"8":0.008918,"9":0.062426,"10":0,"11":0,"12":0.080262,"13":0,"14":0,"15":0,"16":0.035672,"17":0,"18":0,"19":0,"20":0,"21":0.008918,"22":0,"23":0,"24":0,"25":0.008918,"26":0.026754,"27":0,"28":0.026754,"29":0.026754,"30":0.124852,"31":0.008918,"32":0.008918,"33":0.04459,"34":0.008918,"35":0.008918,"36":0.026754,"37":0.035672,"38":0.704522,"39":0.080262,"40":0.035672,"41":0.098098,"42":0.249704,"43":0.347802,"44":7.482202,"45":4.14687,"46":0.062426,"47":0.008918,"48":0},"chrome":{"4":0,"5":0,"6":0,"7":0,"8":0,"9":0,"10":0,"11":0.008918,"12":0,"13":0,"14":0,"15":0,"16":0,"17":0,"18":0,"19":0,"20":0,"21":0,"22":0.008918,"23":0,"24":0,"25":0,"26":0.017836,"27":0,"28":0,"29":0.008918,"30":0,"31":0,"32":0,"33":0.008918,"34":0.008918,"35":0,"36":0.026754,"37":0.017836,"38":0.008918,"39":0.062426,"40":0,"41":0.035672,"42":0,"43":0.008918,"44":0.008918,"45":0.205114,"46":0.071344,"47":0.142688,"48":7.161154,"49":7.856758,"50":0.026754,"51":0.035672,"52":0},"opera":{"9":0,"9.5-9.6":0,"10.0-10.1":0,"10.5":0,"10.6":0,"11":0,"11.1":0,"11.5":0,"11.6":0,"12":0.008918,"12.1":0.026754,"15":0,"16":0,"17":0,"18":0,"19":0,"20":0,"21":0,"22":0,"23":0,"24":0,"25":0,"26":0,"27":0,"28":0,"29":0,"30":0,"31":0,"32":0,"33":0,"34":0.008918,"35":0.294294,"36":0.142688,"37":0.008918,"38":0},"safari":{"3.1":0,"3.2":0,"4":0,"5":0.187278,"5.1":0.40131,"6":0.13377,"6.1":0.517244,"7":0.142688,"7.1":0.026754,"8":0.543998,"9":4.093362,"9.1":0.463736,"0":null},"android":{"2.1":0,"2.2":0,"2.3":0.00660542486798,"3":0,"4":0.0376509217475,"4.1":0.127814971195,"4.2-4.3":0.287996524244,"4.4":0.596469865578,"4.4.3-4.4.4":0.319372292367,"47":null},"ios_saf":{"3.2":0,"4.0-4.1":0,"4.2-4.3":0,"5.0-5.1":0,"6.0-6.1":0.0480608470803,"7.0-7.1":0.58029022771,"8":0.0373806588402,"8.1-8.4":1.55396738893,"9.0-9.2":12.3035768525,"9.3":3.0652140249},"op_mob":{"10":0,"11":0,"11.1":0,"11.5":0,"12":0,"12.1":3.3679623361e-7,"0":1.27982568772e-5},"ie":{"5.5":0,"6":0,"7":0.026760720422,"8":0.561975128862,"9":0.874183533785,"10":4.54932247174,"11":29.4992341452},"ie_mob":{"10":0.01878284375,"11":0.09049915625},"edge":{"12":0.4459,"13":2.479204,"14":0},"bb":{"7":0.004869,"10":null},"and_uc":{"0":0.009738},"op_mini":{"5.0-8.0":0.00431486494689},"and_chr":{"0":2.88563},"and_ff":{"0":0.011902}},"total":96.928103}