{"id":"LI","name":"Liechtenstein","month":"2020-07","access_date":"2020-08-11","data":{"firefox":{"2":0,"3":0,"3.5":0,"3.6":0,"4":0,"5":0,"6":0,"7":0,"8":0,"9":0,"10":0,"11":0,"12":0,"13":0,"14":0,"15":0,"16":0,"17":0,"18":0,"19":0,"20":0,"21":0,"22":0,"23":0.04276,"24":0,"25":0,"26":0,"27":0.00713,"28":0,"29":0,"30":0,"31":0,"32":0,"33":0,"34":0,"35":0,"36":0,"37":0,"38":0,"39":0,"40":0,"41":0,"42":0,"43":0,"44":0,"45":0.00713,"46":0,"47":0.00713,"48":0.00713,"49":0,"50":0,"51":0.00713,"52":0.07127,"53":0,"54":0,"55":0,"56":0.00713,"57":0,"58":0,"59":0,"60":0.04989,"61":0,"62":0.5274,"63":0.00713,"64":0,"65":0,"66":0,"67":0,"68":0.34922,"69":0.0784,"70":0.12829,"71":0,"72":0.00713,"73":0.01425,"74":0.03564,"75":0.02138,"76":0.07127,"77":1.47529,"78":3.67753,"79":0.12116,"80":0.00713,"81":0},"chrome":{"4":0,"5":0,"6":0,"7":0,"8":0,"9":0,"10":0,"11":0,"12":0,"13":0,"14":0,"15":0,"16":0,"17":0,"18":0,"19":0,"20":0,"21":0,"22":0,"23":0,"24":0,"25":0,"26":0,"27":0,"28":0,"29":0.00713,"30":0,"31":0,"32":0,"33":0,"34":0,"35":0,"36":0,"37":0,"38":0,"39":0,"40":0,"41":0,"42":0,"43":0,"44":0,"45":0,"46":0,"47":0,"48":0,"49":0.00713,"50":0.24945,"51":0,"52":0,"53":0.19243,"54":0,"55":0,"56":0,"57":0,"58":0,"59":0,"60":0.00713,"61":0,"62":0,"63":0.01425,"64":0,"65":0,"66":0,"67":0,"68":0,"69":0,"70":0,"71":0.00713,"72":0,"73":0.02851,"74":0.02851,"75":0.00713,"76":0.04276,"77":0.02851,"78":0.36348,"79":0.0784,"80":0.23519,"81":0.6058,"83":12.42236,"84":7.51899,"85":0.00713,"86":0,"87":0},"opera":{"9":0,"9.5-9.6":0,"10.0-10.1":0,"10.5":0,"10.6":0,"11":0,"11.1":0,"11.5":0,"11.6":0,"12":0,"12.1":0,"15":0,"16":0,"17":0,"18":0,"19":0,"20":0,"21":0,"22":0,"23":0,"24":0,"25":0,"26":0,"27":0,"28":0,"29":0,"30":0,"31":0,"32":0,"33":0,"34":0,"35":0,"36":0,"37":0,"38":0,"39":0,"40":0,"41":0,"42":0,"43":0,"44":0,"45":0,"46":0,"47":0,"48":0,"49":0,"50":0,"51":0,"52":0.02851,"53":0,"54":0,"55":0,"56":0,"57":0,"58":0,"60":0,"62":0,"63":0,"64":0,"65":0,"66":0,"67":0,"68":0.57016,"69":0.21381},"ios_saf":{"3.2":0.00671,"4.0-4.1":0.00671,"4.2-4.3":0.00671,"5.0-5.1":0.02012,"6.0-6.1":0.00671,"7.0-7.1":0.02682,"8":0,"8.1-8.4":0.04024,"9.0-9.2":0.05365,"9.3":0.4426,"10.0-10.2":0.114,"10.3":0.53649,"11.0-11.2":0.39566,"11.3-11.4":0.62367,"12.0-12.1":0.84497,"12.2-12.4":5.14357,"13.0-13.1":0.95897,"13.2":0.46943,"13.3":4.68756,"13.4-13.5":11.33329,"14.0":null},"safari":{"3.1":0,"3.2":0,"4":0,"5":0,"5.1":0,"6":0,"6.1":0,"7":0,"7.1":0,"8":0,"9":0,"9.1":0.00713,"10":0.00713,"10.1":0.04276,"11":0.02138,"11.1":0.59154,"12":0.34922,"12.1":0.17818,"13":1.06905,"13.1":6.65662,"14":0,"0":null},"edge":{"12":0,"13":0,"14":0.04276,"15":0,"16":0.04276,"17":0.00713,"18":1.56081,"79":0.01425,"80":0,"81":0.05702,"83":2.53721,"84":1.98131},"android":{"2.1":0,"2.2":0,"2.3":0.00186,"3":0,"4":0.0186,"4.1":0.03162,"4.2-4.3":0.05208,"4.4":0,"4.4.3-4.4.4":0.32921,"81":null},"samsung":{"4":0.05218,"5.0-5.4":0,"6.2-6.4":0,"7.2-7.4":0,"8.2":0.01044,"9.2":0.02087,"10.1":0.01044,"11.1-11.2":0.16698,"12.0":3.51708},"op_mob":{"10":null,"11":null,"11.1":null,"11.5":null,"12":null,"12.1":null,"0":null},"ie":{"5.5":0,"6":0.01425,"7":0,"8":0,"9":0,"10":0,"11":3.5635},"bb":{"7":0,"10":0},"ie_mob":{"10":0,"11":0},"and_chr":{"0":17.4831},"kaios":{"2.5":0},"baidu":{"0":null},"and_ff":{"0":0.24133},"and_qq":{"10.4":0},"and_uc":{"0":0},"op_mini":{"0":0.11696}},"total":95.90646}