{"id":"LK","name":"Sri Lanka","month":"2018-04","access_date":"2018-05-06","data":{"chrome":{"4":0,"5":0,"6":0.002259,"7":0,"8":0,"9":0,"10":0,"11":0.015813,"12":0,"13":0,"14":0,"15":0,"16":0,"17":0,"18":0.002259,"19":0.002259,"20":0.002259,"21":0.002259,"22":0,"23":0.002259,"24":0,"25":0,"26":0.002259,"27":0.004518,"28":0.004518,"29":0.006777,"30":0.004518,"31":0.004518,"32":0.002259,"33":0.004518,"34":0.002259,"35":0.002259,"36":0.002259,"37":0,"38":0.004518,"39":0.002259,"40":0.013554,"41":0,"42":0.002259,"43":0.006777,"44":0.002259,"45":0,"46":0.002259,"47":0.002259,"48":0.002259,"49":0.042921,"50":0.002259,"51":0.002259,"52":0.002259,"53":0.002259,"54":0.002259,"55":0.011295,"56":0.009036,"57":0.004518,"58":0.027108,"59":0.011295,"60":0.058734,"61":0.011295,"62":0.013554,"63":0.031626,"64":0.060993,"65":2.796642,"66":0.411138,"67":0.006777,"68":0,"69":0},"firefox":{"2":0,"3":0,"3.5":0,"3.6":0,"4":0,"5":0,"6":0,"7":0,"8":0,"9":0,"10":0,"11":0,"12":0.002259,"13":0,"14":0,"15":0,"16":0,"17":0,"18":0,"19":0,"20":0,"21":0,"22":0,"23":0,"24":0,"25":0,"26":0,"27":0,"28":0,"29":0,"30":0.002259,"31":0.002259,"32":0.002259,"33":0,"34":0.002259,"35":0,"36":0,"37":0,"38":0.002259,"39":0.002259,"40":0.002259,"41":0.002259,"42":0.002259,"43":0.006777,"44":0.002259,"45":0.004518,"46":0,"47":0.018072,"48":0.004518,"49":0.004518,"50":0.004518,"51":0.002259,"52":0.02259,"53":0.004518,"54":0.006777,"55":0.004518,"56":0.009036,"57":0.018072,"58":0.024849,"59":0.544419,"60":0.027108,"61":0},"opera":{"9":0,"9.5-9.6":0,"10.0-10.1":0,"10.5":0,"10.6":0,"11":0,"11.1":0,"11.5":0,"11.6":0,"12":0,"12.1":0.004518,"15":0,"16":0,"17":0,"18":0,"19":0.002259,"20":0.009036,"21":0.002259,"22":0.006777,"23":0.002259,"24":0.002259,"25":0,"26":0,"27":0,"28":0.002259,"29":0.002259,"30":0.009036,"31":0,"32":0.006777,"33":0.009036,"34":0.006777,"35":0.002259,"36":0.002259,"37":0.144576,"38":0,"39":0,"40":0,"41":0.002259,"42":0.002259,"43":0.009036,"44":0.002259,"45":0.011295,"46":0.004518,"47":0,"48":0.002259,"49":0.002259,"50":0.002259,"51":0.013554,"52":0.171684},"safari":{"3.1":0,"3.2":0,"4":0,"5":0,"5.1":0,"6":0,"6.1":0,"7":0,"7.1":0,"8":0.002259,"9":0.002259,"9.1":0.004518,"10":0.004518,"10.1":0.011295,"11":0.027108,"11.1":0.029367,"0":null},"ios_saf":{"3.2":0.000561139551192,"4.0-4.1":0,"4.2-4.3":0.00112227910238,"5.0-5.1":0.0129062096774,"6.0-6.1":0.00841709326788,"7.0-7.1":0.0314238148668,"8":0.00841709326788,"8.1-8.4":0.0510636991585,"9.0-9.2":0.031984954418,"9.3":0.231189495091,"10.0-10.2":0.208182773492,"10.3":0.464623548387,"11.0-11.2":2.50604923562,"11.3":2.0453536641},"android":{"2.1":0,"2.2":0,"2.3":0,"3":0,"4":0,"4.1":0.297542228162,"4.2-4.3":0.920305031291,"4.4":2.52564914602,"4.4.3-4.4.4":1.56382659452,"62":null},"op_mob":{"10":null,"11":null,"11.1":null,"11.5":null,"12":null,"12.1":null,"0":null},"ie":{"5.5":0,"6":0,"7":0,"8":0.038403,"9":0.002259,"10":0.004518,"11":0.06777},"edge":{"12":0.009036,"13":0.015813,"14":0.040662,"15":0.020331,"16":0.06777,"17":0,"18":null},"samsung":{"4":6.05795550824,"5":0.538710808619,"6.2":1.3925166185},"bb":{"7":0.007741,"10":0.030964},"ie_mob":{"10":0.106859456522,"11":0.876247543478},"baidu":{"0":null},"and_ff":{"0":0.216748},"and_qq":{"1.2":null},"and_uc":{"0":13.562232},"op_mini":{"0":7.1454617268},"and_chr":{"0":46.206668}},"total":92.1854296622}