{"id":"LR","name":"Liberia","month":"2016-03","access_date":"2016-04-02","data":{"firefox":{"2":0,"3":0.085312,"3.5":0.002666,"3.6":0.02666,"4":0.047988,"5":0.007998,"6":0.002666,"7":0.005332,"8":0.005332,"9":0.002666,"10":0.050654,"11":0.023994,"12":0.46655,"13":0.007998,"14":0.02666,"15":0.01333,"16":0.031992,"17":0.045322,"18":0.01333,"19":0.015996,"20":0.010664,"21":0.031992,"22":0.034658,"23":0.010664,"24":0.055986,"25":0.010664,"26":0.002666,"27":0.01333,"28":0.010664,"29":0.045322,"30":0.037324,"31":0.023994,"32":0.037324,"33":0.023994,"34":0.03999,"35":0.029326,"36":0.061318,"37":0.031992,"38":0.058652,"39":0.034658,"40":0.055986,"41":0.095976,"42":0.130634,"43":0.29326,"44":2.311422,"45":0.789136,"46":0.111972,"47":0.005332,"48":0},"chrome":{"4":0.002666,"5":0,"6":0.002666,"7":0,"8":0.002666,"9":0,"10":0,"11":0.02666,"12":0,"13":0.005332,"14":0,"15":0,"16":0,"17":0,"18":0.002666,"19":0.007998,"20":0,"21":0.005332,"22":0.007998,"23":0,"24":0,"25":0.005332,"26":0.010664,"27":0,"28":0,"29":0.007998,"30":0.002666,"31":0.047988,"32":0.002666,"33":0.007998,"34":0.002666,"35":0,"36":0.029326,"37":0.002666,"38":0.005332,"39":0.021328,"40":0.037324,"41":0.007998,"42":0.023994,"43":0.09331,"44":0.090644,"45":0.543864,"46":0.031992,"47":0.07998,"48":3.711072,"49":3.809714,"50":0.06665,"51":0.021328,"52":0},"opera":{"9":0,"9.5-9.6":0.002666,"10.0-10.1":0,"10.5":0,"10.6":0,"11":0.007998,"11.1":0,"11.5":0.002666,"11.6":0.007998,"12":0.002666,"12.1":0.095976,"15":0,"16":0,"17":0.002666,"18":0.002666,"19":0.010664,"20":0.005332,"21":0.005332,"22":0.002666,"23":0,"24":0.007998,"25":0,"26":0,"27":0.021328,"28":0.005332,"29":0.085312,"30":0.005332,"31":0,"32":0.007998,"33":0.023994,"34":0.074648,"35":0.43989,"36":0.22661,"37":0,"38":0},"safari":{"3.1":0,"3.2":0,"4":0,"5":0.018662,"5.1":0.03999,"6":0.034658,"6.1":0.010664,"7":0.002666,"7.1":0,"8":0.061318,"9":0.261268,"9.1":0.03999,"0":null},"android":{"2.1":0,"2.2":0,"2.3":0.0867142966875,"3":0,"4":0.494271491119,"4.1":1.6779216409,"4.2-4.3":3.78074333557,"4.4":7.83030099088,"4.4.3-4.4.4":4.19263624484,"47":null},"ios_saf":{"3.2":0,"4.0-4.1":0,"4.2-4.3":0,"5.0-5.1":0,"6.0-6.1":0.0074305770671,"7.0-7.1":0.0897173379213,"8":0.00577933771885,"8.1-8.4":0.24025532517,"9.0-9.2":1.90222772918,"9.3":0.473905692946},"op_mob":{"10":0,"11":0,"11.1":0,"11.5":0,"12":0,"12.1":0.00217785642582,"0":0.0827585441812},"ie":{"5.5":0,"6":0.01333,"7":0.010664,"8":0.325252,"9":0.298592,"10":1.07973,"11":4.94543},"ie_mob":{"10":0.1890796875,"11":0.9110203125},"edge":{"12":0.175956,"13":0.301258,"14":0},"bb":{"7":0.0495045,"10":null},"and_uc":{"0":10.45095},"op_mini":{"5.0-8.0":27.9016075994},"and_chr":{"0":13.842248},"and_ff":{"0":0.029336}},"total":96.9175825}