{"id":"LR","name":"Liberia","month":"2014-06","access_date":"2014-07-29","data":{"chrome":{"4":0.01341,"5":null,"6":0.00894,"7":null,"8":null,"9":0.00447,"10":null,"11":0.06258,"12":0.00447,"13":null,"14":0.00894,"15":0.02235,"16":null,"17":null,"18":0.01341,"19":0.01788,"20":0.02682,"21":0.04917,"22":0.0447,"23":null,"24":0.02682,"25":0.02235,"26":0.03576,"27":0.02682,"28":0.08046,"29":0.41571,"30":0.02682,"31":0.03576,"32":0.16539,"33":0.57216,"34":0.41124,"35":10.09326,"36":0.04917,"37":0.01788,"38":null,"39":null},"firefox":{"2":0.01788,"3":0.04023,"3.5":0.04917,"3.6":0.2682,"4":0.14304,"5":0.15198,"6":0.16539,"7":0.06258,"8":0.03129,"9":0.04023,"10":1.77459,"11":0.09834,"12":0.37995,"13":0.05364,"14":0.15645,"15":0.19668,"16":0.22797,"17":1.1175,"18":0.0894,"19":0.05364,"20":0.08493,"21":0.09834,"22":0.05811,"23":0.17433,"24":7.16094,"25":0.06258,"26":0.08493,"27":0.07599,"28":0.17433,"29":3.51789,"30":2.61495,"31":0.25032,"32":0.00447,"33":0.00447,"34":null},"opera":{"9":null,"9.5-9.6":0.02235,"10.0-10.1":0.00894,"10.5":null,"10.6":null,"11":0.02682,"11.1":0.00894,"11.5":0.00894,"11.6":0.00447,"12":0.01788,"12.1":0.10728,"15":0.00894,"16":0.09387,"17":0.00447,"18":0.04023,"19":0.01788,"20":0.06258,"21":0.07599,"22":0.35313,"23":null,"24":null},"safari":{"3.1":null,"3.2":null,"4":0.00447,"5":0.06705,"5.1":0.26373,"6":0.25926,"6.1":0.39783,"7":0.36654,"8":null},"android":{"2.1":0.0853160696517,"2.2":0.290074636816,"2.3":4.48762526368,"3":0.0170632139303,"4":3.37851635821,"4.1":6.36457879602,"4.2-4.3":2.52535566169,"4.4":null,"4.4.3":null},"op_mob":{"10":0,"11":0.0326415312792,"11.1":0,"11.5":0.0326415312792,"12":0.163207656396,"12.1":0.456981437908,"0":null},"ie":{"5.5":null,"6":0.205989820144,"7":0.00895607913669,"8":1.4150605036,"9":1.52253345324,"10":1.95690329137,"11":4.80045841727},"ios_saf":{"3.2":0.00213458,"4.0-4.1":0.00426916,"4.2-4.3":0.01494206,"5.0-5.1":0.15155518,"6.0-6.1":0.61689362,"7.0-7.1":1.3447854,"8":null},"bb":{"7":0.047005,"10":null},"and_ff":{"0":0.19355},"ie_mob":{"10":0.4790086},"op_mini":{"5.0-7.0":20.5939678431},"and_chr":{"0":2.07375}},"total":87.2288251647}