{"id":"LR","name":"Liberia","month":"2018-04","access_date":"2018-05-06","data":{"chrome":{"4":0,"5":0,"6":0,"7":0,"8":0,"9":0,"10":0,"11":0.004144,"12":0,"13":0,"14":0,"15":0,"16":0,"17":0,"18":0,"19":0,"20":0,"21":0,"22":0,"23":0.004144,"24":0,"25":0,"26":0.004144,"27":0,"28":0,"29":0.004144,"30":0,"31":0,"32":0,"33":0,"34":0.016576,"35":0,"36":0,"37":0.004144,"38":0,"39":0,"40":0.004144,"41":0,"42":0,"43":0.037296,"44":0.004144,"45":0.004144,"46":0,"47":0,"48":0,"49":0.16576,"50":0.012432,"51":0.008288,"52":0,"53":0.004144,"54":0.004144,"55":0.04144,"56":0.008288,"57":0.004144,"58":0.049728,"59":0.004144,"60":0.111888,"61":0.012432,"62":0.012432,"63":0.053872,"64":0.06216,"65":2.846928,"66":0.37296,"67":0.008288,"68":0,"69":0},"firefox":{"2":0,"3":0,"3.5":0,"3.6":0.004144,"4":0.008288,"5":0,"6":0,"7":0,"8":0,"9":0,"10":0.012432,"11":0,"12":0.004144,"13":0,"14":0,"15":0,"16":0,"17":0.008288,"18":0,"19":0,"20":0,"21":0.004144,"22":0.004144,"23":0.004144,"24":0.049728,"25":0,"26":0,"27":0,"28":0,"29":0.008288,"30":0.004144,"31":0.078736,"32":0.004144,"33":0,"34":0.008288,"35":0,"36":0,"37":0.004144,"38":0.111888,"39":0,"40":0,"41":0,"42":0.004144,"43":0.008288,"44":0.004144,"45":0.140896,"46":0.004144,"47":0.02072,"48":0.012432,"49":0.008288,"50":0.016576,"51":0.004144,"52":9.187248,"53":0.004144,"54":0.004144,"55":0.004144,"56":0.012432,"57":0.33152,"58":0.04144,"59":0.721056,"60":0.045584,"61":0},"opera":{"9":0,"9.5-9.6":0,"10.0-10.1":0,"10.5":0,"10.6":0,"11":0.004144,"11.1":0,"11.5":0,"11.6":0,"12":0.004144,"12.1":0.273504,"15":0,"16":0.016576,"17":0.004144,"18":0,"19":0.004144,"20":0.074592,"21":0.004144,"22":0.008288,"23":0.049728,"24":0,"25":0,"26":0,"27":0,"28":0.004144,"29":0.04144,"30":0,"31":0,"32":0.049728,"33":0.029008,"34":0,"35":0,"36":0,"37":0.02072,"38":0,"39":0,"40":0,"41":0,"42":0,"43":0.004144,"44":0.004144,"45":0.016576,"46":0.004144,"47":0,"48":0,"49":0,"50":0.012432,"51":0.029008,"52":0.306656},"safari":{"3.1":0,"3.2":0,"4":0,"5":0.004144,"5.1":0.004144,"6":0,"6.1":0,"7":0,"7.1":0,"8":0,"9":0.004144,"9.1":0.037296,"10":0.004144,"10.1":0.02072,"11":0.033152,"11.1":0.095312,"0":null},"ios_saf":{"3.2":0.000380199559207,"4.0-4.1":0,"4.2-4.3":0.000760399118413,"5.0-5.1":0.00874458986175,"6.0-6.1":0.0057029933881,"7.0-7.1":0.0212911753156,"8":0.0057029933881,"8.1-8.4":0.0345981598878,"9.0-9.2":0.0216713748748,"9.3":0.156642218393,"10.0-10.2":0.141054036466,"10.3":0.314805235023,"11.0-11.2":1.69797123142,"11.3":1.38582739331},"android":{"2.1":0,"2.2":0,"2.3":0,"3":0,"4":0,"4.1":0.240261799218,"4.2-4.3":0.743135332464,"4.4":2.0394315515,"4.4.3-4.4.4":1.26277131682,"62":null},"op_mob":{"10":null,"11":null,"11.1":null,"11.5":null,"12":null,"12.1":null,"0":null},"ie":{"5.5":0,"6":0.004144,"7":0,"8":0.058016,"9":0.004144,"10":0.037296,"11":0.319088},"edge":{"12":0.037296,"13":0.024864,"14":0.024864,"15":0.029008,"16":0.252784,"17":0,"18":null},"samsung":{"4":0.729475257485,"5":0.226034586826,"6.2":0.708926658683},"bb":{"7":0.0011712,"10":0.0046848},"ie_mob":{"10":0.046848,"11":0.163968},"baidu":{"0":null},"and_ff":{"0":0.93696},"and_qq":{"1.2":null},"and_uc":{"0":6.008256},"op_mini":{"0":11.2323110928},"and_chr":{"0":46.329408}},"total":91.1939795958}