{"id":"LR","name":"Liberia","month":"2015-03","access_date":"2015-04-01","data":{"chrome":{"4":0.019614,"5":0,"6":0.013076,"7":0,"8":0,"9":0.003269,"10":0.003269,"11":0.035959,"12":0.009807,"13":0.143836,"14":0,"15":0,"16":0.003269,"17":0,"18":0,"19":0.006538,"20":0.016345,"21":0.006538,"22":0,"23":0.209216,"24":0.006538,"25":0.022883,"26":0.03269,"27":0.009807,"28":0.006538,"29":0.016345,"30":0.055573,"31":0.06538,"32":0.009807,"33":0.245175,"34":0.009807,"35":0.045766,"36":0.480543,"37":0.062111,"38":0.248444,"39":0.176526,"40":3.376877,"41":4.753126,"42":0.042497,"43":0.03269,"44":0},"firefox":{"2":0.003269,"3":0.058842,"3.5":0.029421,"3.6":0.071918,"4":0.088263,"5":0.022883,"6":0.045766,"7":0.019614,"8":0.013076,"9":0.026152,"10":0.055573,"11":0.035959,"12":0.075187,"13":0.013076,"14":0.029421,"15":0.062111,"16":0.058842,"17":0.058842,"18":0.022883,"19":0.091532,"20":0.022883,"21":0.114415,"22":0.055573,"23":0.009807,"24":0.026152,"25":0.026152,"26":0.029421,"27":0.013076,"28":0.029421,"29":0.094801,"30":0.215754,"31":0.16345,"32":0.09807,"33":0.124222,"34":0.173257,"35":2.137926,"36":4.246431,"37":0.506695,"38":0.006538,"39":0},"opera":{"9":0,"9.5-9.6":0,"10.0-10.1":0,"10.5":0,"10.6":0.003269,"11":0.006538,"11.1":0.006538,"11.5":0.013076,"11.6":0.013076,"12":0.003269,"12.1":0.120953,"15":0,"16":0,"17":0.088263,"18":0.013076,"19":0.003269,"20":0.006538,"21":0,"22":0.003269,"23":0,"24":0.013076,"25":0,"26":0.016345,"27":0.22883,"28":0.45766,"29":0},"safari":{"3.1":0,"3.2":0,"4":0.003269,"5":0.009807,"5.1":0.189602,"6":0.055573,"6.1":0.068649,"7":0.114415,"7.1":0.111146,"8":0.304017},"android":{"2.1":0,"2.2":0,"2.3":0.385874233799,"3":0,"4":0.855313588294,"4.1":2.95673059401,"4.2-4.3":5.12450813676,"4.4":8.78171106601,"4.4.3-4.4.4":4.23478538112,"37":0},"ios_saf":{"3.2":0,"4.0-4.1":0,"4.2-4.3":0,"5.0-5.1":0.0180043177476,"6.0-6.1":0.0454199834087,"7.0-7.1":0.718126764706,"8":0.144034541981,"8.1":3.14379939216},"op_mob":{"10":0,"11":0,"11.1":0,"11.5":0,"12":0.00705817772152,"12.1":0.0282327108861,"0":0.176454443038},"ie":{"5.5":0,"6":0.013076,"7":0.026152,"8":0.970893,"9":0.441315,"10":1.559313,"11":4.161437,"0":null},"ie_mob":{"10":0.313993671111,"11":0.789890328889},"bb":{"7":0.0235585,"10":null},"and_uc":{"0":5.761736},"op_mini":{"5.0-8.0":27.6680566684},"and_chr":{"0":5.918009},"and_ff":{"0":0.20193}},"total":95.4694695}