{"id":"LS","name":"Lesotho","month":"2022-01","access_date":"2022-02-02","data":{"firefox":{"2":null,"3":null,"3.5":null,"3.6":null,"4":null,"5":0.00302,"6":null,"7":null,"8":null,"9":null,"10":null,"11":null,"12":null,"13":null,"14":null,"15":0.00302,"16":null,"17":0.00604,"18":null,"19":null,"20":null,"21":null,"22":null,"23":null,"24":null,"25":null,"26":null,"27":null,"28":null,"29":null,"30":null,"31":null,"32":null,"33":null,"34":null,"35":null,"36":null,"37":null,"38":null,"39":null,"40":null,"41":null,"42":null,"43":null,"44":null,"45":null,"46":null,"47":0.00906,"48":null,"49":null,"50":null,"51":null,"52":0.00302,"53":null,"54":null,"55":null,"56":null,"57":null,"58":null,"59":null,"60":null,"61":null,"62":null,"63":null,"64":null,"65":null,"66":null,"67":null,"68":0.01208,"69":null,"70":null,"71":null,"72":0.00604,"73":null,"74":null,"75":null,"76":null,"77":null,"78":null,"79":null,"80":null,"81":0.00302,"82":0.00604,"83":null,"84":null,"85":null,"86":null,"87":null,"88":0.02415,"89":0.00604,"90":0.03623,"91":0.02113,"92":0.00604,"93":null,"94":0.0151,"95":0.5404,"96":0.58569,"97":0.00906,"98":null},"chrome":{"4":null,"5":null,"6":null,"7":null,"8":null,"9":null,"10":null,"11":null,"12":null,"13":null,"14":null,"15":null,"16":null,"17":null,"18":null,"19":null,"20":null,"21":null,"22":null,"23":0.00302,"24":null,"25":null,"26":null,"27":null,"28":0.00906,"29":null,"30":null,"31":null,"32":null,"33":0.00302,"34":null,"35":null,"36":0.00302,"37":null,"38":null,"39":null,"40":null,"41":null,"42":null,"43":null,"44":null,"45":null,"46":null,"47":null,"48":null,"49":0.0483,"50":null,"51":null,"52":0.00604,"53":null,"54":null,"55":0.01208,"56":0.00906,"57":null,"58":0.00604,"59":null,"60":null,"61":null,"62":0.00302,"63":0.00604,"64":null,"65":0.00302,"66":null,"67":0.00906,"68":0.00604,"69":0.01811,"70":0.03019,"71":null,"72":0.00302,"73":null,"74":0.06642,"75":0.04227,"76":null,"77":0.00604,"78":0.01208,"79":0.01811,"80":0.00604,"81":0.02415,"83":0.01208,"84":0.00604,"85":0.01811,"86":0.13887,"87":0.10567,"88":0.0151,"89":0.01208,"90":0.04529,"91":0.0483,"92":0.06944,"93":0.01811,"94":0.08151,"95":0.19624,"96":3.31486,"97":8.14828,"98":null,"99":0.02415,"100":0.00604,"101":null},"opera":{"9":null,"9.5-9.6":null,"10.0-10.1":0,"10.5":null,"10.6":null,"11":null,"11.1":null,"11.5":null,"11.6":0.00604,"12":null,"12.1":null,"15":null,"16":null,"17":null,"18":null,"19":null,"20":null,"21":null,"22":null,"23":null,"24":null,"25":null,"26":null,"27":null,"28":null,"29":null,"30":null,"31":null,"32":null,"33":null,"34":null,"35":null,"36":null,"37":null,"38":null,"39":null,"40":null,"41":null,"42":null,"43":null,"44":null,"45":null,"46":null,"47":null,"48":null,"49":null,"50":null,"51":null,"52":null,"53":null,"54":null,"55":null,"56":null,"57":null,"58":null,"60":null,"62":null,"63":0.00906,"64":null,"65":null,"66":null,"67":null,"68":null,"69":null,"70":null,"71":null,"72":null,"73":null,"74":0.0151,"75":null,"76":null,"77":0.00604,"78":0.00604,"79":null,"80":null,"81":null,"82":0.84532,"83":0.00604},"edge":{"12":0.03321,"13":0.03623,"14":0.00302,"15":0.02415,"16":0.03925,"17":0.03321,"18":0.07548,"79":null,"80":0.00604,"81":null,"83":null,"84":0.03019,"85":0.03321,"86":0.00302,"87":null,"88":0.00604,"89":0.03019,"90":0.04227,"91":0.00604,"92":0.0483,"93":0.00604,"94":0.02113,"95":0.05736,"96":0.82721,"97":2.38199},"safari":{"3.1":null,"3.2":null,"4":0,"5":null,"5.1":0.00604,"6":null,"6.1":null,"7":null,"7.1":null,"8":null,"9":null,"9.1":null,"10":null,"10.1":null,"11":null,"11.1":0.00302,"12":0.01811,"12.1":0.00604,"13":null,"13.1":0.01811,"14":0.01811,"14.1":0.1117,"15":0.07246,"15.1":0.09963,"15.2-15.3":0.12076,"15.4":null,"0":null},"ios_saf":{"3.2":0,"4.0-4.1":0,"4.2-4.3":0,"5.0-5.1":0,"6.0-6.1":0.0013,"7.0-7.1":0.00413,"8":0,"8.1-8.4":0.00152,"9.0-9.2":0.00478,"9.3":0.04538,"10.0-10.2":0.00326,"10.3":0.01889,"11.0-11.2":0.02301,"11.3-11.4":0.00999,"12.0-12.1":0.01607,"12.2-12.5":0.19344,"13.0-13.1":0.00434,"13.2":0.0089,"13.3":0.09271,"13.4-13.7":0.05406,"14.0-14.4":0.16956,"14.5-14.8":0.50825,"15.0-15.1":0.58945,"15.2-15.3":0.42163,"15.4":0.00043},"samsung":{"4":0.50452,"5.0-5.4":0.02018,"6.2-6.4":0.05045,"7.2-7.4":1.52364,"8.2":0.01009,"9.2":0.1009,"10.1":0.19172,"11.1-11.2":0.30271,"12.0":0.03027,"13.0":0.27244,"14.0":0.59533,"15.0":0.12108,"16.0":0.98885},"android":{"2.1":0,"2.2":0,"2.3":0,"3":0,"4":0,"4.1":0.00114,"4.2-4.3":0.00209,"4.4":0,"4.4.3-4.4.4":0.03865,"0":0},"ie":{"5.5":null,"6":null,"7":null,"8":null,"9":null,"10":null,"11":0.15095},"op_mob":{"10":null,"11":null,"11.1":null,"11.5":null,"12":null,"12.1":null,"0":null},"bb":{"7":0,"10":0.01396},"ie_mob":{"10":null,"11":null},"and_qq":{"10.4":0.02792},"and_uc":{"0":0.94244},"op_mini":{"0":6.86692},"and_chr":{"0":64.95567},"kaios":{"2.5":0.01396},"baidu":{"0":null},"and_ff":{"0":0.12566}},"total":99.04244}