{"id":"LS","name":"Lesotho","month":"2021-12","access_date":"2022-01-03","data":{"firefox":{"2":null,"3":null,"3.5":null,"3.6":null,"4":null,"5":null,"6":null,"7":null,"8":null,"9":null,"10":null,"11":null,"12":null,"13":null,"14":null,"15":null,"16":null,"17":0.00294,"18":null,"19":null,"20":null,"21":null,"22":null,"23":null,"24":null,"25":null,"26":null,"27":null,"28":null,"29":null,"30":null,"31":null,"32":null,"33":null,"34":null,"35":null,"36":null,"37":null,"38":null,"39":null,"40":0.00588,"41":null,"42":null,"43":null,"44":null,"45":0.00294,"46":null,"47":0.00588,"48":null,"49":null,"50":null,"51":null,"52":null,"53":null,"54":null,"55":0.00294,"56":0.00588,"57":null,"58":null,"59":null,"60":0.00588,"61":null,"62":null,"63":0.00588,"64":null,"65":null,"66":null,"67":null,"68":null,"69":null,"70":null,"71":null,"72":null,"73":null,"74":0.00588,"75":null,"76":null,"77":null,"78":0.00881,"79":null,"80":null,"81":null,"82":0.00588,"83":null,"84":null,"85":null,"86":null,"87":null,"88":0.01175,"89":0.04701,"90":null,"91":0.00588,"92":0.00294,"93":0.00294,"94":0.40838,"95":0.49946,"96":null,"97":null},"chrome":{"4":null,"5":null,"6":null,"7":null,"8":null,"9":null,"10":null,"11":null,"12":null,"13":null,"14":null,"15":null,"16":null,"17":null,"18":null,"19":null,"20":null,"21":null,"22":null,"23":null,"24":null,"25":0.00881,"26":null,"27":null,"28":null,"29":null,"30":null,"31":null,"32":null,"33":null,"34":null,"35":null,"36":null,"37":null,"38":null,"39":null,"40":0.00588,"41":null,"42":null,"43":null,"44":0.01175,"45":null,"46":null,"47":null,"48":null,"49":0.06464,"50":null,"51":null,"52":null,"53":null,"54":null,"55":0.00294,"56":0.00881,"57":null,"58":null,"59":null,"60":null,"61":null,"62":null,"63":0.01469,"64":null,"65":0.00881,"66":0.00294,"67":null,"68":null,"69":0.02938,"70":0.02057,"71":0.01175,"72":0.00294,"73":0.00294,"74":0.0235,"75":0.00294,"76":null,"77":0.00881,"78":0.00881,"79":0.0852,"80":0.00588,"81":0.01175,"83":0.00588,"84":0.04995,"85":0.00588,"86":0.00881,"87":0.06757,"88":0.0235,"89":0.0235,"90":0.02057,"91":0.0617,"92":0.0852,"93":0.04407,"94":0.15865,"95":0.42307,"96":10.74427,"97":null,"98":0.00588,"99":null},"opera":{"9":null,"9.5-9.6":null,"10.0-10.1":0,"10.5":null,"10.6":null,"11":null,"11.1":null,"11.5":null,"11.6":null,"12":null,"12.1":null,"15":null,"16":null,"17":null,"18":null,"19":null,"20":null,"21":null,"22":null,"23":null,"24":null,"25":null,"26":null,"27":null,"28":null,"29":null,"30":null,"31":null,"32":null,"33":null,"34":null,"35":null,"36":null,"37":null,"38":null,"39":null,"40":null,"41":null,"42":null,"43":null,"44":null,"45":null,"46":null,"47":null,"48":null,"49":null,"50":null,"51":null,"52":null,"53":null,"54":null,"55":null,"56":null,"57":null,"58":null,"60":null,"62":null,"63":null,"64":null,"65":null,"66":null,"67":null,"68":null,"69":null,"70":null,"71":null,"72":null,"73":null,"74":null,"75":null,"76":null,"77":null,"78":null,"79":0.00588,"80":0.00881,"81":0.28205,"82":0.57585},"safari":{"3.1":null,"3.2":null,"4":0,"5":null,"5.1":0.00588,"6":null,"6.1":null,"7":null,"7.1":null,"8":null,"9":null,"9.1":null,"10":null,"10.1":null,"11":null,"11.1":null,"12":null,"12.1":0.0235,"13":0.00881,"13.1":0.00881,"14":0.0235,"14.1":0.15571,"15":null,"15.1":0.17922,"15.2":0.04701,"0":null},"edge":{"12":0.03232,"13":0.01469,"14":0.00588,"15":0.01175,"16":0.02644,"17":0.0235,"18":0.09989,"79":null,"80":0.00588,"81":0.01175,"83":null,"84":0.02057,"85":0.01469,"86":null,"87":0.00294,"88":null,"89":0.0235,"90":0.01175,"91":0.01175,"92":0.04701,"93":0.00881,"94":0.02938,"95":0.0617,"96":2.08304},"ios_saf":{"3.2":0,"4.0-4.1":0,"4.2-4.3":0,"5.0-5.1":0.0015,"6.0-6.1":0.00514,"7.0-7.1":0.01391,"8":0.00043,"8.1-8.4":0.00043,"9.0-9.2":0.0015,"9.3":0.01797,"10.0-10.2":0.0015,"10.3":0.00942,"11.0-11.2":0.0505,"11.3-11.4":0.01091,"12.0-12.1":0.01134,"12.2-12.5":0.28438,"13.0-13.1":0.00407,"13.2":0.01348,"13.3":0.07254,"13.4-13.7":0.07639,"14.0-14.4":0.17482,"14.5-14.8":0.54971,"15.0-15.1":0.75406,"15.2":0.08581},"samsung":{"4":0.43317,"5.0-5.4":0.0102,"6.2-6.4":0.05037,"7.2-7.4":1.51106,"8.2":0.01007,"9.2":0.12088,"10.1":0.04029,"11.1-11.2":0.4231,"12.0":0.05037,"13.0":0.46339,"14.0":0.59435,"15.0":0.24177},"android":{"2.1":0,"2.2":0,"2.3":0,"3":0,"4":0,"4.1":0.00268,"4.2-4.3":0.00335,"4.4":0,"4.4.3-4.4.4":0.05754,"0":0},"op_mob":{"10":null,"11":null,"11.1":null,"11.5":null,"12":null,"12.1":null,"0":null},"ie":{"5.5":null,"6":null,"7":null,"8":null,"9":null,"10":null,"11":0.17628},"ie_mob":{"10":0.0189,"11":0.08504},"bb":{"7":0,"10":0.01412},"and_uc":{"0":1.12286},"op_mini":{"0":6.74602},"and_chr":{"0":66.85352},"kaios":{"2.5":0.01412},"baidu":{"0":null},"and_ff":{"0":0.07062},"and_qq":{"10.4":0.16243}},"total":98.39797}