{"id":"LT","name":"Lithuania","month":"2016-09","access_date":"2016-10-02","data":{"firefox":{"2":null,"3":0.017064,"3.5":0.034128,"3.6":0.04266,"4":null,"5":null,"6":null,"7":null,"8":null,"9":null,"10":null,"11":0.025596,"12":null,"13":null,"14":null,"15":null,"16":null,"17":0.008532,"18":null,"19":null,"20":null,"21":null,"22":null,"23":null,"24":0.008532,"25":null,"26":null,"27":null,"28":null,"29":0.017064,"30":null,"31":0.034128,"32":null,"33":0.017064,"34":0.017064,"35":0.017064,"36":0.017064,"37":0.034128,"38":0.452196,"39":0.04266,"40":0.04266,"41":0.04266,"42":0.162108,"43":0.861732,"44":0.076788,"45":0.776412,"46":0.861732,"47":4.13802,"48":9.461988,"49":2.499876,"50":0.025596,"51":null,"52":null},"chrome":{"4":null,"5":null,"6":null,"7":null,"8":null,"9":null,"10":null,"11":0.017064,"12":0.017064,"13":0.008532,"14":null,"15":null,"16":null,"17":0.008532,"18":0.068256,"19":null,"20":0.008532,"21":null,"22":0.025596,"23":0.008532,"24":0.008532,"25":0.008532,"26":0.025596,"27":null,"28":null,"29":null,"30":0.017064,"31":0.04266,"32":0.017064,"33":0.017064,"34":0.034128,"35":0.076788,"36":0.025596,"37":0.017064,"38":0.034128,"39":0.102384,"40":0.025596,"41":0.034128,"42":0.025596,"43":0.870264,"44":0.068256,"45":0.034128,"46":0.059724,"47":0.08532,"48":0.17064,"49":2.491344,"50":1.262736,"51":8.967132,"52":16.193736,"53":15.818328,"54":0.093852,"55":0.068256,"56":null},"opera":{"9":null,"9.5-9.6":null,"10.0-10.1":0,"10.5":null,"10.6":0.017064,"11":null,"11.1":null,"11.5":null,"11.6":0.008532,"12":0.017064,"12.1":0.162108,"15":null,"16":null,"17":null,"18":null,"19":null,"20":null,"21":null,"22":null,"23":null,"24":null,"25":null,"26":null,"27":0.017064,"28":0.008532,"29":null,"30":null,"31":null,"32":null,"33":null,"34":0.017064,"35":0.017064,"36":0.162108,"37":0.04266,"38":1.66374,"39":1.953828,"40":0.520452,"41":null},"safari":{"3.1":null,"3.2":null,"4":0.017064,"5":0.017064,"5.1":0.04266,"6":null,"6.1":0.025596,"7":0.017064,"7.1":0.008532,"8":0.110916,"9":0.162108,"9.1":1.424844,"10":0.238896,"0":null},"ios_saf":{"3.2":0,"4.0-4.1":0,"4.2-4.3":0,"5.0-5.1":0,"6.0-6.1":0,"7.0-7.1":0.0431368227732,"8":0,"8.1-8.4":0.0902997490052,"9.0-9.2":0.108129635751,"9.3":1.79247877564,"10":0.784515016835},"android":{"2.1":0,"2.2":0,"2.3":0.00203368321513,"3":0,"4":0.0147442033097,"4.1":0.0528757635934,"4.2-4.3":0.13168098818,"4.4":0.311661952719,"4.4.3-4.4.4":0.347251408983,"52":null},"ie":{"5.5":null,"6":0.0258817607656,"7":0.017254507177,"8":0.362344650718,"9":0.17254507177,"10":0.276072114833,"11":4.55518989474},"op_mob":{"10":0,"11":0,"11.1":0,"11.5":0,"12":0,"12.1":0.000504289700997,"0":0.0211801674419},"edge":{"12":0.102384,"13":1.57842,"14":0.46926},"ie_mob":{"10":0.0673147709497,"11":0.24977322905},"bb":{"7":0.005505,"10":null},"samsung":{"0":2.269528},"and_uc":{"0":0.093952},"op_mini":{"0":0.301275542857},"and_chr":{"0":8.53094},"and_ff":{"0":0.02202}},"total":96.064437}