{"id":"LT","name":"Lithuania","month":"2019-03","access_date":"2019-04-03","data":{"chrome":{"4":0,"5":0,"6":0,"7":0,"8":0,"9":0,"10":0,"11":0,"12":0,"13":0,"14":0,"15":0,"16":0,"17":0,"18":0,"19":0,"20":0,"21":0,"22":0.006913,"23":0.006913,"24":0,"25":0,"26":0,"27":0,"28":0,"29":0.013826,"30":0,"31":0,"32":0.006913,"33":0.006913,"34":0.013826,"35":0,"36":0,"37":0,"38":0.020739,"39":0,"40":0.006913,"41":0.145173,"42":0.006913,"43":0.027652,"44":0.006913,"45":0.006913,"46":0.013826,"47":0.013826,"48":0.027652,"49":0.463171,"50":0.006913,"51":0.013826,"52":0.020739,"53":0.034565,"54":0.055304,"55":0.06913,"56":0.027652,"57":0.006913,"58":0.497736,"59":0.013826,"60":0.013826,"61":1.645294,"62":0.041478,"63":0.117521,"64":0.055304,"65":0.06913,"66":0.048391,"67":0.110608,"68":0.096782,"69":0.089869,"70":0.13826,"71":0.55304,"72":19.695137,"73":6.436003,"74":0.062217,"75":0.006913,"76":0},"firefox":{"2":0,"3":0.006913,"3.5":0,"3.6":0,"4":0,"5":0,"6":0,"7":0,"8":0,"9":0,"10":0,"11":0,"12":0.006913,"13":0,"14":0,"15":0,"16":0,"17":0,"18":0,"19":0,"20":0,"21":0,"22":0,"23":0,"24":0,"25":0,"26":0,"27":0,"28":0,"29":0,"30":0,"31":0.006913,"32":0,"33":0,"34":0,"35":0.013826,"36":0,"37":0,"38":0.006913,"39":0,"40":0,"41":0,"42":0,"43":0.006913,"44":0,"45":0.013826,"46":0.006913,"47":0.013826,"48":0.145173,"49":0.013826,"50":0.013826,"51":0.041478,"52":0.235042,"53":0.006913,"54":0.013826,"55":0.006913,"56":0.076043,"57":0.013826,"58":0.027652,"59":0.013826,"60":0.145173,"61":0.027652,"62":0.027652,"63":0.034565,"64":0.089869,"65":4.687014,"66":1.306557,"67":0.027652,"68":0},"opera":{"9":0,"9.5-9.6":0,"10.0-10.1":0,"10.5":0,"10.6":0,"11":0,"11.1":0,"11.5":0,"11.6":0,"12":0,"12.1":0.006913,"15":0,"16":0,"17":0,"18":0,"19":0,"20":0,"21":0,"22":0,"23":0,"24":0,"25":0,"26":0,"27":0,"28":0,"29":0,"30":0,"31":0,"32":0,"33":0,"34":0,"35":0,"36":0.027652,"37":0,"38":0.006913,"39":0,"40":0,"41":0,"42":0,"43":0,"44":0,"45":0.006913,"46":0,"47":0,"48":0,"49":0.013826,"50":0,"51":0.006913,"52":0,"53":0.006913,"54":0.006913,"55":0,"56":0.006913,"57":0.013826,"58":2.136117},"safari":{"3.1":0,"3.2":0,"4":0.006913,"5":0,"5.1":0.006913,"6":0,"6.1":0,"7":0,"7.1":0,"8":0,"9":0.013826,"9.1":0.027652,"10":0.020739,"10.1":0.096782,"11":0.034565,"11.1":0.214303,"12":1.818119,"12.1":0.055304,"0":null},"ios_saf":{"3.2":0.0038877841841842,"4.0-4.1":0.0019438920920921,"4.2-4.3":0.0019438920920921,"5.0-5.1":0.010691406506507,"6.0-6.1":0.0048597302302302,"7.0-7.1":0.019438920920921,"8":0.13024077017017,"8.1-8.4":0.04179367997998,"9.0-9.2":0.026242543243243,"9.3":0.18952947897898,"10.0-10.2":0.10497017297297,"10.3":0.25367791801802,"11.0-11.2":0.32171414124124,"11.3-11.4":0.69105363873874,"12.0-12.1":7.7979231274274,"12.2":0.1098299032032},"android":{"2.1":0.015277800610376,"2.2":0.033101901322482,"2.3":0.022916700915565,"3":0.0025463001017294,"4":0.36157461444557,"4.1":0.19606510783316,"4.2-4.3":0.73078812919634,"4.4":0,"4.4.3-4.4.4":1.1407424455748,"67":null},"ie":{"5.5":0,"6":0.0072467310344828,"7":0,"8":0.18116827586207,"9":0.043480386206897,"10":0.11594769655172,"11":1.7537089103448},"edge":{"12":0.027652,"13":0.013826,"14":0.048391,"15":0.062217,"16":0.110608,"17":1.348035,"18":0.442432},"op_mob":{"10":null,"11":null,"11.1":null,"11.5":null,"12":null,"12.1":null,"0":null},"samsung":{"4":0.30648281767956,"5.0-5.4":0.05108046961326,"6.2-6.4":0.05108046961326,"7.2-7.4":0.17367359668508,"8.2":2.6561844198895},"ie_mob":{"10":0.0108045,"11":0.0324135},"bb":{"7":0.0006174,"10":0.0024696},"baidu":{"0":null},"and_ff":{"0":0.24696},"and_uc":{"0":0.098784},"and_qq":{"1.2":0.003087},"op_mini":{"0":0.23672834536082},"and_chr":{"0":33.6228},"kaios":{"2.5":0}},"total":96.154367118841}