{"id":"LT","name":"Lithuania","month":"2015-04","access_date":"2015-05-02","data":{"chrome":{"4":0.009218,"5":0,"6":0,"7":0,"8":0,"9":0,"10":0,"11":0.036872,"12":0.009218,"13":0.009218,"14":0,"15":0,"16":0,"17":0,"18":0.027654,"19":0,"20":0,"21":0.009218,"22":0.036872,"23":0.009218,"24":0.009218,"25":0.009218,"26":0.036872,"27":0.027654,"28":0.027654,"29":0.027654,"30":0.027654,"31":0.129052,"32":0.055308,"33":0.09218,"34":0.156706,"35":0.175142,"36":4.461512,"37":4.664308,"38":0.36872,"39":0.820402,"40":0.50699,"41":18.66645,"42":13.430626,"43":0.165924,"44":0.101398,"45":0},"firefox":{"2":0,"3":0.009218,"3.5":0.009218,"3.6":0.055308,"4":0,"5":0.009218,"6":0.009218,"7":0.009218,"8":0.009218,"9":0.009218,"10":0.018436,"11":0.04609,"12":0.027654,"13":0.009218,"14":0.018436,"15":0.018436,"16":0.018436,"17":0.018436,"18":0.018436,"19":0.009218,"20":0.027654,"21":0.04609,"22":0.018436,"23":0.018436,"24":0.04609,"25":0.018436,"26":0.036872,"27":0.018436,"28":0.027654,"29":0.027654,"30":0.055308,"31":3.124902,"32":2.037178,"33":0.09218,"34":0.119834,"35":0.405592,"36":3.650328,"37":13.301574,"38":0.23045,"39":0.018436,"40":0.009218},"opera":{"9":0,"9.5-9.6":0,"10.0-10.1":0,"10.5":0,"10.6":0.009218,"11":0.009218,"11.1":0,"11.5":0.009218,"11.6":0.018436,"12":0.027654,"12.1":0.663696,"15":0.009218,"16":0.009218,"17":0.04609,"18":0.018436,"19":0.009218,"20":0.036872,"21":0.009218,"22":0.009218,"23":0.009218,"24":0.009218,"25":0.018436,"26":0.13827,"27":0.018436,"28":3.355352,"29":0.267322},"safari":{"3.1":0,"3.2":0,"4":0.018436,"5":0.036872,"5.1":0.129052,"6":0.027654,"6.1":0.055308,"7":1.70533,"7.1":0.202796,"8":1.594714},"android":{"2.1":0,"2.2":0,"2.3":0.0443803666437,"3":0,"4":0.0847982005513,"4.1":0.319644307374,"4.2-4.3":0.584077325293,"4.4":0.873606383873,"4.4.3-4.4.4":0.393347416265,"40":null},"ios_saf":{"3.2":0,"4.0-4.1":0,"4.2-4.3":0,"5.0-5.1":0.00859404861878,"6.0-6.1":0.0218156618785,"7.0-7.1":0.326794207735,"8":0.0570732972376,"8.1-8.3":1.77940878453},"op_mob":{"10":0,"11":0,"11.1":0,"11.5":0,"12":0.000108067194929,"12.1":0.000432268779715,"0":0.00216134389857},"ie":{"5.5":0,"6":0.0278708168211,"7":0.167224900927,"8":2.04385990021,"9":1.34708947969,"10":0.956898044191,"11":8.46343804134,"0":null},"ie_mob":{"10":0.112406193548,"11":0.323167806452},"bb":{"7":0.0060605,"10":null},"and_uc":{"0":0.111826},"op_mini":{"5.0-8.0":0.338250320127},"and_chr":{"0":4.43969},"and_ff":{"0":0.057868}},"total":99.1247516832}