{"id":"LT","name":"Lithuania","month":"2017-11","access_date":"2017-12-06","data":{"chrome":{"4":0,"5":0,"6":0,"7":0,"8":0,"9":0,"10":0.007594,"11":0.007594,"12":0,"13":0,"14":0,"15":0,"16":0,"17":0,"18":0.083534,"19":0,"20":0,"21":0,"22":0.015188,"23":0,"24":0,"25":0,"26":0.007594,"27":0,"28":0.007594,"29":0.144286,"30":0.007594,"31":0.015188,"32":0.007594,"33":0.007594,"34":0.022782,"35":0,"36":0.007594,"37":0.007594,"38":0.022782,"39":0.007594,"40":0.007594,"41":0.015188,"42":0,"43":0.098722,"44":0.007594,"45":0.007594,"46":0.015188,"47":0.022782,"48":0.015188,"49":1.010002,"50":0.015188,"51":0.022782,"52":0.015188,"53":0.022782,"54":0.083534,"55":0.068346,"56":0.091128,"57":0.129098,"58":0.220226,"59":0.22782,"60":0.280978,"61":12.64401,"62":18.271164,"63":0.060752,"64":0.03797,"65":0},"firefox":{"2":0,"3":0,"3.5":0,"3.6":0.007594,"4":0,"5":0,"6":0,"7":0,"8":0,"9":0,"10":0.007594,"11":0.007594,"12":0,"13":0,"14":0,"15":0,"16":0,"17":0,"18":0,"19":0,"20":0,"21":0,"22":0,"23":0,"24":0.007594,"25":0,"26":0,"27":0,"28":0.007594,"29":0.007594,"30":0,"31":0.007594,"32":0,"33":0,"34":0.007594,"35":0,"36":0.007594,"37":0.007594,"38":0.030376,"39":0.007594,"40":0.007594,"41":0.015188,"42":0.007594,"43":0.022782,"44":0.007594,"45":0.045564,"46":0.015188,"47":0.060752,"48":0.15188,"49":0.045564,"50":0.045564,"51":0.091128,"52":1.02519,"53":0.07594,"54":0.106316,"55":0.121504,"56":4.59437,"57":3.971662,"58":0.045564,"59":0,"60":0},"opera":{"9":0,"9.5-9.6":0,"10.0-10.1":0,"10.5":0,"10.6":0.007594,"11":0,"11.1":0,"11.5":0,"11.6":0,"12":0,"12.1":0.045564,"15":0,"16":0,"17":0,"18":0,"19":0,"20":0,"21":0,"22":0,"23":0,"24":0,"25":0,"26":0,"27":0,"28":0,"29":0,"30":0.007594,"31":0,"32":0.007594,"33":0,"34":0,"35":0,"36":0.07594,"37":0.015188,"38":0,"39":0,"40":0,"41":0,"42":0.007594,"43":0.083534,"44":0.007594,"45":0.007594,"46":0.022782,"47":0.022782,"48":1.579552,"49":0.98722,"50":0.015188},"safari":{"3.1":0,"3.2":0,"4":0,"5":0,"5.1":0.015188,"6":0,"6.1":0.015188,"7":0.015188,"7.1":0,"8":0.015188,"9":0.022782,"9.1":0.121504,"10":0.129098,"10.1":0.470828,"11":1.374514,"0":null},"ios_saf":{"3.2":0.000946878975795,"4.0-4.1":0.000946878975795,"4.2-4.3":0.128775540708,"5.0-5.1":0.0217782164433,"6.0-6.1":0.0142031846369,"7.0-7.1":0.0606002544509,"8":0.0151500636127,"8.1-8.4":0.104156687337,"9.0-9.2":0.0634408913783,"9.3":0.437458086817,"10.0-10.2":0.811475282256,"10.3":1.69207272975,"11.0-11.2":6.11589130466},"android":{"2.1":0,"2.2":0,"2.3":0,"3":0,"4":0,"4.1":0.0568543872778,"4.2-4.3":0.160066967259,"4.4":0.454835098223,"4.4.3-4.4.4":0.26327954724,"62":null},"op_mob":{"10":null,"11":null,"11.1":null,"11.5":null,"12":null,"12.1":null,"0":null},"ie":{"5.5":0,"6":0.0152398361775,"7":0.00761991808874,"8":0.198117870307,"9":0.160018279863,"10":0.198117870307,"11":3.88615822526},"edge":{"12":0.022782,"13":0.045564,"14":0.364512,"15":1.541582,"16":0.197444,"17":0},"samsung":{"4":0.689833386207,"5":0.700129406897,"6.2":1.5958832069},"ie_mob":{"10":0.0340277142857,"11":0.124768285714},"bb":{"7":0.0033684,"10":0.0134736},"and_uc":{"0":0.062556},"op_mini":{"0":0.410012164948},"and_chr":{"0":26.015268},"baidu":{"0":null},"and_ff":{"0":0.158796},"and_qq":{"1.2":null}},"total":96.2613621649}