{"id":"LU","name":"Luxembourg","month":"2019-03","access_date":"2019-04-14","data":{"chrome":{"4":0,"5":0,"6":0,"7":0,"8":0,"9":0,"10":0,"11":0,"12":0,"13":0,"14":0,"15":0,"16":0,"17":0,"18":0,"19":0,"20":0,"21":0,"22":0,"23":0.018471,"24":0,"25":0,"26":0,"27":0,"28":0,"29":0,"30":0,"31":0,"32":0,"33":0,"34":0.006157,"35":0,"36":0,"37":0,"38":0.012314,"39":0,"40":0.006157,"41":0,"42":0,"43":0,"44":0.006157,"45":0,"46":0.006157,"47":0,"48":0.006157,"49":0.215495,"50":0,"51":0,"52":0,"53":0.012314,"54":0.012314,"55":0.006157,"56":0.006157,"57":0.006157,"58":0.06157,"59":0.055413,"60":0.006157,"61":0.030785,"62":0.012314,"63":0.055413,"64":0.073884,"65":0.06157,"66":0.024628,"67":0.067727,"68":0.073884,"69":0.080041,"70":0.166239,"71":0.529502,"72":9.968183,"73":2.967674,"74":0.024628,"75":0.012314,"76":0},"firefox":{"2":0,"3":0,"3.5":0,"3.6":0,"4":0,"5":0,"6":0,"7":0,"8":0,"9":0,"10":0,"11":0,"12":0,"13":0,"14":0,"15":0.006157,"16":0.006157,"17":0,"18":0,"19":0,"20":0,"21":0,"22":0,"23":0,"24":0,"25":0,"26":0,"27":0,"28":0,"29":0,"30":0,"31":0,"32":0,"33":0,"34":0.006157,"35":0,"36":0,"37":0,"38":0.086198,"39":0,"40":0.006157,"41":0,"42":0.006157,"43":0.006157,"44":0.006157,"45":0.06157,"46":0,"47":0.012314,"48":0.06157,"49":0,"50":0.018471,"51":0.006157,"52":0.326321,"53":0,"54":0.012314,"55":0.006157,"56":0.055413,"57":0.018471,"58":0.012314,"59":0.018471,"60":0.572601,"61":0.036942,"62":0.012314,"63":0.030785,"64":0.080041,"65":3.50949,"66":0.86198,"67":0.012314,"68":0},"opera":{"9":0,"9.5-9.6":0,"10.0-10.1":0,"10.5":0,"10.6":0,"11":0,"11.1":0,"11.5":0,"11.6":0,"12":0,"12.1":0,"15":0,"16":0,"17":0,"18":0,"19":0,"20":0,"21":0,"22":0,"23":0,"24":0,"25":0,"26":0,"27":0,"28":0,"29":0,"30":0,"31":0,"32":0.006157,"33":0,"34":0,"35":0,"36":0,"37":0,"38":0.018471,"39":0,"40":0.006157,"41":0,"42":0.006157,"43":0,"44":0,"45":0,"46":0,"47":0,"48":0,"49":0,"50":0,"51":0.012314,"52":0,"53":0,"54":0,"55":0,"56":0.030785,"57":0.006157,"58":0.424833},"safari":{"3.1":0,"3.2":0,"4":0,"5":0,"5.1":0.018471,"6":0,"6.1":0.295536,"7":0,"7.1":0,"8":0.067727,"9":0.012314,"9.1":0.110826,"10":0.030785,"10.1":0.24628,"11":0.067727,"11.1":0.424833,"12":5.547457,"12.1":0.116983,"0":null},"ios_saf":{"3.2":0.012074673873874,"4.0-4.1":0.0060373369369369,"4.2-4.3":0.0060373369369369,"5.0-5.1":0.033205353153153,"6.0-6.1":0.015093342342342,"7.0-7.1":0.060373369369369,"8":0.40450157477477,"8.1-8.4":0.12980274414414,"9.0-9.2":0.081504048648649,"9.3":0.58864035135135,"10.0-10.2":0.32601619459459,"10.3":0.78787247027027,"11.0-11.2":0.99917926306306,"11.3-11.4":2.1462732810811,"12.0-12.1":24.218777122523,"12.2":0.34110953693694},"android":{"2.1":0.0031923723296033,"2.2":0.0069168067141404,"2.3":0.0047885584944049,"3":0.00053206205493388,"4":0.07555281180061,"4.1":0.040968778229908,"4.2-4.3":0.15270180976602,"4.4":0,"4.4.3-4.4.4":0.23836380061038,"67":null},"ie":{"5.5":0,"6":0,"7":0.76446339504563,"8":1.5227617627119,"9":0.024660109517601,"10":0.012330054758801,"11":2.4043606779661},"edge":{"12":0.006157,"13":0.018471,"14":0.024628,"15":0.209338,"16":0.104669,"17":1.656233,"18":0.252437},"op_mob":{"10":null,"11":null,"11.1":null,"11.5":null,"12":null,"12.1":null,"0":null},"samsung":{"4":0.39842351269036,"5.0-5.4":0.053841015228426,"6.2-6.4":0.043072812182741,"7.2-7.4":0.19382765482234,"8.2":2.9720240406091,"9.2":0.58148296446701},"ie_mob":{"10":0,"11":0.030744},"bb":{"7":0.0007686,"10":0.0030744},"kaios":{"2.5":0},"baidu":{"0":null},"and_ff":{"0":0.472689},"and_uc":{"0":0.910791},"and_qq":{"1.2":0.015372},"op_mini":{"0":0.45114971134021},"and_chr":{"0":24.575104}},"total":96.27975571134}