{"id":"LU","name":"Luxembourg","month":"2014-12","access_date":"2015-01-01","data":{"chrome":{"4":null,"5":null,"6":null,"7":null,"8":null,"9":null,"10":0.006445,"11":0.05156,"12":0.01289,"13":0.019335,"14":null,"15":null,"16":null,"17":null,"18":null,"19":null,"20":null,"21":0.01289,"22":0.032225,"23":0.03867,"24":null,"25":0.01289,"26":0.01289,"27":0.02578,"28":0.03867,"29":0.019335,"30":0.045115,"31":0.290025,"32":0.10312,"33":0.109565,"34":0.10312,"35":0.148235,"36":0.380255,"37":0.418925,"38":0.54138,"39":17.884875,"40":0.083785,"41":0.10312,"42":null},"firefox":{"2":null,"3":0.019335,"3.5":null,"3.6":0.070895,"4":0.01289,"5":0.01289,"6":0.01289,"7":0.01289,"8":0.006445,"9":0.006445,"10":0.174015,"11":0.019335,"12":0.05156,"13":0.006445,"14":0.019335,"15":0.019335,"16":0.09023,"17":0.20624,"18":0.019335,"19":0.032225,"20":0.032225,"21":0.019335,"22":0.07734,"23":0.058005,"24":0.534935,"25":0.03867,"26":0.05156,"27":0.032225,"28":0.05156,"29":0.14179,"30":0.1289,"31":1.901275,"32":0.367365,"33":4.878865,"34":10.8276,"35":0.10312,"36":0.01289,"37":0.006445},"opera":{"9":null,"9.5-9.6":null,"10.0-10.1":0,"10.5":null,"10.6":null,"11":null,"11.1":null,"11.5":null,"11.6":null,"12":0.006445,"12.1":0.148235,"15":null,"16":null,"17":null,"18":null,"19":0.01289,"20":null,"21":null,"22":null,"23":null,"24":null,"25":0.01289,"26":0.406035,"27":null,"28":null},"android":{"2.1":0,"2.2":0.00261359482493,"2.3":0.0735073544512,"3":0,"4":0.151588499846,"4.1":0.464566480131,"4.2-4.3":0.739974034809,"4.4":1.2417842412,"4.4.3-4.4.4":0.507690794743,"37":0},"safari":{"3.1":null,"3.2":null,"4":0.05156,"5":0.264245,"5.1":1.40501,"6":0.212685,"6.1":0.86363,"7":0.9023,"7.1":1.617695,"8":2.78424},"ios_saf":{"3.2":0,"4.0-4.1":0,"4.2-4.3":0,"5.0-5.1":0.0989486294773,"6.0-6.1":0.409211281228,"7.0-7.1":4.84680574897,"8":1.37354114478,"8.1":9.98710319555},"op_mob":{"10":0,"11":0,"11.1":0,"11.5":0,"12":9.06007281553e-5,"12.1":0.000453003640777,"0":null},"ie":{"5.5":null,"6":0.258503090909,"7":0.0517006181818,"8":2.55271802273,"9":2.26190204545,"10":1.09863813636,"11":7.99420808636,"0":null},"bb":{"7":0.017775,"10":null},"ie_mob":{"10":0.2645631,"11":null},"op_mini":{"5.0-8.0":0.0634463956311},"and_chr":{"0":14.7955},"and_ff":{"0":0.19908},"and_uc":{"0":0.131535}},"total":98.8272481}