{"id":"LU","name":"Luxembourg","month":"2018-11","access_date":"2018-12-14","data":{"chrome":{"4":0,"5":0,"6":0,"7":0,"8":0,"9":0,"10":0,"11":0.006838,"12":0,"13":0,"14":0,"15":0,"16":0,"17":0,"18":0,"19":0,"20":0,"21":0,"22":0,"23":0.006838,"24":0,"25":0.006838,"26":0,"27":0,"28":0,"29":0,"30":0,"31":0,"32":0,"33":0,"34":0,"35":0,"36":0,"37":0.006838,"38":0.013676,"39":0,"40":0,"41":0,"42":0,"43":0,"44":0.006838,"45":0,"46":0,"47":0,"48":0,"49":0.328224,"50":0,"51":0.013676,"52":0.006838,"53":0.027352,"54":0.013676,"55":0.020514,"56":0.06838,"57":0.041028,"58":0.095732,"59":0.03419,"60":0.03419,"61":0.253006,"62":0.061542,"63":0.143598,"64":0.082056,"65":0.17095,"66":0.054704,"67":0.150436,"68":0.157274,"69":1.107756,"70":14.763242,"71":0.027352,"72":0.013676,"73":0},"firefox":{"2":0,"3":0,"3.5":0,"3.6":0,"4":0,"5":0,"6":0,"7":0,"8":0,"9":0,"10":0,"11":0,"12":0,"13":0,"14":0,"15":0,"16":0,"17":0,"18":0,"19":0,"20":0,"21":0.006838,"22":0,"23":0,"24":0.006838,"25":0.006838,"26":0,"27":0,"28":0,"29":0.006838,"30":0,"31":0.006838,"32":0.006838,"33":0,"34":0.006838,"35":0,"36":0,"37":0,"38":0.17095,"39":0,"40":0,"41":0,"42":0.006838,"43":0.006838,"44":0,"45":0.075218,"46":0.027352,"47":0.013676,"48":0.10257,"49":0.006838,"50":0.03419,"51":0.020514,"52":0.64961,"53":0.006838,"54":0.027352,"55":0.006838,"56":0.082056,"57":0.041028,"58":0.027352,"59":0.020514,"60":1.066728,"61":0.082056,"62":0.30771,"63":5.497752,"64":0.075218,"65":0},"opera":{"9":0,"9.5-9.6":0,"10.0-10.1":0,"10.5":0,"10.6":0,"11":0,"11.1":0,"11.5":0,"11.6":0,"12":0,"12.1":0.006838,"15":0,"16":0,"17":0,"18":0,"19":0,"20":0,"21":0,"22":0,"23":0,"24":0,"25":0,"26":0,"27":0,"28":0,"29":0,"30":0,"31":0,"32":0,"33":0,"34":0,"35":0,"36":0.006838,"37":0,"38":0,"39":0,"40":0.006838,"41":0,"42":0,"43":0,"44":0,"45":0,"46":0,"47":0,"48":0.006838,"49":0,"50":0,"51":0,"52":0.006838,"53":0,"54":0,"55":0.006838,"56":0.54704,"57":0},"safari":{"3.1":0,"3.2":0,"4":0,"5":0.006838,"5.1":0.027352,"6":0,"6.1":0.020514,"7":0,"7.1":0.006838,"8":0.013676,"9":0.03419,"9.1":0.17095,"10":0.03419,"10.1":0.417118,"11":0.164112,"11.1":0.82056,"12":4.629326,"0":null},"ios_saf":{"3.2":0.0030968425898129,"4.0-4.1":0,"4.2-4.3":0.0030968425898129,"5.0-5.1":0.037162111077754,"6.0-6.1":0.018581055538877,"7.0-7.1":0.071227379565696,"8":0.50168849954968,"8.1-8.4":0.17342318502952,"9.0-9.2":0.099098962874012,"9.3":0.71537063824677,"10.0-10.2":0.83924434183929,"10.3":1.0838949064345,"11.0-11.2":1.9572045167617,"11.3-11.4":5.2088892360652,"12.0-12.1":20.234769481837},"android":{"2.1":0,"2.2":0.00066760043431053,"2.3":0.018692812160695,"3":0.00066760043431053,"4":0.083450054288816,"4.1":0.032712421281216,"4.2-4.3":0.1582213029316,"4.4":0,"4.4.3-4.4.4":0.32044820846906,"67":null},"edge":{"12":0.006838,"13":0.027352,"14":0.041028,"15":0.177788,"16":0.17095,"17":1.702662,"18":null},"op_mob":{"10":null,"11":null,"11.1":null,"11.5":null,"12":null,"12.1":null,"0":null},"ie":{"5.5":0,"6":0,"7":0.79417063106796,"8":1.7526524271845,"9":0.061616686893204,"10":0.020538895631068,"11":3.0123713592233},"samsung":{"4":0.38775281978799,"5":0.064625469964664,"6.2":0.04308364664311,"7.2":null},"ie_mob":{"10":0,"11":0.050592},"bb":{"7":0.003162,"10":0.012648},"baidu":{"0":null},"and_ff":{"0":0.392088},"and_uc":{"0":0.354144},"and_qq":{"1.2":null},"op_mini":{"0":0.25146049484536},"and_chr":{"0":20.171866}},"total":94.115890431241}