{"id":"LU","name":"Luxembourg","month":"2019-07","access_date":"2019-08-05","data":{"chrome":{"4":0,"5":0,"6":0,"7":0,"8":0,"9":0,"10":0,"11":0.005786,"12":0,"13":0,"14":0,"15":0,"16":0,"17":0,"18":0,"19":0,"20":0,"21":0,"22":0,"23":0.017358,"24":0,"25":0,"26":0,"27":0,"28":0,"29":0,"30":0,"31":0,"32":0,"33":0,"34":0.005786,"35":0,"36":0,"37":0,"38":0.005786,"39":0.005786,"40":0.11572,"41":0.017358,"42":0,"43":0,"44":0,"45":0,"46":0,"47":0,"48":0,"49":0.121506,"50":0,"51":0,"52":0.005786,"53":0.005786,"54":0.005786,"55":0,"56":0.005786,"57":0.017358,"58":0.017358,"59":0.121506,"60":0.005786,"61":1.920952,"62":0.017358,"63":0.034716,"64":0.005786,"65":0.023144,"66":0.005786,"67":0.046288,"68":0.972048,"69":0.05786,"70":0.092576,"71":0.069432,"72":0.248798,"73":0.243012,"74":0.329802,"75":9.570044,"76":0.02893,"77":0.011572,"78":0,"79":0},"firefox":{"2":0,"3":0,"3.5":0,"3.6":0,"4":0,"5":0,"6":0,"7":0,"8":0,"9":0,"10":0,"11":0,"12":0,"13":0,"14":0,"15":0,"16":0,"17":0,"18":0.005786,"19":0,"20":0,"21":0,"22":0,"23":0,"24":0.005786,"25":0,"26":0,"27":0,"28":0,"29":0.005786,"30":0,"31":0.005786,"32":0,"33":0,"34":0.005786,"35":0,"36":0,"37":0,"38":0.092576,"39":0,"40":0,"41":0,"42":0,"43":0.005786,"44":0,"45":0.040502,"46":0,"47":0.005786,"48":0.052074,"49":0,"50":0.121506,"51":0.017358,"52":0.185152,"53":0.005786,"54":0.005786,"55":0.005786,"56":0.063646,"57":0.005786,"58":0.138864,"59":0.005786,"60":1.405998,"61":0.005786,"62":0.017358,"63":0.023144,"64":0.017358,"65":0.034716,"66":0.121506,"67":1.614294,"68":2.163964,"69":0.011572,"70":0},"opera":{"9":0,"9.5-9.6":0,"10.0-10.1":0,"10.5":0,"10.6":0,"11":0,"11.1":0,"11.5":0.005786,"11.6":0,"12":0,"12.1":0,"15":0,"16":0,"17":0,"18":0,"19":0,"20":0,"21":0,"22":0,"23":0,"24":0,"25":0,"26":0,"27":0,"28":0,"29":0,"30":0,"31":0,"32":0,"33":0,"34":0,"35":0,"36":0,"37":0.005786,"38":0,"39":0,"40":0,"41":0,"42":0.005786,"43":0,"44":0,"45":0.005786,"46":0,"47":0,"48":0,"49":0,"50":0,"51":0,"52":0,"53":0.052074,"54":0,"55":0,"56":0,"57":0,"58":0.005786,"60":0.190938,"62":0.370304},"safari":{"3.1":0,"3.2":0,"4":0,"5":0,"5.1":0.017358,"6":0,"6.1":0.005786,"7":0.005786,"7.1":0,"8":0.005786,"9":0.005786,"9.1":0.092576,"10":0.011572,"10.1":0.121506,"11":0.02893,"11.1":0.179366,"12":0.352946,"12.1":2.470622,"13":0.023144,"0":null},"ios_saf":{"3.2":0,"4.0-4.1":0,"4.2-4.3":0,"5.0-5.1":0.02311586394284,"6.0-6.1":0.009246345577136,"7.0-7.1":0.032362209519976,"8":0,"8.1-8.4":0.04623172788568,"9.0-9.2":0.039296968702828,"9.3":0.38834651423971,"10.0-10.2":0.16181104759988,"10.3":0.42533189654825,"11.0-11.2":0.46925203803965,"11.3-11.4":0.89920710737647,"12.0-12.1":1.8284648378786,"12.2-12.3":18.647567442689,"13":null},"android":{"2.1":0,"2.2":0,"2.3":0.0027702890855457,"3":0.0090034395280236,"4":0.043632053097345,"4.1":0.06787208259587,"4.2-4.3":0.27633633628319,"4.4":0,"4.4.3-4.4.4":0.30473179941003,"67":null},"ie":{"5.5":0,"6":0.005786,"7":0.763752,"8":1.07041,"9":0.034716,"10":0.005786,"11":1.868878},"edge":{"12":0,"13":0.011572,"14":0.040502,"15":0.150436,"16":0.092576,"17":0.914188,"18":1.949882,"76":null},"op_mob":{"10":null,"11":null,"11.1":null,"11.5":null,"12":null,"12.1":null,"0":null},"samsung":{"4":0.63321089630931,"5.0-5.4":0.16885623901582,"6.2-6.4":0.052767574692443,"7.2-7.4":0.29549841827768,"8.2":0.43269411247803,"9.2":4.4219227592267},"ie_mob":{"10":0,"11":0.016856},"bb":{"7":0,"10":0.004214},"kaios":{"2.5":0},"baidu":{"0":null},"and_ff":{"0":0.69531},"and_uc":{"0":0.838586},"and_qq":{"1.2":0.025284},"op_mini":{"0":0.62236870103093},"and_chr":{"0":32.39994}},"total":95.509130701031}