{"id":"LU","name":"Luxembourg","month":"2015-12","access_date":"2016-01-02","data":{"firefox":{"2":0,"3":0.007822,"3.5":0.007822,"3.6":0.031288,"4":0.007822,"5":0.046932,"6":0.007822,"7":0.007822,"8":0,"9":0.007822,"10":0.148618,"11":0.007822,"12":0.031288,"13":0.015644,"14":0.007822,"15":0.007822,"16":0.046932,"17":0.125152,"18":0.007822,"19":0.007822,"20":0.015644,"21":0.023466,"22":0.007822,"23":0.023466,"24":0.27377,"25":0.015644,"26":0.03911,"27":0.015644,"28":0.101686,"29":0.109508,"30":0.07822,"31":0.500608,"32":0.023466,"33":0.054754,"34":0.046932,"35":0.086042,"36":0.046932,"37":0.109508,"38":3.778026,"39":0.23466,"40":0.281592,"41":0.3911,"42":9.519374,"43":4.669734,"44":0.046932,"45":0.007822,"46":0},"chrome":{"4":0,"5":0,"6":0,"7":0,"8":0,"9":0,"10":0.007822,"11":0.015644,"12":0,"13":0,"14":0,"15":0.007822,"16":0,"17":0,"18":0,"19":0,"20":0,"21":0.031288,"22":0.03911,"23":0,"24":0.007822,"25":0,"26":0.007822,"27":0.007822,"28":0.007822,"29":0.015644,"30":0.007822,"31":0.140796,"32":0.054754,"33":0.023466,"34":0.03911,"35":0.046932,"36":0.093864,"37":0.023466,"38":0.070398,"39":0.070398,"40":0.086042,"41":0.054754,"42":0.148618,"43":0.19555,"44":0.187728,"45":0.398922,"46":4.583692,"47":16.238472,"48":0.140796,"49":0.086042,"50":0},"opera":{"9":0,"9.5-9.6":0,"10.0-10.1":0,"10.5":0,"10.6":0,"11":0,"11.1":0,"11.5":0,"11.6":0.007822,"12":0.007822,"12.1":0.109508,"15":0,"16":0,"17":0,"18":0.007822,"19":0,"20":0,"21":0,"22":0,"23":0,"24":0,"25":0,"26":0,"27":0,"28":0.015644,"29":0.007822,"30":0,"31":0.007822,"32":0.015644,"33":0.265948,"34":0.422388,"35":0,"36":0},"safari":{"3.1":0,"3.2":0,"4":0.03911,"5":0.15644,"5.1":0.62576,"6":0.062576,"6.1":0.422388,"7":0.148618,"7.1":0.242482,"8":1.188944,"9":5.037368},"android":{"2.1":0,"2.2":0,"2.3":0.0162989669523,"3":0,"4":0.0470859045288,"4.1":0.222752548348,"4.2-4.3":0.489874506732,"4.4":0.951678570379,"4.4.3-4.4.4":0.49168550306,"46":null},"ios_saf":{"3.2":0,"4.0-4.1":0,"4.2-4.3":0,"5.0-5.1":0,"6.0-6.1":0,"7.0-7.1":0.6433855149,"8":0.0856769655521,"8.1-8.4":2.1338414062,"9.0-9.2":13.1392901133},"op_mob":{"10":0,"11":0,"11.1":0,"11.5":0,"12":0,"12.1":1.90283257116e-5,"0":0.000447165654222},"ie":{"5.5":0,"6":0.683920354839,"7":0.0393057675195,"8":2.68851449833,"9":0.966921880979,"10":0.982644187987,"11":8.74946384983},"bb":{"7":0.011979,"10":null},"ie_mob":{"10":0.0551726074766,"11":0.247569392523},"edge":{"12":null,"13":null,"14":null},"and_uc":{"0":0.278784},"op_mini":{"5.0-8.0":0.13892580602},"and_chr":{"0":9.17169},"and_ff":{"0":0.15246}},"total":95.0549135395}