{"id":"LV","name":"Latvia","month":"2019-08","access_date":"2019-09-04","data":{"chrome":{"4":0,"5":0,"6":0,"7":0,"8":0,"9":0,"10":0,"11":0,"12":0,"13":0,"14":0,"15":0,"16":0,"17":0,"18":0,"19":0,"20":0,"21":0,"22":0,"23":0,"24":0,"25":0,"26":0,"27":0,"28":0,"29":0,"30":0,"31":0.006691,"32":0,"33":0,"34":0.020073,"35":0,"36":0.026764,"37":0.013382,"38":0.020073,"39":0,"40":0.274331,"41":0.180657,"42":0,"43":0,"44":0,"45":0.006691,"46":0.006691,"47":0.006691,"48":0,"49":0.347932,"50":0,"51":0.013382,"52":0.006691,"53":0.013382,"54":0.026764,"55":0.006691,"56":0.013382,"57":0.020073,"58":0.040146,"59":0.113747,"60":0.080292,"61":0.013382,"62":0.013382,"63":0.033455,"64":0.020073,"65":0.020073,"66":0.046837,"67":0.060219,"68":0.073601,"69":0.033455,"70":0.160584,"71":0.086983,"72":0.127129,"73":0.220803,"74":0.240876,"75":7.701341,"76":18.908766,"77":0.053528,"78":0.026764,"79":0},"firefox":{"2":0,"3":0,"3.5":0,"3.6":0.006691,"4":0,"5":0,"6":0,"7":0,"8":0,"9":0,"10":0,"11":0,"12":0.006691,"13":0,"14":0,"15":0,"16":0.006691,"17":0,"18":0,"19":0.006691,"20":0,"21":0.006691,"22":0.006691,"23":0.006691,"24":0.006691,"25":0.006691,"26":0.006691,"27":0.006691,"28":0.006691,"29":0.006691,"30":0.033455,"31":0.013382,"32":0.013382,"33":0,"34":0,"35":0,"36":0,"37":0.026764,"38":0.006691,"39":0,"40":0,"41":0,"42":0,"43":0.006691,"44":0,"45":0.020073,"46":0.006691,"47":0.013382,"48":0.026764,"49":0.006691,"50":0.100365,"51":0.006691,"52":0.260949,"53":0.006691,"54":0.020073,"55":0.013382,"56":0.060219,"57":0.013382,"58":0.287713,"59":0.006691,"60":0.167275,"61":0.026764,"62":0.006691,"63":0.006691,"64":0.033455,"65":0.060219,"66":0.127129,"67":0.187348,"68":5.038323,"69":0.073601,"70":0,"71":0},"opera":{"9":0,"9.5-9.6":0,"10.0-10.1":0,"10.5":0,"10.6":0,"11":0,"11.1":0,"11.5":0,"11.6":0,"12":0.006691,"12.1":0.006691,"15":0,"16":0,"17":0,"18":0,"19":0,"20":0,"21":0,"22":0,"23":0,"24":0,"25":0,"26":0,"27":0,"28":0,"29":0,"30":0,"31":0,"32":0,"33":0,"34":0,"35":0,"36":0.013382,"37":0.006691,"38":0,"39":0,"40":0,"41":0,"42":0,"43":0,"44":0,"45":0,"46":0,"47":0,"48":0,"49":0,"50":0,"51":0,"52":0,"53":0.13382,"54":0.006691,"55":0,"56":0.006691,"57":0,"58":0.026764,"60":0.013382,"62":1.498784},"safari":{"3.1":0,"3.2":0,"4":0,"5":0,"5.1":0,"6":0,"6.1":0.013382,"7":0,"7.1":0,"8":0.006691,"9":0.006691,"9.1":0.207421,"10":0.013382,"10.1":0.080292,"11":0.040146,"11.1":0.180657,"12":0.254258,"12.1":1.706205,"13":0.026764,"0":null},"ios_saf":{"3.2":0.0041605026015609,"4.0-4.1":0.0027736684010406,"4.2-4.3":0,"5.0-5.1":0.011094673604162,"6.0-6.1":0.0041605026015609,"7.0-7.1":0.018028844606764,"8":0.0013868342005203,"8.1-8.4":0.020802513007805,"9.0-9.2":0.019415678807284,"9.3":0.20247779327597,"10.0-10.2":0.0887573888333,"10.3":0.23021447728637,"11.0-11.2":0.26765900070042,"11.3-11.4":0.4645894571743,"12.0-12.1":0.89034755673404,"12.2-12.3":11.491308185511,"13":0.14284392265359},"android":{"2.1":0,"2.2":0.0023811688073394,"2.3":0.0019843073394495,"3":0.00079372293577982,"4":0.017858766055046,"4.1":0.068260172477064,"4.2-4.3":0.19247781192661,"4.4":0,"4.4.3-4.4.4":0.14882305045872,"67":null},"edge":{"12":0.013382,"13":0.013382,"14":0.020073,"15":0.026764,"16":0.033455,"17":0.582117,"18":0.829684,"76":null},"op_mob":{"10":null,"11":null,"11.1":null,"11.5":null,"12":null,"12.1":null,"0":null},"ie":{"5.5":0,"6":0.0067420763358779,"7":0,"8":0.033710381679389,"9":0.013484152671756,"10":0.033710381679389,"11":0.79556500763359},"samsung":{"4":0.21642375572519,"5.0-5.4":0.030917679389313,"6.2-6.4":0.020611786259542,"7.2-7.4":0.092753038167939,"8.2":0.092753038167939,"9.2":3.5864508091603},"ie_mob":{"10":0,"11":0.049635},"bb":{"7":0,"10":0.003309},"and_chr":{"0":34.63673},"baidu":{"0":null},"and_ff":{"0":0.261411},"and_uc":{"0":0.191922},"kaios":{"2.5":0},"and_qq":{"1.2":0.003309},"op_mini":{"0":0.33207122680412}},"total":96.318820333674}