{"id":"LV","name":"Latvia","month":"2018-03","access_date":"2018-04-03","data":{"chrome":{"4":0,"5":0.02328,"6":0,"7":0,"8":0.00776,"9":0,"10":0,"11":0.05432,"12":0,"13":0,"14":0.00776,"15":0,"16":0.00776,"17":0.00776,"18":0.00776,"19":0,"20":0,"21":0,"22":0.01552,"23":0.00776,"24":0.00776,"25":0,"26":0.00776,"27":0.01552,"28":0,"29":0.00776,"30":0,"31":0.03104,"32":0,"33":0,"34":0.02328,"35":0,"36":0.00776,"37":0.00776,"38":0.0388,"39":0.00776,"40":0.00776,"41":0,"42":0.00776,"43":0.01552,"44":0.00776,"45":0.01552,"46":0.00776,"47":0.01552,"48":0.01552,"49":0.9312,"50":0.01552,"51":0.02328,"52":0.02328,"53":0.03104,"54":0.00776,"55":0.06208,"56":0.13968,"57":0.10864,"58":0.14744,"59":0.17848,"60":0.22504,"61":0.10864,"62":0.14744,"63":0.98552,"64":22.06168,"65":12.5712,"66":0.06984,"67":0.03104,"68":0},"firefox":{"2":0,"3":0.00776,"3.5":0.02328,"3.6":0.06208,"4":0.00776,"5":0,"6":0,"7":0,"8":0,"9":0.00776,"10":0,"11":0,"12":0,"13":0,"14":0,"15":0,"16":0,"17":0,"18":0,"19":0.00776,"20":0.00776,"21":0,"22":0,"23":0,"24":0,"25":0,"26":0,"27":0,"28":0.01552,"29":0,"30":0,"31":0.00776,"32":0.00776,"33":0.03104,"34":0.10864,"35":0,"36":0.00776,"37":0.0388,"38":0.0388,"39":0.00776,"40":0.0388,"41":0.01552,"42":0.00776,"43":0.01552,"44":0.02328,"45":0.06208,"46":0.00776,"47":0.05432,"48":0.06984,"49":0.0388,"50":0.04656,"51":0.0388,"52":0.74496,"53":0.05432,"54":0.0776,"55":0.0388,"56":0.17848,"57":0.21728,"58":4.35336,"59":3.77136,"60":0.06208,"61":0},"opera":{"9":0,"9.5-9.6":0,"10.0-10.1":0,"10.5":0,"10.6":0,"11":0,"11.1":0.00776,"11.5":0,"11.6":0.00776,"12":0.00776,"12.1":0.05432,"15":0,"16":0,"17":0,"18":0,"19":0,"20":0,"21":0,"22":0,"23":0,"24":0,"25":0,"26":0,"27":0,"28":0,"29":0,"30":0,"31":0,"32":0.00776,"33":0,"34":0,"35":0,"36":0.0776,"37":0.00776,"38":0.00776,"39":0,"40":0,"41":0,"42":0.00776,"43":0.00776,"44":0,"45":0.0388,"46":0.00776,"47":0.00776,"48":0.01552,"49":0.02328,"50":0.06208,"51":1.80032,"52":0.10864},"safari":{"3.1":0,"3.2":0,"4":0,"5":0.00776,"5.1":0.00776,"6":0,"6.1":0.00776,"7":0,"7.1":0,"8":0.01552,"9":0.02328,"9.1":0.1552,"10":0.10088,"10.1":0.29488,"11":2.0564,"11.1":0.0388,"0":null},"ios_saf":{"3.2":0.00114206344441,"4.0-4.1":0,"4.2-4.3":0.00114206344441,"5.0-5.1":0.0205571419994,"6.0-6.1":0.0159888882218,"7.0-7.1":0.0559611087761,"8":0.0159888882218,"8.1-8.4":0.0845126948864,"9.0-9.2":0.063955552887,"9.3":0.457967441209,"10.0-10.2":0.456825377764,"10.3":1.05869281297,"11.0-11.2":9.17990596618,"11.3":null},"android":{"2.1":0,"2.2":0,"2.3":0,"3":0,"4":0,"4.1":0.0469914563107,"4.2-4.3":0.143017475728,"4.4":0.403513592233,"4.4.3-4.4.4":0.248237475728,"62":null},"ie":{"5.5":0,"6":0,"7":0,"8":0.10154807947,"9":0.0390569536424,"10":0.124982251656,"11":2.09345271523},"op_mob":{"10":null,"11":null,"11.1":null,"11.5":null,"12":null,"12.1":null,"0":null},"edge":{"12":0.00776,"13":0.03104,"14":0.06984,"15":0.1552,"16":1.53648,"17":0},"samsung":{"4":0.368583804878,"5":0.122861268293,"6.2":1.56648117073},"bb":{"7":0.00224,"10":0.00896},"ie_mob":{"10":0.0120145454545,"11":0.120145454545},"and_ff":{"0":0.1568},"and_qq":{"1.2":null},"and_uc":{"0":0.10304},"op_mini":{"0":0.201465292096},"and_chr":{"0":24.22816},"baidu":{"0":null}},"total":96.832991536}