{"id":"LV","name":"Latvia","month":"2017-06","access_date":"2017-07-11","data":{"chrome":{"4":0,"5":0,"6":0,"7":0,"8":0,"9":0,"10":0,"11":0.054698,"12":0.007814,"13":0.007814,"14":0.007814,"15":0.015628,"16":0.007814,"17":0.015628,"18":0.070326,"19":0.007814,"20":0.007814,"21":0.015628,"22":0.031256,"23":0.015628,"24":0.007814,"25":0,"26":0.023442,"27":0.015628,"28":0,"29":0.023442,"30":0.007814,"31":0.031256,"32":0.007814,"33":0.007814,"34":0.031256,"35":0.007814,"36":0.015628,"37":0.023442,"38":0.03907,"39":0.031256,"40":0.015628,"41":0.03907,"42":0.007814,"43":0.046884,"44":0.023442,"45":0.015628,"46":0.023442,"47":0.023442,"48":0.031256,"49":1.594056,"50":0.070326,"51":0.242234,"52":0.023442,"53":0.109396,"54":0.15628,"55":0.601678,"56":0.500096,"57":0.593864,"58":35.491188,"59":5.649522,"60":0.101582,"61":0.07814,"62":0},"firefox":{"2":0,"3":0.007814,"3.5":0.015628,"3.6":0.054698,"4":0.007814,"5":0,"6":0.007814,"7":0,"8":0,"9":0.015628,"10":0.007814,"11":0.007814,"12":0.023442,"13":0.007814,"14":0,"15":0.007814,"16":0.03907,"17":0.007814,"18":0.007814,"19":0.007814,"20":0.015628,"21":0.023442,"22":0.007814,"23":0.015628,"24":0.015628,"25":0.015628,"26":0.007814,"27":0.015628,"28":0.046884,"29":0.007814,"30":0,"31":0.023442,"32":0.007814,"33":0.031256,"34":0.007814,"35":0.031256,"36":0.007814,"37":0.031256,"38":0.125024,"39":0.023442,"40":0.046884,"41":0.023442,"42":0.046884,"43":0.046884,"44":0.062512,"45":0.50791,"46":0.062512,"47":0.11721,"48":0.296932,"49":0.101582,"50":0.27349,"51":0.148466,"52":1.695638,"53":6.165246,"54":3.266252,"55":0.031256,"56":0,"57":0},"opera":{"9":0,"9.5-9.6":0,"10.0-10.1":0.007814,"10.5":0,"10.6":0,"11":0,"11.1":0,"11.5":0,"11.6":0.015628,"12":0.023442,"12.1":0.179722,"15":0,"16":0,"17":0,"18":0,"19":0,"20":0,"21":0,"22":0,"23":0,"24":0,"25":0,"26":0,"27":0.007814,"28":0.007814,"29":0.007814,"30":0,"31":0,"32":0,"33":0,"34":0.007814,"35":0,"36":0.109396,"37":0.015628,"38":0.007814,"39":0.007814,"40":0,"41":0.023442,"42":0.023442,"43":0.03907,"44":0.023442,"45":2.258246,"46":0.07814,"47":0.007814,"48":0},"safari":{"3.1":0,"3.2":0,"4":0.015628,"5":0.023442,"5.1":0.070326,"6":0.023442,"6.1":0.015628,"7":0.015628,"7.1":0,"8":0.03907,"9":0.062512,"9.1":0.210978,"10":0.476654,"10.1":2.016012,"11":0.007814,"0":null},"ios_saf":{"3.2":0,"4.0-4.1":0,"4.2-4.3":0,"5.0-5.1":0,"6.0-6.1":0,"7.0-7.1":0.0359478802817,"8":0,"8.1-8.4":0.0274895555095,"9.0-9.2":0.0211458119304,"9.3":0.386263497929,"10.0-10.2":1.31738408326,"10.3":5.01790117109,"11":null},"android":{"2.1":0,"2.2":0,"2.3":0,"3":0,"4":0,"4.1":0.0915168422442,"4.2-4.3":0.236711832343,"4.4":0.636218047525,"4.4.3-4.4.4":0.368707277888,"56":null},"op_mob":{"10":0,"11":0,"11.1":0,"11.5":0,"12":0,"12.1":0,"0":0.00122144567627},"ie":{"5.5":0,"6":0.00803676754386,"7":0.00803676754386,"8":0.401838377193,"9":0.120551513158,"10":0.225029491228,"11":2.89323631579},"edge":{"12":0.031256,"13":0.109396,"14":1.195542,"15":null,"16":null},"bb":{"7":0.0049185,"10":null},"samsung":{"4":3.03854,"5":null},"ie_mob":{"10":0.0390116923077,"11":0.214564307692},"op_mini":{"0":0.274214554324},"and_chr":{"0":13.60534},"baidu":{"0":null},"and_ff":{"0":0.026232},"and_qq":{"1.2":null},"and_uc":{"0":0.20767}},"total":95.9314737325}