{"id":"LV","name":"Latvia","month":"2018-04","access_date":"2018-05-06","data":{"chrome":{"4":0,"5":0.007853,"6":0,"7":0,"8":0,"9":0,"10":0,"11":0.062824,"12":0,"13":0.007853,"14":0,"15":0,"16":0,"17":0,"18":0.007853,"19":0,"20":0,"21":0,"22":0.015706,"23":0,"24":0,"25":0.007853,"26":0.007853,"27":0.007853,"28":0,"29":0.086383,"30":0,"31":0.023559,"32":0.007853,"33":0,"34":0.023559,"35":0.015706,"36":0.007853,"37":0,"38":0.054971,"39":0.007853,"40":0.007853,"41":0,"42":0,"43":0.031412,"44":0.007853,"45":0.015706,"46":0.015706,"47":0.007853,"48":0.007853,"49":0.832418,"50":0.007853,"51":0.023559,"52":0.015706,"53":0.039265,"54":0.015706,"55":0.062824,"56":0.125648,"57":0.062824,"58":0.180619,"59":0.172766,"60":0.188472,"61":0.125648,"62":0.117795,"63":0.290561,"64":0.848124,"65":31.113586,"66":4.334856,"67":0.054971,"68":0.007853,"69":0},"firefox":{"2":0,"3":0,"3.5":0.015706,"3.6":0.031412,"4":0,"5":0,"6":0,"7":0,"8":0,"9":0,"10":0,"11":0.007853,"12":0.007853,"13":0,"14":0,"15":0,"16":0,"17":0,"18":0,"19":0,"20":0.007853,"21":0,"22":0,"23":0.007853,"24":0.007853,"25":0.007853,"26":0,"27":0,"28":0.015706,"29":0,"30":0,"31":0,"32":0.015706,"33":0.031412,"34":0.007853,"35":0,"36":0.007853,"37":0.023559,"38":0.031412,"39":0.007853,"40":0.015706,"41":0.062824,"42":0.015706,"43":0.015706,"44":0.031412,"45":0.047118,"46":0.015706,"47":0.062824,"48":0.23559,"49":0.007853,"50":0.039265,"51":0.031412,"52":0.86383,"53":0.047118,"54":0.054971,"55":0.054971,"56":0.133501,"57":0.133501,"58":0.149207,"59":8.363445,"60":0.149207,"61":0},"opera":{"9":0,"9.5-9.6":0,"10.0-10.1":0,"10.5":0,"10.6":0,"11":0,"11.1":0,"11.5":0.007853,"11.6":0.007853,"12":0.007853,"12.1":0.031412,"15":0,"16":0,"17":0,"18":0.007853,"19":0,"20":0,"21":0,"22":0,"23":0,"24":0,"25":0,"26":0,"27":0,"28":0,"29":0,"30":0,"31":0,"32":0,"33":0.007853,"34":0,"35":0,"36":0.054971,"37":0.007853,"38":0.007853,"39":0,"40":0,"41":0,"42":0.015706,"43":0.015706,"44":0,"45":0.007853,"46":0.007853,"47":0.023559,"48":0.023559,"49":0.007853,"50":0.007853,"51":0.125648,"52":2.049633},"safari":{"3.1":0,"3.2":0,"4":0.007853,"5":0,"5.1":0.007853,"6":0,"6.1":0.015706,"7":0,"7.1":0,"8":0.015706,"9":0.015706,"9.1":0.172766,"10":0.07853,"10.1":0.243443,"11":0.926654,"11.1":1.33501,"0":null},"ios_saf":{"3.2":0.00108870787417,"4.0-4.1":0,"4.2-4.3":0.00217741574835,"5.0-5.1":0.025040281106,"6.0-6.1":0.0163306181126,"7.0-7.1":0.0609676409537,"8":0.0163306181126,"8.1-8.4":0.0990724165498,"9.0-9.2":0.0620563488279,"9.3":0.448547644159,"10.0-10.2":0.403910621318,"10.3":0.901450119816,"11.0-11.2":4.86216936606,"11.3":3.96834020136},"android":{"2.1":0,"2.2":0,"2.3":0,"3":0,"4":0,"4.1":0.0407077131682,"4.2-4.3":0.12590990352,"4.4":0.345542216428,"4.4.3-4.4.4":0.213952166884,"62":null},"op_mob":{"10":null,"11":null,"11.1":null,"11.5":null,"12":null,"12.1":null,"0":null},"ie":{"5.5":0,"6":0,"7":0.0157583533333,"8":0.0787917666667,"9":0.04727506,"10":0.11818765,"11":2.10374017},"edge":{"12":0.007853,"13":0.031412,"14":0.07853,"15":0.117795,"16":1.586306,"17":0.007853,"18":null},"samsung":{"4":0.378063094241,"5":0.0919612931937,"6.2":1.34876563351},"bb":{"7":0.0012882,"10":0.0051528},"ie_mob":{"10":0,"11":0.120232},"baidu":{"0":null},"and_ff":{"0":0.208259},"and_qq":{"1.2":null},"and_uc":{"0":0.135261},"op_mini":{"0":0.170741835052},"and_chr":{"0":23.55384}},"total":96.881602856}