{"id":"LY","name":"Libya","month":"2018-02","access_date":"2018-03-05","data":{"chrome":{"4":0.003826,"5":0.003826,"6":0.003826,"7":0,"8":0.003826,"9":0,"10":0.003826,"11":0.003826,"12":0.003826,"13":0.003826,"14":0.003826,"15":0.007652,"16":0.011478,"17":0.007652,"18":0.003826,"19":0.003826,"20":0.003826,"21":0,"22":0.003826,"23":0.003826,"24":0,"25":0.003826,"26":0.011478,"27":0.003826,"28":0,"29":0.03826,"30":0.007652,"31":0.011478,"32":0.011478,"33":0.03826,"34":0.003826,"35":0.003826,"36":0.011478,"37":0.003826,"38":0.015304,"39":0.011478,"40":0.011478,"41":0.007652,"42":0.015304,"43":0.22956,"44":0.007652,"45":0.003826,"46":0.007652,"47":0.030608,"48":0.022956,"49":0.187474,"50":0.030608,"51":0.015304,"52":0.003826,"53":0.022956,"54":0.011478,"55":0.045912,"56":0.022956,"57":0.221908,"58":0.09565,"59":0.026782,"60":0.237212,"61":0.068868,"62":0.084172,"63":4.200948,"64":4.097646,"65":0.015304,"66":0.015304,"67":0},"firefox":{"2":0,"3":0.003826,"3.5":0,"3.6":0.007652,"4":0,"5":0,"6":0.003826,"7":0.003826,"8":0.003826,"9":0,"10":0.003826,"11":0.003826,"12":0.007652,"13":0.003826,"14":0,"15":0,"16":0.003826,"17":0,"18":0,"19":0.003826,"20":0,"21":0,"22":0,"23":0,"24":0,"25":0,"26":0.003826,"27":0.015304,"28":0,"29":0.003826,"30":0.003826,"31":0.003826,"32":0,"33":0.003826,"34":0,"35":0.003826,"36":0.003826,"37":0,"38":0.003826,"39":0,"40":0,"41":0.003826,"42":0,"43":0.030608,"44":0.003826,"45":0.011478,"46":0,"47":0.030608,"48":0.007652,"49":0.007652,"50":0.007652,"51":0.003826,"52":0.244864,"53":0.007652,"54":0.007652,"55":0.007652,"56":0.030608,"57":0.07652,"58":1.411794,"59":0.05739,"60":0,"61":0},"opera":{"9":0,"9.5-9.6":0,"10.0-10.1":0,"10.5":0,"10.6":0,"11":0,"11.1":0,"11.5":0,"11.6":0.003826,"12":0.003826,"12.1":0.065042,"15":0,"16":0,"17":0.026782,"18":0.007652,"19":0.007652,"20":0.003826,"21":0.003826,"22":0.011478,"23":0,"24":0.003826,"25":0,"26":0,"27":0,"28":0.003826,"29":0.003826,"30":0.007652,"31":0.003826,"32":0.045912,"33":0.007652,"34":0,"35":0.003826,"36":0.011478,"37":0.01913,"38":0,"39":0.003826,"40":0,"41":0.003826,"42":0.015304,"43":0.015304,"44":0.003826,"45":0.03826,"46":0.003826,"47":0.034434,"48":0.034434,"49":0.022956,"50":0.51651,"51":0.149214,"52":0.003826},"safari":{"3.1":0,"3.2":0,"4":0,"5":0,"5.1":0.007652,"6":0,"6.1":0,"7":0.015304,"7.1":0,"8":0.007652,"9":0.015304,"9.1":0.003826,"10":0.015304,"10.1":0.026782,"11":0.091824,"11.1":0,"0":null},"ios_saf":{"3.2":0.000638340302091,"4.0-4.1":0,"4.2-4.3":0.00574506271882,"5.0-5.1":0.00957510453136,"6.0-6.1":0.00574506271882,"7.0-7.1":0.028086973292,"8":0.014043486646,"8.1-8.4":0.0536205853756,"9.0-9.2":0.0453221614484,"9.3":0.251506079024,"10.0-10.2":0.326191894368,"10.3":0.713026117435,"11.0-11.2":4.92798713214,"11.3":null},"android":{"2.1":0,"2.2":0,"2.3":0,"3":0,"4":0,"4.1":0.687206793792,"4.2-4.3":1.9942471663,"4.4":5.86146971175,"4.4.3-4.4.4":3.61120432816,"62":null},"op_mob":{"10":null,"11":null,"11.1":null,"11.5":null,"12":null,"12.1":null,"0":null},"ie":{"5.5":0,"6":0.0038773557047,"7":0,"8":0.0659150469799,"9":0.0465282684564,"10":0.0814244697987,"11":0.37998085906},"edge":{"12":0.015304,"13":0.011478,"14":0.034434,"15":0.015304,"16":0.103302,"17":0},"samsung":{"4":1.51870790661,"5":0.156031634241,"6.2":0.998602459144},"bb":{"7":0.0012348,"10":0.0049392},"ie_mob":{"10":0.010584,"11":0.063504},"op_mini":{"0":8.72680048454},"and_chr":{"0":47.476364},"baidu":{"0":null},"and_ff":{"0":0.080262},"and_qq":{"1.2":null},"and_uc":{"0":1.963332}},"total":93.6118324845}