{"id":"LY","name":"Libya","month":"2018-11","access_date":"2018-12-04","data":{"chrome":{"4":0,"5":0,"6":0,"7":0,"8":0,"9":0,"10":0,"11":0.003228,"12":0,"13":0.003228,"14":0.006456,"15":0,"16":0,"17":0,"18":0,"19":0.012912,"20":0,"21":0,"22":0,"23":0.003228,"24":0.035508,"25":0,"26":0.022596,"27":0.003228,"28":0,"29":0,"30":0.01614,"31":0.009684,"32":0.003228,"33":0.03228,"34":0,"35":0.022596,"36":0,"37":0,"38":0.003228,"39":0.003228,"40":0.009684,"41":0,"42":0,"43":0.0807,"44":0.003228,"45":0.003228,"46":0,"47":0.006456,"48":0.003228,"49":0.074244,"50":0.003228,"51":0.006456,"52":0.003228,"53":0.003228,"54":0.012912,"55":0.019368,"56":0.074244,"57":0.058104,"58":0.029052,"59":0.012912,"60":0.025824,"61":0.003228,"62":0.006456,"63":0.045192,"64":0.061332,"65":0.06456,"66":0.022596,"67":0.077472,"68":0.067788,"69":0.29052,"70":5.419812,"71":0.003228,"72":0.025824,"73":0},"firefox":{"2":0.012912,"3":0,"3.5":0,"3.6":0,"4":0,"5":0,"6":0,"7":0,"8":0.003228,"9":0,"10":0,"11":0,"12":0.003228,"13":0,"14":0,"15":0.009684,"16":0,"17":0,"18":0.012912,"19":0,"20":0,"21":0.012912,"22":0,"23":0.012912,"24":0,"25":0.022596,"26":0.003228,"27":0,"28":0,"29":0.003228,"30":0.012912,"31":0,"32":0,"33":0,"34":0,"35":0.003228,"36":0,"37":0.003228,"38":0,"39":0,"40":0,"41":0.003228,"42":0,"43":0.006456,"44":0.003228,"45":0.003228,"46":0,"47":0.01614,"48":0.003228,"49":0.009684,"50":0.003228,"51":0.012912,"52":0.025824,"53":0.006456,"54":0.003228,"55":0,"56":0.009684,"57":0.022596,"58":0.006456,"59":0.012912,"60":0.019368,"61":0.01614,"62":0.038736,"63":0.66174,"64":0.022596,"65":0},"opera":{"9":0,"9.5-9.6":0,"10.0-10.1":0.012912,"10.5":0,"10.6":0,"11":0,"11.1":0,"11.5":0,"11.6":0,"12":0.003228,"12.1":0.022596,"15":0,"16":0,"17":0.009684,"18":0.003228,"19":0.006456,"20":0.003228,"21":0,"22":0.006456,"23":0,"24":0,"25":0,"26":0,"27":0,"28":0.01614,"29":0,"30":0.01614,"31":0,"32":0,"33":0.003228,"34":0,"35":0,"36":0.003228,"37":0.006456,"38":0,"39":0,"40":0.006456,"41":0,"42":0.003228,"43":0.01614,"44":0,"45":0.003228,"46":0.003228,"47":0,"48":0.003228,"49":0,"50":0,"51":0,"52":0,"53":0.003228,"54":0.003228,"55":0.01614,"56":0.380904},"safari":{"3.1":0,"3.2":0,"4":0,"5":0.012912,"5.1":0,"6":0,"6.1":0,"7":0,"7.1":0,"8":0.003228,"9":0,"9.1":0.051648,"10":0.006456,"10.1":0.006456,"11":0.009684,"11.1":0.022596,"12":0.061332,"0":null},"ios_saf":{"3.2":0.00061202201541079,"4.0-4.1":0,"4.2-4.3":0.00061202201541079,"5.0-5.1":0.0073442641849294,"6.0-6.1":0.0036721320924647,"7.0-7.1":0.014076506354448,"8":0.099147566496548,"8.1-8.4":0.034273232863004,"9.0-9.2":0.019584704493145,"9.3":0.14137708555989,"10.0-10.2":0.16585796617632,"10.3":0.21420770539378,"11.0-11.2":0.38679791373962,"11.3-11.4":1.0294210299209,"12-12.1":3.9989518486941},"android":{"2.1":0,"2.2":0.00654088165038,"2.3":0.18314468621064,"3":0.00654088165038,"4":0.8176102062975,"4.1":0.32050320086862,"4.2-4.3":1.5501889511401,"4.4":0,"4.4.3-4.4.4":3.1396231921824,"67":null},"ie":{"5.5":0,"6":0,"7":0,"8":0.051648,"9":0.03228,"10":0.058104,"11":0.174312},"edge":{"12":0.019368,"13":0.003228,"14":0.01614,"15":0.006456,"16":0.01614,"17":0.083928,"18":null},"op_mob":{"10":null,"11":null,"11.1":null,"11.5":null,"12":null,"12.1":null,"0":null},"samsung":{"4":1.0417073552632,"5":0.10313934210526,"6.2":0.33004589473684,"7.2":null},"ie_mob":{"10":0,"11":0.047404},"bb":{"7":0,"10":0},"baidu":{"0":null},"and_ff":{"0":0.081264},"and_uc":{"0":0.961624},"and_qq":{"1.2":null},"op_mini":{"0":4.7764126116838},"and_chr":{"0":66.266956}},"total":94.657921203789}