{"id":"LY","name":"Libya","month":"2020-08","access_date":"2020-09-15","data":{"firefox":{"2":0,"3":0,"3.5":0,"3.6":0,"4":0,"5":0,"6":0,"7":0,"8":0,"9":0,"10":0,"11":0,"12":0,"13":0,"14":0,"15":0,"16":0,"17":0,"18":0,"19":0,"20":0,"21":0,"22":0,"23":0,"24":0,"25":0,"26":0,"27":0,"28":0.00238,"29":0,"30":0,"31":0,"32":0,"33":0,"34":0,"35":0,"36":0,"37":0,"38":0,"39":0,"40":0,"41":0,"42":0,"43":0,"44":0,"45":0,"46":0,"47":0.00238,"48":0,"49":0,"50":0,"51":0,"52":0.01188,"53":0,"54":0,"55":0,"56":0,"57":0,"58":0,"59":0,"60":0.00238,"61":0,"62":0,"63":0,"64":0,"65":0,"66":0,"67":0.00238,"68":0.01188,"69":0.00475,"70":0.00238,"71":0.00475,"72":0.00475,"73":0.00238,"74":0.00238,"75":0.00475,"76":0.00238,"77":0.00713,"78":0.03802,"79":0.29938,"80":0.04752,"81":0,"82":0},"chrome":{"4":0,"5":0,"6":0,"7":0,"8":0,"9":0,"10":0,"11":0,"12":0,"13":0,"14":0,"15":0,"16":0,"17":0,"18":0,"19":0,"20":0,"21":0,"22":0,"23":0,"24":0,"25":0,"26":0,"27":0,"28":0,"29":0,"30":0,"31":0,"32":0,"33":0.01188,"34":0,"35":0,"36":0,"37":0,"38":0,"39":0,"40":0.01188,"41":0,"42":0,"43":0.01188,"44":0,"45":0,"46":0,"47":0,"48":0,"49":0.01188,"50":0,"51":0,"52":0,"53":0,"54":0,"55":0,"56":0.00475,"57":0,"58":0.00475,"59":0,"60":0.00713,"61":0,"62":0,"63":0.01188,"64":0.00238,"65":0.00238,"66":0.00238,"67":0.00238,"68":0,"69":0.01426,"70":0.01188,"71":0.01663,"72":0.00713,"73":0.00713,"74":0.01663,"75":0.00475,"76":0.00475,"77":0.02138,"78":0.02138,"79":0.02614,"80":0.05227,"81":0.06415,"83":0.1093,"84":3.59014,"85":0.12355,"86":0,"87":0,"88":0},"opera":{"9":0,"9.5-9.6":0,"10.0-10.1":0,"10.5":0,"10.6":0,"11":0,"11.1":0,"11.5":0,"11.6":0,"12":0,"12.1":0.00713,"15":0,"16":0,"17":0.00238,"18":0,"19":0,"20":0,"21":0,"22":0.00238,"23":0,"24":0,"25":0,"26":0,"27":0,"28":0.00475,"29":0,"30":0,"31":0.00238,"32":0,"33":0.00238,"34":0,"35":0,"36":0,"37":0.00238,"38":0.00238,"39":0,"40":0,"41":0,"42":0.00238,"43":0,"44":0,"45":0.00238,"46":0.00475,"47":0.00713,"48":0,"49":0,"50":0.09029,"51":0.03802,"52":0,"53":0.00238,"54":0,"55":0,"56":0,"57":0,"58":0.00238,"60":0.00238,"62":0,"63":0,"64":0,"65":0,"66":0,"67":0.00475,"68":0.0499,"69":0.13306,"70":0.1782},"ios_saf":{"3.2":0,"4.0-4.1":0,"4.2-4.3":0,"5.0-5.1":0.01037,"6.0-6.1":0.00346,"7.0-7.1":0.01383,"8":0,"8.1-8.4":0.02766,"9.0-9.2":0.01729,"9.3":0.19365,"10.0-10.2":0.05533,"10.3":0.25935,"11.0-11.2":0.1971,"11.3-11.4":0.27318,"12.0-12.1":0.43916,"12.2-12.4":2.48973,"13.0-13.1":0.42533,"13.2":0.21439,"13.3":1.91571,"13.4-13.7":2.7145,"14.0":null},"safari":{"3.1":0,"3.2":0,"4":0,"5":0,"5.1":0.04752,"6":0,"6.1":0,"7":0,"7.1":0,"8":0,"9":0,"9.1":0.00238,"10":0,"10.1":0.00238,"11":0,"11.1":0.00238,"12":0.00238,"12.1":0.00238,"13":0.01663,"13.1":0.07128,"14":0,"0":null},"edge":{"12":0.00238,"13":0.00475,"14":0,"15":0,"16":0,"17":0.00238,"18":0.06415,"79":0,"80":0,"81":0.00713,"83":0,"84":0.14969,"85":0.01188},"android":{"2.1":0,"2.2":0,"2.3":0.00076,"3":0,"4":0.0099,"4.1":0.0297,"4.2-4.3":0.01827,"4.4":0,"4.4.3-4.4.4":0.10889,"81":null},"samsung":{"4":0.58143,"5.0-5.4":0.0408,"6.2-6.4":0.17341,"7.2-7.4":0.56103,"8.2":0.0612,"9.2":0.65284,"10.1":0.37742,"11.1-11.2":0.79564,"12.0":2.64195},"op_mob":{"10":null,"11":null,"11.1":null,"11.5":null,"12":null,"12.1":null,"0":null},"ie":{"5.5":0,"6":0,"7":0,"8":0.00713,"9":0.00238,"10":0.00238,"11":0.02376},"bb":{"7":0,"10":0},"ie_mob":{"10":0,"11":0},"and_chr":{"0":72.53946},"kaios":{"2.5":0},"baidu":{"0":null},"and_ff":{"0":0.08386},"and_qq":{"10.4":0},"and_uc":{"0":0.42694},"op_mini":{"0":3.0243}},"total":96.97821}