{"id":"MA","name":"Morocco","month":"2018-03","access_date":"2018-04-03","data":{"chrome":{"4":0,"5":0,"6":0.00551,"7":0,"8":0,"9":0,"10":0,"11":0.01102,"12":0.00551,"13":0,"14":0,"15":0,"16":0,"17":0.00551,"18":0,"19":0.00551,"20":0,"21":0.01102,"22":0.01102,"23":0,"24":0.07714,"25":0.00551,"26":0.00551,"27":0.00551,"28":0.00551,"29":1.05792,"30":0.04959,"31":0.01653,"32":0.00551,"33":0.02755,"34":0.01102,"35":0.08265,"36":0.00551,"37":0.00551,"38":0.01653,"39":0.04959,"40":0.01653,"41":0.00551,"42":0.00551,"43":0.11571,"44":0.01653,"45":0.02204,"46":0.02755,"47":0.02204,"48":0.03306,"49":1.33342,"50":0.01102,"51":0.01653,"52":0.00551,"53":0.01653,"54":0.03857,"55":0.04959,"56":0.06612,"57":0.04959,"58":0.14326,"59":0.06061,"60":0.13775,"61":0.08816,"62":0.10469,"63":0.4959,"64":10.5241,"65":6.76628,"66":0.02755,"67":0.01102,"68":0},"firefox":{"2":0.03857,"3":0.00551,"3.5":0,"3.6":0.01102,"4":0,"5":0,"6":0,"7":0,"8":0,"9":0,"10":0,"11":0,"12":0.00551,"13":0.00551,"14":0,"15":0.04408,"16":0.00551,"17":0,"18":0,"19":0,"20":0.00551,"21":0,"22":0,"23":0.03857,"24":0,"25":0,"26":0.00551,"27":0.00551,"28":0.00551,"29":0.00551,"30":0.00551,"31":0.00551,"32":0.00551,"33":0.00551,"34":0.00551,"35":0.01102,"36":0.00551,"37":0.01102,"38":0.01102,"39":0.00551,"40":0.01653,"41":0.01102,"42":0.01102,"43":0.04959,"44":0.00551,"45":0.01653,"46":0.00551,"47":0.06061,"48":0.13224,"49":0.01653,"50":0.02755,"51":0.01653,"52":0.34713,"53":0.01653,"54":0.02204,"55":0.03306,"56":0.04408,"57":0.08265,"58":1.55382,"59":1.33893,"60":0.03306,"61":0},"opera":{"9":0,"9.5-9.6":0,"10.0-10.1":0.03857,"10.5":0,"10.6":0,"11":0,"11.1":0,"11.5":0,"11.6":0,"12":0,"12.1":0.00551,"15":0,"16":0,"17":0,"18":0,"19":0,"20":0,"21":0,"22":0,"23":0,"24":0,"25":0,"26":0,"27":0,"28":0,"29":0,"30":0,"31":0,"32":0.00551,"33":0,"34":0,"35":0,"36":0.03857,"37":0.08265,"38":0,"39":0,"40":0,"41":0,"42":0.00551,"43":0.00551,"44":0,"45":0.01102,"46":0.00551,"47":0.00551,"48":0.00551,"49":0.01102,"50":0.06612,"51":1.03588,"52":0.03857},"safari":{"3.1":0,"3.2":0,"4":0.00551,"5":0.01102,"5.1":0.00551,"6":0,"6.1":0.00551,"7":0.00551,"7.1":0,"8":0.04408,"9":0.03857,"9.1":0.07163,"10":0.03306,"10.1":0.13224,"11":0.41325,"11.1":0.00551,"0":null},"ios_saf":{"3.2":0.000725516861803,"4.0-4.1":0,"4.2-4.3":0.000725516861803,"5.0-5.1":0.0130593035125,"6.0-6.1":0.0101572360652,"7.0-7.1":0.0355503262284,"8":0.0101572360652,"8.1-8.4":0.0536882477734,"9.0-9.2":0.040628944261,"9.3":0.290932261583,"10.0-10.2":0.290206744721,"10.3":0.672554130892,"11.0-11.2":5.83170453517,"11.3":null},"android":{"2.1":0,"2.2":0,"2.3":0,"3":0,"4":0,"4.1":0.274709320388,"4.2-4.3":0.83607184466,"4.4":2.35891699029,"4.4.3-4.4.4":1.45118184466,"62":null},"ie":{"5.5":0,"6":0.00601090909091,"7":0.00601090909091,"8":0.13224,"9":0.0781418181818,"10":0.0601090909091,"11":0.378687272727},"op_mob":{"10":null,"11":null,"11.1":null,"11.5":null,"12":null,"12.1":null,"0":null},"edge":{"12":0.01653,"13":0.01653,"14":0.03306,"15":0.06612,"16":0.19836,"17":0},"samsung":{"4":2.14368135021,"5":0.288572489451,"6.2":2.43225383966},"bb":{"7":0.010776,"10":0.043104},"ie_mob":{"10":0.0564457142857,"11":0.338674285714},"and_ff":{"0":0.17062},"and_qq":{"1.2":null},"and_uc":{"0":0.3143},"op_mini":{"0":0.91818185567},"and_chr":{"0":47.92503},"baidu":{"0":null}},"total":95.723579535}