{"id":"MC","name":"Monaco","month":"2020-10","access_date":"2020-11-03","data":{"firefox":{"2":0,"3":0.03961,"3.5":0,"3.6":0,"4":0,"5":0,"6":0,"7":0,"8":0,"9":0,"10":0,"11":0,"12":0,"13":0,"14":0.00792,"15":0,"16":0,"17":0,"18":0,"19":0,"20":0,"21":0,"22":0.00792,"23":0,"24":0,"25":0,"26":0,"27":0,"28":0,"29":0.03169,"30":0,"31":0,"32":0,"33":0,"34":0,"35":0,"36":0,"37":0,"38":0,"39":0,"40":0.00792,"41":0,"42":0,"43":0.00792,"44":0,"45":0,"46":0,"47":0,"48":0.01584,"49":0,"50":0,"51":0,"52":0.00792,"53":0,"54":0,"55":0,"56":0.00792,"57":0.00792,"58":0,"59":0,"60":0.00792,"61":0,"62":0,"63":0.00792,"64":0.38818,"65":0.00792,"66":0.01584,"67":0,"68":0.04753,"69":0,"70":0,"71":0,"72":0,"73":0,"74":0,"75":0,"76":0.00792,"77":0,"78":0.7209,"79":0.03961,"80":0.43571,"81":2.32907,"82":0.51493,"83":0.00792,"84":0},"chrome":{"4":0,"5":0,"6":0,"7":0,"8":0,"9":0,"10":0,"11":0,"12":0,"13":0,"14":0,"15":0,"16":0,"17":0,"18":0,"19":0,"20":0,"21":0,"22":0,"23":0,"24":0,"25":0,"26":0,"27":0,"28":0,"29":0.11883,"30":0,"31":0,"32":0,"33":0,"34":0,"35":0,"36":0,"37":0,"38":0,"39":0,"40":0,"41":0,"42":0,"43":0,"44":0,"45":0,"46":0,"47":0,"48":0.15052,"49":0.38818,"50":0,"51":0,"52":0,"53":0.04753,"54":0,"55":0.00792,"56":0,"57":0,"58":0,"59":0,"60":0,"61":0,"62":0,"63":0.08714,"64":0,"65":0.00792,"66":0.00792,"67":0.00792,"68":0,"69":0.04753,"70":0.85558,"71":0.66545,"72":1.14077,"73":0.45948,"74":0.00792,"75":0.00792,"76":0.04753,"77":0.16636,"78":0.04753,"79":0.03961,"80":0.07922,"81":0.09506,"83":0.17428,"84":3.27971,"85":10.88483,"86":14.29129,"87":0,"88":0,"89":0},"opera":{"9":0,"9.5-9.6":0.00792,"10.0-10.1":0,"10.5":0,"10.6":0,"11":0,"11.1":0,"11.5":0,"11.6":0,"12":0,"12.1":0,"15":0,"16":0,"17":0,"18":0,"19":0,"20":0,"21":0,"22":0,"23":0,"24":0,"25":0,"26":0,"27":0,"28":0,"29":0,"30":0,"31":0,"32":0,"33":0,"34":0,"35":0,"36":0,"37":0,"38":0,"39":0,"40":0,"41":0,"42":0,"43":0,"44":0,"45":0,"46":0,"47":0,"48":0,"49":0,"50":0,"51":0,"52":0,"53":0,"54":0,"55":0,"56":0.43571,"57":0.40402,"58":0.00792,"60":0,"62":0,"63":0,"64":0,"65":0,"66":0,"67":0,"68":0,"69":0,"70":0.11883,"71":0.34857,"72":0},"ios_saf":{"3.2":0.02514,"4.0-4.1":0.02154,"4.2-4.3":0.00359,"5.0-5.1":0.01795,"6.0-6.1":0.01077,"7.0-7.1":0.02514,"8":0,"8.1-8.4":0.08259,"9.0-9.2":0.04668,"9.3":0.59606,"10.0-10.2":0.10054,"10.3":0.55297,"11.0-11.2":0.20826,"11.3-11.4":0.35548,"12.0-12.1":0.36266,"12.2-12.4":3.61587,"13.0-13.1":0.29803,"13.2":0.14722,"13.3":1.12031,"13.4-13.7":5.9678,"14":10.49213},"safari":{"3.1":0,"3.2":0,"4":0.09506,"5":0,"5.1":0,"6":0,"6.1":0,"7":0,"7.1":0,"8":0,"9":0,"9.1":0,"10":0,"10.1":0.12675,"11":0.01584,"11.1":0.50701,"12":0.02377,"12.1":1.3309,"13":1.05363,"13.1":5.30774,"14":4.24619,"0":null},"edge":{"12":0,"13":0,"14":0.00792,"15":0,"16":0.00792,"17":0.04753,"18":0.2535,"79":0,"80":0,"81":0,"83":0.01584,"84":0.04753,"85":2.03595,"86":2.76478},"android":{"2.1":0,"2.2":0,"2.3":0.00026,"3":0,"4":0.03312,"4.1":0.01669,"4.2-4.3":0.00742,"4.4":0,"4.4.3-4.4.4":0.06042,"81":null},"samsung":{"4":0.09274,"5.0-5.4":0.05152,"6.2-6.4":0,"7.2-7.4":0.0103,"8.2":0.03091,"9.2":0.0103,"10.1":0.02061,"11.1-11.2":0,"12.0":1.04079},"op_mob":{"10":null,"11":null,"11.1":null,"11.5":null,"12":null,"12.1":null,"0":null},"ie":{"5.5":0,"6":0.05066,"7":0.06079,"8":1.05365,"9":0.27354,"10":0.49643,"11":1.66152},"bb":{"7":0,"10":0},"ie_mob":{"10":0.01039,"11":0},"kaios":{"2.5":0.00208},"baidu":{"0":null},"and_ff":{"0":0.24105},"and_qq":{"10.4":0},"and_uc":{"0":0.04364},"op_mini":{"0":0.11214},"and_chr":{"0":11.74552}},"total":98.17595}