{"id":"MC","name":"Monaco","month":"2021-11","access_date":"2021-12-03","data":{"firefox":{"2":null,"3":null,"3.5":null,"3.6":null,"4":null,"5":null,"6":null,"7":null,"8":null,"9":null,"10":null,"11":null,"12":null,"13":null,"14":null,"15":null,"16":null,"17":null,"18":null,"19":null,"20":null,"21":null,"22":null,"23":null,"24":null,"25":null,"26":null,"27":null,"28":null,"29":null,"30":null,"31":null,"32":null,"33":null,"34":null,"35":null,"36":null,"37":null,"38":null,"39":null,"40":null,"41":null,"42":null,"43":null,"44":null,"45":null,"46":null,"47":null,"48":null,"49":null,"50":null,"51":null,"52":0.00681,"53":null,"54":null,"55":null,"56":null,"57":null,"58":null,"59":null,"60":null,"61":null,"62":null,"63":null,"64":null,"65":null,"66":null,"67":null,"68":0.00681,"69":null,"70":null,"71":null,"72":null,"73":null,"74":null,"75":null,"76":null,"77":null,"78":0.44278,"79":null,"80":null,"81":null,"82":0.01362,"83":null,"84":null,"85":null,"86":null,"87":null,"88":null,"89":null,"90":0.01362,"91":0.04087,"92":0.06131,"93":0.66076,"94":5.08856,"95":null,"96":null},"chrome":{"4":null,"5":null,"6":1.29428,"7":null,"8":null,"9":null,"10":null,"11":null,"12":null,"13":null,"14":null,"15":null,"16":null,"17":null,"18":null,"19":null,"20":null,"21":null,"22":null,"23":null,"24":null,"25":null,"26":null,"27":null,"28":null,"29":null,"30":null,"31":null,"32":null,"33":null,"34":null,"35":null,"36":null,"37":null,"38":null,"39":null,"40":null,"41":null,"42":null,"43":null,"44":null,"45":null,"46":null,"47":null,"48":null,"49":0.14305,"50":null,"51":null,"52":null,"53":0.01362,"54":null,"55":null,"56":null,"57":null,"58":null,"59":null,"60":null,"61":null,"62":null,"63":0.06131,"64":null,"65":null,"66":null,"67":null,"68":null,"69":null,"70":0.00681,"71":null,"72":0.02725,"73":null,"74":0.04087,"75":null,"76":0.01362,"77":0.40872,"78":null,"79":0.06131,"80":0.02044,"81":0.03406,"83":0.01362,"84":0.04768,"85":0.10218,"86":0.06131,"87":0.34741,"88":0.02725,"89":0.36104,"90":0.08174,"91":0.14986,"92":0.47684,"93":0.80382,"94":3.02453,"95":18.07905,"96":10.68803,"97":null,"98":null,"99":null},"opera":{"9":null,"9.5-9.6":null,"10.0-10.1":0,"10.5":null,"10.6":null,"11":null,"11.1":null,"11.5":null,"11.6":null,"12":null,"12.1":null,"15":null,"16":null,"17":null,"18":null,"19":null,"20":null,"21":null,"22":null,"23":null,"24":null,"25":null,"26":null,"27":null,"28":null,"29":null,"30":null,"31":null,"32":null,"33":null,"34":null,"35":null,"36":null,"37":null,"38":null,"39":null,"40":null,"41":null,"42":null,"43":null,"44":null,"45":null,"46":null,"47":null,"48":null,"49":null,"50":null,"51":null,"52":null,"53":null,"54":null,"55":null,"56":null,"57":null,"58":null,"60":null,"62":null,"63":null,"64":null,"65":null,"66":null,"67":null,"68":null,"69":0.01362,"70":null,"71":null,"72":null,"73":null,"74":null,"75":null,"76":null,"77":null,"78":null,"79":0.08174,"80":0.23161,"81":0.04768},"edge":{"12":null,"13":null,"14":null,"15":null,"16":null,"17":null,"18":0.06812,"79":null,"80":null,"81":null,"83":null,"84":null,"85":0.00681,"86":null,"87":null,"88":null,"89":null,"90":null,"91":null,"92":0.01362,"93":0.02044,"94":0.07493,"95":4.42099,"96":1.0763},"safari":{"3.1":null,"3.2":null,"4":0,"5":null,"5.1":null,"6":null,"6.1":null,"7":null,"7.1":null,"8":null,"9":null,"9.1":0.02044,"10":null,"10.1":0.08856,"11":null,"11.1":0.18392,"12":0.02044,"12.1":0.20436,"13":0.10899,"13.1":3.13352,"14":1.67575,"14.1":6.03543,"15":2.3297,"15.1":2.84742,"0":null},"ios_saf":{"3.2":0,"4.0-4.1":0,"4.2-4.3":0,"5.0-5.1":0,"6.0-6.1":0,"7.0-7.1":0,"8":0,"8.1-8.4":0.00423,"9.0-9.2":0.00846,"9.3":0.03807,"10.0-10.2":0.02749,"10.3":0.06767,"11.0-11.2":0.02961,"11.3-11.4":0.05076,"12.0-12.1":0.01692,"12.2-12.5":0.53293,"13.0-13.1":0.01903,"13.2":0.00423,"13.3":0.0571,"13.4-13.7":1.24139,"14.0-14.4":1.02357,"14.5-14.8":12.03749,"15.0-15.1":5.98068},"samsung":{"4":0.01089,"5.0-5.4":0.04023,"6.2-6.4":0.09052,"7.2-7.4":0.04143,"8.2":0.01029,"9.2":0.03107,"10.1":0.05029,"11.1-11.2":0.02178,"12.0":0.28308,"13.0":0.13465,"14.0":0.13465,"15.0":1.44806},"android":{"2.1":0,"2.2":0,"2.3":0,"3":0.00013,"4":0,"4.1":0,"4.2-4.3":0,"4.4":0,"4.4.3-4.4.4":0.00625,"0":0},"op_mob":{"10":null,"11":null,"11.1":null,"11.5":null,"12":null,"12.1":null,"0":null},"ie":{"5.5":null,"6":null,"7":null,"8":null,"9":null,"10":null,"11":0.93324},"bb":{"7":0,"10":0},"ie_mob":{"10":0.02658,"11":0.22582},"and_chr":{"0":9.28779},"kaios":{"2.5":0},"baidu":{"0":null},"and_ff":{"0":0.1594},"and_qq":{"10.4":0},"and_uc":{"0":0.00319},"op_mini":{"0":0.05131}},"total":99.55951}