{"id":"MC","name":"Monaco","month":"2018-09","access_date":"2018-10-03","data":{"chrome":{"4":0,"5":0,"6":0,"7":0,"8":0,"9":0,"10":0,"11":0,"12":0,"13":0,"14":0,"15":0,"16":0,"17":0,"18":0,"19":0,"20":0,"21":0,"22":0,"23":0,"24":0,"25":0,"26":0,"27":0,"28":0,"29":0,"30":0,"31":0,"32":0,"33":0,"34":0,"35":0,"36":0,"37":0,"38":0.007571,"39":0,"40":0,"41":0,"42":0,"43":0,"44":0,"45":0.015142,"46":0,"47":0.045426,"48":0.696532,"49":0.560254,"50":0.022713,"51":0,"52":0,"53":0,"54":0.007571,"55":0.007571,"56":0.181704,"57":0.052997,"58":0.022713,"59":0.015142,"60":0.030284,"61":0.015142,"62":0.030284,"63":0.15142,"64":0.719245,"65":2.733131,"66":0.174133,"67":0.885807,"68":12.840416,"69":9.213907,"70":0.007571,"71":0.007571,"72":null},"firefox":{"2":0,"3":0.045426,"3.5":0,"3.6":0,"4":0,"5":0,"6":0,"7":0,"8":0,"9":0,"10":0,"11":0,"12":0,"13":0,"14":0,"15":0,"16":0,"17":0.015142,"18":0,"19":0,"20":0,"21":0,"22":0,"23":0,"24":0,"25":0,"26":0,"27":0,"28":0,"29":0,"30":0,"31":0,"32":0,"33":0,"34":0,"35":0,"36":0,"37":0,"38":0,"39":0,"40":0,"41":0,"42":0,"43":0.007571,"44":0,"45":0,"46":0,"47":0,"48":0.325553,"49":0.007571,"50":0,"51":0,"52":0.439118,"53":0,"54":0.007571,"55":0,"56":0.007571,"57":0.121136,"58":0,"59":0.037855,"60":0.181704,"61":1.037227,"62":2.786128,"63":0,"64":0},"opera":{"9":0,"9.5-9.6":0.007571,"10.0-10.1":0,"10.5":0,"10.6":0,"11":0,"11.1":0,"11.5":0,"11.6":0,"12":0,"12.1":0.007571,"15":0,"16":0,"17":0,"18":0,"19":0,"20":0,"21":0,"22":0,"23":0,"24":0,"25":0,"26":0,"27":0,"28":0,"29":0,"30":0,"31":0,"32":0,"33":0,"34":0,"35":0,"36":0,"37":0,"38":0,"39":0,"40":0,"41":0,"42":0,"43":0,"44":0,"45":0,"46":0,"47":0,"48":0,"49":0,"50":0,"51":0,"52":0,"53":0,"54":0.015142,"55":0.575396},"safari":{"3.1":0,"3.2":0,"4":0.083281,"5":0,"5.1":0.07571,"6":0,"6.1":0.022713,"7":0,"7.1":0,"8":0.015142,"9":0.007571,"9.1":0.469402,"10":0.257414,"10.1":0.658677,"11":0.575396,"11.1":4.557742,"12":1.544484,"0":null},"ios_saf":{"3.2":0.00322601031134,"4.0-4.1":0,"4.2-4.3":0.00322601031134,"5.0-5.1":0.0451641443588,"6.0-6.1":0.0225820721794,"7.0-7.1":0.0935542990289,"8":0.0322601031134,"8.1-8.4":0.193560618681,"9.0-9.2":0.122588391831,"9.3":0.79359853659,"10.0-10.2":1.14200765022,"10.3":1.50009479477,"11.0-11.2":3.08406585764,"11.3-11.4":22.4401277257,"12":2.74856078526},"android":{"2.1":0,"2.2":0.000198657799274,"2.3":0.00139060459492,"3":0.000198657799274,"4":0.0152966505441,"4.1":0.0109261789601,"4.2-4.3":0.0423141112455,"4.4":0,"4.4.3-4.4.4":0.0939651390568,"67":null},"op_mob":{"10":null,"11":null,"11.1":null,"11.5":null,"12":null,"12.1":null,"0":null},"ie":{"5.5":0,"6":0.206098388959,"7":0.249035553325,"8":0.858743287327,"9":0.291972717691,"10":0.506658539523,"11":4.73167551317},"edge":{"12":0,"13":0.015142,"14":0.007571,"15":0.113565,"16":0.15142,"17":2.203161,"18":null},"samsung":{"4":0.089873,"5":0.078638875,"6.2":0.089873,"7.2":null},"bb":{"7":0.0029148,"10":0.0116592},"ie_mob":{"10":0.0157885,"11":0.0157885},"baidu":{"0":null},"and_ff":{"0":0.466368},"and_qq":{"1.2":null},"and_uc":{"0":0.065583},"op_mini":{"0":0.163273039519},"and_chr":{"0":12.538053}},"total":97.5987949145}