{"id":"ME","name":"Montenegro","month":"2020-01","access_date":"2020-02-04","data":{"chrome":{"4":0,"5":0,"6":0,"7":0,"8":0,"9":0,"10":0,"11":0,"12":0,"13":0,"14":0,"15":0,"16":0,"17":0,"18":0,"19":0,"20":0,"21":0,"22":0,"23":0,"24":0,"25":0,"26":0.006636,"27":0,"28":0,"29":0,"30":0,"31":0,"32":0,"33":0.003318,"34":0.006636,"35":0,"36":0,"37":0,"38":0.013272,"39":0,"40":0.003318,"41":0,"42":0,"43":0.003318,"44":0,"45":0,"46":0,"47":0,"48":0,"49":0.126084,"50":0.003318,"51":0,"52":0,"53":0.029862,"54":0.006636,"55":0.003318,"56":0.003318,"57":0.003318,"58":0.01659,"59":0.003318,"60":0.003318,"61":0.04977,"62":0.003318,"63":0.013272,"64":0,"65":0.003318,"66":0.009954,"67":0.003318,"68":0.003318,"69":0.006636,"70":0.023226,"71":0.01659,"72":0.009954,"73":0.053088,"74":0.026544,"75":0.029862,"76":0.029862,"77":0.079632,"78":0.096222,"79":6.543096,"80":0.009954,"81":0.006636,"82":0},"firefox":{"2":0,"3":0,"3.5":0,"3.6":0,"4":0,"5":0,"6":0,"7":0,"8":0,"9":0,"10":0,"11":0,"12":0.003318,"13":0,"14":0,"15":0,"16":0,"17":0,"18":0,"19":0,"20":0,"21":0.003318,"22":0,"23":0,"24":0,"25":0,"26":0,"27":0,"28":0,"29":0,"30":0,"31":0.003318,"32":0,"33":0,"34":0,"35":0,"36":0,"37":0,"38":0,"39":0,"40":0,"41":0,"42":0,"43":0,"44":0,"45":0,"46":0,"47":0,"48":0.003318,"49":0.003318,"50":0,"51":0,"52":0.079632,"53":0,"54":0,"55":0,"56":0.003318,"57":0,"58":0,"59":0,"60":0.003318,"61":0,"62":0.003318,"63":0.009954,"64":0,"65":0,"66":0.009954,"67":0.013272,"68":0.059724,"69":0.006636,"70":0.013272,"71":0.218988,"72":0.706734,"73":0.013272,"74":0},"opera":{"9":0,"9.5-9.6":0,"10.0-10.1":0,"10.5":0,"10.6":0,"11":0,"11.1":0,"11.5":0,"11.6":0,"12":0,"12.1":0,"15":0,"16":0,"17":0,"18":0,"19":0,"20":0,"21":0,"22":0,"23":0,"24":0,"25":0,"26":0,"27":0,"28":0,"29":0,"30":0,"31":0.006636,"32":0,"33":0,"34":0,"35":0,"36":0.009954,"37":0,"38":0,"39":0,"40":0.009954,"41":0,"42":0,"43":0,"44":0,"45":0,"46":0,"47":0,"48":0,"49":0,"50":0,"51":0,"52":0,"53":0,"54":0,"55":0,"56":0,"57":0,"58":0,"60":0,"62":0.003318,"63":0.003318,"64":0.006636},"safari":{"3.1":0,"3.2":0,"4":0,"5":0,"5.1":0,"6":0,"6.1":0,"7":0,"7.1":0,"8":0,"9":0.003318,"9.1":0,"10":0.009954,"10.1":0.003318,"11":0.003318,"11.1":0.01659,"12":0.006636,"12.1":0.039816,"13":0.205716,"0":null},"ios_saf":{"3.2":0.001037066119836,"4.0-4.1":0.0020741322396719,"4.2-4.3":0,"5.0-5.1":0.0062223967190157,"6.0-6.1":0.0031111983595079,"7.0-7.1":0.0082965289586876,"8":0.001037066119836,"8.1-8.4":0.015555991797539,"9.0-9.2":0.013481859557867,"9.3":0.12859619885966,"10.0-10.2":0.040445578673602,"10.3":0.14207805841753,"11.0-11.2":0.11407727318195,"11.3-11.4":0.19393136440932,"12.0-12.1":0.26134066219866,"12.2-12.4":1.5618215764729,"13.0-13.1":0.72179801940582,"13.2":0.30386037311193,"13.3":6.8487846553966},"android":{"2.1":0,"2.2":0.00055263241106719,"2.3":0.00018421080368906,"3":0.00018421080368906,"4":0.0018421080368906,"4.1":0.0031315836627141,"4.2-4.3":0.081421175230567,"4.4":0,"4.4.3-4.4.4":0.052500079051383,"76":null},"edge":{"12":0,"13":0.003318,"14":0,"15":0.019908,"16":0.003318,"17":0.019908,"18":0.136038,"79":null},"ie":{"5.5":0,"6":0,"7":0,"8":0.020619,"9":0,"10":0.0034365,"11":0.0721665},"samsung":{"4":0.37585979254457,"5.0-5.4":0,"6.2-6.4":0.060950236628849,"7.2-7.4":0.15237559157212,"8.2":0.081266982171799,"9.2":0.39617653808752,"10.1":5.1299782495948},"op_mob":{"10":null,"11":null,"11.1":null,"11.5":null,"12":null,"12.1":null,"0":null},"ie_mob":{"10":0,"11":0.026728},"bb":{"7":0,"10":0.006682},"baidu":{"0":null},"and_ff":{"0":0.126958},"and_uc":{"0":0.026728},"and_qq":{"1.2":0},"kaios":{"2.5":0},"op_mini":{"0":0.24039126460481},"and_chr":{"0":69.909054}},"total":96.058838655204}