{"id":"ME","name":"Montenegro","month":"2014-07","access_date":"2014-08-01","data":{"chrome":{"4":0.00798,"5":0.02394,"6":0.05586,"7":0.01596,"8":0.09576,"9":0.02394,"10":0.15162,"11":0.1197,"12":0.0399,"13":null,"14":0.0399,"15":0.02394,"16":0.10374,"17":0.00798,"18":0.12768,"19":null,"20":null,"21":0.00798,"22":0.10374,"23":0.01596,"24":0.03192,"25":0.0399,"26":0.04788,"27":0.2394,"28":0.20748,"29":0.14364,"30":0.0399,"31":0.92568,"32":0.5187,"33":1.2768,"34":1.14912,"35":24.55446,"36":17.42034,"37":0.15162,"38":0.07182,"39":null},"firefox":{"2":0.01596,"3":0.05586,"3.5":0.03192,"3.6":0.09576,"4":0.03192,"5":0.01596,"6":0.01596,"7":0.01596,"8":0.05586,"9":0.02394,"10":0.0399,"11":0.03192,"12":0.10374,"13":0.06384,"14":0.03192,"15":0.01596,"16":0.06384,"17":0.03192,"18":0.03192,"19":0.0399,"20":0.05586,"21":0.11172,"22":0.06384,"23":0.03192,"24":0.09576,"25":0.0399,"26":0.14364,"27":0.1197,"28":0.13566,"29":0.46284,"30":15.6408,"31":2.7132,"32":0.13566,"33":0.00798,"34":null},"opera":{"9":null,"9.5-9.6":null,"10.0-10.1":0,"10.5":null,"10.6":null,"11":null,"11.1":null,"11.5":null,"11.6":0.01596,"12":0.08778,"12.1":0.90174,"15":0.01596,"16":0.02394,"17":0.02394,"18":0.07182,"19":0.05586,"20":0.08778,"21":0.0798,"22":1.18902,"23":0.48678,"24":null},"safari":{"3.1":null,"3.2":null,"4":0,"5":0.0798,"5.1":0.20748,"6":0.06384,"6.1":0.16758,"7":0.55062,"8":null},"android":{"2.1":0.0238291525424,"2.2":0.0556013559322,"2.3":1.07231186441,"3":0,"4":0.90550779661,"4.1":2.20816813559,"4.2-4.3":2.27965559322,"4.4":1.42180610169,"4.4.3":null},"op_mob":{"10":0,"11":0,"11.1":0,"11.5":0,"12":0.00462892503987,"12.1":0.0208301626794,"0":null},"ie":{"5.5":null,"6":0.0399,"7":0.06384,"8":1.65984,"9":0.80598,"10":0.67032,"11":2.64138},"ios_saf":{"3.2":0.00276463536464,"4.0-4.1":0.00552927072927,"4.2-4.3":0.0165878121878,"5.0-5.1":0.0774097902098,"6.0-6.1":0.30410989011,"7.0-7.1":2.3609986014,"8":0},"bb":{"7":0.019695,"10":null},"and_ff":{"0":0.10706},"ie_mob":{"10":0.3117466},"op_mini":{"5.0-7.0":1.78850091228},"and_chr":{"0":5.4944}},"total":96.8287816}