{"id":"ME","name":"Montenegro","month":"2021-09","access_date":"2021-10-03","data":{"firefox":{"2":null,"3":null,"3.5":null,"3.6":null,"4":null,"5":null,"6":null,"7":null,"8":null,"9":null,"10":null,"11":null,"12":null,"13":null,"14":null,"15":null,"16":null,"17":null,"18":null,"19":null,"20":null,"21":null,"22":null,"23":null,"24":null,"25":null,"26":null,"27":null,"28":null,"29":null,"30":null,"31":0.00398,"32":null,"33":null,"34":null,"35":null,"36":null,"37":null,"38":null,"39":null,"40":null,"41":null,"42":null,"43":null,"44":null,"45":null,"46":null,"47":null,"48":null,"49":null,"50":null,"51":null,"52":0.88799,"53":null,"54":null,"55":null,"56":0.02787,"57":null,"58":null,"59":null,"60":0.00796,"61":null,"62":null,"63":null,"64":null,"65":null,"66":null,"67":null,"68":null,"69":0.00796,"70":null,"71":null,"72":0.00796,"73":null,"74":null,"75":null,"76":null,"77":null,"78":0.01991,"79":null,"80":0.00398,"81":0.00796,"82":0.00398,"83":0.00398,"84":0.01991,"85":0.02389,"86":0.01195,"87":0.00398,"88":0.01991,"89":0.05177,"90":0.02389,"91":0.7964,"92":1.58484,"93":0.02389,"94":null},"chrome":{"4":null,"5":null,"6":null,"7":null,"8":null,"9":null,"10":null,"11":null,"12":null,"13":null,"14":null,"15":null,"16":null,"17":null,"18":null,"19":null,"20":null,"21":null,"22":0.00796,"23":null,"24":null,"25":null,"26":null,"27":null,"28":null,"29":null,"30":null,"31":null,"32":null,"33":null,"34":null,"35":null,"36":null,"37":null,"38":0.05177,"39":null,"40":null,"41":null,"42":null,"43":null,"44":null,"45":null,"46":null,"47":null,"48":null,"49":0.33449,"50":null,"51":null,"52":null,"53":0.03584,"54":null,"55":null,"56":0.00398,"57":null,"58":0.00398,"59":null,"60":null,"61":null,"62":null,"63":null,"64":null,"65":0.00398,"66":0.02389,"67":null,"68":0.00796,"69":0.02389,"70":0.02389,"71":null,"72":0.00398,"73":null,"74":0.00796,"75":0.00796,"76":0.03982,"77":0.00398,"78":0.01593,"79":0.18317,"80":0.03186,"81":0.06769,"83":0.02389,"84":0.13141,"85":0.10353,"86":0.07566,"87":0.39024,"88":0.14335,"89":0.07168,"90":0.13539,"91":0.27078,"92":4.67885,"93":15.90013,"94":2.53255,"95":0.00398,"96":null,"97":null},"opera":{"9":null,"9.5-9.6":null,"10.0-10.1":0,"10.5":null,"10.6":null,"11":null,"11.1":null,"11.5":null,"11.6":null,"12":null,"12.1":null,"15":null,"16":null,"17":null,"18":null,"19":null,"20":null,"21":null,"22":null,"23":null,"24":null,"25":null,"26":null,"27":null,"28":0.00398,"29":null,"30":null,"31":null,"32":0.00398,"33":null,"34":null,"35":null,"36":null,"37":null,"38":null,"39":null,"40":0.00796,"41":null,"42":null,"43":null,"44":null,"45":null,"46":0.01195,"47":null,"48":null,"49":null,"50":null,"51":null,"52":null,"53":null,"54":null,"55":null,"56":null,"57":null,"58":null,"60":null,"62":null,"63":null,"64":null,"65":null,"66":null,"67":null,"68":6.29554,"69":0.00398,"70":null,"71":null,"72":null,"73":null,"74":null,"75":null,"76":0.00398,"77":0.0438,"78":0.93179,"79":0.24688},"ios_saf":{"3.2":0,"4.0-4.1":0,"4.2-4.3":0,"5.0-5.1":0.00221,"6.0-6.1":0,"7.0-7.1":0.02542,"8":0,"8.1-8.4":0,"9.0-9.2":0.00442,"9.3":0.05637,"10.0-10.2":0.00774,"10.3":0.11606,"11.0-11.2":0.02432,"11.3-11.4":0.03206,"12.0-12.1":0.01879,"12.2-12.5":0.60352,"13.0-13.1":0.021,"13.2":0.00774,"13.3":0.08732,"13.4-13.7":0.42224,"14.0-14.4":0.91081,"14.5-14.8":8.29563,"15":0.4134},"safari":{"3.1":null,"3.2":null,"4":0,"5":null,"5.1":null,"6":null,"6.1":null,"7":null,"7.1":null,"8":null,"9":null,"9.1":null,"10":null,"10.1":null,"11":null,"11.1":0.01991,"12":0.00796,"12.1":0.03186,"13":0.04778,"13.1":0.0876,"14":0.18715,"14.1":0.74463,"15":0.0438,"0":null},"edge":{"12":null,"13":null,"14":null,"15":null,"16":0.01593,"17":null,"18":0.01195,"79":null,"80":null,"81":null,"83":null,"84":0.00796,"85":null,"86":null,"87":0.01593,"88":null,"89":0.00796,"90":null,"91":null,"92":0.15928,"93":0.69685,"94":0.14335},"samsung":{"4":0.22523,"5.0-5.4":0.07091,"6.2-6.4":0.02026,"7.2-7.4":0.07166,"8.2":0.02011,"9.2":0.01024,"10.1":0.07166,"11.1-11.2":0.29689,"12.0":0.06143,"13.0":0.18428,"14.0":0.48116,"15.0":3.05078},"android":{"2.1":0,"2.2":0,"2.3":0,"3":0,"4":0,"4.1":0.00069,"4.2-4.3":0.00174,"4.4":0,"4.4.3-4.4.4":0.01562,"0":0},"op_mob":{"10":null,"11":null,"11.1":null,"11.5":null,"12":null,"12.1":null,"0":null},"ie":{"5.5":null,"6":null,"7":null,"8":null,"9":0.00626,"10":null,"11":0.12515},"bb":{"7":0,"10":0},"ie_mob":{"10":0.01251,"11":0.15172},"and_chr":{"0":44.69897},"kaios":{"2.5":0},"baidu":{"0":null},"and_ff":{"0":0.18656},"and_qq":{"10.4":0},"and_uc":{"0":0.03009},"op_mini":{"0":0.25069}},"total":99.76678}