{"id":"ME","name":"Montenegro","month":"2015-12","access_date":"2016-01-02","data":{"firefox":{"2":0.00719,"3":0.00719,"3.5":0.02157,"3.6":0.04314,"4":0.00719,"5":0.00719,"6":0.00719,"7":0,"8":0.02157,"9":0,"10":0.05752,"11":0.00719,"12":0.02876,"13":0.02157,"14":0.02876,"15":0.01438,"16":0.01438,"17":0.00719,"18":0.02876,"19":0.01438,"20":0.00719,"21":0.01438,"22":0,"23":0.00719,"24":0.01438,"25":0.01438,"26":0.01438,"27":0.00719,"28":0.02157,"29":0.01438,"30":0.02157,"31":0.02876,"32":0.01438,"33":0.02876,"34":0.03595,"35":0.03595,"36":0.05033,"37":0.07909,"38":0.20132,"39":0.15818,"40":0.12942,"41":0.25884,"42":6.34877,"43":4.04078,"44":0.18694,"45":0.01438,"46":0.00719},"chrome":{"4":0.00719,"5":0.01438,"6":0.00719,"7":0.00719,"8":0.04314,"9":0,"10":0.09347,"11":0.05752,"12":0.01438,"13":0,"14":0.00719,"15":0,"16":0.02876,"17":0.00719,"18":0.09347,"19":0,"20":0.00719,"21":0,"22":0.16537,"23":0.01438,"24":0.00719,"25":0.02157,"26":0.12223,"27":0.01438,"28":0.01438,"29":0.01438,"30":0.02157,"31":0.09347,"32":0.03595,"33":0.10785,"34":0.15099,"35":0.05752,"36":0.10785,"37":0.06471,"38":0.15818,"39":0.19413,"40":0.38826,"41":0.05752,"42":0.22289,"43":0.23008,"44":0.34512,"45":0.30917,"46":7.44884,"47":35.82058,"48":0.31636,"49":0.30198,"50":0},"opera":{"9":0,"9.5-9.6":0,"10.0-10.1":0,"10.5":0,"10.6":0,"11":0,"11.1":0.00719,"11.5":0,"11.6":0.00719,"12":0.02876,"12.1":0.40264,"15":0,"16":0,"17":0.00719,"18":0,"19":0.00719,"20":0.00719,"21":0.00719,"22":0.00719,"23":0,"24":0.00719,"25":0.00719,"26":0.02157,"27":0,"28":0.03595,"29":0.01438,"30":0.01438,"31":0.03595,"32":0.03595,"33":0.72619,"34":1.35891,"35":0.00719,"36":0},"safari":{"3.1":0,"3.2":0,"4":0.00719,"5":0.01438,"5.1":0.05752,"6":0.00719,"6.1":0.02157,"7":0.03595,"7.1":0.02157,"8":0.06471,"9":0.43859},"android":{"2.1":0,"2.2":0,"2.3":0.0478993880049,"3":0,"4":0.138376009792,"4.1":0.6546249694,"4.2-4.3":1.43964271726,"4.4":2.79679204406,"4.4.3-4.4.4":1.44496487148,"46":null},"ios_saf":{"3.2":0,"4.0-4.1":0,"4.2-4.3":0,"5.0-5.1":0,"6.0-6.1":0,"7.0-7.1":0.239276844126,"8":0.0318634993434,"8.1-8.4":0.79358149308,"9.0-9.2":4.88653816345},"op_mob":{"10":0,"11":0,"11.1":0,"11.5":0,"12":0,"12.1":0.00026736331991,"0":0.00628303801788},"ie":{"5.5":0,"6":0.0216243324937,"7":0.0144162216625,"8":0.576648866499,"9":0.288324433249,"10":0.187410881612,"11":1.76598715365},"bb":{"7":0.01405,"10":null},"ie_mob":{"10":0.0967874299065,"11":0.434302570093},"edge":{"12":null,"13":null,"14":null},"and_uc":{"0":0.18265},"op_mini":{"5.0-8.0":1.95201959866},"and_chr":{"0":17.71894},"and_ff":{"0":0.01686}},"total":98.4613118892}