{"id":"MG","name":"Madagascar","month":"2014-09","access_date":"2014-10-01","data":{"chrome":{"4":0.006392,"5":null,"6":0.012784,"7":0.019176,"8":0.012784,"9":0.006392,"10":0.025568,"11":0.070312,"12":0.025568,"13":0.019176,"14":0.019176,"15":0.03196,"16":0.038352,"17":null,"18":0.025568,"19":0.006392,"20":0.03196,"21":0.038352,"22":0.006392,"23":0.03196,"24":0.012784,"25":0.044744,"26":0.03196,"27":0.044744,"28":0.025568,"29":0.076704,"30":0.025568,"31":0.217328,"32":0.166192,"33":0.683944,"34":0.313208,"35":0.54332,"36":3.106512,"37":17.188088,"38":0.057528,"39":0.076704,"40":null},"firefox":{"2":0.03196,"3":0.44744,"3.5":0.03196,"3.6":0.210936,"4":0.166192,"5":0.262072,"6":0.134232,"7":0.025568,"8":0.051136,"9":0.089488,"10":0.140624,"11":0.140624,"12":0.441048,"13":0.1598,"14":0.185368,"15":0.153408,"16":0.22372,"17":0.658376,"18":0.115056,"19":0.09588,"20":0.338776,"21":0.230112,"22":0.236504,"23":0.134232,"24":0.294032,"25":0.294032,"26":0.236504,"27":0.3196,"28":0.28764,"29":0.747864,"30":1.272008,"31":8.967976,"32":15.762672,"33":0.850136,"34":0.044744,"35":0.019176},"opera":{"9":null,"9.5-9.6":null,"10.0-10.1":0.06392,"10.5":null,"10.6":null,"11":null,"11.1":null,"11.5":0.012784,"11.6":0.025568,"12":0.03196,"12.1":0.153408,"15":0.019176,"16":0.012784,"17":null,"18":0.019176,"19":0.044744,"20":0.06392,"21":0.019176,"22":0.051136,"23":0.1598,"24":0.850136,"25":0.006392,"26":null},"safari":{"3.1":null,"3.2":null,"4":0.038352,"5":0.089488,"5.1":0.185368,"6":0.051136,"6.1":0.083096,"7":0.377128,"7.1":0.019176,"8":null},"android":{"2.1":0.0043469010989,"2.2":0.0304283076923,"2.3":0.495546725275,"3":0,"4":0.417302505495,"4.1":1.09107217582,"4.2-4.3":1.24756061538,"4.4":1.06499076923,"4.4.3":null},"op_mob":{"10":0,"11":0,"11.1":0,"11.5":0,"12":0.0600784636605,"12.1":0.330431550133,"0":null},"ie":{"5.5":null,"6":0.0196005608856,"7":0.0196005608856,"8":0.810156516605,"9":0.49001402214,"10":1.00616212546,"11":1.14336605166},"ios_saf":{"3.2":0,"4.0-4.1":0,"4.2-4.3":0,"5.0-5.1":0.0105417489388,"6.0-6.1":0.0467880363857,"7.0-7.1":1.06211730746,"8":0.309320907216},"bb":{"7":0.061336,"10":null},"and_chr":{"0":1.951928},"and_ff":{"0":0.212872},"ie_mob":{"10":0.23769504},"op_mini":{"5.0-7.0":19.8323299862},"and_uc":{"0":4.813072}},"total":95.9905388776}