{"id":"MG","name":"Madagascar","month":"2019-05","access_date":"2019-06-04","data":{"chrome":{"4":0,"5":0,"6":0,"7":0,"8":0,"9":0,"10":0,"11":0.010728,"12":0,"13":0,"14":0,"15":0,"16":0,"17":0,"18":0,"19":0,"20":0,"21":0,"22":0,"23":0,"24":0,"25":0,"26":0,"27":0,"28":0,"29":0,"30":0.002682,"31":0,"32":0.002682,"33":0.005364,"34":0.016092,"35":0,"36":0,"37":0,"38":0,"39":0,"40":0.002682,"41":0.002682,"42":0,"43":0.008046,"44":0,"45":0.010728,"46":0.002682,"47":0.002682,"48":0.002682,"49":0.077778,"50":0.002682,"51":0,"52":0,"53":0,"54":0.002682,"55":0.008046,"56":0.002682,"57":0,"58":0.010728,"59":0.002682,"60":0,"61":0.061686,"62":0.002682,"63":0.010728,"64":0.005364,"65":0.04023,"66":0.002682,"67":0.01341,"68":0.010728,"69":0.048276,"70":0.032184,"71":0.04023,"72":0.069732,"73":0.614178,"74":2.486214,"75":0.005364,"76":0.008046,"77":0},"firefox":{"2":0,"3":0.010728,"3.5":0,"3.6":0.002682,"4":0,"5":0,"6":0,"7":0,"8":0,"9":0,"10":0,"11":0,"12":0,"13":0,"14":0,"15":0,"16":0,"17":0,"18":0,"19":0,"20":0,"21":0,"22":0.002682,"23":0,"24":0,"25":0,"26":0,"27":0,"28":0,"29":0,"30":0.008046,"31":0,"32":0.02682,"33":0.005364,"34":0,"35":0.002682,"36":0.002682,"37":0.002682,"38":0.002682,"39":0.002682,"40":0.005364,"41":0.002682,"42":0.002682,"43":0.016092,"44":0.002682,"45":0.002682,"46":0.005364,"47":0.032184,"48":0.029502,"49":0.005364,"50":0.008046,"51":0.002682,"52":0.05364,"53":0.005364,"54":0.002682,"55":0.005364,"56":0.016092,"57":0.010728,"58":0.010728,"59":0.010728,"60":0.05364,"61":0.021456,"62":0.010728,"63":0.016092,"64":0.010728,"65":0.02682,"66":1.445598,"67":0.050958,"68":0.005364,"69":0},"opera":{"9":0,"9.5-9.6":0,"10.0-10.1":0,"10.5":0,"10.6":0,"11":0,"11.1":0.008046,"11.5":0,"11.6":0.002682,"12":0,"12.1":0.021456,"15":0.002682,"16":0.002682,"17":0.002682,"18":0.008046,"19":0.008046,"20":0.010728,"21":0.005364,"22":0,"23":0.002682,"24":0,"25":0,"26":0,"27":0,"28":0.002682,"29":0,"30":0.002682,"31":0,"32":0,"33":0,"34":0.002682,"35":0.005364,"36":0.002682,"37":0.008046,"38":0.002682,"39":0,"40":0,"41":0,"42":0.002682,"43":0,"44":0,"45":0.002682,"46":0,"47":0,"48":0,"49":0,"50":0,"51":0,"52":0,"53":0.010728,"54":0,"55":0,"56":0,"57":0.005364,"58":0.233334},"safari":{"3.1":0,"3.2":0,"4":0,"5":0,"5.1":0,"6":0,"6.1":0,"7":0,"7.1":0,"8":0.002682,"9":0.021456,"9.1":0.002682,"10":0.002682,"10.1":0.005364,"11":0.034866,"11.1":0.010728,"12":0.018774,"12.1":0.05364,"0":null},"ios_saf":{"3.2":0.00089577561855154,"4.0-4.1":0.00067183171391365,"4.2-4.3":0.00011197195231894,"5.0-5.1":0.0010077475708705,"6.0-6.1":0.00033591585695683,"7.0-7.1":0.0015676073324652,"8":0.011085223279575,"8.1-8.4":0.0036950744265251,"9.0-9.2":0.0024633829510167,"9.3":0.017467624561755,"10.0-10.2":0.010525363517981,"10.3":0.024521857557848,"11.0-11.2":0.02855284784133,"11.3-11.4":0.058337387158169,"12.0-12.1":0.18262625423219,"12.2":0.77395013442853},"android":{"2.1":0.066298746987952,"2.2":0.11049791164659,"2.3":0.027624477911647,"3":0,"4":1.0663048473896,"4.1":0.28729457028112,"4.2-4.3":1.8232155421687,"4.4":0,"4.4.3-4.4.4":2.1215599036145,"67":null},"edge":{"12":0.005364,"13":0.005364,"14":0.018774,"15":0.021456,"16":0.008046,"17":0.05364,"18":0.045594,"75":null},"op_mob":{"10":null,"11":null,"11.1":null,"11.5":null,"12":null,"12.1":null,"0":null},"ie":{"5.5":0,"6":0,"7":0,"8":0.037548,"9":0.010728,"10":0.002682,"11":0.061686},"samsung":{"4":0.28969186206897,"5.0-5.4":0,"6.2-6.4":0,"7.2-7.4":0.020692275862069,"8.2":0.062076827586207,"9.2":0.22761503448276},"ie_mob":{"10":0.011790111111111,"11":0.20043188888889},"bb":{"7":0,"10":0.051226},"baidu":{"0":null},"and_ff":{"0":0.153678},"and_uc":{"0":10.076886},"and_qq":{"1.2":0.014636},"op_mini":{"0":40.855652140893},"and_chr":{"0":10.491992},"kaios":{"2.5":0}},"total":75.427956140893}