{"id":"MH","name":"Marshall Islands","month":"2019-09","access_date":"2019-10-06","data":{"chrome":{"4":0,"5":0,"6":0,"7":0,"8":0,"9":0,"10":0,"11":0,"12":0,"13":0,"14":0,"15":0,"16":0,"17":0,"18":0,"19":0,"20":0,"21":0,"22":0,"23":0,"24":0,"25":0,"26":0,"27":0,"28":0,"29":0,"30":0,"31":0,"32":0,"33":0,"34":0,"35":0,"36":0.04247,"37":0,"38":0,"39":0,"40":0,"41":0,"42":0,"43":0,"44":0,"45":0,"46":0,"47":0,"48":0,"49":0.768707,"50":0,"51":0,"52":0.012741,"53":0.008494,"54":0,"55":0.038223,"56":0,"57":0.08494,"58":0,"59":0,"60":0,"61":0,"62":0.004247,"63":0.059458,"64":0,"65":0.004247,"66":0.004247,"67":0.021235,"68":0,"69":0.004247,"70":0.067952,"71":0,"72":0.025482,"73":0.038223,"74":0.025482,"75":0.688014,"76":6.820682,"77":3.079075,"78":0.025482,"79":0,"80":0},"firefox":{"2":0,"3":0,"3.5":0,"3.6":0,"4":0,"5":0,"6":0,"7":0,"8":0,"9":0,"10":0,"11":0,"12":0,"13":0,"14":0,"15":0,"16":0,"17":0,"18":0,"19":0,"20":0,"21":0,"22":0,"23":0,"24":0,"25":0,"26":0,"27":0,"28":0,"29":0,"30":0,"31":0,"32":0,"33":0,"34":0,"35":0,"36":0,"37":0,"38":0,"39":0,"40":0,"41":0.118916,"42":0,"43":0,"44":0,"45":0,"46":0,"47":0.004247,"48":0,"49":0.008494,"50":0,"51":0,"52":0.471417,"53":0,"54":0,"55":0,"56":0,"57":0,"58":0,"59":0,"60":0,"61":0,"62":0,"63":0.004247,"64":0.004247,"65":0.021235,"66":0.004247,"67":0.004247,"68":0.250573,"69":0.403465,"70":0.008494,"71":0},"opera":{"9":0,"9.5-9.6":0,"10.0-10.1":0,"10.5":0,"10.6":0,"11":0,"11.1":0,"11.5":0,"11.6":0,"12":0,"12.1":0,"15":0,"16":0,"17":0,"18":0,"19":0,"20":0,"21":0,"22":0,"23":0,"24":0,"25":0,"26":0,"27":0,"28":0,"29":0,"30":0,"31":0,"32":0,"33":0,"34":0,"35":0,"36":0,"37":0,"38":0.004247,"39":0,"40":0,"41":0,"42":0,"43":0,"44":0,"45":0,"46":0,"47":0,"48":0,"49":0,"50":0,"51":0,"52":0,"53":0.012741,"54":0,"55":0,"56":0,"57":0,"58":0,"60":0,"62":0},"safari":{"3.1":0,"3.2":0,"4":0,"5":0.004247,"5.1":0,"6":0,"6.1":0,"7":0,"7.1":0,"8":0.004247,"9":0,"9.1":0,"10":0,"10.1":0.182621,"11":0,"11.1":0.055211,"12":0.033976,"12.1":0.573345,"13":0.131657,"13.1":0,"0":null},"ios_saf":{"3.2":0.0094627353883106,"4.0-4.1":0.0047313676941553,"4.2-4.3":0,"5.0-5.1":0.016559786929544,"6.0-6.1":0,"7.0-7.1":0.018925470776621,"8":0,"8.1-8.4":0.035485257706165,"9.0-9.2":0.04021662540032,"9.3":0.29097911319055,"10.0-10.2":0.13957534697758,"10.3":0.35248689321457,"11.0-11.2":0.38324078322658,"11.3-11.4":0.69314536719375,"12.0-12.1":1.1639164527622,"12.2-12.3":18.833209106585,"13.0-13.1":1.6559786929544},"android":{"2.1":0,"2.2":0.015452964179104,"2.3":0.0084288895522388,"3":0.0098337044776119,"4":0.054787782089552,"4.1":0.12502852835821,"4.2-4.3":0.73893265074627,"4.4":0,"4.4.3-4.4.4":0.45937448059701,"76":null},"samsung":{"4":0.56916346666667,"5.0-5.4":0,"6.2-6.4":0,"7.2-7.4":0.010738933333333,"8.2":0.010738933333333,"9.2":0.7732032,"10.1":0.40807946666667},"edge":{"12":0,"13":0,"14":0,"15":0.004247,"16":0.025482,"17":0.63705,"18":0.624309,"76":null},"op_mob":{"10":null,"11":null,"11.1":null,"11.5":null,"12":null,"12.1":null,"0":null},"ie":{"5.5":0,"6":0,"7":0,"8":0,"9":0,"10":0,"11":0.16988},"ie_mob":{"10":0,"11":0.120813},"bb":{"7":0,"10":0},"and_chr":{"0":54.932074},"baidu":{"0":null},"and_ff":{"0":0.063283},"and_uc":{"0":0.322168},"and_qq":{"1.2":0.028765},"kaios":{"2.5":0},"op_mini":{"0":0.62090883505155}},"total":98.500424835052}