{"id":"MH","name":"Marshall Islands","month":"2021-02","access_date":"2021-03-04","data":{"firefox":{"2":0,"3":0,"3.5":0,"3.6":0,"4":0,"5":0,"6":0,"7":0,"8":0,"9":0,"10":0,"11":0,"12":0,"13":0,"14":0,"15":0,"16":0,"17":0,"18":0,"19":0,"20":0,"21":0,"22":0,"23":0,"24":0,"25":0,"26":0,"27":0,"28":0,"29":0,"30":0,"31":0,"32":0,"33":0,"34":0,"35":0,"36":0,"37":0,"38":0,"39":0,"40":0,"41":0,"42":0,"43":0,"44":0,"45":0,"46":0,"47":0,"48":0,"49":0,"50":0,"51":0,"52":0,"53":0.06142,"54":0,"55":0,"56":0,"57":0,"58":0,"59":0,"60":0,"61":0,"62":0,"63":0,"64":0,"65":0,"66":0,"67":0,"68":0.00614,"69":0,"70":0,"71":0,"72":0,"73":0,"74":0,"75":0,"76":0.00614,"77":0,"78":0,"79":0,"80":0,"81":0,"82":0,"83":0.00614,"84":0.00614,"85":9.32356,"86":0.02457,"87":0},"chrome":{"4":0,"5":0,"6":0,"7":0,"8":0,"9":0,"10":0,"11":0,"12":0,"13":0,"14":0,"15":0,"16":0,"17":0,"18":0,"19":0,"20":0,"21":0,"22":0,"23":0,"24":0,"25":0,"26":0,"27":0,"28":0,"29":0,"30":0,"31":0,"32":0,"33":0,"34":0,"35":0,"36":0.00614,"37":0,"38":0,"39":0,"40":0,"41":0,"42":0,"43":0,"44":0,"45":0,"46":0,"47":0,"48":0,"49":0,"50":0,"51":0,"52":0,"53":0,"54":0,"55":0,"56":0,"57":0,"58":0,"59":0,"60":0,"61":0,"62":0,"63":0,"64":0,"65":0.00614,"66":0,"67":0,"68":0,"69":0,"70":0,"71":0,"72":0,"73":0.23954,"74":0,"75":0,"76":0.01843,"77":0,"78":0,"79":0,"80":0,"81":0.00614,"83":0.00614,"84":0.01843,"85":0.00614,"86":0.35624,"87":0.56506,"88":22.1112,"89":0.00614,"90":0.00614,"91":0,"92":null},"opera":{"9":0,"9.5-9.6":0,"10.0-10.1":0,"10.5":0,"10.6":0,"11":0,"11.1":0,"11.5":0,"11.6":0,"12":0,"12.1":0,"15":0,"16":0,"17":0,"18":0,"19":0,"20":0,"21":0,"22":0,"23":0,"24":0,"25":0,"26":0,"27":0,"28":0,"29":0,"30":0,"31":0,"32":0,"33":0,"34":0,"35":0,"36":0,"37":0,"38":0,"39":0,"40":0,"41":0,"42":0,"43":0,"44":0,"45":0,"46":0,"47":0,"48":0,"49":0,"50":0,"51":0,"52":0,"53":0,"54":0,"55":0,"56":0,"57":0,"58":0,"60":0,"62":0.00614,"63":0,"64":0,"65":0,"66":0,"67":0,"68":0,"69":0,"70":0,"71":0,"72":0.00614,"73":0.11056},"ios_saf":{"3.2":0,"4.0-4.1":0,"4.2-4.3":0,"5.0-5.1":0,"6.0-6.1":0,"7.0-7.1":0,"8":0,"8.1-8.4":0,"9.0-9.2":0,"9.3":0.08753,"10.0-10.2":0,"10.3":0.03725,"11.0-11.2":0,"11.3-11.4":0.2123,"12.0-12.1":0.28679,"12.2-12.4":0.34825,"13.0-13.1":0.16202,"13.2":0,"13.3":0.56055,"13.4-13.7":1.23284,"14.0-14.4":13.96719},"safari":{"3.1":0,"3.2":0,"4":0,"5":0,"5.1":0,"6":0,"6.1":0,"7":0,"7.1":0,"8":0,"9":0,"9.1":0,"10":0,"10.1":0,"11":0,"11.1":0.00614,"12":0,"12.1":0.00614,"13":0.04914,"13.1":0.11056,"14":0.5405,"0":null},"edge":{"12":0,"13":0,"14":0,"15":0,"16":0.00614,"17":0.26411,"18":0.03685,"79":0,"80":0.01228,"81":0,"83":0,"84":0,"85":0,"86":0.01843,"87":0.01228,"88":1.28982},"samsung":{"4":0.03058,"5.0-5.4":0,"6.2-6.4":0.01019,"7.2-7.4":0.04078,"8.2":0,"9.2":0.06116,"10.1":0,"11.1-11.2":0.02039,"12.0":0.07136,"13.0":1.01939},"android":{"2.1":0,"2.2":0,"2.3":0,"3":0,"4":0,"4.1":0,"4.2-4.3":0,"4.4":0,"4.4.3-4.4.4":0.59577,"81":0},"ie":{"5.5":0,"6":0,"7":0,"8":0,"9":0,"10":0,"11":0.44222},"op_mob":{"10":null,"11":null,"11.1":null,"11.5":null,"12":null,"12.1":null,"0":null},"bb":{"7":0,"10":0},"ie_mob":{"10":0,"11":0},"and_ff":{"0":0.68287},"and_qq":{"10.4":0},"and_uc":{"0":0.16975},"op_mini":{"0":0.03653},"and_chr":{"0":43.06166},"kaios":{"2.5":0},"baidu":{"0":null}},"total":98.39859}