{"id":"MK","name":"Macedonia","month":"2021-05","access_date":"2021-06-04","data":{"firefox":{"2":null,"3":null,"3.5":null,"3.6":0.00795,"4":null,"5":null,"6":null,"7":null,"8":null,"9":null,"10":null,"11":null,"12":null,"13":null,"14":null,"15":null,"16":null,"17":null,"18":null,"19":null,"20":null,"21":null,"22":null,"23":null,"24":null,"25":null,"26":null,"27":null,"28":null,"29":null,"30":null,"31":null,"32":null,"33":null,"34":null,"35":null,"36":null,"37":null,"38":null,"39":null,"40":0.00795,"41":null,"42":null,"43":null,"44":null,"45":null,"46":null,"47":0.00398,"48":null,"49":0.0159,"50":null,"51":0.00795,"52":0.17888,"53":null,"54":0.0159,"55":null,"56":0.0159,"57":null,"58":null,"59":null,"60":0.00398,"61":null,"62":0.00398,"63":null,"64":null,"65":0.00398,"66":null,"67":null,"68":0.01193,"69":null,"70":null,"71":0.00795,"72":0.00795,"73":null,"74":null,"75":null,"76":null,"77":0.01988,"78":0.0795,"79":0.02385,"80":0.01988,"81":0.0477,"82":0.01193,"83":0.02385,"84":0.0318,"85":0.01988,"86":0.0159,"87":0.0795,"88":2.75865,"89":0.02783,"90":null,"91":null},"chrome":{"4":null,"5":0.00398,"6":null,"7":null,"8":null,"9":null,"10":null,"11":null,"12":null,"13":null,"14":null,"15":null,"16":null,"17":null,"18":null,"19":null,"20":null,"21":null,"22":0.00795,"23":null,"24":null,"25":null,"26":null,"27":null,"28":null,"29":null,"30":null,"31":null,"32":null,"33":null,"34":0.01193,"35":null,"36":null,"37":0.00398,"38":0.0159,"39":null,"40":null,"41":0.00398,"42":null,"43":null,"44":null,"45":null,"46":null,"47":0.02783,"48":0.0159,"49":0.47303,"50":null,"51":null,"52":null,"53":0.0636,"54":null,"55":null,"56":0.00398,"57":null,"58":0.01193,"59":null,"60":null,"61":0.00398,"62":0.01988,"63":0.0159,"64":null,"65":0.00795,"66":null,"67":null,"68":0.01988,"69":0.01988,"70":0.00795,"71":0.0159,"72":0.0636,"73":0.00795,"74":0.00795,"75":0.0159,"76":0.0159,"77":0.0159,"78":0.02783,"79":0.05963,"80":0.0636,"81":0.0477,"83":0.19478,"84":0.23453,"85":0.1749,"86":0.37763,"87":0.30608,"88":0.21465,"89":0.7473,"90":25.38435,"91":1.07325,"92":0.00398,"93":null,"94":null},"opera":{"9":null,"9.5-9.6":null,"10.0-10.1":0,"10.5":null,"10.6":null,"11":null,"11.1":null,"11.5":null,"11.6":null,"12":null,"12.1":null,"15":null,"16":null,"17":null,"18":null,"19":null,"20":null,"21":null,"22":null,"23":null,"24":null,"25":null,"26":null,"27":null,"28":null,"29":null,"30":null,"31":null,"32":null,"33":null,"34":null,"35":null,"36":0.00795,"37":0.01988,"38":null,"39":null,"40":0.00398,"41":null,"42":null,"43":null,"44":null,"45":null,"46":0.0159,"47":null,"48":null,"49":null,"50":null,"51":null,"52":0.00398,"53":null,"54":null,"55":null,"56":null,"57":null,"58":null,"60":null,"62":null,"63":null,"64":null,"65":null,"66":null,"67":null,"68":null,"69":null,"70":0.02385,"71":0.02385,"72":0.00795,"73":0.16695,"74":0.00398,"75":0.64793,"76":0.55253},"ios_saf":{"3.2":0,"4.0-4.1":0,"4.2-4.3":0,"5.0-5.1":0.00223,"6.0-6.1":0,"7.0-7.1":0.02563,"8":0,"8.1-8.4":0.00111,"9.0-9.2":0.00334,"9.3":0.08024,"10.0-10.2":0.01114,"10.3":0.06575,"11.0-11.2":0.04569,"11.3-11.4":0.06798,"12.0-12.1":0.05572,"12.2-12.4":0.17719,"13.0-13.1":0.02786,"13.2":0.02006,"13.3":0.18165,"13.4-13.7":0.44465,"14.0-14.4":8.03824,"14.5-14.6":1.25483},"safari":{"3.1":null,"3.2":null,"4":0,"5":null,"5.1":null,"6":null,"6.1":null,"7":null,"7.1":null,"8":null,"9":null,"9.1":null,"10":null,"10.1":null,"11":null,"11.1":0.03578,"12":null,"12.1":0.00795,"13":0.01193,"13.1":0.05168,"14":0.32595,"14.1":0.19478,"0":null},"edge":{"12":null,"13":null,"14":null,"15":null,"16":null,"17":null,"18":0.0636,"79":null,"80":null,"81":null,"83":null,"84":0.0159,"85":0.01193,"86":0.02783,"87":0.01193,"88":0.00795,"89":0.04373,"90":1.42305,"91":0.15503},"samsung":{"4":0.1237,"5.0-5.4":0.0202,"6.2-6.4":0.0909,"7.2-7.4":0.04231,"8.2":0.0303,"9.2":0.03092,"10.1":0.02062,"11.1-11.2":0.17524,"12.0":0.05154,"13.0":0.3711,"14.0":2.04103},"android":{"2.1":0,"2.2":0,"2.3":0,"3":0,"4":0,"4.1":0.00104,"4.2-4.3":0.00726,"4.4":0,"4.4.3-4.4.4":0.03388,"0":0},"op_mob":{"10":null,"11":null,"11.1":null,"11.5":null,"12":null,"12.1":null,"0":null},"ie":{"5.5":null,"6":null,"7":0.00815,"8":0.02038,"9":0.0163,"10":0.01223,"11":0.26492},"bb":{"7":0,"10":0.01205},"ie_mob":{"10":0.02735,"11":0.02361},"kaios":{"2.5":0},"baidu":{"0":null},"and_ff":{"0":0.1386},"and_qq":{"10.4":0},"and_uc":{"0":0.0241},"op_mini":{"0":0.18827},"and_chr":{"0":48.29179}},"total":99.6859}