{"id":"MK","name":"Macedonia","month":"2014-08","access_date":"2014-09-01","data":{"chrome":{"4":0.017452,"5":null,"6":0.008726,"7":0.034904,"8":null,"9":0.008726,"10":0.034904,"11":0.104712,"12":0.017452,"13":0.052356,"14":0.017452,"15":0.034904,"16":0.008726,"17":0.017452,"18":0.078534,"19":null,"20":0.008726,"21":0.017452,"22":0.104712,"23":0.026178,"24":0.069808,"25":0.026178,"26":0.078534,"27":0.401396,"28":0.183246,"29":0.078534,"30":0.078534,"31":0.82897,"32":0.593368,"33":1.465968,"34":1.055846,"35":1.884816,"36":47.242564,"37":1.736474,"38":0.279232,"39":0.026178,"40":null},"firefox":{"2":0.078534,"3":0.052356,"3.5":0.017452,"3.6":0.183246,"4":0.034904,"5":0.04363,"6":0.008726,"7":0.026178,"8":0.017452,"9":0.026178,"10":0.052356,"11":0.061082,"12":0.078534,"13":0.052356,"14":0.04363,"15":0.026178,"16":0.061082,"17":0.104712,"18":0.061082,"19":0.061082,"20":0.061082,"21":0.200698,"22":0.078534,"23":0.04363,"24":0.08726,"25":0.052356,"26":0.08726,"27":0.104712,"28":0.13089,"29":0.191972,"30":0.628272,"31":19.729486,"32":0.776614,"33":0.017452,"34":0.078534},"opera":{"9":null,"9.5-9.6":null,"10.0-10.1":0,"10.5":null,"10.6":null,"11":null,"11.1":null,"11.5":null,"11.6":0.008726,"12":0.017452,"12.1":0.445026,"15":null,"16":null,"17":0.008726,"18":0.026178,"19":0.095986,"20":0.069808,"21":0.034904,"22":0.034904,"23":1.125654,"24":0.026178,"25":0.017452},"safari":{"3.1":null,"3.2":null,"4":0.017452,"5":0.04363,"5.1":0.08726,"6":0.069808,"6.1":0.061082,"7":0.331588,"8":0.008726},"android":{"2.1":0.00450036363636,"2.2":0.0315025454545,"2.3":0.612049454545,"3":0,"4":0.477038545455,"4.1":1.19259636364,"4.2-4.3":1.24660072727,"4.4":0.940576,"4.4.3":null},"op_mob":{"10":0,"11":0,"11.1":0,"11.5":0,"12":0.00172092839506,"12.1":0.00946510617284,"0":null},"ie":{"5.5":null,"6":0.0443419114219,"7":0.0354735291375,"8":0.948916904429,"9":0.487761025641,"10":0.42568234965,"11":1.86236027972},"ios_saf":{"3.2":0,"4.0-4.1":0,"4.2-4.3":0,"5.0-5.1":0.0238946977401,"6.0-6.1":0.120448782486,"7.0-7.1":2.27243451977,"8":0},"bb":{"7":0.008918,"10":null},"and_ff":{"0":0.067522},"ie_mob":{"10":0.19117644},"op_mini":{"5.0-7.0":0.636005965432},"and_chr":{"0":4.40804}},"total":98.56208244}