{"id":"MM","name":"Myanmar","month":"2018-02","access_date":"2018-03-05","data":{"chrome":{"4":0,"5":0,"6":0,"7":0,"8":0,"9":0,"10":0,"11":0.019516,"12":0,"13":0,"14":0,"15":0,"16":0,"17":0,"18":0,"19":0,"20":0,"21":0,"22":0.022304,"23":0,"24":0.002788,"25":0,"26":0,"27":0,"28":0,"29":0.005576,"30":0,"31":0.008364,"32":0.01394,"33":0.002788,"34":0,"35":0.005576,"36":0.002788,"37":0.025092,"38":0.002788,"39":0,"40":0.01394,"41":0,"42":0,"43":0.005576,"44":0.011152,"45":0.002788,"46":0.002788,"47":0.002788,"48":0.002788,"49":0.016728,"50":0.002788,"51":0.002788,"52":0.002788,"53":0.011152,"54":0.002788,"55":0.025092,"56":0.005576,"57":0.016728,"58":0.033456,"59":0.011152,"60":0.011152,"61":0.019516,"62":0.02788,"63":1.416304,"64":1.541764,"65":0.033456,"66":0.044608,"67":0},"firefox":{"2":0.005576,"3":0,"3.5":0,"3.6":0.002788,"4":0,"5":0.002788,"6":0,"7":0,"8":0,"9":0,"10":0,"11":0.002788,"12":0.005576,"13":0.002788,"14":0.002788,"15":0,"16":0.002788,"17":0,"18":0.002788,"19":0.005576,"20":0,"21":0.002788,"22":0.002788,"23":0.002788,"24":0.002788,"25":0.002788,"26":0.005576,"27":0.002788,"28":0.005576,"29":0.01394,"30":0.011152,"31":0.008364,"32":0.002788,"33":0.002788,"34":0.02788,"35":0.016728,"36":0.02788,"37":0.019516,"38":0.016728,"39":0.022304,"40":0.011152,"41":0.025092,"42":0.016728,"43":0.061336,"44":0.04182,"45":0.016728,"46":0.01394,"47":0.086428,"48":0.047396,"49":0.030668,"50":0.050184,"51":0.011152,"52":0.066912,"53":0.058548,"54":0.030668,"55":0.047396,"56":0.0697,"57":0.170068,"58":1.845656,"59":0.379168,"60":0,"61":0},"opera":{"9":0,"9.5-9.6":0,"10.0-10.1":0,"10.5":0,"10.6":0,"11":0,"11.1":0,"11.5":0,"11.6":0,"12":0,"12.1":0,"15":0,"16":0,"17":0,"18":0,"19":0,"20":0,"21":0,"22":0,"23":0,"24":0,"25":0,"26":0,"27":0,"28":0,"29":0.005576,"30":0,"31":0,"32":0.002788,"33":0,"34":0.016728,"35":0,"36":0.002788,"37":0.133824,"38":0,"39":0,"40":0,"41":0,"42":0,"43":0,"44":0,"45":0.005576,"46":0.002788,"47":0,"48":0,"49":0,"50":0.058548,"51":0.01394,"52":0},"safari":{"3.1":0,"3.2":0,"4":0,"5":0,"5.1":0,"6":0,"6.1":0,"7":0,"7.1":0,"8":0.01394,"9":0.005576,"9.1":0.033456,"10":0.025092,"10.1":0.05576,"11":0.217464,"11.1":0,"0":null},"ios_saf":{"3.2":0.000609878963689,"4.0-4.1":0,"4.2-4.3":0.0054889106732,"5.0-5.1":0.00914818445534,"6.0-6.1":0.0054889106732,"7.0-7.1":0.0268346744023,"8":0.0134173372012,"8.1-8.4":0.0512298329499,"9.0-9.2":0.0433014064219,"9.3":0.240292311694,"10.0-10.2":0.311648150445,"10.3":0.681234802441,"11.0-11.2":4.70826559968,"11.3":null},"android":{"2.1":0,"2.2":0,"2.3":0,"3":0,"4":0,"4.1":0.579721636364,"4.2-4.3":1.68232945455,"4.4":4.94468454545,"4.4.3-4.4.4":3.04638036364,"62":null},"op_mob":{"10":null,"11":null,"11.1":null,"11.5":null,"12":null,"12.1":null,"0":null},"ie":{"5.5":0,"6":0,"7":0,"8":0.0256894285714,"9":0.00285438095238,"10":0.022835047619,"11":0.188389142857},"edge":{"12":0.008364,"13":0.002788,"14":0.011152,"15":0.019516,"16":0.072488,"17":0},"samsung":{"4":2.16817446857,"5":0.57003648,"6.2":0.824517051429},"bb":{"7":0,"10":0},"ie_mob":{"10":0.010818,"11":0.010818},"op_mini":{"0":2.88818294845},"and_chr":{"0":58.131484},"baidu":{"0":null},"and_ff":{"0":0.483204},"and_qq":{"1.2":null},"and_uc":{"0":6.584556}},"total":95.6637749485}