{"id":"MM","name":"Myanmar","month":"2019-12","access_date":"2020-01-03","data":{"chrome":{"4":0,"5":0,"6":0,"7":0,"8":0,"9":0,"10":0,"11":0.004408,"12":0,"13":0,"14":0,"15":0,"16":0,"17":0,"18":0,"19":0,"20":0,"21":0,"22":0.074936,"23":0,"24":0,"25":0,"26":0,"27":0,"28":0,"29":0.004408,"30":0,"31":0.013224,"32":0.026448,"33":0,"34":0,"35":0.004408,"36":0.008816,"37":0.04408,"38":0.004408,"39":0,"40":0.008816,"41":0,"42":0.004408,"43":0,"44":0,"45":0,"46":0,"47":0,"48":0,"49":0.017632,"50":0.004408,"51":0,"52":0.004408,"53":0.008816,"54":0,"55":0.008816,"56":0.004408,"57":0.004408,"58":0.017632,"59":0.004408,"60":0.004408,"61":0.008816,"62":0.013224,"63":0.114608,"64":0.004408,"65":0.004408,"66":0.013224,"67":0.008816,"68":0.004408,"69":0.017632,"70":0.013224,"71":0.079344,"72":0.030856,"73":0.070528,"74":0.13224,"75":0.048488,"76":0.105792,"77":0.101384,"78":5.690728,"79":4.535832,"80":0.017632,"81":0.004408},"firefox":{"2":0,"3":0,"3.5":0,"3.6":0,"4":0,"5":0,"6":0,"7":0,"8":0,"9":0,"10":0,"11":0,"12":0,"13":0,"14":0,"15":0,"16":0,"17":0,"18":0,"19":0,"20":0,"21":0,"22":0,"23":0,"24":0,"25":0,"26":0,"27":0.004408,"28":0,"29":0.004408,"30":0.004408,"31":0,"32":0,"33":0,"34":0.004408,"35":0,"36":0.004408,"37":0.004408,"38":0.004408,"39":0.004408,"40":0.004408,"41":0.013224,"42":0.008816,"43":0.017632,"44":0.008816,"45":0.004408,"46":0.004408,"47":0.026448,"48":0.017632,"49":0.013224,"50":0.013224,"51":0,"52":0.02204,"53":0.004408,"54":0.004408,"55":0.008816,"56":0.06612,"57":0.048488,"58":0.008816,"59":0.013224,"60":0.074936,"61":0.02204,"62":0.035264,"63":0.013224,"64":0.013224,"65":0.052896,"66":0.052896,"67":0.052896,"68":0.171912,"69":0.145464,"70":0.912456,"71":3.226656,"72":0.50692,"73":0.013224},"opera":{"9":0,"9.5-9.6":0,"10.0-10.1":0,"10.5":0,"10.6":0,"11":0,"11.1":0,"11.5":0,"11.6":0,"12":0,"12.1":0.004408,"15":0,"16":0,"17":0,"18":0,"19":0,"20":0,"21":0,"22":0,"23":0,"24":0,"25":0,"26":0,"27":0,"28":0,"29":0,"30":0,"31":0,"32":0,"33":0,"34":0.004408,"35":0,"36":0,"37":0.048488,"38":0,"39":0,"40":0,"41":0,"42":0,"43":0,"44":0,"45":0,"46":0,"47":0,"48":0,"49":0.004408,"50":0,"51":0,"52":0,"53":0.004408,"54":0.004408,"55":0.004408,"56":0,"57":0,"58":0,"60":0,"62":0,"63":0,"64":0.004408},"safari":{"3.1":0,"3.2":0,"4":0,"5":0,"5.1":0,"6":0,"6.1":0,"7":0,"7.1":0,"8":0.004408,"9":0,"9.1":0.013224,"10":0.008816,"10.1":0.04408,"11":0.039672,"11.1":0.070528,"12":0.083752,"12.1":0.193952,"13":0.656792,"0":null},"ios_saf":{"3.2":0.0031098501850185,"4.0-4.1":0.0015549250925093,"4.2-4.3":0,"5.0-5.1":0.0046647752775278,"6.0-6.1":0.0015549250925093,"7.0-7.1":0.0054422378237824,"8":0.00077746254625463,"8.1-8.4":0.01010701310131,"9.0-9.2":0.0093295505550555,"9.3":0.098737743374337,"10.0-10.2":0.034208352035204,"10.3":0.11039968156816,"11.0-11.2":0.093295505550555,"11.3-11.4":0.16637698489849,"12.0-12.1":0.23790353915392,"12.2-12.4":1.6839838751875,"13.0-13.1":2.4451197079708,"13.2":1.1133263662366,"13.3":1.7539555043504},"android":{"2.1":0,"2.2":0.0031398122065728,"2.3":0.0031398122065728,"3":0.0047097183098592,"4":0.020408779342723,"4.1":0.036107840375587,"4.2-4.3":0.78966276995305,"4.4":0,"4.4.3-4.4.4":0.48039126760563,"76":null},"samsung":{"4":0.47565430434783,"5.0-5.4":0.020240608695652,"6.2-6.4":0.05060152173913,"7.2-7.4":0.13156395652174,"8.2":0.040481217391304,"9.2":0.21252639130435,"10.1":0.92094769565217},"edge":{"12":0.008816,"13":0.004408,"14":0.004408,"15":0.008816,"16":0.008816,"17":0.057304,"18":0.370272,"76":null},"op_mob":{"10":null,"11":null,"11.1":null,"11.5":null,"12":null,"12.1":null,"0":null},"ie":{"5.5":0,"6":0,"7":0,"8":0.0092568,"9":0,"10":0,"11":0.0833112},"ie_mob":{"10":0,"11":0},"bb":{"7":0,"10":0},"baidu":{"0":null},"and_ff":{"0":0.301968},"and_uc":{"0":2.247984},"and_qq":{"1.2":0.072696},"kaios":{"2.5":0},"op_mini":{"0":0.76765092783505},"and_chr":{"0":64.245552}},"total":97.284786623487}