{"id":"MM","name":"Myanmar","month":"2014-09","access_date":"2014-10-01","data":{"chrome":{"4":0.003036,"5":0.003036,"6":0.024288,"7":null,"8":0.006072,"9":null,"10":0.006072,"11":0.081972,"12":0.01518,"13":0.024288,"14":0.012144,"15":0.006072,"16":0.006072,"17":0.009108,"18":0.006072,"19":0.003036,"20":0.012144,"21":0.024288,"22":0.018216,"23":0.006072,"24":0.01518,"25":0.033396,"26":0.009108,"27":0.03036,"28":0.024288,"29":0.033396,"30":0.027324,"31":0.094116,"32":0.051612,"33":0.25806,"34":0.09108,"35":0.148764,"36":0.765072,"37":3.139224,"38":0.066792,"39":0.063756,"40":null},"firefox":{"2":0.033396,"3":0.124476,"3.5":0.039468,"3.6":0.188232,"4":0.191268,"5":0.12144,"6":0.097152,"7":0.09108,"8":0.0759,"9":0.191268,"10":0.176088,"11":0.18216,"12":0.428076,"13":0.255024,"14":0.291456,"15":0.209484,"16":0.179124,"17":0.176088,"18":0.33396,"19":0.327888,"20":0.206448,"21":0.270204,"22":0.25806,"23":0.358248,"24":0.309672,"25":0.3795,"26":0.437184,"27":0.522192,"28":0.458436,"29":1.014024,"30":1.387452,"31":5.185488,"32":6.363456,"33":1.727484,"34":0.006072,"35":0.024288},"opera":{"9":null,"9.5-9.6":null,"10.0-10.1":0,"10.5":null,"10.6":null,"11":0.006072,"11.1":null,"11.5":null,"11.6":0.012144,"12":null,"12.1":0.003036,"15":null,"16":null,"17":null,"18":null,"19":null,"20":null,"21":null,"22":null,"23":0.006072,"24":0.048576,"25":null,"26":null},"safari":{"3.1":null,"3.2":null,"4":0.006072,"5":0.04554,"5.1":0.06072,"6":0.066792,"6.1":0.057684,"7":0.358248,"7.1":0.027324,"8":0.003036},"android":{"2.1":0.0517395284715,"2.2":0.362176699301,"2.3":5.89830624575,"3":0,"4":4.96699473327,"4.1":12.9866216464,"4.2-4.3":14.8492446713,"4.4":12.6761844755,"4.4.3":null},"op_mob":{"10":0,"11":0,"11.1":0,"11.5":0,"12":0.00407569485411,"12.1":0.0224163216976,"0":null},"ie":{"5.5":null,"6":0.00630879108635,"7":0.00630879108635,"8":0.315439554318,"9":0.179800545961,"10":0.189263732591,"11":0.425843398329},"ios_saf":{"3.2":0,"4.0-4.1":0,"4.2-4.3":0,"5.0-5.1":0.0187543743683,"6.0-6.1":0.0832385930867,"7.0-7.1":1.88956744492,"8":0.550299587629},"bb":{"7":0,"10":null},"and_chr":{"0":6.880432},"and_ff":{"0":1.94992},"ie_mob":{"10":0.03398432},"op_mini":{"5.0-7.0":1.34541598345},"and_uc":{"0":4.171436}},"total":98.3050211334}