{"id":"MO","name":"Macao","month":"2018-03","access_date":"2018-04-03","data":{"chrome":{"4":0,"5":0,"6":0,"7":0,"8":0,"9":0,"10":0,"11":0,"12":0,"13":0,"14":0,"15":0,"16":0,"17":0.005923,"18":0.023692,"19":0.023692,"20":0,"21":0,"22":0.005923,"23":0,"24":0,"25":0.023692,"26":0.005923,"27":0,"28":0.005923,"29":0.005923,"30":0,"31":0.05923,"32":0,"33":0,"34":0.023692,"35":0,"36":0.017769,"37":0,"38":0.017769,"39":0.005923,"40":0.011846,"41":0,"42":0.005923,"43":0.005923,"44":0.005923,"45":0.041461,"46":0.029615,"47":0.029615,"48":0.023692,"49":0.503455,"50":0.005923,"51":0.065153,"52":0.023692,"53":0.029615,"54":0.082922,"55":0.906219,"56":0.100691,"57":0.183613,"58":0.088845,"59":0.248766,"60":0.201382,"61":0.213228,"62":0.444225,"63":1.563672,"64":11.496543,"65":5.946692,"66":0.05923,"67":0.011846,"68":0},"firefox":{"2":0,"3":0,"3.5":0,"3.6":0,"4":0,"5":0,"6":0,"7":0.005923,"8":0,"9":0,"10":0,"11":0,"12":0,"13":0,"14":0,"15":0,"16":0,"17":0,"18":0,"19":0,"20":0,"21":0,"22":0,"23":0,"24":0,"25":0,"26":0,"27":0,"28":0,"29":0,"30":0,"31":0,"32":0,"33":0,"34":0.005923,"35":0,"36":0,"37":0,"38":0,"39":0,"40":0.017769,"41":0,"42":0.011846,"43":0.011846,"44":0,"45":0.011846,"46":0,"47":0.005923,"48":0.041461,"49":0,"50":0.011846,"51":0,"52":0.153998,"53":0.035538,"54":0.005923,"55":0.029615,"56":0.065153,"57":0.035538,"58":0.989141,"59":0.740375,"60":0.005923,"61":0},"opera":{"9":0,"9.5-9.6":0,"10.0-10.1":0,"10.5":0,"10.6":0,"11":0,"11.1":0,"11.5":0,"11.6":0,"12":0,"12.1":0.005923,"15":0,"16":0,"17":0,"18":0,"19":0,"20":0,"21":0,"22":0,"23":0,"24":0,"25":0,"26":0,"27":0,"28":0,"29":0,"30":0,"31":0,"32":0,"33":0,"34":0,"35":0,"36":0,"37":0.017769,"38":0,"39":0,"40":0,"41":0,"42":0,"43":0,"44":0.005923,"45":0,"46":0,"47":0.017769,"48":0,"49":0,"50":0.011846,"51":0.124383,"52":0.011846},"safari":{"3.1":0,"3.2":0,"4":0.017769,"5":0.005923,"5.1":0.053307,"6":0,"6.1":0.017769,"7":0.005923,"7.1":0,"8":0.065153,"9":0.082922,"9.1":0.568608,"10":0.189536,"10.1":0.367226,"11":1.853899,"11.1":0.011846,"0":null},"ios_saf":{"3.2":0.00387008245772,"4.0-4.1":0,"4.2-4.3":0.00387008245772,"5.0-5.1":0.069661484239,"6.0-6.1":0.0541811544081,"7.0-7.1":0.189634040428,"8":0.0541811544081,"8.1-8.4":0.286386101871,"9.0-9.2":0.216724617632,"9.3":1.55190306555,"10.0-10.2":1.54803298309,"10.3":3.58756643831,"11.0-11.2":31.1077227952,"11.3":null},"android":{"2.1":0,"2.2":0,"2.3":0,"3":0,"4":0,"4.1":0.104003041262,"4.2-4.3":0.316530995146,"4.4":0.893069593447,"4.4.3-4.4.4":0.549407370146,"62":null},"ie":{"5.5":0,"6":0.00624420390456,"7":0,"8":0.224791340564,"9":0.368408030369,"10":0.181081913232,"11":2.09805251193},"op_mob":{"10":null,"11":null,"11.1":null,"11.5":null,"12":null,"12.1":null,"0":null},"edge":{"12":0.029615,"13":0.047384,"14":0.041461,"15":0.106614,"16":0.799605,"17":0},"samsung":{"4":0.449969165919,"5":0.160703273543,"6.2":1.7570224574},"bb":{"7":0,"10":0},"ie_mob":{"10":0,"11":0},"and_ff":{"0":0.150849},"and_qq":{"1.2":null},"and_uc":{"0":1.34541},"op_mini":{"0":0.0887763247423},"and_chr":{"0":19.767781},"baidu":{"0":null}},"total":96.3362242216}