{"id":"MO","name":"Macao","month":"2020-04","access_date":"2020-05-07","data":{"chrome":{"4":0,"5":0,"6":0,"7":0,"8":0,"9":0,"10":0,"11":0.01051,"12":0,"13":0,"14":0,"15":0,"16":0,"17":0,"18":0,"19":0,"20":0,"21":0,"22":0.02628,"23":0,"24":0,"25":0,"26":0.01577,"27":0,"28":0,"29":0,"30":0,"31":0,"32":0,"33":0,"34":0.04205,"35":0,"36":0.00526,"37":0,"38":0.0841,"39":0,"40":0.0473,"41":0,"42":0,"43":0,"44":0,"45":0.00526,"46":0,"47":0.01051,"48":0,"49":0.14717,"50":0,"51":0,"52":0,"53":0.10512,"54":0.00526,"55":0.02102,"56":0.00526,"57":0.02102,"58":0.02102,"59":0.02628,"60":0.00526,"61":0.01051,"62":0.02628,"63":0.06307,"64":0.06307,"65":0.02102,"66":0.0473,"67":0.0473,"68":0.05782,"69":0.12614,"70":0.03679,"71":0.08935,"72":0.06307,"73":0.16819,"74":0.13666,"75":0.12614,"76":0.09461,"77":0.15768,"78":0.2155,"79":0.37318,"80":9.99691,"81":4.48862,"83":0.01577,"84":0,"85":null},"firefox":{"2":0,"3":0,"3.5":0,"3.6":0,"4":0,"5":0,"6":0,"7":0,"8":0,"9":0,"10":0,"11":0.01577,"12":0,"13":0,"14":0,"15":0,"16":0,"17":0,"18":0,"19":0,"20":0,"21":0,"22":0,"23":0.00526,"24":0,"25":0,"26":0,"27":0,"28":0,"29":0,"30":0,"31":0,"32":0,"33":0,"34":0,"35":0,"36":0,"37":0,"38":0,"39":0,"40":0,"41":0,"42":0,"43":0.01577,"44":0,"45":0,"46":0,"47":0,"48":0,"49":0,"50":0,"51":0,"52":0.00526,"53":0,"54":0,"55":0,"56":0.01051,"57":0,"58":0,"59":0,"60":0.00526,"61":0,"62":0,"63":0,"64":0,"65":0,"66":0.00526,"67":0,"68":0.03679,"69":0.00526,"70":0,"71":0,"72":0.01051,"73":0.01051,"74":0.31536,"75":0.56239,"76":0,"77":0,"78":0},"opera":{"9":0,"9.5-9.6":0,"10.0-10.1":0,"10.5":0,"10.6":0,"11":0,"11.1":0,"11.5":0,"11.6":0,"12":0,"12.1":0,"15":0,"16":0,"17":0,"18":0,"19":0,"20":0,"21":0,"22":0,"23":0,"24":0,"25":0,"26":0,"27":0,"28":0,"29":0,"30":0,"31":0,"32":0,"33":0,"34":0,"35":0,"36":0.01577,"37":0,"38":0,"39":0,"40":0,"41":0,"42":0,"43":0,"44":0,"45":0,"46":0,"47":0,"48":0,"49":0,"50":0,"51":0,"52":0,"53":0,"54":0,"55":0,"56":0,"57":0,"58":0,"60":0,"62":0,"63":0,"64":0,"65":0,"66":0,"67":0.09461,"68":0},"ios_saf":{"3.2":0.0044,"4.0-4.1":0,"4.2-4.3":0.0088,"5.0-5.1":0.04399,"6.0-6.1":0.0132,"7.0-7.1":0.04399,"8":0.0044,"8.1-8.4":0.06158,"9.0-9.2":0.05279,"9.3":0.63342,"10.0-10.2":0.16275,"10.3":0.55864,"11.0-11.2":0.3607,"11.3-11.4":0.61143,"12.0-12.1":0.75659,"12.2-12.4":4.95742,"13.0-13.1":1.05571,"13.2":0.51466,"13.3":28.82079,"13.4":5.34012},"safari":{"3.1":0,"3.2":0,"4":0,"5":0,"5.1":0,"6":0,"6.1":0,"7":0,"7.1":0,"8":0.00526,"9":0,"9.1":0.03679,"10":0.03154,"10.1":0.08935,"11":0.03154,"11.1":0.14717,"12":0.0841,"12.1":0.37318,"13":2.8067,"13.1":0.95659,"0":null},"android":{"2.1":0,"2.2":0.00448,"2.3":0.00149,"3":0.00149,"4":0.01344,"4.1":0.02986,"4.2-4.3":0.0627,"4.4":0,"4.4.3-4.4.4":0.43143,"81":null},"edge":{"12":0,"13":0,"14":0.00526,"15":0,"16":0.0473,"17":0.0473,"18":1.0985,"79":null,"80":null,"81":null},"samsung":{"4":0.49083,"5.0-5.4":0.02181,"6.2-6.4":0,"7.2-7.4":0.02181,"8.2":0,"9.2":0.09817,"10.1":0.07635,"11.1":1.95241},"op_mob":{"10":null,"11":null,"11.1":null,"11.5":null,"12":null,"12.1":null,"0":null},"ie":{"5.5":0,"6":0,"7":0,"8":0.0378,"9":0.00945,"10":0.00945,"11":0.92617},"ie_mob":{"10":0,"11":0},"bb":{"7":0,"10":0},"baidu":{"0":null},"and_ff":{"0":0.11386},"and_uc":{"0":0.66416},"and_qq":{"1.2":0.37003},"kaios":{"2.5":0.00474},"op_mini":{"0":0.01797},"and_chr":{"0":24.21769}},"total":97.48727}