{"id":"MO","name":"Macao","month":"2020-11","access_date":"2020-12-04","data":{"firefox":{"2":0,"3":0,"3.5":0,"3.6":0,"4":0,"5":0,"6":0,"7":0,"8":0,"9":0,"10":0,"11":0.03461,"12":0,"13":0,"14":0,"15":0,"16":0,"17":0,"18":0,"19":0,"20":0,"21":0,"22":0,"23":0,"24":0,"25":0,"26":0,"27":0,"28":0,"29":0,"30":0,"31":0,"32":0,"33":0,"34":0,"35":0,"36":0,"37":0,"38":0,"39":0,"40":0,"41":0,"42":0,"43":0.01978,"44":0,"45":0,"46":0,"47":0,"48":0,"49":0,"50":0,"51":0,"52":0.00494,"53":0,"54":0,"55":0,"56":0.03955,"57":0.00494,"58":0,"59":0,"60":0,"61":0,"62":0,"63":0,"64":0,"65":0,"66":0,"67":0,"68":0.02472,"69":0,"70":0,"71":0,"72":0.00494,"73":0,"74":0.00989,"75":0,"76":0,"77":0.01483,"78":0.00494,"79":0.00494,"80":0.00494,"81":0.02472,"82":0.44002,"83":0.20765,"84":0,"85":0},"chrome":{"4":0,"5":0,"6":0,"7":0,"8":0,"9":0,"10":0,"11":0,"12":0,"13":0,"14":0,"15":0,"16":0,"17":0,"18":0,"19":0,"20":0,"21":0,"22":0.01483,"23":0,"24":0,"25":0,"26":0.03461,"27":0,"28":0,"29":0,"30":0.00989,"31":0,"32":0,"33":0,"34":0.05438,"35":0,"36":0,"37":0,"38":0.11866,"39":0,"40":0.03955,"41":0,"42":0,"43":0,"44":0,"45":0,"46":0,"47":0,"48":0,"49":0.05438,"50":0,"51":0.00494,"52":0,"53":0.14338,"54":0.00494,"55":0.02472,"56":0.00494,"57":0.00494,"58":0.01483,"59":0.00494,"60":0.00494,"61":0.01483,"62":0.01978,"63":0.01978,"64":0.00494,"65":0.01483,"66":0.01978,"67":0.00989,"68":0.04944,"69":0.0791,"70":0.02472,"71":0.05438,"72":0.0445,"73":0.04944,"74":0.02472,"75":0.03461,"76":0.02966,"77":0.03461,"78":0.04944,"79":0.0445,"80":0.08405,"81":0.10877,"83":0.11371,"84":0.25214,"85":0.50429,"86":10.41701,"87":1.8985,"88":0.02966,"89":0,"90":0},"opera":{"9":0,"9.5-9.6":0,"10.0-10.1":0,"10.5":0,"10.6":0,"11":0,"11.1":0,"11.5":0,"11.6":0,"12":0,"12.1":0,"15":0,"16":0,"17":0,"18":0,"19":0,"20":0,"21":0,"22":0,"23":0,"24":0,"25":0,"26":0,"27":0,"28":0,"29":0,"30":0,"31":0,"32":0,"33":0,"34":0,"35":0,"36":0.01978,"37":0,"38":0,"39":0,"40":0,"41":0,"42":0,"43":0,"44":0,"45":0,"46":0.00494,"47":0,"48":0,"49":0,"50":0,"51":0,"52":0,"53":0,"54":0,"55":0,"56":0,"57":0,"58":0,"60":0,"62":0,"63":0,"64":0,"65":0,"66":0,"67":0,"68":0,"69":0,"70":0,"71":0.02966,"72":0.04944},"ios_saf":{"3.2":0.11763,"4.0-4.1":0.13234,"4.2-4.3":0,"5.0-5.1":0.01961,"6.0-6.1":0,"7.0-7.1":0.03431,"8":0,"8.1-8.4":0.06862,"9.0-9.2":0.03431,"9.3":0.70579,"10.0-10.2":0.10293,"10.3":0.7401,"11.0-11.2":0.28918,"11.3-11.4":0.43131,"12.0-12.1":0.54895,"12.2-12.4":4.38667,"13.0-13.1":0.3578,"13.2":0.16174,"13.3":1.25473,"13.4-13.7":5.69532,"14.0-14.2":29.3196},"safari":{"3.1":0,"3.2":0,"4":0,"5":0,"5.1":0.00989,"6":0,"6.1":0,"7":0,"7.1":0,"8":0,"9":0,"9.1":0.00494,"10":0.00989,"10.1":0.02966,"11":0.01483,"11.1":0.06427,"12":0.01978,"12.1":0.12854,"13":0.2472,"13.1":1.60186,"14":2.31874,"0":null},"edge":{"12":0.00989,"13":0,"14":0,"15":0.00494,"16":0.01978,"17":0.01483,"18":0.1236,"79":0,"80":0,"81":0,"83":0,"84":0.00494,"85":0.00494,"86":0.70205,"87":0.26698},"samsung":{"4":0.67142,"5.0-5.4":0.02166,"6.2-6.4":0,"7.2-7.4":0,"8.2":0.01083,"9.2":0.04332,"10.1":0.04332,"11.1-11.2":0.03249,"12.0":1.92761,"13.0":0.37903},"android":{"2.1":0,"2.2":0,"2.3":0.00126,"3":0,"4":0.06574,"4.1":0.09609,"4.2-4.3":0.02402,"4.4":0,"4.4.3-4.4.4":0.23895,"81":null},"op_mob":{"10":null,"11":null,"11.1":null,"11.5":null,"12":null,"12.1":null,"0":null},"ie":{"5.5":0,"6":0,"7":0,"8":0.03435,"9":0,"10":0,"11":0.8358},"bb":{"7":0,"10":0},"ie_mob":{"10":0,"11":0},"kaios":{"2.5":0},"baidu":{"0":null},"and_ff":{"0":0.13651},"and_qq":{"10.4":0.48032},"and_uc":{"0":0.70278},"op_mini":{"0":0.10052},"and_chr":{"0":26.18275}},"total":97.55044}