{"id":"MP","name":"Northern Mariana Islands","month":"2018-10","access_date":"2018-11-06","data":{"chrome":{"4":0,"5":0,"6":0,"7":0,"8":0,"9":0,"10":0,"11":0,"12":0,"13":0,"14":0,"15":0,"16":0,"17":0,"18":0,"19":0,"20":0,"21":0,"22":0.014122,"23":0,"24":0,"25":0,"26":0,"27":0,"28":0,"29":0,"30":0,"31":0,"32":0,"33":0,"34":0,"35":0,"36":0,"37":0,"38":0.035305,"39":0,"40":0,"41":0,"42":0,"43":0,"44":0,"45":0,"46":0,"47":0,"48":0,"49":0.162403,"50":0,"51":0,"52":0,"53":0,"54":0,"55":0.007061,"56":0,"57":0,"58":0.324806,"59":0.021183,"60":0,"61":0,"62":0,"63":0.861442,"64":0.007061,"65":0.35305,"66":0.07061,"67":0.063549,"68":0.247135,"69":26.40814,"70":3.615232,"71":0.014122,"72":0,"73":0},"firefox":{"2":0,"3":0,"3.5":0,"3.6":0,"4":0,"5":0,"6":0,"7":0,"8":0,"9":0,"10":0,"11":0,"12":0,"13":0,"14":0,"15":0,"16":0,"17":0,"18":0,"19":0,"20":0,"21":0,"22":0,"23":0,"24":0,"25":0,"26":0,"27":0,"28":0,"29":0,"30":0,"31":0,"32":0,"33":0,"34":0,"35":0,"36":0,"37":0,"38":0,"39":0,"40":0,"41":0,"42":0,"43":0,"44":0,"45":0,"46":0.035305,"47":0.042366,"48":0,"49":0,"50":0,"51":0,"52":0.007061,"53":0,"54":0,"55":0,"56":0,"57":0,"58":0,"59":0,"60":0,"61":0.021183,"62":1.920592,"63":0.120037,"64":0,"65":0},"opera":{"9":0,"9.5-9.6":0,"10.0-10.1":0,"10.5":0,"10.6":0,"11":0,"11.1":0,"11.5":0,"11.6":0,"12":0,"12.1":0,"15":0,"16":0,"17":0,"18":0,"19":0,"20":0,"21":0,"22":0,"23":0,"24":0,"25":0,"26":0,"27":0,"28":0,"29":0,"30":0,"31":0,"32":0.007061,"33":0,"34":0,"35":0,"36":0,"37":0.014122,"38":0,"39":0,"40":0,"41":0,"42":0,"43":0.007061,"44":0,"45":0,"46":0,"47":0,"48":0,"49":0,"50":0,"51":0,"52":0,"53":0,"54":0,"55":0.240074,"56":0.07061},"safari":{"3.1":0,"3.2":0,"4":0,"5":0,"5.1":0,"6":0,"6.1":0,"7":0,"7.1":0,"8":0,"9":0,"9.1":0.063549,"10":0.014122,"10.1":0.028244,"11":0.21183,"11.1":2.647875,"12":0.63549,"0":null},"ios_saf":{"3.2":0.0016348989013204,"4.0-4.1":0,"4.2-4.3":0.0049046967039613,"5.0-5.1":0.017983887914525,"6.0-6.1":0.0065395956052817,"7.0-7.1":0.040872472533011,"8":0.19782276705977,"8.1-8.4":0.10463352968451,"9.0-9.2":0.049046967039613,"9.3":0.34005897147465,"10.0-10.2":0.58692870557403,"10.3":0.62780117810705,"11.0-11.2":1.3030144243524,"11.3-11.4":4.3700847632295,"12":8.5685051418204},"android":{"2.1":0,"2.2":0.0011807222222222,"2.3":0.025975888888889,"3":0.0011807222222222,"4":0.15703605555556,"4.1":0.044867444444444,"4.2-4.3":0.23732516666667,"4.4":0,"4.4.3-4.4.4":0.531325,"67":null},"op_mob":{"10":null,"11":null,"11.1":null,"11.5":null,"12":null,"12.1":null,"0":null},"ie":{"5.5":0,"6":0,"7":0,"8":0.03548636130137,"9":0.007097272260274,"10":0.014194544520548,"11":4.0880288219178},"edge":{"12":0.098854,"13":0.035305,"14":0.028244,"15":0.007061,"16":0.063549,"17":1.737006,"18":null},"samsung":{"4":0.13171916022099,"5":0.21953193370166,"6.2":0,"7.2":null},"ie_mob":{"10":0,"11":0},"bb":{"7":0,"10":0},"baidu":{"0":null},"and_ff":{"0":0.023512},"and_uc":{"0":0.696543},"and_qq":{"1.2":null},"op_mini":{"0":0.80134713402062},"and_chr":{"0":31.991452}},"total":95.489457227943}