{"id":"MP","name":"Northern Mariana Islands","month":"2015-03","access_date":"2015-04-23","data":{"chrome":{"4":0,"5":0,"6":0,"7":0,"8":0,"9":0,"10":0,"11":0.039965,"12":0,"13":0,"14":0,"15":0,"16":0,"17":0.007993,"18":0.007993,"19":0,"20":0.007993,"21":0.023979,"22":0.039965,"23":0,"24":0.015986,"25":0.007993,"26":0.007993,"27":0.015986,"28":0.007993,"29":0.031972,"30":0.071937,"31":0.63944,"32":0.023979,"33":0.039965,"34":0.231797,"35":0.071937,"36":0.455601,"37":0.151867,"38":0.447608,"39":0.911202,"40":15.450469,"41":24.290727,"42":0.423629,"43":0.183839,"44":0,"45":0},"firefox":{"2":0,"3":0,"3.5":0,"3.6":0.055951,"4":0,"5":0,"6":0,"7":0,"8":0,"9":0.023979,"10":0,"11":0.007993,"12":0.055951,"13":0.007993,"14":0,"15":0,"16":0.055951,"17":0,"18":0.031972,"19":0.031972,"20":0.023979,"21":0.039965,"22":0,"23":0.047958,"24":0,"25":0.007993,"26":0.015986,"27":0.007993,"28":0,"29":0.007993,"30":0.023979,"31":0.143874,"32":0.015986,"33":0.039965,"34":0.087923,"35":0.751342,"36":6.378414,"37":0.215811,"38":0,"39":0,"40":0},"opera":{"9":0,"9.5-9.6":0,"10.0-10.1":0,"10.5":0,"10.6":0,"11":0,"11.1":0.007993,"11.5":0.007993,"11.6":0.007993,"12":0.007993,"12.1":0.015986,"15":0,"16":0,"17":0,"18":0,"19":0.007993,"20":0,"21":0,"22":0,"23":0,"24":0,"25":0,"26":0,"27":0.071937,"28":0.087923,"29":0},"safari":{"3.1":0,"3.2":0,"4":0.023979,"5":0.07993,"5.1":0.167853,"6":0.031972,"6.1":0.055951,"7":0.183839,"7.1":2.365928,"8":0.631447},"android":{"2.1":0,"2.2":0,"2.3":0.160785152712,"3":0,"4":0.356390020024,"4.1":1.23200343129,"4.2-4.3":2.13526779239,"4.4":3.65914236077,"4.4.3-4.4.4":1.76454024282,"40":null},"ios_saf":{"3.2":0,"4.0-4.1":0,"4.2-4.3":0,"5.0-5.1":0.0476192997486,"6.0-6.1":0.120130506184,"7.0-7.1":1.89936070588,"8":0.380954397989,"8.1-8.3":8.3149790902},"op_mob":{"10":0,"11":0,"11.1":0,"11.5":0,"12":3.86156962025e-5,"12.1":0.00015446278481,"0":0.000965392405063},"ie":{"5.5":0,"6":0.184049945496,"7":0.00800217154332,"8":1.95252985657,"9":0.968262756741,"10":1.38437567699,"11":9.43456024957,"0":null},"ie_mob":{"10":0.02968576,"11":0.07467824},"bb":{"7":0.0030105,"10":null},"and_uc":{"0":0.078273},"op_mini":{"5.0-8.0":0.151373529114},"and_chr":{"0":9.468152},"and_ff":{"0":0.114399}},"total":99.3711251569}