{"id":"MQ","name":"Martinique","month":"2018-02","access_date":"2018-03-05","data":{"chrome":{"4":0,"5":0,"6":0,"7":0,"8":0,"9":0,"10":0,"11":0,"12":0,"13":0,"14":0,"15":0,"16":0,"17":0,"18":0,"19":0,"20":0,"21":0,"22":0,"23":0,"24":0,"25":0,"26":0,"27":0,"28":0,"29":0,"30":0,"31":0,"32":0.005336,"33":0,"34":0,"35":0,"36":0.005336,"37":0,"38":0.005336,"39":0,"40":0.005336,"41":0,"42":0.010672,"43":0,"44":0,"45":0.005336,"46":0.005336,"47":0.005336,"48":0.021344,"49":0.250792,"50":0.005336,"51":0.021344,"52":0.005336,"53":0.032016,"54":0.010672,"55":0.010672,"56":0.021344,"57":0.058696,"58":0.128064,"59":0.010672,"60":0.02668,"61":0.064032,"62":0.048024,"63":7.379688,"64":7.091544,"65":0.02668,"66":0.010672,"67":0},"firefox":{"2":0,"3":0,"3.5":0,"3.6":0,"4":0,"5":0,"6":0,"7":0,"8":0,"9":0,"10":0,"11":0,"12":0,"13":0,"14":0,"15":0,"16":0,"17":0,"18":0,"19":0,"20":0,"21":0,"22":0,"23":0,"24":0,"25":0,"26":0,"27":0.058696,"28":0,"29":0,"30":0,"31":0,"32":0,"33":0.010672,"34":0.010672,"35":0,"36":0,"37":0.005336,"38":0,"39":0.005336,"40":0,"41":0,"42":0.005336,"43":0.005336,"44":0,"45":0.010672,"46":0,"47":0.010672,"48":0.090712,"49":0,"50":0.005336,"51":0,"52":0.090712,"53":0.010672,"54":0.005336,"55":0.010672,"56":0.021344,"57":0.149408,"58":3.623144,"59":0.042688,"60":0,"61":0},"opera":{"9":0,"9.5-9.6":0,"10.0-10.1":0,"10.5":0,"10.6":0,"11":0,"11.1":0,"11.5":0,"11.6":0,"12":0,"12.1":0,"15":0,"16":0,"17":0,"18":0,"19":0,"20":0,"21":0,"22":0,"23":0,"24":0,"25":0,"26":0,"27":0,"28":0,"29":0,"30":0,"31":0.010672,"32":0,"33":0,"34":0,"35":0,"36":0.005336,"37":0,"38":0,"39":0,"40":0,"41":0,"42":0.005336,"43":0,"44":0,"45":0.005336,"46":0,"47":0,"48":0.005336,"49":0.005336,"50":0.288144,"51":0.05336,"52":0},"safari":{"3.1":0,"3.2":0,"4":0,"5":0.005336,"5.1":0.021344,"6":0,"6.1":0.016008,"7":0,"7.1":0,"8":0.032016,"9":0.010672,"9.1":0.170752,"10":0.058696,"10.1":0.522928,"11":2.369184,"11.1":0.016008,"0":null},"ios_saf":{"3.2":0.00174006842053,"4.0-4.1":0,"4.2-4.3":0.0156606157847,"5.0-5.1":0.0261010263079,"6.0-6.1":0.0156606157847,"7.0-7.1":0.0765630105032,"8":0.0382815052516,"8.1-8.4":0.146165747324,"9.0-9.2":0.123544857857,"9.3":0.685586957687,"10.0-10.2":0.889174962889,"10.3":1.94365642573,"11.0-11.2":13.4333282065,"11.3":null},"android":{"2.1":0,"2.2":0,"2.3":0,"3":0,"4":0,"4.1":0.0574506518847,"4.2-4.3":0.166719538803,"4.4":0.490020266075,"4.4.3-4.4.4":0.301897543237,"62":null},"op_mob":{"10":null,"11":null,"11.1":null,"11.5":null,"12":null,"12.1":null,"0":null},"ie":{"5.5":0,"6":0,"7":0,"8":0.010672,"9":0.016008,"10":0.021344,"11":1.344672},"edge":{"12":0.032016,"13":0.016008,"14":0.176088,"15":0.21344,"16":1.446056,"17":0},"samsung":{"4":0.661259176471,"5":0.565269941176,"6.2":3.12498288235},"bb":{"7":0.0009328,"10":0.0037312},"ie_mob":{"10":0,"11":0.060632},"op_mini":{"0":0.185454103093},"and_chr":{"0":47.474832},"baidu":{"0":null},"and_ff":{"0":0.200552},"and_qq":{"1.2":null},"and_uc":{"0":0.111936}},"total":97.1236221031}