{"id":"MQ","name":"Martinique","month":"2021-06","access_date":"2021-07-04","data":{"firefox":{"2":null,"3":null,"3.5":null,"3.6":null,"4":null,"5":null,"6":null,"7":null,"8":null,"9":null,"10":null,"11":null,"12":null,"13":null,"14":null,"15":null,"16":null,"17":null,"18":null,"19":null,"20":null,"21":null,"22":null,"23":null,"24":null,"25":null,"26":null,"27":null,"28":null,"29":null,"30":null,"31":null,"32":null,"33":null,"34":null,"35":null,"36":null,"37":null,"38":null,"39":null,"40":null,"41":null,"42":null,"43":0.00461,"44":null,"45":null,"46":null,"47":null,"48":null,"49":null,"50":null,"51":null,"52":0.08305,"53":null,"54":null,"55":null,"56":null,"57":null,"58":null,"59":null,"60":null,"61":null,"62":null,"63":null,"64":null,"65":null,"66":null,"67":null,"68":null,"69":0.00923,"70":null,"71":null,"72":0.00461,"73":null,"74":null,"75":null,"76":null,"77":null,"78":0.10151,"79":0.00923,"80":null,"81":null,"82":0.33221,"83":null,"84":0.00923,"85":0.01384,"86":0.00461,"87":0.00923,"88":0.7567,"89":4.00957,"90":null,"91":null},"chrome":{"4":null,"5":null,"6":null,"7":null,"8":null,"9":null,"10":null,"11":null,"12":null,"13":null,"14":null,"15":null,"16":null,"17":null,"18":null,"19":null,"20":null,"21":null,"22":null,"23":null,"24":null,"25":null,"26":null,"27":null,"28":null,"29":null,"30":null,"31":0.00461,"32":null,"33":null,"34":null,"35":null,"36":null,"37":null,"38":null,"39":0.00461,"40":null,"41":null,"42":null,"43":null,"44":null,"45":null,"46":null,"47":null,"48":null,"49":0.25377,"50":null,"51":null,"52":null,"53":0.00923,"54":null,"55":null,"56":null,"57":null,"58":0.00923,"59":null,"60":null,"61":null,"62":null,"63":0.01384,"64":0.00923,"65":null,"66":null,"67":null,"68":0.00923,"69":null,"70":null,"71":null,"72":0.00461,"73":null,"74":null,"75":null,"76":null,"77":0.00923,"78":0.00461,"79":0.01384,"80":0.00923,"81":0.0323,"83":0.02307,"84":0.02307,"85":0.00923,"86":0.04153,"87":0.05537,"88":0.19379,"89":0.18917,"90":2.74533,"91":18.63595,"92":null,"93":0.01384,"94":null},"opera":{"9":null,"9.5-9.6":null,"10.0-10.1":0,"10.5":null,"10.6":null,"11":null,"11.1":null,"11.5":null,"11.6":null,"12":null,"12.1":null,"15":null,"16":null,"17":null,"18":null,"19":null,"20":null,"21":null,"22":null,"23":null,"24":null,"25":null,"26":null,"27":null,"28":null,"29":null,"30":null,"31":null,"32":null,"33":null,"34":null,"35":null,"36":0.00461,"37":null,"38":null,"39":null,"40":null,"41":null,"42":null,"43":null,"44":null,"45":null,"46":null,"47":null,"48":null,"49":null,"50":null,"51":null,"52":null,"53":null,"54":null,"55":null,"56":null,"57":null,"58":null,"60":null,"62":null,"63":null,"64":null,"65":null,"66":null,"67":null,"68":null,"69":null,"70":null,"71":null,"72":null,"73":null,"74":null,"75":0.1661,"76":0.51215,"77":0.29991},"safari":{"3.1":null,"3.2":null,"4":0,"5":null,"5.1":null,"6":null,"6.1":null,"7":null,"7.1":null,"8":null,"9":null,"9.1":0.0323,"10":0.01384,"10.1":0.02307,"11":null,"11.1":0.04614,"12":0.00923,"12.1":0.74747,"13":0.04614,"13.1":0.76592,"14":2.52386,"14.1":1.98402,"15":null,"0":null},"ios_saf":{"3.2":0,"4.0-4.1":0,"4.2-4.3":0,"5.0-5.1":0.00135,"6.0-6.1":0.00135,"7.0-7.1":0.00674,"8":0.01619,"8.1-8.4":0.00674,"9.0-9.2":0,"9.3":0.46266,"10.0-10.2":0.00135,"10.3":0.16321,"11.0-11.2":0.01754,"11.3-11.4":0.1821,"12.0-12.1":0.02428,"12.2-12.4":0.19424,"13.0-13.1":0.02968,"13.2":0.01619,"13.3":0.13354,"13.4-13.7":0.33452,"14.0-14.4":5.77317,"14.5-14.7":5.7961},"edge":{"12":0.05075,"13":null,"14":0.00461,"15":0.00461,"16":0.01846,"17":0.0323,"18":0.07844,"79":null,"80":null,"81":0.01846,"83":null,"84":null,"85":0.00923,"86":0.00923,"87":0.00461,"88":0.06921,"89":0.0323,"90":0.16149,"91":6.12278},"samsung":{"4":0.05252,"5.0-5.4":0.10147,"6.2-6.4":0.04059,"7.2-7.4":0.07353,"8.2":0.01066,"9.2":0.12604,"10.1":0.01066,"11.1-11.2":0.32561,"12.0":0.08403,"13.0":0.43065,"14.0":4.85267},"android":{"2.1":0,"2.2":0,"2.3":0,"3":0,"4":0,"4.1":0.0011,"4.2-4.3":0.0092,"4.4":0,"4.4.3-4.4.4":0.02739,"0":0},"op_mob":{"10":null,"11":null,"11.1":null,"11.5":null,"12":null,"12.1":null,"0":null},"ie":{"5.5":null,"6":null,"7":null,"8":null,"9":null,"10":null,"11":1.20425},"ie_mob":{"10":0.42578,"11":0.03849},"bb":{"7":0,"10":0},"and_uc":{"0":0.01616},"op_mini":{"0":0.08667},"and_chr":{"0":36.83924},"kaios":{"2.5":0.01616},"baidu":{"0":null},"and_ff":{"0":0.46311},"and_qq":{"10.4":0}},"total":99.85372}