{"id":"MQ","name":"Martinique","month":"2020-11","access_date":"2020-12-04","data":{"firefox":{"2":0,"3":0,"3.5":0,"3.6":0,"4":0,"5":0,"6":0,"7":0,"8":0,"9":0,"10":0,"11":0,"12":0,"13":0,"14":0,"15":0,"16":0,"17":0,"18":0,"19":0,"20":0,"21":0,"22":0,"23":0,"24":0,"25":0,"26":0,"27":0,"28":0,"29":0.0093,"30":0,"31":0,"32":0,"33":0,"34":0,"35":0,"36":0,"37":0,"38":0,"39":0,"40":0,"41":0,"42":0,"43":0,"44":0,"45":0,"46":0,"47":0,"48":0.00465,"49":0,"50":0.00465,"51":0,"52":0.26499,"53":0,"54":0,"55":0,"56":0,"57":0,"58":0,"59":0,"60":0.00465,"61":0,"62":0,"63":0,"64":0,"65":0,"66":0,"67":0.00465,"68":0.0186,"69":0,"70":0,"71":0,"72":0.0093,"73":0,"74":0,"75":0.03254,"76":0,"77":0.0093,"78":0.06974,"79":0.00465,"80":0.00465,"81":0.06044,"82":1.52022,"83":0.61367,"84":0,"85":0},"chrome":{"4":0,"5":0,"6":0,"7":0,"8":0,"9":0,"10":0,"11":0,"12":0,"13":0,"14":0,"15":0,"16":0,"17":0,"18":0,"19":0,"20":0,"21":0,"22":0,"23":0,"24":0,"25":0,"26":0,"27":0,"28":0,"29":0,"30":0,"31":0,"32":0,"33":0,"34":0,"35":0,"36":0,"37":0,"38":0,"39":0,"40":0,"41":0,"42":0,"43":0,"44":0,"45":0,"46":0,"47":0,"48":0,"49":0.11158,"50":0,"51":0,"52":0,"53":0.0093,"54":0,"55":0,"56":0,"57":0.00465,"58":0.00465,"59":0,"60":0,"61":0,"62":0,"63":0.01395,"64":0,"65":0.01395,"66":0,"67":0.00465,"68":0,"69":0,"70":0.01395,"71":0.0093,"72":0.01395,"73":0,"74":0.0093,"75":0.00465,"76":0.0093,"77":0,"78":0.0093,"79":0.06044,"80":0.02325,"81":0.06044,"83":0.03254,"84":0.06974,"85":0.11158,"86":9.04231,"87":1.68294,"88":0,"89":0,"90":0},"opera":{"9":0,"9.5-9.6":0,"10.0-10.1":0,"10.5":0,"10.6":0,"11":0,"11.1":0,"11.5":0,"11.6":0,"12":0,"12.1":0,"15":0,"16":0,"17":0,"18":0,"19":0,"20":0,"21":0,"22":0,"23":0,"24":0,"25":0,"26":0,"27":0,"28":0,"29":0,"30":0,"31":0,"32":0,"33":0,"34":0,"35":0,"36":0,"37":0,"38":0,"39":0,"40":0,"41":0,"42":0,"43":0,"44":0,"45":0,"46":0,"47":0,"48":0,"49":0,"50":0,"51":0,"52":0,"53":0,"54":0,"55":0,"56":0,"57":0,"58":0,"60":0,"62":0,"63":0,"64":0,"65":0.0093,"66":0,"67":0,"68":0,"69":0,"70":0,"71":0.14877,"72":0.22315},"ios_saf":{"3.2":0.04775,"4.0-4.1":0.05372,"4.2-4.3":0,"5.0-5.1":0.00796,"6.0-6.1":0,"7.0-7.1":0.01393,"8":0,"8.1-8.4":0.02785,"9.0-9.2":0.01393,"9.3":0.2865,"10.0-10.2":0.04178,"10.3":0.30043,"11.0-11.2":0.11738,"11.3-11.4":0.17508,"12.0-12.1":0.22283,"12.2-12.4":1.78067,"13.0-13.1":0.14524,"13.2":0.06566,"13.3":0.50933,"13.4-13.7":2.31188,"14.0-14.2":11.90162},"safari":{"3.1":0,"3.2":0,"4":0,"5":0,"5.1":0.02325,"6":0,"6.1":0,"7":0,"7.1":0,"8":0,"9":0,"9.1":0,"10":0,"10.1":0.01395,"11":0.00465,"11.1":0.04184,"12":0.0093,"12.1":0.19526,"13":0.12087,"13.1":0.51139,"14":1.32961,"0":null},"edge":{"12":0.00465,"13":0,"14":0.01395,"15":0.0186,"16":0.0093,"17":0.04649,"18":0.17201,"79":0,"80":0,"81":0,"83":0.0093,"84":0,"85":0.01395,"86":1.99907,"87":0.85077},"samsung":{"4":0.10432,"5.0-5.4":0.01043,"6.2-6.4":0,"7.2-7.4":0.06259,"8.2":0.01043,"9.2":0.27122,"10.1":0.09388,"11.1-11.2":0.82409,"12.0":3.83881,"13.0":0.5633},"android":{"2.1":0,"2.2":0,"2.3":0.00086,"3":0,"4":0.04482,"4.1":0.0655,"4.2-4.3":0.01637,"4.4":0,"4.4.3-4.4.4":0.16289,"81":null},"op_mob":{"10":null,"11":null,"11.1":null,"11.5":null,"12":null,"12.1":null,"0":null},"ie":{"5.5":0,"6":0,"7":0,"8":0,"9":0.0059,"10":0,"11":0.45435},"bb":{"7":0,"10":0.00535},"ie_mob":{"10":0,"11":0},"kaios":{"2.5":0},"baidu":{"0":null},"and_ff":{"0":0.2408},"and_qq":{"10.4":0.16588},"and_uc":{"0":0.01605},"op_mini":{"0":0.10639},"and_chr":{"0":51.82334}},"total":96.63226}