{"id":"MQ","name":"Martinique","month":"2020-03","access_date":"2020-04-15","data":{"chrome":{"4":0,"5":0,"6":0,"7":0,"8":0,"9":0,"10":0,"11":0,"12":0,"13":0,"14":0,"15":0,"16":0,"17":0,"18":0,"19":0,"20":0,"21":0,"22":0,"23":0,"24":0,"25":0,"26":0,"27":0,"28":0,"29":0,"30":0,"31":0,"32":0,"33":0,"34":0,"35":0,"36":0.004374,"37":0,"38":0,"39":0.008748,"40":0.004374,"41":0,"42":0,"43":0,"44":0,"45":0,"46":0,"47":0,"48":0,"49":0.08748,"50":0,"51":0,"52":0,"53":0.004374,"54":0,"55":0.004374,"56":0,"57":0,"58":0.004374,"59":0,"60":0,"61":0,"62":0,"63":0.030618,"64":0,"65":0.004374,"66":0,"67":0.004374,"68":0.008748,"69":0.008748,"70":0.004374,"71":0.017496,"72":0.004374,"73":0.017496,"74":0.008748,"75":0.008748,"76":0.048114,"77":0.017496,"78":0.048114,"79":0.428652,"80":9.837126,"81":0.008748,"83":0,"84":null,"85":null},"firefox":{"2":0,"3":0,"3.5":0,"3.6":0,"4":0,"5":0,"6":0,"7":0,"8":0,"9":0,"10":0,"11":0,"12":0,"13":0,"14":0,"15":0,"16":0,"17":0,"18":0,"19":0,"20":0,"21":0,"22":0,"23":0.008748,"24":0,"25":0,"26":0,"27":0,"28":0,"29":0,"30":0,"31":0,"32":0,"33":0,"34":0,"35":0,"36":0,"37":0,"38":0,"39":0,"40":0,"41":0,"42":0,"43":0,"44":0,"45":0,"46":0,"47":0,"48":0.004374,"49":0,"50":0.004374,"51":0,"52":0.008748,"53":0,"54":0,"55":0,"56":0.004374,"57":0,"58":0,"59":0,"60":0.008748,"61":0.013122,"62":0,"63":0,"64":0,"65":0,"66":0.004374,"67":0.04374,"68":0.148716,"69":0.008748,"70":0.048114,"71":0.008748,"72":0.06561,"73":0.769824,"74":1.15911,"75":0,"76":0,"77":0},"opera":{"9":0,"9.5-9.6":0,"10.0-10.1":0,"10.5":0,"10.6":0,"11":0,"11.1":0,"11.5":0,"11.6":0,"12":0,"12.1":0,"15":0,"16":0,"17":0,"18":0,"19":0,"20":0,"21":0,"22":0,"23":0,"24":0,"25":0,"26":0,"27":0,"28":0,"29":0,"30":0,"31":0,"32":0,"33":0,"34":0,"35":0,"36":0,"37":0,"38":0,"39":0,"40":0,"41":0,"42":0,"43":0,"44":0,"45":0,"46":0,"47":0,"48":0,"49":0,"50":0,"51":0,"52":0,"53":0,"54":0,"55":0,"56":0,"57":0,"58":0,"60":0,"62":0,"63":0,"64":0,"65":0.004374,"66":0.100602},"ios_saf":{"3.2":0.0035793574072222,"4.0-4.1":0.0017896787036111,"4.2-4.3":0,"5.0-5.1":0.014317429628889,"6.0-6.1":0.0071587148144443,"7.0-7.1":0.032214216664999,"8":0,"8.1-8.4":0.026845180554166,"9.0-9.2":0.023265823146944,"9.3":0.23086855276583,"10.0-10.2":0.062638754626388,"10.3":0.22192015924777,"11.0-11.2":0.16644011943583,"11.3-11.4":0.25592405461638,"12.0-12.1":0.34182863238972,"12.2-12.4":2.0456027582275,"13.0-13.1":0.52437586015805,"13.2":0.23981694628389,"13.3":13.497756782635,"13.4":0.19507497869361},"safari":{"3.1":0,"3.2":0,"4":0,"5":0,"5.1":0.004374,"6":0,"6.1":0,"7":0.008748,"7.1":0,"8":0,"9":0,"9.1":0.013122,"10":0.004374,"10.1":0.02187,"11":0.004374,"11.1":0.310554,"12":0.056862,"12.1":0.446148,"13":2.051406,"13.1":0.061236,"0":null},"android":{"2.1":0,"2.2":0.0064110716332378,"2.3":0.0016027679083095,"3":0.0016027679083095,"4":0.016027679083095,"4.1":0.025644286532951,"4.2-4.3":0.073727323782235,"4.4":0,"4.4.3-4.4.4":0.43435010315186,"80":null},"edge":{"12":0,"13":0.004374,"14":0.008748,"15":0.008748,"16":0.034992,"17":0.06561,"18":1.163484,"79":null,"80":null},"samsung":{"4":0.37305824516129,"5.0-5.4":0.020725458064516,"6.2-6.4":0.05181364516129,"7.2-7.4":0.13471547741935,"8.2":0.031088187096774,"9.2":0.73575376129032,"10.1":1.4196938774194,"11.1":3.6580433483871},"op_mob":{"10":null,"11":null,"11.1":null,"11.5":null,"12":null,"12.1":null,"0":null},"ie":{"5.5":0,"6":0,"7":0,"8":0,"9":0,"10":0,"11":0.411156},"ie_mob":{"10":0,"11":0.02813},"bb":{"7":0,"10":0},"baidu":{"0":null},"and_ff":{"0":0.185658},"and_uc":{"0":0.05626},"and_qq":{"1.2":0.135024},"kaios":{"2.5":0.005626},"op_mini":{"0":0.053263333333333},"and_chr":{"0":53.564052}},"total":96.622763333333}