{"id":"MR","name":"Mauritania","month":"2017-07","access_date":"2017-08-04","data":{"chrome":{"4":0.004982,"5":0.019928,"6":0.017437,"7":0.042347,"8":0.009964,"9":0.059784,"10":0.012455,"11":0.079712,"12":0.166897,"13":0.007473,"14":0.027401,"15":0.02491,"16":0.017437,"17":0.007473,"18":0.007473,"19":0.007473,"20":0.004982,"21":0.009964,"22":0.017437,"23":0.014946,"24":0.004982,"25":0.04982,"26":0.009964,"27":0.042347,"28":0.044838,"29":0.027401,"30":0.004982,"31":0.039856,"32":0.012455,"33":0.027401,"34":0.027401,"35":0.007473,"36":0.002491,"37":0,"38":0.014946,"39":0.004982,"40":0.019928,"41":0.009964,"42":0.034874,"43":0.361195,"44":0.019928,"45":0.057293,"46":0.027401,"47":0.019928,"48":0.067257,"49":0.859395,"50":0.02491,"51":0.059784,"52":0.017437,"53":0.022419,"54":0.072239,"55":0.261555,"56":0.067257,"57":0.137005,"58":0.386105,"59":9.647643,"60":0.117077,"61":0.019928,"62":0,"63":0},"firefox":{"2":0,"3":0.029892,"3.5":0.004982,"3.6":0.02491,"4":0.004982,"5":0,"6":0.004982,"7":0.022419,"8":0.004982,"9":0,"10":0.007473,"11":0.014946,"12":0.022419,"13":0.027401,"14":0.014946,"15":0.002491,"16":0.07473,"17":0.032383,"18":0.004982,"19":0.002491,"20":0.007473,"21":0.012455,"22":0.014946,"23":0.002491,"24":0.019928,"25":0.009964,"26":0.022419,"27":0.007473,"28":0,"29":0.009964,"30":0.014946,"31":0.009964,"32":0.019928,"33":0.007473,"34":0.014946,"35":0.019928,"36":0.004982,"37":0.022419,"38":0.022419,"39":0.012455,"40":0.054802,"41":0.017437,"42":0.012455,"43":0.156933,"44":0.029892,"45":0.02491,"46":0.02491,"47":0.146969,"48":0.176861,"49":0.097149,"50":0.039856,"51":0.102131,"52":0.699971,"53":0.151951,"54":3.078876,"55":0.114586,"56":0,"57":0},"opera":{"9":0,"9.5-9.6":0,"10.0-10.1":0,"10.5":0,"10.6":0,"11":0,"11.1":0,"11.5":0,"11.6":0,"12":0,"12.1":0.017437,"15":0,"16":0.002491,"17":0.004982,"18":0,"19":0,"20":0,"21":0.002491,"22":0,"23":0,"24":0,"25":0,"26":0,"27":0,"28":0.009964,"29":0.002491,"30":0,"31":0,"32":0,"33":0,"34":0.004982,"35":0,"36":0.029892,"37":0.002491,"38":0.007473,"39":0,"40":0,"41":0,"42":0.002491,"43":0.004982,"44":0.002491,"45":0.032383,"46":0.236645,"47":0,"48":0},"safari":{"3.1":0,"3.2":0,"4":0.022419,"5":0.007473,"5.1":0.004982,"6":0,"6.1":0.002491,"7":0.004982,"7.1":0.004982,"8":0.012455,"9":0.007473,"9.1":0.042347,"10":0.019928,"10.1":0.132023,"11":0,"0":null},"ios_saf":{"3.2":0,"4.0-4.1":0,"4.2-4.3":0,"5.0-5.1":0,"6.0-6.1":0,"7.0-7.1":0.0365786944559,"8":0,"8.1-8.4":0.028017723413,"9.0-9.2":0.0194567523702,"9.3":0.384465426834,"10.0-10.2":1.09658256358,"10.3":5.98723183934,"11":null},"android":{"2.1":0,"2.2":0,"2.3":0,"3":0,"4":0,"4.1":0.769073547653,"4.2-4.3":1.96273978307,"4.4":5.27936945733,"4.4.3-4.4.4":3.25254021195,"56":null},"op_mob":{"10":0,"11":0,"11.1":0,"11.5":0,"12":0,"12.1":0,"0":0.0251321632653},"ie":{"5.5":0,"6":0.0109514234234,"7":0.019164990991,"8":0.317591279279,"9":0.106776378378,"10":0.175222774775,"11":1.19370515315},"edge":{"12":0.044838,"13":0.062275,"14":0.204262,"15":null,"16":null},"bb":{"7":0.00563175,"10":null},"samsung":{"4":6.465249,"5":null},"ie_mob":{"10":0.0279645517241,"11":0.152251448276},"op_mini":{"0":7.36372383673},"and_chr":{"0":43.651285},"baidu":{"0":null},"and_ff":{"0":0.037545},"and_qq":{"1.2":null},"and_uc":{"0":1.516818}},"total":99.50169375}