{"id":"MR","name":"Mauritania","month":"2016-03","access_date":"2016-04-02","data":{"firefox":{"2":0.003255,"3":0.02604,"3.5":0.01953,"3.6":0.081375,"4":0.074865,"5":0.009765,"6":0.009765,"7":0.003255,"8":0.02604,"9":0.003255,"10":0.02604,"11":0.03906,"12":0.035805,"13":0.035805,"14":0.074865,"15":0.07161,"16":0.03906,"17":0.01953,"18":0.029295,"19":0.00651,"20":0.029295,"21":0.09765,"22":0.009765,"23":0.022785,"24":0.03255,"25":0.01953,"26":0.074865,"27":0.139965,"28":0.00651,"29":0.055335,"30":0.10416,"31":0.016275,"32":0.09765,"33":0.061845,"34":0.061845,"35":0.04557,"36":0.042315,"37":0.081375,"38":0.09114,"39":0.081375,"40":0.094395,"41":0.087885,"42":0.1302,"43":0.68355,"44":3.1248,"45":1.8879,"46":0.126945,"47":0,"48":0},"chrome":{"4":0.01953,"5":0.133455,"6":0.035805,"7":0.061845,"8":0.022785,"9":0.081375,"10":0.03906,"11":0.133455,"12":0.08463,"13":0.081375,"14":0.04557,"15":0.01953,"16":0.00651,"17":0.03255,"18":0.00651,"19":0.003255,"20":0,"21":0.00651,"22":0.01953,"23":0.00651,"24":0.016275,"25":0.022785,"26":0.01953,"27":0.016275,"28":0.029295,"29":0.24087,"30":0.009765,"31":0.113925,"32":0.01302,"33":0.094395,"34":0.00651,"35":0.035805,"36":0.022785,"37":0.00651,"38":0.035805,"39":0.042315,"40":0.04557,"41":0.01302,"42":0.05859,"43":0.73563,"44":0.14973,"45":0.354795,"46":0.120435,"47":0.27993,"48":6.34725,"49":7.95522,"50":0.11067,"51":0.009765,"52":0},"opera":{"9":0,"9.5-9.6":0,"10.0-10.1":0,"10.5":0,"10.6":0,"11":0,"11.1":0,"11.5":0,"11.6":0,"12":0.009765,"12.1":0.035805,"15":0,"16":0.00651,"17":0.003255,"18":0.003255,"19":0.003255,"20":0.003255,"21":0.01953,"22":0,"23":0,"24":0,"25":0.003255,"26":0,"27":0.048825,"28":0,"29":0,"30":0.003255,"31":0.003255,"32":0.003255,"33":0.01302,"34":0.03255,"35":0.34503,"36":0.27342,"37":0,"38":0},"safari":{"3.1":0,"3.2":0,"4":0,"5":0,"5.1":0.02604,"6":0.003255,"6.1":0.009765,"7":0.00651,"7.1":0.003255,"8":0.1302,"9":0.18228,"9.1":0.01302,"0":null},"android":{"2.1":0,"2.2":0,"2.3":0.100727028325,"3":0,"4":0.57414406145,"4.1":1.94906799808,"4.2-4.3":4.39169843495,"4.4":9.09565065771,"4.4.3-4.4.4":4.87015181949,"47":null},"ios_saf":{"3.2":0,"4.0-4.1":0,"4.2-4.3":0,"5.0-5.1":0,"6.0-6.1":0.00909141180043,"7.0-7.1":0.109770379516,"8":0.007071098067,"8.1-8.4":0.293955648214,"9.0-9.2":2.32740142091,"9.3":0.579830041494},"op_mob":{"10":0,"11":0,"11.1":0,"11.5":0,"12":0,"12.1":0.00128596163573,"0":0.0488665421579},"ie":{"5.5":0,"6":0.0239932954545,"7":0.0171380681818,"8":0.510714431818,"9":0.212512045455,"10":0.195373977273,"11":1.29221034091},"ie_mob":{"10":0.098540234375,"11":0.474784765625},"edge":{"12":0.055335,"13":0.14322,"14":0},"bb":{"7":0.01854875,"10":null},"and_uc":{"0":6.44822},"op_mini":{"5.0-8.0":16.4750974962},"and_chr":{"0":16.289485},"and_ff":{"0":0.128155}},"total":93.6153209091}