{"id":"MR","name":"Mauritania","month":"2015-04","access_date":"2015-05-02","data":{"chrome":{"4":0.0651,"5":0.0651,"6":0.189875,"7":0.374325,"8":0.113925,"9":0.385175,"10":0.037975,"11":0.0868,"12":0.254975,"13":0.124775,"14":0.1085,"15":0.070525,"16":0.07595,"17":0.05425,"18":0.01085,"19":0.005425,"20":0.005425,"21":0.01085,"22":0.005425,"23":0.048825,"24":0.07595,"25":0.03255,"26":0.1085,"27":0.05425,"28":0.059675,"29":0.07595,"30":0.059675,"31":0.3038,"32":0.070525,"33":0.200725,"34":0.070525,"35":0.0868,"36":0.819175,"37":0.211575,"38":0.33635,"39":0.439425,"40":0.9982,"41":12.732475,"42":9.1357,"43":0.16275,"44":0.0434,"45":0},"firefox":{"2":0.01085,"3":0.048825,"3.5":0.037975,"3.6":0.211575,"4":0.1085,"5":0.027125,"6":0.027125,"7":0.01085,"8":0.0434,"9":0.01085,"10":0.037975,"11":0.14105,"12":0.0868,"13":0.0651,"14":0.070525,"15":0.18445,"16":0.200725,"17":0.048825,"18":0.092225,"19":0.048825,"20":0.0651,"21":0.135625,"22":0.05425,"23":0.027125,"24":0.157325,"25":0.059675,"26":0.1736,"27":0.09765,"28":0.03255,"29":0.168175,"30":0.3038,"31":0.200725,"32":0.222425,"33":0.363475,"34":0.3906,"35":0.6076,"36":2.31105,"37":6.580525,"38":0.363475,"39":0.016275,"40":0.005425},"opera":{"9":0,"9.5-9.6":0,"10.0-10.1":0,"10.5":0,"10.6":0,"11":0,"11.1":0,"11.5":0,"11.6":0.0217,"12":0.005425,"12.1":0.070525,"15":0,"16":0.01085,"17":0.01085,"18":0.03255,"19":0,"20":0.005425,"21":0.016275,"22":0.01085,"23":0.005425,"24":0.005425,"25":0.005425,"26":0.059675,"27":0.027125,"28":0.6293,"29":0.03255},"safari":{"3.1":0,"3.2":0,"4":0.005425,"5":0.01085,"5.1":0.1519,"6":0.005425,"6.1":0.05425,"7":0.1085,"7.1":0.124775,"8":0.3038},"android":{"2.1":0,"2.2":0,"2.3":0.232548104755,"3":0,"4":0.444332985872,"4.1":1.6749000402,"4.2-4.3":3.06049916437,"4.4":4.57759870492,"4.4.3-4.4.4":2.06109599989,"40":null},"ios_saf":{"3.2":0,"4.0-4.1":0,"4.2-4.3":0,"5.0-5.1":0.019571986439,"6.0-6.1":0.0496827348066,"7.0-7.1":0.744237330487,"8":0.129978063787,"8.1-8.3":4.05240488448},"op_mob":{"10":0,"11":0,"11.1":0,"11.5":0,"12":0.00436183835182,"12.1":0.0174473534073,"0":0.0872367670365},"ie":{"5.5":0,"6":0.14586519567,"7":0.0392713988343,"8":1.28473576187,"9":0.364662989176,"10":0.740546378018,"11":4.13471727727,"0":null},"ie_mob":{"10":0.114522580645,"11":0.329252419355},"bb":{"7":0.022875,"10":null},"and_uc":{"0":3.4038},"op_mini":{"5.0-8.0":13.6525540412},"and_chr":{"0":8.6631},"and_ff":{"0":0.178425}},"total":93.9665740008}