{"id":"MS","name":"Montserrat","month":"2019-07","access_date":"2019-08-05","data":{"chrome":{"4":0,"5":0,"6":0,"7":0,"8":0,"9":0,"10":0,"11":0,"12":0,"13":0,"14":0,"15":0,"16":0,"17":0,"18":0,"19":0,"20":0,"21":0,"22":0,"23":0,"24":0,"25":0,"26":0,"27":0,"28":0,"29":0,"30":0,"31":0,"32":0,"33":0,"34":0,"35":0,"36":0,"37":0,"38":0,"39":0,"40":0,"41":0,"42":0,"43":0,"44":0,"45":0,"46":0,"47":0,"48":0,"49":0.005576,"50":0,"51":0.033456,"52":0.094792,"53":0.022304,"54":0,"55":0,"56":0,"57":0,"58":0.039032,"59":0,"60":0,"61":0,"62":0.005576,"63":0,"64":0,"65":0.050184,"66":0.016728,"67":0,"68":0,"69":0,"70":0,"71":0.105944,"72":0.005576,"73":0.05576,"74":0.078064,"75":15.16672,"76":0.005576,"77":0,"78":0,"79":0},"firefox":{"2":0,"3":0,"3.5":0,"3.6":0,"4":0,"5":0,"6":0,"7":0,"8":0,"9":0,"10":0,"11":0,"12":0,"13":0,"14":0,"15":0,"16":0,"17":0,"18":0,"19":0,"20":0,"21":0,"22":0,"23":0,"24":0,"25":0,"26":0,"27":0,"28":0,"29":0,"30":0,"31":0,"32":0,"33":0,"34":0,"35":0,"36":0,"37":0,"38":0.061336,"39":0,"40":0,"41":0,"42":0,"43":0,"44":0.005576,"45":0,"46":0,"47":0,"48":0,"49":0,"50":0.022304,"51":0.050184,"52":0.005576,"53":0,"54":0,"55":0,"56":0,"57":0,"58":0,"59":0,"60":0,"61":0,"62":0,"63":0,"64":0,"65":0,"66":0,"67":0.295528,"68":0.685848,"69":0.005576,"70":0},"opera":{"9":0,"9.5-9.6":0,"10.0-10.1":0,"10.5":0,"10.6":0,"11":0,"11.1":0,"11.5":0,"11.6":0,"12":0,"12.1":0,"15":0,"16":0,"17":0,"18":0,"19":0,"20":0,"21":0,"22":0,"23":0,"24":0,"25":0,"26":0,"27":0,"28":0,"29":0,"30":0,"31":0,"32":0,"33":0,"34":0,"35":0,"36":0,"37":0,"38":0.022304,"39":0,"40":0,"41":0,"42":0,"43":0,"44":0,"45":0,"46":0,"47":0,"48":0,"49":0,"50":0.005576,"51":0,"52":0,"53":0.005576,"54":0,"55":0,"56":0,"57":0,"58":0,"60":0.061336,"62":0.105944},"safari":{"3.1":0,"3.2":0,"4":0,"5":0,"5.1":0.022304,"6":0,"6.1":0,"7":0,"7.1":0,"8":0,"9":0,"9.1":0.022304,"10":0,"10.1":0.022304,"11":0.016728,"11.1":1.778744,"12":0.144976,"12.1":3.116984,"13":0,"0":null},"ios_saf":{"3.2":0,"4.0-4.1":0,"4.2-4.3":0,"5.0-5.1":0.012300831236792,"6.0-6.1":0.0049203324947167,"7.0-7.1":0.017221163731509,"8":0,"8.1-8.4":0.024601662473584,"9.0-9.2":0.020911413102546,"9.3":0.2066539647781,"10.0-10.2":0.086105818657543,"10.3":0.22633529475697,"11.0-11.2":0.24970687410687,"11.3-11.4":0.4785023351112,"12.0-12.1":0.97299575083023,"12.2-12.3":9.9230805587199,"13":null},"android":{"2.1":0,"2.2":0,"2.3":0.004796947885939,"3":0.015590080629302,"4":0.07555192920354,"4.1":0.11752522320551,"4.2-4.3":0.47849555162242,"4.4":0,"4.4.3-4.4.4":0.52766426745329,"67":null},"ie":{"5.5":0,"6":0,"7":0,"8":0,"9":0.005576,"10":0,"11":3.992416},"edge":{"12":0,"13":0.144976,"14":0.089216,"15":0.005576,"16":0.072488,"17":0.814096,"18":0.373592,"76":null},"op_mob":{"10":null,"11":null,"11.1":null,"11.5":null,"12":null,"12.1":null,"0":null},"samsung":{"4":0.010971045576408,"5.0-5.4":0,"6.2-6.4":0,"7.2-7.4":0.098739410187668,"8.2":0,"9.2":3.9824895442359},"ie_mob":{"10":0,"11":0.123872},"bb":{"7":0,"10":0},"kaios":{"2.5":0},"baidu":{"0":null},"and_ff":{"0":0.061936},"and_uc":{"0":0.030968},"and_qq":{"1.2":0},"op_mini":{"0":0.029318501718213},"and_chr":{"0":52.319736}},"total":97.741222501718}