{"id":"MT","name":"Malta","month":"2019-10","access_date":"2019-11-04","data":{"chrome":{"4":0,"5":0,"6":0,"7":0,"8":0,"9":0,"10":0,"11":0,"12":0,"13":0,"14":0,"15":0,"16":0,"17":0,"18":0,"19":0,"20":0,"21":0.006409,"22":0,"23":0,"24":0,"25":0,"26":0,"27":0,"28":0,"29":0,"30":0,"31":0,"32":0,"33":0,"34":0,"35":0,"36":0.006409,"37":0,"38":0.006409,"39":0,"40":0,"41":0.006409,"42":0,"43":0,"44":0,"45":0,"46":0,"47":0.012818,"48":0,"49":0.544765,"50":0,"51":0,"52":0,"53":0,"54":0,"55":0.006409,"56":0,"57":0.012818,"58":0.012818,"59":0.006409,"60":0.006409,"61":0.467857,"62":0.044863,"63":0.012818,"64":0.012818,"65":0.051272,"66":0.012818,"67":0.044863,"68":0.006409,"69":0.057681,"70":0.06409,"71":0.070499,"72":0.06409,"73":0.06409,"74":0.108953,"75":0.160225,"76":0.948532,"77":25.238642,"78":2.525146,"79":0.012818,"80":0,"81":null},"firefox":{"2":0,"3":0,"3.5":0,"3.6":0,"4":0,"5":0,"6":0,"7":0,"8":0,"9":0,"10":0,"11":0,"12":0,"13":0,"14":0,"15":0,"16":0,"17":0,"18":0,"19":0,"20":0,"21":0,"22":0,"23":0,"24":0,"25":0,"26":0,"27":0,"28":0,"29":0,"30":0,"31":0,"32":0,"33":0,"34":0,"35":0,"36":0,"37":0,"38":0,"39":0,"40":0,"41":0,"42":0,"43":0,"44":0,"45":0,"46":0,"47":0.006409,"48":0.025636,"49":0,"50":0,"51":0,"52":0.032045,"53":0,"54":0,"55":0,"56":0.121771,"57":0,"58":0,"59":0,"60":0.019227,"61":0.012818,"62":0,"63":0,"64":0.025636,"65":0.006409,"66":0.012818,"67":0.006409,"68":0.179452,"69":1.172847,"70":0.249951,"71":0,"72":0},"opera":{"9":0,"9.5-9.6":0,"10.0-10.1":0,"10.5":0,"10.6":0,"11":0,"11.1":0,"11.5":0,"11.6":0,"12":0,"12.1":0,"15":0,"16":0,"17":0,"18":0,"19":0,"20":0,"21":0,"22":0,"23":0,"24":0,"25":0,"26":0,"27":0,"28":0,"29":0,"30":0,"31":0,"32":0,"33":0,"34":0,"35":0,"36":0,"37":0,"38":0,"39":0,"40":0.006409,"41":0,"42":0,"43":0,"44":0,"45":0,"46":0,"47":0,"48":0,"49":0,"50":0,"51":0,"52":0,"53":0,"54":0.006409,"55":0,"56":0,"57":0,"58":0.012818,"60":0,"62":0,"63":0.455039,"64":0.044863},"safari":{"3.1":0,"3.2":0,"4":0,"5":0,"5.1":0.006409,"6":0,"6.1":0.012818,"7":0.006409,"7.1":0,"8":0.012818,"9":0.012818,"9.1":0.025636,"10":0.012818,"10.1":0.076908,"11":0.025636,"11.1":0.19227,"12":0.19227,"12.1":1.051076,"13":1.672749,"0":null},"ios_saf":{"3.2":0,"4.0-4.1":0.0047269309757564,"4.2-4.3":0,"5.0-5.1":0.012605149268684,"6.0-6.1":0,"7.0-7.1":0.0094538619515127,"8":0,"8.1-8.4":0.018907723903025,"9.0-9.2":0.020483367561611,"9.3":0.20640931927469,"10.0-10.2":0.0866604012222,"10.3":0.23319526147065,"11.0-11.2":0.24580041073933,"11.3-11.4":0.42384814415949,"12.0-12.1":0.60189587757964,"12.2-12.4":6.26003225556,"13.0-13.2":7.6040562963334},"android":{"2.1":0,"2.2":0.0046689054054054,"2.3":0.00084889189189189,"3":0.0012733378378378,"4":0.015280054054054,"4.1":0.038624581081081,"4.2-4.3":0.24448086486486,"4.4":0,"4.4.3-4.4.4":0.13454936486486,"76":null},"samsung":{"4":0.15609176470588,"5.0-5.4":0,"6.2-6.4":0.020812235294118,"7.2-7.4":0.072842823529412,"8.2":0.031218352941176,"9.2":0.22893458823529,"10.1":2.8512762352941},"edge":{"12":0,"13":0.012818,"14":0.012818,"15":0.057681,"16":0.038454,"17":0.397358,"18":1.358708,"76":null},"op_mob":{"10":null,"11":null,"11.1":null,"11.5":null,"12":null,"12.1":null,"0":null},"ie":{"5.5":0,"6":0,"7":0,"8":0.0065895352112676,"9":0,"10":0.0065895352112676,"11":0.92253492957746},"ie_mob":{"10":0,"11":0.025137},"bb":{"7":0,"10":0},"baidu":{"0":null},"and_ff":{"0":0.104139},"and_uc":{"0":0.312417},"and_qq":{"1.2":0.021546},"kaios":{"2.5":0},"op_mini":{"0":0.13258934536082},"and_chr":{"0":38.010008}},"total":97.242531345361}