{"id":"MT","name":"Malta","month":"2018-08","access_date":"2018-09-04","data":{"chrome":{"4":0,"5":0,"6":0,"7":0,"8":0,"9":0,"10":0,"11":0,"12":0,"13":0,"14":0,"15":0,"16":0,"17":0,"18":0,"19":0,"20":0,"21":0,"22":0,"23":0,"24":0,"25":0,"26":0,"27":0,"28":0,"29":0.924704,"30":0,"31":0,"32":0.006248,"33":0,"34":0,"35":0,"36":0.018744,"37":0,"38":0.006248,"39":0,"40":0.018744,"41":0.03124,"42":0,"43":0.006248,"44":0.006248,"45":0.024992,"46":0,"47":0,"48":0.03124,"49":0.393624,"50":0.024992,"51":0.006248,"52":0.012496,"53":0,"54":0.006248,"55":0.037488,"56":0.012496,"57":0.006248,"58":0.024992,"59":0.012496,"60":0.024992,"61":0.043736,"62":0.106216,"63":0.1562,"64":0.118712,"65":0.1562,"66":0.143704,"67":5.573216,"68":17.206992,"69":0.037488,"70":0.012496,"71":0},"firefox":{"2":0,"3":0,"3.5":0,"3.6":0,"4":0,"5":0,"6":0,"7":0,"8":0,"9":0,"10":0,"11":0,"12":0,"13":0,"14":0,"15":0,"16":0,"17":0,"18":0,"19":0,"20":0,"21":0,"22":0,"23":0,"24":0,"25":0,"26":0,"27":0,"28":0,"29":0,"30":0,"31":0,"32":0,"33":0,"34":0,"35":0,"36":0,"37":0,"38":0,"39":0,"40":0,"41":0,"42":0,"43":0,"44":0,"45":0,"46":0,"47":0.006248,"48":0.056232,"49":0.006248,"50":0.03124,"51":0.006248,"52":0.081224,"53":0,"54":0,"55":0,"56":0.03124,"57":0.081224,"58":0.03124,"59":0.024992,"60":0.043736,"61":1.674464,"62":0.024992,"63":0},"opera":{"9":0,"9.5-9.6":0,"10.0-10.1":0,"10.5":0,"10.6":0,"11":0,"11.1":0,"11.5":0,"11.6":0,"12":0,"12.1":0.03124,"15":0,"16":0,"17":0,"18":0,"19":0,"20":0,"21":0,"22":0,"23":0,"24":0,"25":0,"26":0,"27":0,"28":0,"29":0,"30":0,"31":0,"32":0,"33":0,"34":0,"35":0,"36":0.006248,"37":0,"38":0,"39":0,"40":0,"41":0,"42":0,"43":0,"44":0,"45":0,"46":0,"47":0.006248,"48":0,"49":0,"50":0,"51":0,"52":0.037488,"53":0,"54":0.318648,"55":0.037488},"safari":{"3.1":0,"3.2":0,"4":0.006248,"5":0.006248,"5.1":0,"6":0,"6.1":0,"7":0,"7.1":0,"8":0.006248,"9":0.012496,"9.1":0.049984,"10":0.018744,"10.1":0.193688,"11":0.174944,"11.1":1.293336,"12":0.012496,"0":null},"ios_saf":{"3.2":0.00165941930965,"4.0-4.1":0,"4.2-4.3":0.00165941930965,"5.0-5.1":0.0248912896448,"6.0-6.1":0.0132753544772,"7.0-7.1":0.0663767723862,"8":0.0132753544772,"8.1-8.4":0.114499932366,"9.0-9.2":0.0763332882441,"9.3":0.456340310155,"10.0-10.2":0.522717082541,"10.3":0.86455746033,"11.0-11.2":1.80378878959,"11.3-11.4":12.4838114665,"12":0.14271006063},"android":{"2.1":0,"2.2":0,"2.3":0,"3":0,"4":0,"4.1":0,"4.2-4.3":0.152896598131,"4.4":0.516026018692,"4.4.3-4.4.4":0.353573383178,"67":null},"op_mob":{"10":null,"11":null,"11.1":null,"11.5":null,"12":null,"12.1":null,"0":null},"ie":{"5.5":0,"6":0.0128690149254,"7":0.0128690149254,"8":0.0772140895522,"9":0.0193035223881,"10":0.0386070447761,"11":1.56358531343},"edge":{"12":0.018744,"13":0.074976,"14":0.068728,"15":0.143704,"16":0.143704,"17":1.605736,"18":null},"samsung":{"4":0.400436224422,"5":0.0757582046205,"6.2":0.238097214521,"7.2":null},"bb":{"7":0.0090048,"10":0.0360192},"ie_mob":{"10":0.011256,"11":0.135072},"baidu":{"0":null},"and_ff":{"0":0.097552},"and_qq":{"1.2":null},"and_uc":{"0":0.240128},"op_mini":{"0":0.195368316151},"and_chr":{"0":39.494296}},"total":91.8244759597}