{"id":"MT","name":"Malta","month":"2022-01","access_date":"2022-02-02","data":{"firefox":{"2":null,"3":null,"3.5":null,"3.6":null,"4":null,"5":null,"6":null,"7":null,"8":null,"9":null,"10":null,"11":null,"12":null,"13":null,"14":null,"15":null,"16":null,"17":null,"18":null,"19":null,"20":null,"21":null,"22":null,"23":null,"24":null,"25":null,"26":null,"27":null,"28":null,"29":null,"30":null,"31":null,"32":null,"33":null,"34":null,"35":null,"36":null,"37":null,"38":null,"39":null,"40":null,"41":null,"42":null,"43":null,"44":null,"45":null,"46":null,"47":null,"48":0.01204,"49":null,"50":null,"51":null,"52":0.03011,"53":null,"54":null,"55":null,"56":null,"57":null,"58":null,"59":null,"60":null,"61":null,"62":null,"63":null,"64":null,"65":null,"66":null,"67":null,"68":0.04215,"69":null,"70":null,"71":null,"72":null,"73":null,"74":null,"75":null,"76":null,"77":null,"78":0.01806,"79":null,"80":null,"81":null,"82":0.00602,"83":null,"84":null,"85":null,"86":null,"87":null,"88":null,"89":0.00602,"90":null,"91":0.01806,"92":null,"93":null,"94":0.02408,"95":0.85498,"96":0.87305,"97":0.00602,"98":null},"chrome":{"4":null,"5":null,"6":null,"7":null,"8":null,"9":null,"10":null,"11":null,"12":null,"13":null,"14":null,"15":null,"16":null,"17":null,"18":null,"19":null,"20":null,"21":null,"22":null,"23":null,"24":null,"25":null,"26":null,"27":null,"28":null,"29":null,"30":null,"31":null,"32":null,"33":null,"34":null,"35":null,"36":null,"37":null,"38":null,"39":null,"40":null,"41":null,"42":null,"43":null,"44":null,"45":null,"46":null,"47":null,"48":null,"49":0.04215,"50":null,"51":null,"52":null,"53":null,"54":null,"55":null,"56":null,"57":null,"58":null,"59":null,"60":null,"61":null,"62":null,"63":null,"64":null,"65":null,"66":null,"67":null,"68":null,"69":0.21676,"70":0.01806,"71":0.01204,"72":null,"73":null,"74":0.01204,"75":null,"76":0.01204,"77":0.16859,"78":0.01806,"79":0.03011,"80":0.05419,"81":0.01204,"83":0.01204,"84":0.03011,"85":0.00602,"86":0.02408,"87":0.08429,"88":0.01204,"89":0.03613,"90":0.01806,"91":0.06021,"92":0.07225,"93":0.64425,"94":0.10838,"95":0.40943,"96":13.52317,"97":28.97907,"98":0.04215,"99":null,"100":0.01806,"101":null},"opera":{"9":null,"9.5-9.6":null,"10.0-10.1":0,"10.5":null,"10.6":null,"11":null,"11.1":null,"11.5":null,"11.6":null,"12":null,"12.1":null,"15":null,"16":null,"17":null,"18":null,"19":null,"20":null,"21":null,"22":null,"23":null,"24":null,"25":null,"26":null,"27":null,"28":0.01806,"29":null,"30":null,"31":null,"32":null,"33":null,"34":null,"35":null,"36":null,"37":null,"38":null,"39":null,"40":0.01806,"41":null,"42":null,"43":null,"44":null,"45":null,"46":null,"47":null,"48":null,"49":null,"50":null,"51":null,"52":null,"53":null,"54":null,"55":null,"56":null,"57":null,"58":null,"60":null,"62":null,"63":null,"64":null,"65":null,"66":null,"67":0.01204,"68":null,"69":null,"70":null,"71":null,"72":0.01204,"73":null,"74":null,"75":null,"76":null,"77":null,"78":null,"79":null,"80":null,"81":null,"82":1.64975,"83":0.01204},"edge":{"12":null,"13":null,"14":0.00602,"15":null,"16":null,"17":0.00602,"18":0.01806,"79":null,"80":null,"81":null,"83":null,"84":null,"85":null,"86":null,"87":null,"88":null,"89":null,"90":null,"91":null,"92":0.00602,"93":null,"94":0.01204,"95":0.02408,"96":1.78222,"97":4.82884},"safari":{"3.1":null,"3.2":null,"4":0,"5":null,"5.1":null,"6":null,"6.1":null,"7":null,"7.1":null,"8":null,"9":null,"9.1":0.00602,"10":null,"10.1":0.00602,"11":null,"11.1":0.09634,"12":null,"12.1":0.06623,"13":0.03613,"13.1":0.31309,"14":0.28901,"14.1":0.9453,"15":0.2589,"15.1":1.28849,"15.2-15.3":0.87907,"15.4":null,"0":null},"ios_saf":{"3.2":0,"4.0-4.1":0,"4.2-4.3":0,"5.0-5.1":0.0024,"6.0-6.1":0.006,"7.0-7.1":0.0072,"8":0,"8.1-8.4":0.01201,"9.0-9.2":0,"9.3":0.04203,"10.0-10.2":0.0072,"10.3":0.34103,"11.0-11.2":0.01441,"11.3-11.4":0.01681,"12.0-12.1":0.01681,"12.2-12.5":0.30981,"13.0-13.1":0.00961,"13.2":0.0024,"13.3":0.03122,"13.4-13.7":0.06484,"14.0-14.4":0.62802,"14.5-14.8":2.71021,"15.0-15.1":5.03015,"15.2-15.3":2.75103,"15.4":0.0024},"samsung":{"4":0.07471,"5.0-5.4":0.02057,"6.2-6.4":0.07199,"7.2-7.4":0.01067,"8.2":0.01009,"9.2":0.06171,"10.1":0.02135,"11.1-11.2":0.08538,"12.0":0.01067,"13.0":0.07471,"14.0":0.09605,"15.0":0.1174,"16.0":2.57212},"android":{"2.1":0,"2.2":0,"2.3":0,"3":0,"4":0.00318,"4.1":0,"4.2-4.3":0.00239,"4.4":0,"4.4.3-4.4.4":0.05012,"0":0},"ie":{"5.5":null,"6":null,"7":null,"8":null,"9":null,"10":null,"11":0.18665},"op_mob":{"10":null,"11":null,"11.1":null,"11.5":null,"12":null,"12.1":null,"0":null},"bb":{"7":0,"10":0},"ie_mob":{"10":null,"11":null},"and_qq":{"10.4":0},"and_uc":{"0":0.11934},"op_mini":{"0":0.08285},"and_chr":{"0":24.52428},"kaios":{"2.5":0},"baidu":{"0":null},"and_ff":{"0":0.19492}},"total":99.55304}