{"id":"MT","name":"Malta","month":"2021-05","access_date":"2021-06-04","data":{"firefox":{"2":null,"3":null,"3.5":null,"3.6":null,"4":null,"5":null,"6":null,"7":null,"8":null,"9":null,"10":null,"11":null,"12":null,"13":null,"14":null,"15":null,"16":null,"17":null,"18":null,"19":null,"20":null,"21":null,"22":null,"23":null,"24":null,"25":null,"26":null,"27":null,"28":null,"29":null,"30":null,"31":null,"32":null,"33":null,"34":null,"35":null,"36":null,"37":null,"38":null,"39":null,"40":null,"41":null,"42":null,"43":null,"44":null,"45":null,"46":null,"47":null,"48":0.03142,"49":null,"50":null,"51":null,"52":0.04398,"53":null,"54":null,"55":null,"56":null,"57":null,"58":null,"59":null,"60":null,"61":null,"62":null,"63":null,"64":null,"65":null,"66":null,"67":null,"68":null,"69":null,"70":null,"71":null,"72":null,"73":null,"74":null,"75":null,"76":null,"77":0.01885,"78":0.04398,"79":null,"80":null,"81":null,"82":null,"83":null,"84":0.03142,"85":null,"86":0.01257,"87":0.0377,"88":1.92888,"89":0.01257,"90":null,"91":null},"chrome":{"4":null,"5":null,"6":null,"7":null,"8":null,"9":null,"10":null,"11":null,"12":null,"13":null,"14":null,"15":null,"16":null,"17":null,"18":null,"19":null,"20":null,"21":null,"22":null,"23":null,"24":null,"25":null,"26":null,"27":null,"28":null,"29":null,"30":null,"31":null,"32":null,"33":null,"34":null,"35":null,"36":null,"37":null,"38":null,"39":null,"40":null,"41":null,"42":null,"43":null,"44":null,"45":null,"46":null,"47":null,"48":null,"49":0.34557,"50":null,"51":null,"52":null,"53":0.01257,"54":null,"55":null,"56":null,"57":null,"58":null,"59":null,"60":null,"61":0.3707,"62":null,"63":null,"64":null,"65":0.01257,"66":null,"67":null,"68":null,"69":0.5529,"70":0.01257,"71":0.01885,"72":0.00628,"73":0.10053,"74":0.06283,"75":0.02513,"76":0.03142,"77":0.48379,"78":0.10053,"79":0.05655,"80":0.05655,"81":0.02513,"83":0.0377,"84":0.10681,"85":0.01885,"86":0.06283,"87":0.21362,"88":0.83564,"89":1.38854,"90":40.58818,"91":1.25032,"92":null,"93":0.00628,"94":null},"opera":{"9":null,"9.5-9.6":null,"10.0-10.1":0,"10.5":null,"10.6":null,"11":null,"11.1":null,"11.5":null,"11.6":null,"12":null,"12.1":null,"15":null,"16":null,"17":null,"18":null,"19":null,"20":null,"21":null,"22":null,"23":null,"24":null,"25":null,"26":null,"27":null,"28":null,"29":null,"30":null,"31":null,"32":null,"33":null,"34":null,"35":null,"36":null,"37":null,"38":null,"39":null,"40":null,"41":null,"42":null,"43":null,"44":null,"45":null,"46":null,"47":null,"48":null,"49":null,"50":null,"51":null,"52":null,"53":null,"54":null,"55":null,"56":null,"57":null,"58":null,"60":null,"62":null,"63":null,"64":null,"65":null,"66":null,"67":null,"68":null,"69":null,"70":null,"71":null,"72":0.01885,"73":0.16964,"74":null,"75":0.63458,"76":0.32672},"ios_saf":{"3.2":0,"4.0-4.1":0,"4.2-4.3":0,"5.0-5.1":0.01917,"6.0-6.1":0.00101,"7.0-7.1":0.00605,"8":0,"8.1-8.4":0.0222,"9.0-9.2":0,"9.3":0.09484,"10.0-10.2":0.00908,"10.3":0.39549,"11.0-11.2":0.02623,"11.3-11.4":0.06154,"12.0-12.1":0.04439,"12.2-12.4":0.12813,"13.0-13.1":0.01211,"13.2":0.00504,"13.3":0.07466,"13.4-13.7":0.4086,"14.0-14.4":6.97453,"14.5-14.6":1.41347},"safari":{"3.1":null,"3.2":null,"4":0,"5":null,"5.1":null,"6":null,"6.1":null,"7":null,"7.1":null,"8":null,"9":null,"9.1":0.01885,"10":null,"10.1":0.05026,"11":0.01257,"11.1":0.0754,"12":0.02513,"12.1":0.06283,"13":0.10681,"13.1":0.67856,"14":2.89018,"14.1":0.80422,"0":null},"edge":{"12":null,"13":null,"14":0.01885,"15":0.00628,"16":0.01257,"17":0.01257,"18":0.10681,"79":null,"80":null,"81":0.01257,"83":null,"84":null,"85":0.01257,"86":0.01257,"87":null,"88":0.01257,"89":0.05026,"90":5.47249,"91":0.39583},"samsung":{"4":0.11819,"5.0-5.4":0.01022,"6.2-6.4":0.02044,"7.2-7.4":0.31679,"8.2":0.05372,"9.2":0.02149,"10.1":0.01074,"11.1-11.2":0.07521,"12.0":0.04298,"13.0":0.3116,"14.0":2.68622},"android":{"2.1":0,"2.2":0,"2.3":0,"3":0,"4":0,"4.1":0.00446,"4.2-4.3":0.00521,"4.4":0,"4.4.3-4.4.4":0.087,"0":0},"op_mob":{"10":null,"11":null,"11.1":null,"11.5":null,"12":null,"12.1":null,"0":null},"ie":{"5.5":null,"6":null,"7":null,"8":null,"9":null,"10":null,"11":0.62202},"bb":{"7":0,"10":0},"ie_mob":{"10":0.02735,"11":0.01885},"kaios":{"2.5":0},"baidu":{"0":null},"and_ff":{"0":0.22308},"and_qq":{"10.4":0},"and_uc":{"0":0.13385},"op_mini":{"0":0.12672},"and_chr":{"0":24.26685}},"total":99.82468}