{"id":"MT","name":"Malta","month":"2014-11","access_date":"2014-12-01","data":{"chrome":{"4":null,"5":null,"6":null,"7":null,"8":null,"9":null,"10":null,"11":0.08321,"12":null,"13":null,"14":null,"15":null,"16":null,"17":null,"18":0.049926,"19":null,"20":0.008321,"21":null,"22":0.041605,"23":0.016642,"24":null,"25":0.016642,"26":0.074889,"27":0.074889,"28":0.183062,"29":0.116494,"30":0.041605,"31":0.549186,"32":0.257951,"33":0.382766,"34":0.399408,"35":0.58247,"36":0.981878,"37":1.24815,"38":36.387733,"39":12.423253,"40":0.141457,"41":0.049926,"42":null},"firefox":{"2":null,"3":null,"3.5":null,"3.6":0.041605,"4":0.016642,"5":null,"6":null,"7":null,"8":0.008321,"9":null,"10":null,"11":0.008321,"12":0.041605,"13":0.016642,"14":0.016642,"15":0.016642,"16":0.049926,"17":0.041605,"18":null,"19":0.008321,"20":0.016642,"21":0.016642,"22":0.016642,"23":0.008321,"24":0.033284,"25":0.016642,"26":0.016642,"27":0.008321,"28":0.041605,"29":0.033284,"30":0.074889,"31":0.149778,"32":1.24815,"33":8.670482,"34":0.183062,"35":null,"36":null},"opera":{"9":null,"9.5-9.6":null,"10.0-10.1":0,"10.5":null,"10.6":null,"11":null,"11.1":null,"11.5":null,"11.6":null,"12":null,"12.1":0.066568,"15":null,"16":null,"17":null,"18":null,"19":null,"20":null,"21":null,"22":null,"23":null,"24":null,"25":0.316198,"26":0.133136,"27":null,"28":null},"android":{"2.1":0,"2.2":0.00815620363856,"2.3":0.11418685094,"3":0.00362497939491,"4":0.235623660669,"4.1":0.770308121419,"4.2-4.3":1.07571263544,"4.4":1.6570687059,"4.4.3-4.4.4":0.643433842597,"37":0},"safari":{"3.1":null,"3.2":null,"4":0.041605,"5":0.133136,"5.1":0.457655,"6":0.116494,"6.1":0.266272,"7":0.607433,"7.1":0.740569,"8":1.439533},"ios_saf":{"3.2":0,"4.0-4.1":0,"4.2-4.3":0,"5.0-5.1":0.0282496675359,"6.0-6.1":0.127340809046,"7.0-7.1":1.53765113449,"8":0.583681592318,"8.1":2.05657579661},"op_mob":{"10":0,"11":0,"11.1":0,"11.5":0,"12":0.000558817400101,"12.1":0.00279408700051,"0":null},"ie":{"5.5":null,"6":0.00832625315657,"7":0.0333050126263,"8":1.24893797348,"9":1.55700934028,"10":1.48207306187,"11":8.85913335859},"bb":{"7":0.011753,"10":null},"ie_mob":{"10":0.3789503,"11":null},"and_chr":{"0":7.14069},"and_ff":{"0":0.070518},"and_uc":{"0":0.021827},"op_mini":{"5.0-8.0":0.154473095599}},"total":99.0426833}