{"id":"MU","name":"Mauritius","month":"2014-12","access_date":"2015-01-01","data":{"chrome":{"4":0.007487,"5":0.014974,"6":0.014974,"7":null,"8":0.014974,"9":0.014974,"10":null,"11":0.059896,"12":0.037435,"13":null,"14":0.014974,"15":null,"16":0.014974,"17":0.007487,"18":0.134766,"19":null,"20":0.052409,"21":0.022461,"22":0.179688,"23":0.052409,"24":0.022461,"25":0.022461,"26":0.089844,"27":0.089844,"28":0.104818,"29":0.067383,"30":0.029948,"31":0.591473,"32":0.321941,"33":0.464194,"34":0.329428,"35":0.569012,"36":1.751958,"37":0.928388,"38":1.452478,"39":36.38682,"40":0.22461,"41":0.434246,"42":null},"firefox":{"2":0.007487,"3":0.022461,"3.5":0.059896,"3.6":0.07487,"4":0.029948,"5":0.022461,"6":0.014974,"7":0.022461,"8":0.014974,"9":0.007487,"10":0.022461,"11":0.07487,"12":0.059896,"13":0.022461,"14":0.029948,"15":0.037435,"16":0.037435,"17":0.014974,"18":0.022461,"19":0.022461,"20":0.037435,"21":0.029948,"22":0.059896,"23":0.029948,"24":0.067383,"25":0.044922,"26":0.07487,"27":0.029948,"28":0.059896,"29":0.067383,"30":0.172201,"31":0.187175,"32":0.269532,"33":4.761732,"34":9.725613,"35":0.576499,"36":0.014974,"37":0.014974},"opera":{"9":null,"9.5-9.6":null,"10.0-10.1":0,"10.5":null,"10.6":null,"11":null,"11.1":null,"11.5":null,"11.6":null,"12":0.014974,"12.1":0.217123,"15":0.014974,"16":0.022461,"17":null,"18":0.007487,"19":0.014974,"20":0.029948,"21":null,"22":null,"23":null,"24":0.022461,"25":0.029948,"26":1.093102,"27":0.007487,"28":null},"android":{"2.1":0,"2.2":0.00573869185748,"2.3":0.161400708492,"3":0,"4":0.332844127734,"4.1":1.02005247767,"4.2-4.3":1.62476713215,"4.4":2.72659596879,"4.4.3-4.4.4":1.11474089332,"37":0},"safari":{"3.1":null,"3.2":null,"4":0.014974,"5":0.14974,"5.1":0.336915,"6":0.089844,"6.1":0.157227,"7":0.389324,"7.1":0.366863,"8":0.696291},"ios_saf":{"3.2":0,"4.0-4.1":0,"4.2-4.3":0,"5.0-5.1":0.0123915331594,"6.0-6.1":0.0512463405237,"7.0-7.1":0.606975098826,"8":0.172011282332,"8.1":1.25070474516},"op_mob":{"10":0,"11":0,"11.1":0,"11.5":0,"12":0.00638314199029,"12.1":0.0319157099515,"0":null},"ie":{"5.5":null,"6":0.0299730401338,"7":0.0449595602007,"8":1.39374636622,"9":0.726846223244,"10":1.43121266639,"11":5.33520114381,"0":null},"bb":{"7":0.0339255,"10":null},"ie_mob":{"10":0.5825134,"11":null},"op_mini":{"5.0-8.0":4.47002314806},"and_chr":{"0":6.963436},"and_ff":{"0":0.155806},"and_uc":{"0":1.261526}},"total":96.5939929}