{"id":"MW","name":"Malawi","month":"2021-10","access_date":"2021-11-04","data":{"firefox":{"2":null,"3":null,"3.5":null,"3.6":null,"4":null,"5":0.01014,"6":null,"7":null,"8":null,"9":null,"10":null,"11":null,"12":null,"13":null,"14":null,"15":null,"16":null,"17":0.00676,"18":0.00676,"19":null,"20":null,"21":null,"22":null,"23":null,"24":null,"25":null,"26":null,"27":null,"28":null,"29":0.02028,"30":null,"31":null,"32":null,"33":null,"34":0.00676,"35":null,"36":null,"37":null,"38":null,"39":null,"40":null,"41":null,"42":0.00338,"43":0.00338,"44":null,"45":null,"46":0.00338,"47":null,"48":null,"49":null,"50":null,"51":null,"52":0.05408,"53":null,"54":null,"55":null,"56":0.01352,"57":null,"58":null,"59":0.02704,"60":null,"61":0.01014,"62":null,"63":0.04056,"64":null,"65":0.00338,"66":null,"67":null,"68":0.00676,"69":0.02704,"70":null,"71":0.00676,"72":0.01352,"73":0.00338,"74":null,"75":null,"76":null,"77":null,"78":0.07098,"79":null,"80":0.01014,"81":0.00338,"82":null,"83":null,"84":0.00338,"85":0.00676,"86":0.00676,"87":0.01352,"88":0.07098,"89":0.05408,"90":0.01352,"91":0.0676,"92":0.99034,"93":1.79478,"94":0.27716,"95":null},"chrome":{"4":null,"5":null,"6":null,"7":null,"8":null,"9":null,"10":null,"11":0.00338,"12":null,"13":null,"14":null,"15":null,"16":null,"17":null,"18":null,"19":null,"20":0.01014,"21":null,"22":null,"23":null,"24":null,"25":null,"26":null,"27":null,"28":null,"29":null,"30":null,"31":null,"32":null,"33":0.0169,"34":null,"35":null,"36":null,"37":null,"38":null,"39":null,"40":0.00676,"41":null,"42":0.00676,"43":0.00338,"44":0.00338,"45":null,"46":null,"47":null,"48":null,"49":0.01014,"50":0.00338,"51":null,"52":null,"53":null,"54":null,"55":0.01014,"56":0.00338,"57":0.01014,"58":0.01014,"59":0.01014,"60":0.00338,"61":0.00676,"62":null,"63":0.02028,"64":0.01014,"65":0.00676,"66":0.00676,"67":0.07774,"68":0.00676,"69":0.16224,"70":0.0169,"71":0.02366,"72":0.01014,"73":null,"74":0.02366,"75":0.04056,"76":0.0169,"77":0.0169,"78":0.03718,"79":0.06422,"80":0.02704,"81":0.02366,"83":0.02028,"84":0.0169,"85":0.01352,"86":0.06084,"87":0.16224,"88":0.11492,"89":0.02704,"90":0.09802,"91":0.17914,"92":0.44954,"93":0.64896,"94":10.13324,"95":2.73104,"96":0.02028,"97":0.0169,"98":null},"opera":{"9":null,"9.5-9.6":null,"10.0-10.1":0,"10.5":null,"10.6":null,"11":null,"11.1":null,"11.5":null,"11.6":null,"12":null,"12.1":0.00676,"15":null,"16":null,"17":null,"18":null,"19":null,"20":null,"21":null,"22":null,"23":null,"24":null,"25":null,"26":null,"27":null,"28":null,"29":null,"30":null,"31":null,"32":null,"33":null,"34":0.00676,"35":0.00676,"36":null,"37":0.00338,"38":null,"39":null,"40":null,"41":null,"42":0.00338,"43":null,"44":null,"45":null,"46":null,"47":null,"48":null,"49":null,"50":0.00338,"51":null,"52":null,"53":null,"54":null,"55":null,"56":null,"57":null,"58":null,"60":null,"62":null,"63":0.00676,"64":0.24336,"65":0.01014,"66":null,"67":null,"68":null,"69":null,"70":null,"71":null,"72":null,"73":null,"74":null,"75":null,"76":0.02366,"77":0.01014,"78":0.03718,"79":0.67262,"80":0.31434},"ios_saf":{"3.2":0,"4.0-4.1":0,"4.2-4.3":0.00347,"5.0-5.1":0.00485,"6.0-6.1":0.00416,"7.0-7.1":0.00508,"8":0.00139,"8.1-8.4":0.00046,"9.0-9.2":0.00416,"9.3":0.04945,"10.0-10.2":0.00139,"10.3":0.0409,"11.0-11.2":0.00901,"11.3-11.4":0.00601,"12.0-12.1":0.01294,"12.2-12.5":0.19803,"13.0-13.1":0.01155,"13.2":0.00393,"13.3":0.01594,"13.4-13.7":0.10583,"14.0-14.4":0.44713,"14.5-14.8":0.88085,"15":0.50351},"edge":{"12":0.09126,"13":0.02704,"14":0.03042,"15":0.0507,"16":0.0507,"17":0.05408,"18":0.34476,"79":null,"80":null,"81":0.00338,"83":null,"84":0.04056,"85":0.02366,"86":0.02028,"87":0.00676,"88":0.00338,"89":0.05408,"90":0.07436,"91":0.20618,"92":0.1521,"93":0.29068,"94":2.13954,"95":0.5746},"safari":{"3.1":null,"3.2":null,"4":0,"5":null,"5.1":0.04394,"6":null,"6.1":null,"7":null,"7.1":null,"8":null,"9":null,"9.1":null,"10":null,"10.1":null,"11":0.00338,"11.1":0.00676,"12":0.00676,"12.1":0.02028,"13":0.00676,"13.1":0.16562,"14":0.05408,"14.1":0.13858,"15":0.06422,"0":null},"samsung":{"4":0.40955,"5.0-5.4":0.02048,"6.2-6.4":0.03072,"7.2-7.4":0.15358,"8.2":0.0201,"9.2":0.03072,"10.1":0.03072,"11.1-11.2":0.10239,"12.0":0.12287,"13.0":0.27645,"14.0":0.3174,"15.0":1.10579},"android":{"2.1":0,"2.2":0,"2.3":0,"3":0,"4":0.00242,"4.1":0.00485,"4.2-4.3":0.01334,"4.4":0,"4.4.3-4.4.4":0.22429,"0":0},"op_mob":{"10":null,"11":null,"11.1":null,"11.5":null,"12":null,"12.1":null,"0":null},"ie":{"5.5":null,"6":null,"7":null,"8":0.01889,"9":null,"10":0.01259,"11":0.28962},"bb":{"7":0,"10":0.13238},"ie_mob":{"10":null,"11":0.24045},"baidu":{"0":null},"and_ff":{"0":0.19195},"and_qq":{"10.4":0.19857},"and_uc":{"0":6.54619},"op_mini":{"0":11.04774},"and_chr":{"0":49.09457},"kaios":{"2.5":0.04633}},"total":98.14557}