{"id":"MW","name":"Malawi","month":"2021-07","access_date":"2021-08-04","data":{"firefox":{"2":null,"3":null,"3.5":null,"3.6":null,"4":0.00352,"5":0.00352,"6":null,"7":null,"8":null,"9":null,"10":0.01408,"11":null,"12":null,"13":null,"14":null,"15":null,"16":null,"17":null,"18":null,"19":null,"20":null,"21":0.00352,"22":null,"23":null,"24":null,"25":null,"26":null,"27":0.06334,"28":null,"29":0.02463,"30":0.00704,"31":null,"32":null,"33":null,"34":null,"35":null,"36":null,"37":0.00352,"38":null,"39":0.00352,"40":0.00704,"41":null,"42":null,"43":0.00704,"44":null,"45":null,"46":null,"47":0.02463,"48":null,"49":null,"50":null,"51":null,"52":0.05279,"53":null,"54":null,"55":null,"56":0.00704,"57":0.00704,"58":null,"59":0.02111,"60":null,"61":0.01408,"62":0.00352,"63":0.0563,"64":0.00704,"65":0.06334,"66":0.01056,"67":null,"68":null,"69":0.02463,"70":null,"71":null,"72":0.02463,"73":null,"74":null,"75":null,"76":0.00352,"77":0.01056,"78":0.03167,"79":0.01056,"80":0.01408,"81":0.07742,"82":0.00704,"83":0.00704,"84":0.00704,"85":0.00704,"86":0.0176,"87":0.01056,"88":0.12317,"89":2.15011,"90":1.22461,"91":0.11261,"92":null},"chrome":{"4":null,"5":null,"6":null,"7":null,"8":null,"9":null,"10":null,"11":null,"12":null,"13":null,"14":null,"15":null,"16":null,"17":null,"18":null,"19":null,"20":null,"21":null,"22":null,"23":null,"24":0.00352,"25":0.00704,"26":null,"27":null,"28":null,"29":null,"30":null,"31":null,"32":null,"33":0.01056,"34":null,"35":null,"36":null,"37":null,"38":0.00352,"39":null,"40":0.00704,"41":null,"42":null,"43":0.00352,"44":null,"45":null,"46":null,"47":null,"48":0.00704,"49":0.01408,"50":0.00704,"51":null,"52":null,"53":null,"54":null,"55":null,"56":0.00352,"57":null,"58":null,"59":null,"60":0.01056,"61":null,"62":null,"63":0.01056,"64":0.00704,"65":0.00704,"66":null,"67":0.00704,"68":0.00704,"69":0.05982,"70":0.0176,"71":0.01408,"72":0.01056,"73":0.02111,"74":0.03871,"75":0.00352,"76":0.04927,"77":0.0176,"78":0.02815,"79":0.06334,"80":0.06686,"81":0.04223,"83":0.07742,"84":0.0176,"85":0.03871,"86":0.05982,"87":0.1302,"88":0.10205,"89":0.18651,"90":0.46451,"91":11.60214,"92":2.8891,"93":0.0176,"94":null,"95":null},"opera":{"9":null,"9.5-9.6":null,"10.0-10.1":0,"10.5":null,"10.6":null,"11":null,"11.1":null,"11.5":null,"11.6":null,"12":null,"12.1":0.00704,"15":null,"16":null,"17":null,"18":null,"19":null,"20":null,"21":null,"22":null,"23":null,"24":null,"25":null,"26":null,"27":null,"28":null,"29":null,"30":null,"31":null,"32":null,"33":null,"34":0.00704,"35":null,"36":0.00704,"37":null,"38":0.00352,"39":null,"40":0.00352,"41":null,"42":0.01408,"43":null,"44":0.00352,"45":0.03167,"46":null,"47":null,"48":0.01056,"49":null,"50":null,"51":0.00352,"52":null,"53":null,"54":null,"55":null,"56":0.00704,"57":null,"58":null,"60":0.01056,"62":0.00352,"63":null,"64":0.28856,"65":0.03871,"66":null,"67":null,"68":null,"69":null,"70":null,"71":null,"72":null,"73":null,"74":0.00704,"75":0.03871,"76":0.04927,"77":1.22109},"ios_saf":{"3.2":0.00031,"4.0-4.1":0.00094,"4.2-4.3":0.00126,"5.0-5.1":0.00063,"6.0-6.1":0.0044,"7.0-7.1":0.0198,"8":0,"8.1-8.4":0.00189,"9.0-9.2":0.0088,"9.3":0.05281,"10.0-10.2":0.00314,"10.3":0.02326,"11.0-11.2":0.01195,"11.3-11.4":0.0198,"12.0-12.1":0.02075,"12.2-12.4":0.19647,"13.0-13.1":0.00597,"13.2":0.0088,"13.3":0.05784,"13.4-13.7":0.11882,"14.0-14.4":1.24733,"14.5-14.7":1.12442},"safari":{"3.1":null,"3.2":null,"4":0,"5":null,"5.1":0.08446,"6":null,"6.1":null,"7":null,"7.1":null,"8":null,"9":null,"9.1":null,"10":null,"10.1":0.01056,"11":null,"11.1":0.00352,"12":0.00352,"12.1":0.01408,"13":0.02815,"13.1":0.03519,"14":0.10909,"14.1":0.15132,"15":null,"0":null},"edge":{"12":0.09149,"13":0.02111,"14":0.02463,"15":0.06334,"16":0.05982,"17":0.08094,"18":0.34486,"79":null,"80":0.00704,"81":0.00704,"83":null,"84":0.05279,"85":0.03871,"86":0.01056,"87":0.02815,"88":0.01408,"89":0.07742,"90":0.24633,"91":2.78353,"92":0.43636},"samsung":{"4":0.51073,"5.0-5.4":0.01021,"6.2-6.4":0.01021,"7.2-7.4":0.20429,"8.2":0.01053,"9.2":0.26558,"10.1":0.02043,"11.1-11.2":0.0715,"12.0":0.143,"13.0":0.27579,"14.0":1.30747},"android":{"2.1":0,"2.2":0,"2.3":0,"3":0,"4":0.00145,"4.1":0.00434,"4.2-4.3":0.01085,"4.4":0,"4.4.3-4.4.4":0.15836,"0":0},"op_mob":{"10":null,"11":null,"11.1":null,"11.5":null,"12":null,"12.1":null,"0":null},"ie":{"5.5":null,"6":null,"7":null,"8":0.00952,"9":null,"10":null,"11":0.57112},"bb":{"7":0,"10":0.29165},"ie_mob":{"10":null,"11":0.01864},"and_chr":{"0":46.7505},"kaios":{"2.5":0.03241},"baidu":{"0":null},"and_ff":{"0":0.15554},"and_qq":{"10.4":0.01944},"and_uc":{"0":6.59766},"op_mini":{"0":10.36949}},"total":97.74098}