{"id":"MX","name":"Mexico","month":"2021-11","access_date":"2021-12-03","data":{"firefox":{"2":null,"3":null,"3.5":null,"3.6":null,"4":1.13568,"5":null,"6":null,"7":null,"8":null,"9":null,"10":null,"11":null,"12":null,"13":null,"14":null,"15":null,"16":null,"17":null,"18":null,"19":null,"20":null,"21":null,"22":null,"23":null,"24":null,"25":null,"26":null,"27":null,"28":null,"29":null,"30":null,"31":null,"32":null,"33":null,"34":0.00442,"35":null,"36":null,"37":null,"38":null,"39":null,"40":null,"41":null,"42":null,"43":null,"44":null,"45":null,"46":null,"47":null,"48":null,"49":null,"50":null,"51":null,"52":0.02651,"53":null,"54":null,"55":null,"56":0.00442,"57":null,"58":null,"59":null,"60":null,"61":null,"62":null,"63":null,"64":null,"65":null,"66":null,"67":null,"68":null,"69":null,"70":null,"71":null,"72":null,"73":0.00442,"74":null,"75":null,"76":null,"77":null,"78":0.06629,"79":null,"80":null,"81":null,"82":null,"83":null,"84":0.00884,"85":null,"86":null,"87":null,"88":0.01326,"89":0.00884,"90":0.0221,"91":0.0221,"92":0.01768,"93":0.22979,"94":1.40082,"95":0.01326,"96":null},"chrome":{"4":null,"5":null,"6":null,"7":null,"8":null,"9":null,"10":null,"11":null,"12":null,"13":null,"14":null,"15":null,"16":null,"17":null,"18":null,"19":null,"20":null,"21":null,"22":0.00884,"23":null,"24":null,"25":null,"26":null,"27":null,"28":null,"29":null,"30":null,"31":null,"32":null,"33":null,"34":0.00442,"35":null,"36":null,"37":null,"38":0.00884,"39":null,"40":null,"41":null,"42":null,"43":null,"44":null,"45":null,"46":null,"47":null,"48":0.00442,"49":0.08396,"50":null,"51":null,"52":0.01326,"53":null,"54":null,"55":null,"56":null,"57":null,"58":0.00884,"59":null,"60":null,"61":0.02651,"62":null,"63":0.00884,"64":null,"65":0.01326,"66":0.0221,"67":0.01326,"68":null,"69":0.00442,"70":0.00884,"71":0.00442,"72":0.00442,"73":0.00442,"74":0.00884,"75":0.01326,"76":0.03093,"77":0.01326,"78":0.0221,"79":0.04861,"80":0.0221,"81":0.02651,"83":0.0221,"84":0.0221,"85":0.0221,"86":0.03535,"87":0.21653,"88":0.0707,"89":0.03977,"90":0.0707,"91":0.11931,"92":0.19886,"93":0.19444,"94":0.93241,"95":17.18549,"96":10.93703,"97":0.02651,"98":null,"99":null},"opera":{"9":null,"9.5-9.6":null,"10.0-10.1":0,"10.5":null,"10.6":null,"11":null,"11.1":null,"11.5":null,"11.6":null,"12":null,"12.1":null,"15":null,"16":null,"17":null,"18":null,"19":null,"20":null,"21":null,"22":null,"23":null,"24":null,"25":null,"26":null,"27":null,"28":null,"29":null,"30":null,"31":null,"32":null,"33":null,"34":null,"35":null,"36":null,"37":null,"38":null,"39":null,"40":null,"41":null,"42":null,"43":null,"44":null,"45":null,"46":null,"47":null,"48":null,"49":null,"50":null,"51":null,"52":null,"53":null,"54":null,"55":null,"56":null,"57":null,"58":null,"60":null,"62":null,"63":null,"64":null,"65":null,"66":null,"67":null,"68":null,"69":null,"70":null,"71":null,"72":null,"73":null,"74":null,"75":null,"76":null,"77":null,"78":0.00442,"79":0.01326,"80":0.93241,"81":0.41539},"edge":{"12":0.00884,"13":null,"14":null,"15":0.00442,"16":0.00442,"17":0.00884,"18":0.03093,"79":null,"80":null,"81":null,"83":null,"84":0.00884,"85":0.01326,"86":null,"87":null,"88":null,"89":0.00884,"90":0.00884,"91":0.00884,"92":0.0221,"93":0.01326,"94":0.11931,"95":2.49232,"96":0.99428},"safari":{"3.1":null,"3.2":null,"4":0,"5":null,"5.1":0.03093,"6":null,"6.1":null,"7":null,"7.1":null,"8":null,"9":null,"9.1":null,"10":null,"10.1":0.00884,"11":null,"11.1":0.0221,"12":0.00442,"12.1":0.04419,"13":0.03093,"13.1":0.20769,"14":0.21653,"14.1":0.82193,"15":0.38887,"15.1":0.5126,"0":null},"ios_saf":{"3.2":0,"4.0-4.1":0,"4.2-4.3":0,"5.0-5.1":0.00385,"6.0-6.1":0.00192,"7.0-7.1":0.01155,"8":0,"8.1-8.4":0.00577,"9.0-9.2":0.01539,"9.3":0.09044,"10.0-10.2":0.00289,"10.3":0.07216,"11.0-11.2":0.01347,"11.3-11.4":0.03945,"12.0-12.1":0.01443,"12.2-12.5":0.53208,"13.0-13.1":0.01636,"13.2":0.00674,"13.3":0.04618,"13.4-13.7":0.15491,"14.0-14.4":0.53111,"14.5-14.8":4.22775,"15.0-15.1":3.83133},"samsung":{"4":0.10735,"5.0-5.4":null,"6.2-6.4":null,"7.2-7.4":0.07514,"8.2":null,"9.2":null,"10.1":null,"11.1-11.2":0.05367,"12.0":0.02147,"13.0":0.05367,"14.0":0.05367,"15.0":0.95538},"android":{"2.1":0,"2.2":0,"2.3":0,"3":0,"4":0.00106,"4.1":0.00264,"4.2-4.3":0.00529,"4.4":0,"4.4.3-4.4.4":0.04125,"0":0},"op_mob":{"10":null,"11":null,"11.1":null,"11.5":null,"12":null,"12.1":null,"0":null},"ie":{"5.5":null,"6":null,"7":null,"8":0.0195,"9":0.00975,"10":0.00975,"11":0.24381},"bb":{"7":0,"10":0},"ie_mob":{"10":null,"11":null},"and_chr":{"0":46.81735},"kaios":{"2.5":0.00558},"baidu":{"0":null},"and_ff":{"0":0.17304},"and_qq":{"10.4":0},"and_uc":{"0":0.0614},"op_mini":{"0":0.21667}},"total":99.44758}