{"id":"MX","name":"Mexico","month":"2015-11","access_date":"2015-12-02","data":{"chrome":{"4":0,"5":0,"6":0,"7":0,"8":0,"9":0,"10":0,"11":0.046788,"12":0.006684,"13":0,"14":0,"15":0,"16":0,"17":0,"18":0.013368,"19":0,"20":0,"21":0.013368,"22":0.093576,"23":0.006684,"24":0.006684,"25":0.013368,"26":0.020052,"27":0.013368,"28":0.013368,"29":0.013368,"30":0.006684,"31":0.040104,"32":0.040104,"33":0.03342,"34":0.06684,"35":0.10026,"36":0.207204,"37":0.073524,"38":0.10026,"39":0.153732,"40":0.10026,"41":0.10026,"42":0.173784,"43":0.554772,"44":0.461196,"45":0.561456,"46":38.138904,"47":0.13368,"48":0.040104,"49":0.006684,"50":0},"firefox":{"2":0,"3":0.006684,"3.5":0,"3.6":0.013368,"4":0,"5":0.006684,"6":0.006684,"7":0,"8":0,"9":0,"10":0.006684,"11":0.006684,"12":0.013368,"13":0.006684,"14":0.006684,"15":0.006684,"16":0.020052,"17":0.006684,"18":0.006684,"19":0.006684,"20":0.013368,"21":0.006684,"22":0.006684,"23":0.006684,"24":0.006684,"25":0.006684,"26":0.006684,"27":0.013368,"28":0.013368,"29":0.013368,"30":0.020052,"31":0.046788,"32":0.03342,"33":0.026736,"34":0.046788,"35":0.040104,"36":0.03342,"37":0.060156,"38":0.213888,"39":0.140364,"40":0.147048,"41":1.417008,"42":3.783144,"43":0.026736,"44":0.006684,"45":0},"opera":{"9":0,"9.5-9.6":0,"10.0-10.1":0,"10.5":0,"10.6":0,"11":0,"11.1":0,"11.5":0,"11.6":0,"12":0,"12.1":0.026736,"15":0,"16":0,"17":0,"18":0,"19":0,"20":0.006684,"21":0,"22":0,"23":0,"24":0,"25":0,"26":0,"27":0,"28":0.013368,"29":0.013368,"30":0.013368,"31":0.013368,"32":0.10026,"33":0.608244,"34":0.006684,"35":0},"safari":{"3.1":0,"3.2":0,"4":0.026736,"5":0.073524,"5.1":0.1671,"6":0.040104,"6.1":0.13368,"7":0.120312,"7.1":0.147048,"8":0.695136,"9":1.557372},"android":{"2.1":0,"2.2":0,"2.3":0.0593184633453,"3":0,"4":0.0717339556734,"4.1":0.768381025194,"4.2-4.3":1.63056799242,"4.4":3.11904757265,"4.4.3-4.4.4":1.63332699072,"46":null},"ios_saf":{"3.2":0,"4.0-4.1":0,"4.2-4.3":0,"5.0-5.1":0.021071010259,"6.0-6.1":0.0175591752158,"7.0-7.1":0.460050390655,"8":0.0649689482986,"8.1-8.4":1.68129102692,"9.0-9.1":6.39856344865},"op_mob":{"10":0,"11":0,"11.1":0,"11.5":0,"12":0.000356684789905,"12.1":0.000713369579809,"0":0.0174775547053},"ie":{"5.5":0,"6":0.020225193858,"7":0.026966925144,"8":0.660689666027,"9":0.626981009597,"10":0.876425067179,"11":4.78662921305},"bb":{"7":0.044766,"10":null},"ie_mob":{"10":0.246321130435,"11":1.08671086957},"edge":{"12":null,"13":null,"14":null},"and_uc":{"0":0.470872},"op_mini":{"5.0-8.0":2.10700839092},"and_chr":{"0":20.00914},"and_ff":{"0":0.039792}},"total":98.3201790749}