{"id":"MX","name":"Mexico","month":"2019-06","access_date":"2019-07-05","data":{"chrome":{"4":0,"5":0,"6":0,"7":0,"8":0,"9":0,"10":0,"11":0,"12":0,"13":0,"14":0,"15":0,"16":0,"17":0,"18":0,"19":0,"20":0,"21":0,"22":0.006211,"23":0,"24":0,"25":0,"26":0,"27":0,"28":0,"29":0.006211,"30":0,"31":0,"32":0,"33":0,"34":0.006211,"35":0,"36":0,"37":0,"38":0.012422,"39":0,"40":0,"41":0.006211,"42":0,"43":0.006211,"44":0,"45":0,"46":0.006211,"47":0.006211,"48":0,"49":0.391293,"50":0.006211,"51":0.006211,"52":0.006211,"53":0.006211,"54":0.006211,"55":0.006211,"56":0.006211,"57":0.006211,"58":0.031055,"59":0.006211,"60":0.012422,"61":0.043477,"62":0.012422,"63":0.043477,"64":0.012422,"65":0.06211,"66":0.031055,"67":0.130431,"68":0.037266,"69":0.055899,"70":0.086954,"71":0.130431,"72":0.136642,"73":0.273284,"74":15.080308,"75":10.359948,"76":0.018633,"77":0.006211,"78":0},"firefox":{"2":0,"3":0,"3.5":0,"3.6":0,"4":0,"5":0,"6":0,"7":0,"8":0,"9":0,"10":0,"11":0,"12":0,"13":0,"14":0,"15":0,"16":0,"17":0,"18":0,"19":0,"20":0,"21":0,"22":0,"23":0,"24":0,"25":0,"26":0,"27":0,"28":0,"29":0,"30":0,"31":0,"32":0,"33":0,"34":0,"35":0,"36":0,"37":0,"38":0,"39":0,"40":0,"41":0,"42":0,"43":0.006211,"44":0,"45":0.006211,"46":0,"47":0.012422,"48":0.043477,"49":0,"50":0.006211,"51":0.006211,"52":0.049688,"53":0.006211,"54":0,"55":0,"56":0.006211,"57":0.006211,"58":0.006211,"59":0,"60":0.031055,"61":0.006211,"62":0.012422,"63":0.012422,"64":0.012422,"65":0.018633,"66":0.093165,"67":1.981309,"68":0.024844,"69":0},"opera":{"9":0,"9.5-9.6":0,"10.0-10.1":0,"10.5":0,"10.6":0,"11":0,"11.1":0,"11.5":0,"11.6":0,"12":0,"12.1":0.006211,"15":0,"16":0,"17":0,"18":0,"19":0,"20":0,"21":0,"22":0,"23":0,"24":0,"25":0,"26":0,"27":0,"28":0,"29":0,"30":0,"31":0,"32":0,"33":0,"34":0,"35":0,"36":0,"37":0,"38":0,"39":0,"40":0,"41":0,"42":0,"43":0,"44":0,"45":0,"46":0,"47":0,"48":0,"49":0,"50":0,"51":0,"52":0,"53":0,"54":0,"55":0,"56":0,"57":0,"58":0.018633},"safari":{"3.1":0,"3.2":0,"4":0,"5":0,"5.1":0.583834,"6":0,"6.1":0.012422,"7":0,"7.1":0,"8":0.130431,"9":0.024844,"9.1":0.055899,"10":0.031055,"10.1":0.155275,"11":0.074532,"11.1":0.285706,"12":0.472036,"12.1":1.596227,"13":0.006211,"0":null},"ios_saf":{"3.2":0.0096327088429918,"4.0-4.1":0.011773310808101,"4.2-4.3":0.0010703009825546,"5.0-5.1":0.011773310808101,"6.0-6.1":0.0032109029476639,"7.0-7.1":0.014984213755765,"8":0.0010703009825546,"8.1-8.4":0.028898126528975,"9.0-9.2":0.017124815720874,"9.3":0.17766996310407,"10.0-10.2":0.081342874674153,"10.3":0.21513049749348,"11.0-11.2":0.24509892500501,"11.3-11.4":0.49126815099258,"12.0-12.1":1.1741201778624,"12.2":8.1910134194907,"13":null},"android":{"2.1":0.0059870243902439,"2.2":0.014468642276423,"2.3":0.001995674796748,"3":0.0064859430894309,"4":0.087310772357724,"4.1":0.036919983739837,"4.2-4.3":0.19457829268293,"4.4":0,"4.4.3-4.4.4":0.20455666666667,"67":null},"edge":{"12":0.012422,"13":0.012422,"14":0.031055,"15":0.043477,"16":0.055899,"17":0.919228,"18":0.322972,"76":null},"op_mob":{"10":null,"11":null,"11.1":null,"11.5":null,"12":null,"12.1":null,"0":null},"ie":{"5.5":0,"6":0,"7":0,"8":0.043796683823529,"9":0.025026676470588,"10":0.031283345588235,"11":0.75080029411765},"samsung":{"4":0.21543171428571,"5.0-5.4":0.020517306122449,"6.2-6.4":0.030775959183673,"7.2-7.4":0.061551918367347,"8.2":0.061551918367347,"9.2":1.1181931836735},"ie_mob":{"10":0,"11":0.090936},"bb":{"7":0,"10":0.007578},"baidu":{"0":null},"and_ff":{"0":0.083358},"and_uc":{"0":0.071991},"and_qq":{"1.2":0},"op_mini":{"0":0.26186417010309},"and_chr":{"0":49.394051},"kaios":{"2.5":0}},"total":97.762279170103}