{"id":"MY","name":"Malaysia","month":"2017-06","access_date":"2017-07-11","data":{"chrome":{"4":0,"5":0,"6":0.003919,"7":0,"8":0,"9":0,"10":0.003919,"11":0.027433,"12":0.003919,"13":0.003919,"14":0.003919,"15":0.003919,"16":0,"17":0.003919,"18":0.003919,"19":0.003919,"20":0.003919,"21":0.003919,"22":0.011757,"23":0.003919,"24":0.003919,"25":0.003919,"26":0.007838,"27":0.007838,"28":0.003919,"29":0.007838,"30":0.011757,"31":0.066623,"32":0.011757,"33":0.035271,"34":0.015676,"35":0.007838,"36":0.047028,"37":0.011757,"38":0.031352,"39":0.023514,"40":0.011757,"41":0.015676,"42":0.007838,"43":0.043109,"44":0.03919,"45":0.07838,"46":0.050947,"47":0.023514,"48":0.047028,"49":1.101239,"50":0.062704,"51":0.148922,"52":0.035271,"53":0.054866,"54":0.090137,"55":0.305682,"56":0.31352,"57":0.360548,"58":19.90852,"59":2.578702,"60":0.113651,"61":0.082299,"62":0},"firefox":{"2":0,"3":0.011757,"3.5":0,"3.6":0.007838,"4":0.003919,"5":0,"6":0.003919,"7":0,"8":0,"9":0,"10":0.003919,"11":0.003919,"12":0.007838,"13":0.003919,"14":0.003919,"15":0.003919,"16":0.007838,"17":0.003919,"18":0,"19":0.003919,"20":0.003919,"21":0.007838,"22":0.003919,"23":0.003919,"24":0.003919,"25":0.003919,"26":0.003919,"27":0.007838,"28":0.003919,"29":0.007838,"30":0.003919,"31":0.007838,"32":0.003919,"33":0.007838,"34":0.007838,"35":0.007838,"36":0.015676,"37":0.015676,"38":0.019595,"39":0.015676,"40":0.019595,"41":0.011757,"42":0.015676,"43":0.047028,"44":0.015676,"45":0.043109,"46":0.015676,"47":0.090137,"48":0.121489,"49":0.047028,"50":0.066623,"51":0.062704,"52":0.376224,"53":2.347481,"54":1.065968,"55":0.03919,"56":0,"57":0},"opera":{"9":0,"9.5-9.6":0,"10.0-10.1":0,"10.5":0,"10.6":0,"11":0,"11.1":0,"11.5":0,"11.6":0,"12":0,"12.1":0.007838,"15":0,"16":0,"17":0,"18":0,"19":0,"20":0,"21":0,"22":0,"23":0,"24":0,"25":0,"26":0,"27":0,"28":0.007838,"29":0,"30":0,"31":0,"32":0.003919,"33":0,"34":0,"35":0,"36":0.007838,"37":0.011757,"38":0,"39":0,"40":0,"41":0.003919,"42":0.003919,"43":0.003919,"44":0.003919,"45":0.270411,"46":0.007838,"47":0,"48":0},"safari":{"3.1":0,"3.2":0,"4":0.007838,"5":0.007838,"5.1":0.019595,"6":0.011757,"6.1":0.011757,"7":0.015676,"7.1":0.007838,"8":0.074461,"9":0.054866,"9.1":0.192031,"10":0.207707,"10.1":0.646635,"11":0,"0":null},"ios_saf":{"3.2":0,"4.0-4.1":0,"4.2-4.3":0,"5.0-5.1":0,"6.0-6.1":0,"7.0-7.1":0.0477440545775,"8":0,"8.1-8.4":0.0365101593828,"9.0-9.2":0.0280847379867,"9.3":0.513014547225,"10.0-10.2":1.74967917657,"10.3":6.66450832425,"11":null},"android":{"2.1":0,"2.2":0,"2.3":0,"3":0,"4":0,"4.1":0.306839609241,"4.2-4.3":0.793652450825,"4.4":2.1331253604,"4.4.3-4.4.4":1.23620957954,"56":null},"op_mob":{"10":0,"11":0,"11.1":0,"11.5":0,"12":0,"12.1":0,"0":0.015155308204},"ie":{"5.5":0,"6":0.0202780501089,"7":0.0121668300654,"8":0.251447821351,"9":0.121668300654,"10":0.105445860566,"11":1.35051813725},"edge":{"12":0.015676,"13":0.054866,"14":0.35271,"15":null,"16":null},"bb":{"7":0.01064175,"10":null},"samsung":{"4":3.782382,"5":null},"ie_mob":{"10":0.0168396923077,"11":0.0926183076923},"op_mini":{"0":3.4023666918},"and_chr":{"0":36.060378},"baidu":{"0":null},"and_ff":{"0":0.024324},"and_qq":{"1.2":null},"and_uc":{"0":7.576926}},"total":98.83711575}