{"id":"MY","name":"Malaysia","month":"2019-07","access_date":"2019-08-05","data":{"chrome":{"4":0,"5":0,"6":0,"7":0,"8":0,"9":0,"10":0,"11":0.005084,"12":0,"13":0,"14":0,"15":0,"16":0,"17":0,"18":0,"19":0,"20":0,"21":0,"22":0.005084,"23":0,"24":0,"25":0.005084,"26":0.005084,"27":0,"28":0,"29":0,"30":0,"31":0,"32":0,"33":0.010168,"34":0.010168,"35":0,"36":0.005084,"37":0.005084,"38":0.030504,"39":0.005084,"40":0.005084,"41":0.010168,"42":0,"43":0.005084,"44":0.015252,"45":0,"46":0.005084,"47":0,"48":0.005084,"49":0.269452,"50":0.005084,"51":0.010168,"52":0.005084,"53":0.05084,"54":0.005084,"55":0.015252,"56":0.010168,"57":0.010168,"58":0.040672,"59":0.010168,"60":0.010168,"61":0.020336,"62":0.015252,"63":0.055924,"64":0.015252,"65":0.066092,"66":0.035588,"67":0.07626,"68":0.045756,"69":0.071176,"70":0.091512,"71":0.091512,"72":0.111848,"73":0.71176,"74":0.462644,"75":16.416236,"76":0.061008,"77":0.045756,"78":0,"79":0},"firefox":{"2":0,"3":0,"3.5":0,"3.6":0,"4":0,"5":0,"6":0,"7":0,"8":0,"9":0,"10":0,"11":0,"12":0,"13":0,"14":0,"15":0,"16":0,"17":0,"18":0,"19":0,"20":0,"21":0,"22":0,"23":0,"24":0,"25":0,"26":0,"27":0,"28":0,"29":0,"30":0,"31":0,"32":0,"33":0,"34":0.005084,"35":0,"36":0,"37":0.005084,"38":0.005084,"39":0.005084,"40":0,"41":0,"42":0,"43":0.005084,"44":0,"45":0,"46":0,"47":0.010168,"48":0.02542,"49":0,"50":0,"51":0,"52":0.071176,"53":0.005084,"54":0.005084,"55":0.005084,"56":0.010168,"57":0.005084,"58":0.010168,"59":0.005084,"60":0.035588,"61":0.005084,"62":0.005084,"63":0.005084,"64":0.010168,"65":0.010168,"66":0.045756,"67":0.666004,"68":0.884616,"69":0.05084,"70":0},"opera":{"9":0,"9.5-9.6":0,"10.0-10.1":0,"10.5":0,"10.6":0,"11":0,"11.1":0,"11.5":0,"11.6":0,"12":0,"12.1":0.005084,"15":0,"16":0,"17":0,"18":0,"19":0,"20":0,"21":0,"22":0,"23":0,"24":0,"25":0,"26":0,"27":0,"28":0,"29":0,"30":0,"31":0,"32":0,"33":0,"34":0,"35":0,"36":0.005084,"37":0.1271,"38":0,"39":0,"40":0.005084,"41":0,"42":0,"43":0,"44":0,"45":0,"46":0,"47":0,"48":0,"49":0,"50":0,"51":0,"52":0,"53":0.045756,"54":0,"55":0,"56":0,"57":0,"58":0,"60":0.086428,"62":0.147436},"safari":{"3.1":0,"3.2":0,"4":0,"5":0,"5.1":0.167772,"6":0,"6.1":0,"7":0,"7.1":0,"8":0.015252,"9":0.010168,"9.1":0.020336,"10":0.015252,"10.1":0.07626,"11":0.035588,"11.1":0.1271,"12":0.162688,"12.1":0.630416,"13":0.005084,"0":null},"ios_saf":{"3.2":0,"4.0-4.1":0,"4.2-4.3":0,"5.0-5.1":0.014025013585589,"6.0-6.1":0.0056100054342357,"7.0-7.1":0.019635019019825,"8":0,"8.1-8.4":0.028050027171178,"9.0-9.2":0.023842523095502,"9.3":0.2356202282379,"10.0-10.2":0.098175095099124,"10.3":0.25806024997484,"11.0-11.2":0.28470777578746,"11.3-11.4":0.54557302847942,"12.0-12.1":1.1093785746201,"12.2-12.3":11.313978459495,"13":null},"android":{"2.1":0,"2.2":0,"2.3":0.0028419429695182,"3":0.0092363146509341,"4":0.044760601769911,"4.1":0.069627602753196,"4.2-4.3":0.28348381120944,"4.4":0,"4.4.3-4.4.4":0.312613726647,"67":null},"ie":{"5.5":0,"6":0,"7":0.0051957362637363,"8":0.036370153846154,"9":0.020782945054945,"10":0.015587208791209,"11":0.39487595604396},"edge":{"12":0.005084,"13":0.005084,"14":0.005084,"15":0.010168,"16":0.020336,"17":0.259284,"18":0.122016,"76":null},"op_mob":{"10":null,"11":null,"11.1":null,"11.5":null,"12":null,"12.1":null,"0":null},"samsung":{"4":0.67007217391304,"5.0-5.4":0.030926408026756,"6.2-6.4":0.10308802675585,"7.2-7.4":0.18555844816054,"8.2":0.15463204013378,"9.2":1.93805490301},"ie_mob":{"10":0,"11":0.019664},"bb":{"7":0,"10":0.004916},"kaios":{"2.5":0},"baidu":{"0":null},"and_ff":{"0":0.132732},"and_uc":{"0":2.40884},"and_qq":{"1.2":0.019664},"op_mini":{"0":1.6801485841924},"and_chr":{"0":50.607168}},"total":96.067176584192}