{"id":"MY","name":"Malaysia","month":"2019-10","access_date":"2019-11-13","data":{"chrome":{"4":0,"5":0,"6":0,"7":0,"8":0,"9":0,"10":0,"11":0,"12":0,"13":0,"14":0,"15":0,"16":0,"17":0,"18":0,"19":0,"20":0,"21":0,"22":0,"23":0,"24":0,"25":0,"26":0.004396,"27":0,"28":0,"29":0,"30":0,"31":0,"32":0,"33":0.004396,"34":0.008792,"35":0,"36":0.004396,"37":0.004396,"38":0.030772,"39":0,"40":0,"41":0,"42":0,"43":0.004396,"44":0.008792,"45":0,"46":0.004396,"47":0,"48":0.004396,"49":0.189028,"50":0.004396,"51":0.008792,"52":0.004396,"53":0.039564,"54":0.004396,"55":0.013188,"56":0.008792,"57":0.008792,"58":0.026376,"59":0.017584,"60":0.004396,"61":0.013188,"62":0.013188,"63":0.048356,"64":0.008792,"65":0.04396,"66":0.02198,"67":0.052752,"68":0.02198,"69":0.052752,"70":0.057148,"71":0.06594,"72":0.06594,"73":0.356076,"74":0.1099,"75":0.149464,"76":0.39564,"77":11.816448,"78":1.072624,"79":0.030772,"80":0,"81":null},"firefox":{"2":0,"3":0,"3.5":0,"3.6":0,"4":0,"5":0,"6":0,"7":0,"8":0,"9":0,"10":0,"11":0,"12":0,"13":0,"14":0,"15":0,"16":0,"17":0,"18":0,"19":0,"20":0,"21":0,"22":0,"23":0,"24":0,"25":0,"26":0,"27":0,"28":0,"29":0,"30":0,"31":0,"32":0,"33":0,"34":0,"35":0,"36":0,"37":0.004396,"38":0,"39":0.004396,"40":0,"41":0,"42":0,"43":0.004396,"44":0,"45":0,"46":0,"47":0.004396,"48":0.017584,"49":0,"50":0,"51":0,"52":0.048356,"53":0.013188,"54":0,"55":0.004396,"56":0.004396,"57":0.004396,"58":0.004396,"59":0.004396,"60":0.02198,"61":0.004396,"62":0.004396,"63":0.004396,"64":0.004396,"65":0.008792,"66":0.013188,"67":0.017584,"68":0.083524,"69":0.896784,"70":0.26376,"71":0.013188,"72":0},"opera":{"9":0,"9.5-9.6":0,"10.0-10.1":0,"10.5":0,"10.6":0,"11":0,"11.1":0,"11.5":0,"11.6":0,"12":0,"12.1":0.004396,"15":0,"16":0,"17":0,"18":0,"19":0,"20":0,"21":0,"22":0,"23":0,"24":0,"25":0,"26":0,"27":0,"28":0,"29":0,"30":0,"31":0,"32":0,"33":0,"34":0,"35":0,"36":0.004396,"37":0.06594,"38":0,"39":0,"40":0.004396,"41":0,"42":0,"43":0,"44":0,"45":0,"46":0,"47":0,"48":0,"49":0,"50":0,"51":0,"52":0,"53":0.008792,"54":0.026376,"55":0,"56":0,"57":0,"58":0,"60":0,"62":0,"63":0.162652,"64":0.017584},"safari":{"3.1":0,"3.2":0,"4":0,"5":0,"5.1":0.127484,"6":0,"6.1":0,"7":0,"7.1":0,"8":0.02198,"9":0.013188,"9.1":0.017584,"10":0.008792,"10.1":0.061544,"11":0.02198,"11.1":0.105504,"12":0.083524,"12.1":0.272552,"13":0.474768,"0":null},"ios_saf":{"3.2":0.0024271859115469,"4.0-4.1":0.0048543718230939,"4.2-4.3":0,"5.0-5.1":0.0084951506904142,"6.0-6.1":0.0024271859115469,"7.0-7.1":0.0097087436461877,"8":0.0012135929557735,"8.1-8.4":0.015776708425055,"9.0-9.2":0.015776708425055,"9.3":0.16504864198519,"10.0-10.2":0.067961205523314,"10.3":0.18325253632179,"11.0-11.2":0.18810690814489,"11.3-11.4":0.32888369101461,"12.0-12.1":0.46359250910546,"12.2-12.4":4.7961193612167,"13.0-13.1":5.791265584951,"13.2":0.083737913948369,"13.3":0},"android":{"2.1":0,"2.2":0.0033976833976834,"2.3":0.00061776061776062,"3":0.00092664092664093,"4":0.011119691119691,"4.1":0.028108108108108,"4.2-4.3":0.17791505791506,"4.4":0,"4.4.3-4.4.4":0.097915057915058,"76":null},"ie":{"5.5":0,"6":0,"7":0,"8":0.027151764705882,"9":0.0045252941176471,"10":0.0090505882352941,"11":0.26699235294118},"samsung":{"4":0.74500685324232,"5.0-5.4":0.03104195221843,"6.2-6.4":0.082778539249147,"7.2-7.4":0.12416780887372,"8.2":0.082778539249147,"9.2":0.53806050511945,"10.1":1.4279298020478},"edge":{"12":0,"13":0.004396,"14":0.004396,"15":0.004396,"16":0.008792,"17":0.079128,"18":0.259364,"76":null},"op_mob":{"10":null,"11":null,"11.1":null,"11.5":null,"12":null,"12.1":null,"0":null},"ie_mob":{"10":0,"11":0.011208},"bb":{"7":0,"10":0.005604},"baidu":{"0":null},"and_ff":{"0":0.145704},"and_uc":{"0":2.370492},"and_qq":{"1.2":0.016812},"kaios":{"2.5":0},"op_mini":{"0":1.6659286185567},"and_chr":{"0":58.425652}},"total":96.554240618557}