{"id":"MY","name":"Malaysia","month":"2018-01","access_date":"2018-02-05","data":{"chrome":{"4":0,"5":0,"6":0,"7":0,"8":0,"9":0,"10":0,"11":0.012939,"12":0,"13":0,"14":0,"15":0,"16":0,"17":0,"18":0,"19":0,"20":0,"21":0,"22":0.004313,"23":0,"24":0,"25":0,"26":0.004313,"27":0,"28":0,"29":0.025878,"30":0.004313,"31":0.008626,"32":0.004313,"33":0.008626,"34":0.004313,"35":0.004313,"36":0.008626,"37":0.004313,"38":0.012939,"39":0.004313,"40":0.004313,"41":0.004313,"42":0.004313,"43":0.008626,"44":0.012939,"45":0.004313,"46":0.021565,"47":0.008626,"48":0.008626,"49":0.439926,"50":0.012939,"51":0.04313,"52":0.012939,"53":0.008626,"54":0.021565,"55":0.073321,"56":0.069008,"57":0.081947,"58":0.116451,"59":0.064695,"60":0.08626,"61":0.120764,"62":0.219963,"63":11.895254,"64":0.276032,"65":0.060382,"66":0,"67":0},"firefox":{"2":0,"3":0,"3.5":0,"3.6":0.004313,"4":0,"5":0,"6":0,"7":0,"8":0,"9":0,"10":0,"11":0,"12":0,"13":0,"14":0,"15":0,"16":0.004313,"17":0,"18":0,"19":0,"20":0,"21":0,"22":0,"23":0,"24":0,"25":0,"26":0,"27":0.004313,"28":0,"29":0.004313,"30":0,"31":0,"32":0,"33":0.004313,"34":0.004313,"35":0.004313,"36":0.004313,"37":0.004313,"38":0.008626,"39":0.004313,"40":0.004313,"41":0.004313,"42":0.004313,"43":0.012939,"44":0.004313,"45":0.008626,"46":0.004313,"47":0.025878,"48":0.051756,"49":0.008626,"50":0.008626,"51":0.008626,"52":0.125077,"53":0.021565,"54":0.021565,"55":0.012939,"56":0.038817,"57":1.324091,"58":0.198398,"59":0.017252,"60":0,"61":0},"opera":{"9":0,"9.5-9.6":0,"10.0-10.1":0,"10.5":0,"10.6":0,"11":0,"11.1":0,"11.5":0,"11.6":0,"12":0,"12.1":0.004313,"15":0,"16":0,"17":0,"18":0,"19":0,"20":0.004313,"21":0,"22":0,"23":0,"24":0,"25":0,"26":0,"27":0,"28":0.004313,"29":0.004313,"30":0.004313,"31":0,"32":0.017252,"33":0,"34":0.004313,"35":0,"36":0.004313,"37":0.211337,"38":0,"39":0,"40":0,"41":0,"42":0,"43":0.012939,"44":0,"45":0.004313,"46":0,"47":0,"48":0.004313,"49":0.142329,"50":0.150955,"51":0,"52":0},"safari":{"3.1":0,"3.2":0,"4":0,"5":0.004313,"5.1":0.008626,"6":0.004313,"6.1":0.004313,"7":0.004313,"7.1":0,"8":0.025878,"9":0.017252,"9.1":0.064695,"10":0.04313,"10.1":0.116451,"11":0.362292,"11.1":0,"0":null},"ios_saf":{"3.2":0.00217388076152,"4.0-4.1":0,"4.2-4.3":0.0304343306613,"5.0-5.1":0.0195649268537,"6.0-6.1":0.00978246342685,"7.0-7.1":0.0586947805611,"8":0.0152171653307,"8.1-8.4":0.0978246342685,"9.0-9.2":0.0989115746493,"9.3":0.458688840681,"10.0-10.2":0.573904521042,"10.3":1.24454673597,"11.0-11.2":8.23792114579,"11.3":null},"android":{"2.1":0,"2.2":0,"2.3":0,"3":0,"4":0,"4.1":0.203014601246,"4.2-4.3":0.609043803738,"4.4":1.78882676947,"4.4.3-4.4.4":1.08785182555,"62":null},"op_mob":{"10":null,"11":null,"11.1":null,"11.5":null,"12":null,"12.1":null,"0":null},"ie":{"5.5":0,"6":0,"7":0.00436374117647,"8":0.0523648941176,"9":0.0349099294118,"10":0.0305461882353,"11":0.619651247059},"edge":{"12":0.004313,"13":0.012939,"14":0.034504,"15":0.069008,"16":0.155268,"17":0},"samsung":{"4":1.55292074303,"5":0.372700978328,"6.2":1.41833427864},"ie_mob":{"10":0.011374,"11":0.045496},"bb":{"7":0.0045496,"10":0.0181984},"and_uc":{"0":6.050968},"op_mini":{"0":2.53590365464},"and_chr":{"0":49.714518},"baidu":{"0":null},"and_ff":{"0":0.176297},"and_qq":{"1.2":null}},"total":94.4358116546}