{"id":"MZ","name":"Mozambique","month":"2015-05","access_date":"2015-06-03","data":{"chrome":{"4":0.003078,"5":0.006156,"6":0.003078,"7":0,"8":0,"9":0,"10":0.012312,"11":0.027702,"12":0.003078,"13":0.009234,"14":0.009234,"15":0.006156,"16":0.009234,"17":0,"18":0.012312,"19":0,"20":0.003078,"21":0.01539,"22":0.003078,"23":0.003078,"24":0.003078,"25":0.01539,"26":0.027702,"27":0.006156,"28":0.006156,"29":0.01539,"30":0.018468,"31":0.09234,"32":0.018468,"33":0.073872,"34":0.01539,"35":0.040014,"36":0.375516,"37":0.040014,"38":0.064638,"39":0.317034,"40":0.787968,"41":0.237006,"42":5.882058,"43":2.33928,"44":0.043092,"45":0.003078,"46":0},"firefox":{"2":0.006156,"3":0.021546,"3.5":0.009234,"3.6":0.055404,"4":0.033858,"5":0.01539,"6":0.012312,"7":0.012312,"8":0.018468,"9":0.012312,"10":0.024624,"11":0.067716,"12":0.073872,"13":0.04617,"14":0.03078,"15":0.03078,"16":0.03078,"17":0.03078,"18":0.021546,"19":0.03078,"20":0.036936,"21":0.027702,"22":0.021546,"23":0.021546,"24":0.027702,"25":0.012312,"26":0.012312,"27":0.018468,"28":0.01539,"29":0.04617,"30":0.070794,"31":0.064638,"32":0.040014,"33":0.09234,"34":0.058482,"35":0.104652,"36":0.166212,"37":2.363904,"38":1.560546,"39":0.01539,"40":0.009234,"41":0.003078},"opera":{"9":0,"9.5-9.6":0.003078,"10.0-10.1":0.003078,"10.5":0,"10.6":0.006156,"11":0.018468,"11.1":0.009234,"11.5":0.012312,"11.6":0.033858,"12":0.027702,"12.1":0.110808,"15":0.012312,"16":0.009234,"17":0.01539,"18":0.012312,"19":0.006156,"20":0.021546,"21":0.012312,"22":0.01539,"23":0.009234,"24":0.003078,"25":0.006156,"26":0.012312,"27":0.027702,"28":0.178524,"29":1.332774,"30":0.024624,"31":0.003078},"safari":{"3.1":0,"3.2":0,"4":0.006156,"5":0.01539,"5.1":0.070794,"6":0.018468,"6.1":0.033858,"7":0.043092,"7.1":0.09234,"8":0.252396},"android":{"2.1":0,"2.2":0,"2.3":0.116251489746,"3":0,"4":0.295341622598,"4.1":1.00541828969,"4.2-4.3":1.95009255772,"4.4":3.34720505611,"4.4.3-4.4.4":1.40549098414,"40":null},"ios_saf":{"3.2":0,"4.0-4.1":0,"4.2-4.3":0,"5.0-5.1":0.00784292898813,"6.0-6.1":0.0168622973245,"7.0-7.1":0.27763968618,"8":0.0425478897606,"8.1-8.3":1.60446719775},"op_mob":{"10":0,"11":0,"11.1":0,"11.5":0,"12":0.0106780199198,"12.1":0.0427120796792,"0":0.234916438236},"ie":{"5.5":0,"6":0.0308705294118,"7":0.0401316882353,"8":1.96645272353,"9":0.564930688235,"10":1.049598,"11":5.70796088824,"0":null},"ie_mob":{"10":0.393105209302,"11":1.1435787907},"bb":{"7":0.1851635,"10":null},"and_uc":{"0":4.838478},"op_mini":{"5.0-8.0":40.9875794622},"and_chr":{"0":8.763004},"and_ff":{"0":0.145362}},"total":94.5554980176}