{"id":"MZ","name":"Mozambique","month":"2021-12","access_date":"2022-01-03","data":{"firefox":{"2":null,"3":null,"3.5":null,"3.6":null,"4":null,"5":null,"6":null,"7":null,"8":null,"9":null,"10":null,"11":null,"12":null,"13":null,"14":null,"15":null,"16":null,"17":null,"18":null,"19":null,"20":null,"21":null,"22":null,"23":null,"24":null,"25":null,"26":null,"27":null,"28":null,"29":null,"30":null,"31":null,"32":null,"33":null,"34":null,"35":null,"36":null,"37":null,"38":null,"39":null,"40":null,"41":null,"42":null,"43":null,"44":null,"45":null,"46":null,"47":null,"48":null,"49":null,"50":null,"51":null,"52":0.01309,"53":null,"54":null,"55":null,"56":null,"57":null,"58":null,"59":null,"60":null,"61":null,"62":null,"63":null,"64":null,"65":0.00436,"66":0.00436,"67":null,"68":null,"69":null,"70":null,"71":null,"72":0.00873,"73":null,"74":null,"75":null,"76":null,"77":null,"78":0.01745,"79":null,"80":null,"81":null,"82":null,"83":null,"84":0.02182,"85":0.00873,"86":null,"87":null,"88":0.01309,"89":0.02182,"90":0.00873,"91":0.01745,"92":0.00873,"93":0.02618,"94":0.66754,"95":1.03839,"96":0.02182,"97":null},"chrome":{"4":null,"5":null,"6":null,"7":null,"8":null,"9":null,"10":null,"11":null,"12":null,"13":null,"14":null,"15":null,"16":null,"17":null,"18":null,"19":null,"20":null,"21":null,"22":null,"23":null,"24":null,"25":null,"26":null,"27":null,"28":null,"29":null,"30":null,"31":null,"32":null,"33":0.04799,"34":null,"35":null,"36":null,"37":null,"38":null,"39":null,"40":0.0829,"41":null,"42":null,"43":0.08726,"44":null,"45":null,"46":null,"47":null,"48":null,"49":0.05672,"50":null,"51":null,"52":null,"53":null,"54":null,"55":null,"56":0.01745,"57":0.00873,"58":null,"59":null,"60":0.0349,"61":null,"62":0.00873,"63":0.06108,"64":null,"65":null,"66":null,"67":null,"68":null,"69":0.00873,"70":0.01745,"71":null,"72":0.00436,"73":0.00436,"74":0.0829,"75":0.00436,"76":0.00873,"77":null,"78":null,"79":0.03054,"80":0.02182,"81":0.10471,"83":0.01745,"84":0.00436,"85":0.01309,"86":0.06545,"87":0.38394,"88":0.02618,"89":0.01309,"90":0.02182,"91":0.06981,"92":0.09599,"93":0.21815,"94":0.2007,"95":0.4712,"96":16.55759,"97":0.01745,"98":null,"99":null},"opera":{"9":null,"9.5-9.6":null,"10.0-10.1":0,"10.5":null,"10.6":null,"11":null,"11.1":null,"11.5":null,"11.6":null,"12":null,"12.1":null,"15":null,"16":null,"17":null,"18":null,"19":null,"20":0.07417,"21":null,"22":null,"23":null,"24":null,"25":null,"26":null,"27":null,"28":null,"29":null,"30":null,"31":null,"32":null,"33":null,"34":null,"35":null,"36":null,"37":null,"38":null,"39":null,"40":null,"41":null,"42":null,"43":null,"44":null,"45":null,"46":0.00873,"47":null,"48":null,"49":null,"50":null,"51":null,"52":null,"53":0.00436,"54":null,"55":null,"56":null,"57":null,"58":null,"60":null,"62":null,"63":null,"64":null,"65":0.00873,"66":null,"67":null,"68":null,"69":null,"70":null,"71":null,"72":null,"73":null,"74":null,"75":null,"76":null,"77":0.01309,"78":0.00873,"79":0.04799,"80":0.04363,"81":0.84642,"82":1.35689},"safari":{"3.1":null,"3.2":null,"4":0,"5":null,"5.1":0.00436,"6":null,"6.1":null,"7":null,"7.1":null,"8":null,"9":null,"9.1":null,"10":null,"10.1":0.00873,"11":null,"11.1":null,"12":null,"12.1":0.00873,"13":0.00873,"13.1":0.05672,"14":0.0349,"14.1":0.06545,"15":0.01309,"15.1":0.12653,"15.2":0.01309,"0":null},"edge":{"12":0.0349,"13":0.00873,"14":0.00873,"15":0.00873,"16":0.03054,"17":0.00873,"18":0.09162,"79":null,"80":null,"81":null,"83":null,"84":0.02618,"85":0.00873,"86":null,"87":null,"88":null,"89":0.10035,"90":0.00873,"91":0.03927,"92":0.01745,"93":0.02182,"94":0.01745,"95":0.06981,"96":2.3822},"ios_saf":{"3.2":0,"4.0-4.1":0,"4.2-4.3":0.00054,"5.0-5.1":0.00054,"6.0-6.1":0,"7.0-7.1":0.02066,"8":0.00054,"8.1-8.4":0.00054,"9.0-9.2":0,"9.3":0.07393,"10.0-10.2":0.00435,"10.3":0.42185,"11.0-11.2":0.01413,"11.3-11.4":0.03534,"12.0-12.1":0.05762,"12.2-12.5":1.53628,"13.0-13.1":0.0125,"13.2":0.02174,"13.3":0.10166,"13.4-13.7":0.15167,"14.0-14.4":0.74313,"14.5-14.8":0.95352,"15.0-15.1":1.17314,"15.2":0.11036},"samsung":{"4":1.89403,"5.0-5.4":0.01035,"6.2-6.4":0.01024,"7.2-7.4":0.207,"8.2":0.15525,"9.2":0.1035,"10.1":0.01035,"11.1-11.2":0.0828,"12.0":0.1035,"13.0":0.0621,"14.0":0.11385,"15.0":0.3105},"android":{"2.1":0,"2.2":0,"2.3":0,"3":0,"4":0,"4.1":0.00015,"4.2-4.3":0.00249,"4.4":0,"4.4.3-4.4.4":0.0199,"0":0},"op_mob":{"10":null,"11":null,"11.1":null,"11.5":null,"12":null,"12.1":null,"0":null},"ie":{"5.5":null,"6":null,"7":null,"8":null,"9":null,"10":null,"11":0.2836},"ie_mob":{"10":null,"11":null},"bb":{"7":0,"10":0.02819},"and_uc":{"0":0.31567},"op_mini":{"0":5.50219},"and_chr":{"0":57.34854},"kaios":{"2.5":0.0451},"baidu":{"0":null},"and_ff":{"0":0.06201},"and_qq":{"10.4":0.03382}},"total":98.54849}