{"id":"MZ","name":"Mozambique","month":"2016-04","access_date":"2016-05-03","data":{"firefox":{"2":0.001582,"3":0.022148,"3.5":0.001582,"3.6":0.020566,"4":0.011074,"5":0.006328,"6":0.009492,"7":0.006328,"8":0.006328,"9":0.004746,"10":0.012656,"11":0.020566,"12":0.025312,"13":0.01582,"14":0.012656,"15":0.01582,"16":0.006328,"17":0.006328,"18":0.009492,"19":0.01582,"20":0.02373,"21":0.011074,"22":0.00791,"23":0.004746,"24":0.009492,"25":0.009492,"26":0.006328,"27":0.003164,"28":0.006328,"29":0.018984,"30":0.018984,"31":0.011074,"32":0.014238,"33":0.022148,"34":0.012656,"35":0.020566,"36":0.011074,"37":0.020566,"38":0.03164,"39":0.026894,"40":0.025312,"41":0.03164,"42":0.036386,"43":0.196168,"44":0.251538,"45":1.461768,"46":0.129724,"47":0.006328,"48":0,"49":0},"chrome":{"4":0,"5":0.001582,"6":0.001582,"7":0.001582,"8":0.001582,"9":0,"10":0.003164,"11":0.033222,"12":0,"13":0.004746,"14":0.006328,"15":0.001582,"16":0.006328,"17":0,"18":0.001582,"19":0.001582,"20":0,"21":0.006328,"22":0.001582,"23":0,"24":0,"25":0.006328,"26":0.028476,"27":0.003164,"28":0.006328,"29":0.00791,"30":0.004746,"31":0.017402,"32":0.006328,"33":0.025312,"34":0.006328,"35":0.004746,"36":0.037968,"37":0.006328,"38":0.009492,"39":0.017402,"40":0.034804,"41":0.009492,"42":0.01582,"43":0.512568,"44":0.04746,"45":0.14238,"46":0.036386,"47":0.052206,"48":0.13447,"49":4.378976,"50":0.36386,"51":0.01582,"52":0.001582,"53":0},"opera":{"9":0,"9.5-9.6":0.006328,"10.0-10.1":0.004746,"10.5":0.001582,"10.6":0.003164,"11":0.004746,"11.1":0.004746,"11.5":0.006328,"11.6":0.025312,"12":0.011074,"12.1":0.060116,"15":0.006328,"16":0.004746,"17":0.004746,"18":0.004746,"19":0.001582,"20":0.012656,"21":0.004746,"22":0.006328,"23":0.001582,"24":0,"25":0.001582,"26":0.003164,"27":0.001582,"28":0.004746,"29":0.014238,"30":0.037968,"31":0.004746,"32":0.022148,"33":0.026894,"34":0.064862,"35":0.161364,"36":0.53788,"37":0.004746,"38":0},"safari":{"3.1":0,"3.2":0,"4":0.001582,"5":0.00791,"5.1":0.017402,"6":0.011074,"6.1":0.009492,"7":0.009492,"7.1":0.018984,"8":0.034804,"9":0.04746,"9.1":0.058534,"0":null},"android":{"2.1":0,"2.2":0,"2.3":0.0164905485961,"3":0,"4":0.0989432915767,"4.1":0.331872290497,"4.2-4.3":0.771963806156,"4.4":1.67482134179,"4.4.3-4.4.4":0.923470721382,"47":null},"ios_saf":{"3.2":0,"4.0-4.1":0,"4.2-4.3":0,"5.0-5.1":0,"6.0-6.1":0.00368700659831,"7.0-7.1":0.0380143094102,"8":0,"8.1-8.4":0.0959893097147,"9.0-9.2":0.310344245051,"9.3":0.804403129225},"ie":{"5.5":0,"6":0.00477476363636,"7":0.00954952727273,"8":0.552280993939,"9":0.2100896,"10":0.284894230303,"11":1.56293929697},"op_mob":{"10":0,"11":0,"11.1":0,"11.5":0,"12":0,"12.1":0.00588912908077,"0":0.200230388746},"ie_mob":{"10":0.622540465116,"11":0.715921534884},"edge":{"12":0.072772,"13":0.140798,"14":0},"bb":{"7":0.1957185,"10":null},"and_uc":{"0":6.768072},"op_mini":{"5.0-8.0":60.4960784822},"and_chr":{"0":8.99463},"and_ff":{"0":0.008418}},"total":95.8616309121}