{"id":"MZ","name":"Mozambique","month":"2014-11","access_date":"2014-12-01","data":{"chrome":{"4":null,"5":null,"6":0.006198,"7":null,"8":null,"9":null,"10":0.012396,"11":0.024792,"12":0.009297,"13":0.003099,"14":0.015495,"15":0.003099,"16":0.015495,"17":null,"18":0.003099,"19":null,"20":0.006198,"21":0.015495,"22":0.003099,"23":null,"24":0.006198,"25":0.015495,"26":0.024792,"27":0.018594,"28":0.015495,"29":0.021693,"30":0.021693,"31":0.179742,"32":0.052683,"33":0.337791,"34":0.077475,"35":0.145653,"36":0.489642,"37":0.374979,"38":6.978948,"39":2.404824,"40":0.034089,"41":0.018594,"42":null},"firefox":{"2":0.006198,"3":0.021693,"3.5":0.015495,"3.6":0.06198,"4":0.049584,"5":0.015495,"6":0.021693,"7":0.012396,"8":0.03099,"9":0.015495,"10":0.034089,"11":0.06198,"12":0.065079,"13":0.046485,"14":0.03099,"15":0.03099,"16":0.034089,"17":0.027891,"18":0.043386,"19":0.027891,"20":0.06198,"21":0.024792,"22":0.021693,"23":0.018594,"24":0.043386,"25":0.015495,"26":0.018594,"27":0.027891,"28":0.034089,"29":0.083673,"30":0.260316,"31":0.167346,"32":0.855324,"33":3.81177,"34":0.251019,"35":0.015495,"36":0.006198},"opera":{"9":null,"9.5-9.6":null,"10.0-10.1":0.012396,"10.5":null,"10.6":0.012396,"11":0.018594,"11.1":0.006198,"11.5":0.009297,"11.6":0.040287,"12":0.027891,"12.1":0.096069,"15":0.021693,"16":0.012396,"17":0.009297,"18":0.015495,"19":0.006198,"20":0.043386,"21":0.015495,"22":0.024792,"23":0.009297,"24":0.024792,"25":0.666285,"26":0.161148,"27":0.006198,"28":null},"android":{"2.1":0,"2.2":0.0139962185144,"2.3":0.195947059202,"3":0.00622054156197,"4":0.404335201528,"4.1":1.32186508192,"4.2-4.3":1.84594570851,"4.4":2.84356506151,"4.4.3-4.4.4":1.10414612725,"37":0},"safari":{"3.1":null,"3.2":null,"4":0.009297,"5":0.043386,"5.1":0.133257,"6":0.046485,"6.1":0.071277,"7":0.096069,"7.1":0.148752,"8":0.195237},"ios_saf":{"3.2":0,"4.0-4.1":0,"4.2-4.3":0,"5.0-5.1":0.00962720990874,"6.0-6.1":0.0433965000501,"7.0-7.1":0.524016440879,"8":0.198912967807,"8.1":0.700860881356},"op_mob":{"10":0,"11":0,"11.1":0,"11.5":0,"12":0.133461221042,"12.1":0.66730610521,"0":null},"ie":{"5.5":null,"6":0.0310162552951,"7":0.0279146297656,"8":2.44097929173,"9":0.865353522734,"10":1.78343467947,"11":5.7597186083},"bb":{"7":0.1414705,"10":null},"ie_mob":{"10":0.78719707,"11":null},"and_chr":{"0":5.155779},"and_ff":{"0":0.103515},"and_uc":{"0":4.050887},"op_mini":{"5.0-8.0":36.8924946737}},"total":87.7444085573}