{"id":"NA","name":"Namibia","month":"2014-10","access_date":"2014-11-01","data":{"chrome":{"4":null,"5":0.00897,"6":null,"7":null,"8":0.00897,"9":null,"10":null,"11":0.06279,"12":0.013455,"13":null,"14":null,"15":null,"16":0.013455,"17":null,"18":0.03588,"19":null,"20":0.031395,"21":0.02691,"22":0.01794,"23":null,"24":0.004485,"25":0.040365,"26":0.067275,"27":0.06279,"28":0.03588,"29":0.049335,"30":0.022425,"31":0.264615,"32":0.103155,"33":1.42623,"34":0.17043,"35":0.33189,"36":0.49335,"37":9.485775,"38":6.319365,"39":0.09867,"40":0.13455,"41":null},"firefox":{"2":0.01794,"3":0.03588,"3.5":0.01794,"3.6":0.049335,"4":0.05382,"5":0.07176,"6":0.022425,"7":0.00897,"8":0.00897,"9":0.013455,"10":0.040365,"11":0.067275,"12":0.076245,"13":0.03588,"14":0.07176,"15":0.04485,"16":0.02691,"17":0.013455,"18":0.02691,"19":0.01794,"20":0.031395,"21":0.040365,"22":0.022425,"23":0.022425,"24":0.058305,"25":0.022425,"26":0.04485,"27":0.05382,"28":0.067275,"29":0.112125,"30":0.237705,"31":0.19734,"32":5.70492,"33":1.107795,"34":0.15249,"35":0.022425,"36":0.004485},"opera":{"9":null,"9.5-9.6":null,"10.0-10.1":0,"10.5":null,"10.6":0.004485,"11":null,"11.1":null,"11.5":null,"11.6":0.004485,"12":0.013455,"12.1":0.112125,"15":0.049335,"16":null,"17":0.00897,"18":0.02691,"19":0.013455,"20":0.013455,"21":0.004485,"22":0.013455,"23":0.00897,"24":0.417105,"25":0.27807,"26":null,"27":null},"safari":{"3.1":null,"3.2":0.004485,"4":0.013455,"5":0.03588,"5.1":0.255645,"6":0.121095,"6.1":0.11661,"7":0.34983,"7.1":0.318435,"8":0.103155},"android":{"2.1":0,"2.2":0.0105829280097,"2.3":0.243407344223,"3":0.00793719600726,"4":0.537083596491,"4.1":1.58038391611,"4.2-4.3":2.36793014217,"4.4":3.01525257209,"4.4.3-4.4.4":0.9842123049,"37":0},"ios_saf":{"3.2":0,"4.0-4.1":0,"4.2-4.3":0,"5.0-5.1":0.0189141197183,"6.0-6.1":0.0848433370221,"7.0-7.1":1.17348602767,"8":1.03135992807,"8.1":0.377201587525},"op_mob":{"10":0,"11":0,"11.1":0,"11.5":0,"12":0.0647699147727,"12.1":0.291464616477,"0":null},"ie":{"5.5":null,"6":0.031484331331,"7":0.0269865697123,"8":1.57421656655,"9":2.14093453051,"10":2.68966144799,"11":7.7631365539},"bb":{"7":0.1792375,"10":null},"and_ff":{"0":0.126845},"ie_mob":{"10":1.3389317},"and_uc":{"0":1.80892},"op_mini":{"5.0-8.0":22.4427754688},"and_chr":{"0":7.337805}},"total":89.4921192}