{"id":"NC","name":"New Caledonia","month":"2014-12","access_date":"2015-01-01","data":{"chrome":{"4":null,"5":null,"6":null,"7":null,"8":0.062224,"9":null,"10":null,"11":0.03889,"12":0.015556,"13":null,"14":null,"15":0.007778,"16":null,"17":null,"18":0.023334,"19":null,"20":null,"21":0.03889,"22":0.015556,"23":0.046668,"24":0.023334,"25":0.054446,"26":0.007778,"27":0.031112,"28":0.03889,"29":0.015556,"30":0.031112,"31":0.178894,"32":0.140004,"33":0.23334,"34":0.140004,"35":0.202228,"36":0.567794,"37":0.248896,"38":0.614462,"39":31.259782,"40":0.101114,"41":0.124448,"42":null},"firefox":{"2":null,"3":null,"3.5":null,"3.6":0.023334,"4":null,"5":null,"6":null,"7":null,"8":null,"9":0.015556,"10":0.031112,"11":0.046668,"12":0.031112,"13":0.007778,"14":0.023334,"15":null,"16":0.101114,"17":0.031112,"18":null,"19":0.015556,"20":0.031112,"21":0.031112,"22":0.007778,"23":0.07778,"24":0.124448,"25":0.031112,"26":0.023334,"27":0.015556,"28":0.031112,"29":0.365566,"30":0.093336,"31":0.15556,"32":0.225562,"33":3.935668,"34":13.308158,"35":0.225562,"36":null,"37":null},"opera":{"9":null,"9.5-9.6":null,"10.0-10.1":0,"10.5":null,"10.6":null,"11":null,"11.1":null,"11.5":null,"11.6":null,"12":null,"12.1":0.054446,"15":null,"16":null,"17":null,"18":null,"19":null,"20":null,"21":null,"22":null,"23":null,"24":null,"25":null,"26":0.326676,"27":null,"28":null},"android":{"2.1":0,"2.2":0.00422360242325,"2.3":0.118788818154,"3":0,"4":0.244968940548,"4.1":0.750745330732,"4.2-4.3":1.19580743608,"4.4":2.00673910135,"4.4.3-4.4.4":0.820434770716,"37":0},"safari":{"3.1":null,"3.2":null,"4":0.046668,"5":0.762244,"5.1":1.63338,"6":0.373344,"6.1":1.081142,"7":0.886692,"7.1":1.773384,"8":1.501154},"ios_saf":{"3.2":0,"4.0-4.1":0,"4.2-4.3":0,"5.0-5.1":0.0500216408147,"6.0-6.1":0.206869158623,"7.0-7.1":2.4502125755,"8":0.694368200462,"8.1":5.0487944246},"op_mob":{"10":0,"11":0,"11.1":0,"11.5":0,"12":5.3482605178e-5,"12.1":0.00026741302589,"0":null},"ie":{"5.5":null,"6":null,"7":0.0155807838555,"8":1.41006093893,"9":0.927056639405,"10":1.43343211471,"11":10.8831775231,"0":null},"bb":{"7":0.001111,"10":null},"ie_mob":{"10":0.15993956,"11":null},"op_mini":{"5.0-8.0":0.0374531043689},"and_chr":{"0":8.681448},"and_ff":{"0":0.14443},"and_uc":{"0":0.02222}},"total":99.01885656}