{"id":"NC","name":"New Caledonia","month":"2019-03","access_date":"2019-04-14","data":{"chrome":{"4":0,"5":0,"6":0,"7":0,"8":0,"9":0,"10":0,"11":0,"12":0,"13":0,"14":0,"15":0,"16":0,"17":0,"18":0,"19":0,"20":0,"21":0,"22":0.006658,"23":0,"24":0,"25":0,"26":0,"27":0,"28":0,"29":0,"30":0,"31":0,"32":0,"33":0,"34":0.013316,"35":0,"36":0,"37":0,"38":0.059922,"39":0,"40":0,"41":0,"42":0,"43":0,"44":0,"45":0,"46":0,"47":0,"48":0,"49":0.312926,"50":0,"51":0,"52":0,"53":0.106528,"54":0.006658,"55":0.006658,"56":0.019974,"57":0.046606,"58":0.006658,"59":0,"60":0.019974,"61":0.013316,"62":0.013316,"63":0.006658,"64":0.139818,"65":0.286294,"66":0.013316,"67":0.186424,"68":0.019974,"69":0.026632,"70":0.06658,"71":0.239688,"72":14.001774,"73":4.740496,"74":0.03329,"75":0.013316,"76":0},"firefox":{"2":0,"3":0,"3.5":0.013316,"3.6":0,"4":0,"5":0,"6":0,"7":0,"8":0,"9":0,"10":0,"11":0,"12":0,"13":0,"14":0,"15":0,"16":0.046606,"17":0,"18":0,"19":0,"20":0,"21":0,"22":0,"23":0,"24":0,"25":0,"26":0,"27":0,"28":0,"29":0,"30":0,"31":0,"32":0,"33":0.006658,"34":0,"35":0,"36":0,"37":0,"38":0,"39":0.006658,"40":0,"41":0.006658,"42":0,"43":0,"44":0,"45":0.272978,"46":0,"47":0.006658,"48":0.29961,"49":0,"50":0,"51":0.006658,"52":0.23303,"53":0,"54":0,"55":0.006658,"56":0.019974,"57":0.013316,"58":0.006658,"59":0.006658,"60":0.253004,"61":0.013316,"62":0.03329,"63":0.039948,"64":0.073238,"65":6.72458,"66":1.937478,"67":0,"68":0},"opera":{"9":0,"9.5-9.6":0,"10.0-10.1":0,"10.5":0,"10.6":0,"11":0,"11.1":0,"11.5":0,"11.6":0,"12":0,"12.1":0,"15":0,"16":0,"17":0,"18":0,"19":0,"20":0,"21":0,"22":0,"23":0,"24":0,"25":0,"26":0,"27":0,"28":0,"29":0,"30":0,"31":0.006658,"32":0,"33":0,"34":0,"35":0,"36":0,"37":0,"38":0,"39":0,"40":0,"41":0,"42":0,"43":0,"44":0,"45":0,"46":0,"47":0,"48":0,"49":0,"50":0,"51":0,"52":0,"53":0,"54":0,"55":0.006658,"56":0,"57":0,"58":0.339558},"safari":{"3.1":0,"3.2":0,"4":0.246346,"5":0.053264,"5.1":0.006658,"6":0,"6.1":0.019974,"7":0,"7.1":0,"8":0.006658,"9":0.019974,"9.1":0.173108,"10":0.019974,"10.1":0.286294,"11":0.292952,"11.1":0.559272,"12":2.243746,"12.1":0.13316,"0":null},"ios_saf":{"3.2":0.0073116796796797,"4.0-4.1":0.0036558398398398,"4.2-4.3":0.0036558398398398,"5.0-5.1":0.020107119119119,"6.0-6.1":0.0091395995995996,"7.0-7.1":0.036558398398398,"8":0.24494126926927,"8.1-8.4":0.078600556556557,"9.0-9.2":0.049353837837838,"9.3":0.35644438438438,"10.0-10.2":0.19741535135135,"10.3":0.4770870990991,"11.0-11.2":0.60504149349349,"11.3-11.4":1.2996510630631,"12.0-12.1":14.665401517518,"12.2":0.20655495095095},"android":{"2.1":0.0048817416073245,"2.2":0.01057710681587,"2.3":0.0073226124109868,"3":0.00081362360122075,"4":0.11553455137335,"4.1":0.062649017293998,"4.2-4.3":0.23350997355036,"4.4":0,"4.4.3-4.4.4":0.3645033733469,"67":null},"ie":{"5.5":0,"6":0,"7":0,"8":0.013316,"9":0,"10":0.006658,"11":1.251704},"edge":{"12":0.006658,"13":0.013316,"14":0.053264,"15":0.06658,"16":0.073238,"17":1.86424,"18":0.286294},"op_mob":{"10":null,"11":null,"11.1":null,"11.5":null,"12":null,"12.1":null,"0":null},"samsung":{"4":0.54352726495726,"5.0-5.4":0.011092393162393,"6.2-6.4":0.13310871794872,"7.2-7.4":0.31058700854701,"8.2":2.5512504273504,"9.2":0.34386418803419},"ie_mob":{"10":0,"11":0.063498},"bb":{"7":0,"10":0},"kaios":{"2.5":0},"baidu":{"0":null},"and_ff":{"0":0.130338},"and_uc":{"0":0.020052},"and_qq":{"1.2":0},"op_mini":{"0":0.034803886597938},"and_chr":{"0":34.666518}},"total":96.352591886598}