{"id":"NC","name":"New Caledonia","month":"2020-03","access_date":"2020-04-15","data":{"chrome":{"4":0,"5":0,"6":0,"7":0,"8":0,"9":0,"10":0,"11":0,"12":0,"13":0,"14":0,"15":0,"16":0,"17":0,"18":0,"19":0,"20":0,"21":0,"22":0,"23":0,"24":0,"25":0,"26":0,"27":0,"28":0,"29":0,"30":0,"31":0,"32":0,"33":0,"34":0,"35":0,"36":0.02564,"37":0.00641,"38":0.01282,"39":0.00641,"40":0.00641,"41":0.00641,"42":0,"43":0.00641,"44":0.00641,"45":0.00641,"46":0.00641,"47":0.00641,"48":0.00641,"49":0.20512,"50":0.00641,"51":0.01282,"52":0.00641,"53":0.02564,"54":0.01282,"55":0.00641,"56":0.02564,"57":0.01923,"58":0.01282,"59":0.01282,"60":0.01282,"61":0.00641,"62":0.00641,"63":0.01282,"64":0.00641,"65":0.20512,"66":0.00641,"67":0.03205,"68":0.01282,"69":0.01923,"70":0.00641,"71":0.05128,"72":0.08974,"73":0.07692,"74":0.56408,"75":0.03205,"76":0.10256,"77":0.42947,"78":0.07692,"79":0.43588,"80":18.87104,"81":0.00641,"83":0,"84":null,"85":null},"firefox":{"2":0,"3":0,"3.5":0,"3.6":0,"4":0,"5":0,"6":0,"7":0,"8":0,"9":0,"10":0,"11":0,"12":0,"13":0,"14":0,"15":0,"16":0,"17":0,"18":0,"19":0,"20":0,"21":0.00641,"22":0,"23":0.01923,"24":0,"25":0,"26":0,"27":0,"28":0,"29":0,"30":0,"31":0,"32":0,"33":0,"34":0,"35":0,"36":0,"37":0,"38":0,"39":0,"40":0.00641,"41":0.00641,"42":0.00641,"43":0.00641,"44":0,"45":0.05128,"46":0.00641,"47":0.00641,"48":0.0641,"49":0.00641,"50":0.00641,"51":0.01282,"52":0.2564,"53":0.01282,"54":0.00641,"55":0.00641,"56":0.01282,"57":0.00641,"58":0.00641,"59":0.00641,"60":0.17307,"61":0.00641,"62":0.00641,"63":0.00641,"64":0.00641,"65":0,"66":0.01923,"67":0.12179,"68":0.35255,"69":0.01923,"70":0.02564,"71":0.05128,"72":0.12179,"73":2.66015,"74":3.69857,"75":0.01282,"76":0,"77":0},"opera":{"9":0,"9.5-9.6":0,"10.0-10.1":0,"10.5":0,"10.6":0,"11":0,"11.1":0,"11.5":0,"11.6":0,"12":0.00641,"12.1":0.00641,"15":0,"16":0,"17":0,"18":0,"19":0,"20":0,"21":0,"22":0,"23":0,"24":0,"25":0,"26":0,"27":0,"28":0,"29":0,"30":0,"31":0,"32":0,"33":0,"34":0,"35":0,"36":0,"37":0,"38":0,"39":0,"40":0,"41":0,"42":0,"43":0,"44":0,"45":0,"46":0,"47":0,"48":0,"49":0,"50":0,"51":0,"52":0,"53":0,"54":0,"55":0,"56":0,"57":0,"58":0,"60":0,"62":0,"63":0,"64":0.00641,"65":0,"66":0.32691},"ios_saf":{"3.2":0.0039262858857657,"4.0-4.1":0.0019631429428829,"4.2-4.3":0,"5.0-5.1":0.015705143543063,"6.0-6.1":0.0078525717715315,"7.0-7.1":0.035336572971892,"8":0,"8.1-8.4":0.029447144143243,"9.0-9.2":0.025520858257477,"9.3":0.25324543963189,"10.0-10.2":0.0687100030009,"10.3":0.24342972491748,"11.0-11.2":0.18257229368811,"11.3-11.4":0.28072944083225,"12.0-12.1":0.37496030209063,"12.2-12.4":2.2438723837151,"13.0-13.1":0.57520088226468,"13.2":0.2630611543463,"13.3":14.806024075223,"13.4":0.21398258077423},"safari":{"3.1":0,"3.2":0,"4":0,"5":0.00641,"5.1":0.00641,"6":0,"6.1":0,"7":0,"7.1":0,"8":0.00641,"9":0,"9.1":0.0641,"10":0.00641,"10.1":0.10256,"11":0.03205,"11.1":0.55126,"12":0.05769,"12.1":0.45511,"13":3.56396,"13.1":0.37178,"0":null},"android":{"2.1":0,"2.2":0.0075732951289398,"2.3":0.001893323782235,"3":0.001893323782235,"4":0.01893323782235,"4.1":0.030293180515759,"4.2-4.3":0.087092893982808,"4.4":0,"4.4.3-4.4.4":0.51309074498567,"80":null},"edge":{"12":0.00641,"13":0.01282,"14":0.01282,"15":0.01282,"16":0.03205,"17":0.09615,"18":1.58327,"79":null,"80":null},"samsung":{"4":0.29888271186441,"5.0-5.4":0,"6.2-6.4":0.010674382566586,"7.2-7.4":0.21348765133172,"8.2":0.010674382566586,"9.2":0.19213888619855,"10.1":0.77922992736077,"11.1":2.9034320581114},"op_mob":{"10":null,"11":null,"11.1":null,"11.5":null,"12":null,"12.1":null,"0":null},"ie":{"5.5":0,"6":0,"7":0,"8":0.01923,"9":0.03846,"10":0.01282,"11":0.49998},"ie_mob":{"10":0.051364615384615,"11":0.28250538461538},"bb":{"7":0,"10":0},"baidu":{"0":null},"and_ff":{"0":0.31592},"and_uc":{"0":0.06462},"and_qq":{"1.2":0.01077},"kaios":{"2.5":0},"op_mini":{"0":0.044184140893471},"and_chr":{"0":32.75575}},"total":95.429994140893}