{"id":"NC","name":"New Caledonia","month":"2015-04","access_date":"2015-05-02","data":{"chrome":{"4":0,"5":0,"6":0,"7":0,"8":0.016706,"9":0,"10":0,"11":0.016706,"12":0.016706,"13":0,"14":0,"15":0.008353,"16":0,"17":0,"18":0.008353,"19":0,"20":0,"21":0.016706,"22":0.016706,"23":0.033412,"24":0.066824,"25":0.16706,"26":0.008353,"27":0.075177,"28":0.041765,"29":0.041765,"30":0.016706,"31":0.066824,"32":0.08353,"33":0.066824,"34":0.08353,"35":0.108589,"36":0.367532,"37":0.158707,"38":0.158707,"39":0.317414,"40":0.509533,"41":14.70128,"42":9.839834,"43":0.08353,"44":0.041765,"45":0},"firefox":{"2":0,"3":0,"3.5":0.008353,"3.6":0.058471,"4":0,"5":0,"6":0.008353,"7":0.008353,"8":0,"9":0.008353,"10":0.033412,"11":0.033412,"12":0.033412,"13":0,"14":0.016706,"15":0.008353,"16":0.100236,"17":0.041765,"18":0.016706,"19":0.008353,"20":0.025059,"21":0.133648,"22":0.025059,"23":0.050118,"24":0.192119,"25":0.025059,"26":0.016706,"27":0.016706,"28":0.016706,"29":0.200472,"30":0.058471,"31":0.208825,"32":0.200472,"33":0.100236,"34":0.317414,"35":0.384238,"36":3.725438,"37":12.963856,"38":0.492827,"39":0,"40":0},"opera":{"9":0,"9.5-9.6":0,"10.0-10.1":0,"10.5":0,"10.6":0,"11":0,"11.1":0.016706,"11.5":0.041765,"11.6":0.016706,"12":0.025059,"12.1":0.08353,"15":0,"16":0,"17":0,"18":0,"19":0,"20":0,"21":0,"22":0,"23":0,"24":0,"25":0,"26":0,"27":0,"28":0.50118,"29":0.050118},"safari":{"3.1":0,"3.2":0,"4":0.08353,"5":1.144361,"5.1":1.286362,"6":0.133648,"6.1":0.726711,"7":0.559651,"7.1":1.720718,"8":2.706372},"android":{"2.1":0,"2.2":0,"2.3":0.117380399724,"3":0,"4":0.224280406616,"4.1":0.845418355157,"4.2-4.3":1.54480990351,"4.4":2.31057727314,"4.4.3-4.4.4":1.04035366184,"40":null},"ios_saf":{"3.2":0,"4.0-4.1":0,"4.2-4.3":0,"5.0-5.1":0.0501749397288,"6.0-6.1":0.127367154696,"7.0-7.1":1.90793424661,"8":0.333213061276,"8.1-8.3":10.3887855977},"op_mob":{"10":0,"11":0,"11.1":0,"11.5":0,"12":3.34098256735e-5,"12.1":0.000133639302694,"0":0.000668196513471},"ie":{"5.5":0,"6":0.0250722798092,"7":0.0250722798092,"8":1.15332487122,"9":0.852457513514,"10":1.24525656386,"11":12.4525656386,"0":null},"ie_mob":{"10":0.0416531612903,"11":0.11975283871},"bb":{"7":0.00699975,"10":null},"and_uc":{"0":0.054351},"op_mini":{"5.0-8.0":0.104572754358},"and_chr":{"0":7.899687},"and_ff":{"0":0.107055}},"total":98.7519318968}