{"id":"NE","name":"Niger","month":"2019-05","access_date":"2019-06-04","data":{"chrome":{"4":0,"5":0,"6":0,"7":0,"8":0,"9":0.002227,"10":0,"11":0,"12":0,"13":0,"14":0,"15":0,"16":0,"17":0,"18":0,"19":0,"20":0,"21":0,"22":0,"23":0,"24":0,"25":0,"26":0,"27":0,"28":0,"29":0,"30":0.002227,"31":0,"32":0,"33":0.002227,"34":0,"35":0,"36":0,"37":0.002227,"38":0,"39":0,"40":0.048994,"41":0,"42":0.002227,"43":0.02227,"44":0,"45":0.048994,"46":0,"47":0,"48":0,"49":0.033405,"50":0,"51":0,"52":0,"53":0.002227,"54":0,"55":0.091307,"56":0,"57":0,"58":0.002227,"59":0,"60":0,"61":0,"62":0.002227,"63":0.4454,"64":0.002227,"65":0.053448,"66":0,"67":0.011135,"68":0.002227,"69":0.138074,"70":0.006681,"71":0.006681,"72":0.071264,"73":0.46767,"74":0.917524,"75":0.002227,"76":0,"77":0},"firefox":{"2":0,"3":0.011135,"3.5":0,"3.6":0,"4":0,"5":0,"6":0,"7":0,"8":0,"9":0,"10":0,"11":0,"12":0,"13":0,"14":0,"15":0,"16":0,"17":0,"18":0,"19":0,"20":0,"21":0,"22":0,"23":0.002227,"24":0,"25":0,"26":0,"27":0,"28":0,"29":0,"30":0,"31":0,"32":0.002227,"33":0,"34":0,"35":0.004454,"36":0.002227,"37":0,"38":0,"39":0.006681,"40":0,"41":0.006681,"42":0.002227,"43":0.002227,"44":0.008908,"45":0.004454,"46":0.002227,"47":0.006681,"48":0.006681,"49":0.002227,"50":0.008908,"51":0,"52":0.004454,"53":0,"54":0,"55":0,"56":0.006681,"57":0.002227,"58":0,"59":0.006681,"60":0.013362,"61":0.004454,"62":0.004454,"63":0.002227,"64":0.02227,"65":0.02227,"66":0.639149,"67":0.026724,"68":0,"69":0},"opera":{"9":0,"9.5-9.6":0,"10.0-10.1":0,"10.5":0,"10.6":0,"11":0,"11.1":0,"11.5":0,"11.6":0,"12":0,"12.1":0.033405,"15":0,"16":0.011135,"17":0.002227,"18":0,"19":0.002227,"20":0.011135,"21":0,"22":0,"23":0.006681,"24":0,"25":0,"26":0,"27":0,"28":0.002227,"29":0,"30":0.006681,"31":0,"32":0.004454,"33":0,"34":0,"35":0.002227,"36":0,"37":0.006681,"38":0.002227,"39":0.006681,"40":0,"41":0,"42":0.006681,"43":0,"44":0,"45":0,"46":0,"47":0,"48":0,"49":0,"50":0,"51":0.002227,"52":0.002227,"53":0,"54":0,"55":0,"56":0.015589,"57":0.002227,"58":0.097988},"safari":{"3.1":0,"3.2":0,"4":0,"5":0.002227,"5.1":0.064583,"6":0,"6.1":0,"7":0,"7.1":0,"8":0.002227,"9":0,"9.1":0.071264,"10":0,"10.1":0.002227,"11":0.004454,"11.1":0.008908,"12":0.015589,"12.1":0.033405,"0":null},"ios_saf":{"3.2":0.0026701833116298,"4.0-4.1":0.0020026374837223,"4.2-4.3":0.00033377291395372,"5.0-5.1":0.0030039562255835,"6.0-6.1":0.0010013187418612,"7.0-7.1":0.0046728207953521,"8":0.033043518481418,"8.1-8.4":0.011014506160473,"9.0-9.2":0.0073430041069819,"9.3":0.052068574576781,"10.0-10.2":0.03137465391165,"10.3":0.073096268155865,"11.0-11.2":0.085112093058199,"11.3-11.4":0.17389568816989,"12.0-12.1":0.54438362265852,"12.2":2.3070383812481},"android":{"2.1":0.037774554216867,"2.2":0.062957590361446,"2.3":0.015739397590361,"3":0,"4":0.60754074698795,"4.1":0.16368973493976,"4.2-4.3":1.0388002409639,"4.4":0,"4.4.3-4.4.4":1.2087857349398,"67":null},"edge":{"12":0.008908,"13":0.015589,"14":0.011135,"15":0.008908,"16":0.006681,"17":0.102442,"18":0.040086,"75":null},"op_mob":{"10":null,"11":null,"11.1":null,"11.5":null,"12":null,"12.1":null,"0":null},"ie":{"5.5":0,"6":0,"7":0,"8":0.08806249137931,"9":0.0026685603448276,"10":0.0080056810344828,"11":0.21081626724138},"samsung":{"4":0.33749525675676,"5.0-5.4":0.049631655405405,"6.2-6.4":0.059557986486486,"7.2-7.4":0.2084529527027,"8.2":0.2084529527027,"9.2":0.60550619594595},"ie_mob":{"10":0.21490058823529,"11":0.15043041176471},"bb":{"7":0,"10":0.038865},"baidu":{"0":null},"and_ff":{"0":0.116595},"and_uc":{"0":6.272811},"and_qq":{"1.2":0.287601},"op_mini":{"0":12.171743371134},"and_chr":{"0":63.009913},"kaios":{"2.5":0}},"total":94.354881371134}