{"id":"NE","name":"Niger","month":"2015-03","access_date":"2015-04-01","data":{"chrome":{"4":0.002091,"5":0.02091,"6":0.004182,"7":0.002091,"8":0.002091,"9":0.002091,"10":0.006273,"11":0.054366,"12":0.008364,"13":0.014637,"14":0.002091,"15":0.004182,"16":0.002091,"17":0,"18":0.002091,"19":0.002091,"20":0.006273,"21":0.027183,"22":0.004182,"23":0.006273,"24":0.002091,"25":0.004182,"26":0.012546,"27":0.004182,"28":0.002091,"29":0.006273,"30":0.035547,"31":0.33456,"32":0.004182,"33":0.025092,"34":0.039729,"35":0.031365,"36":0.219555,"37":0.02091,"38":0.138006,"39":0.10455,"40":1.73553,"41":2.206005,"42":0.023001,"43":0.029274,"44":0},"firefox":{"2":0.002091,"3":0.096186,"3.5":0.008364,"3.6":0.071094,"4":0.014637,"5":0.004182,"6":0.117096,"7":0.077367,"8":0.027183,"9":0.027183,"10":0.027183,"11":0.106641,"12":0.14637,"13":0.02091,"14":0.037638,"15":0.23001,"16":0.077367,"17":0.010455,"18":0.025092,"19":0.031365,"20":0.027183,"21":0.010455,"22":0.016728,"23":0.023001,"24":0.039729,"25":0.023001,"26":0.02091,"27":0.035547,"28":0.02091,"29":0.096186,"30":0.135915,"31":0.129642,"32":0.066912,"33":0.2091,"34":0.138006,"35":1.409334,"36":4.121361,"37":0.179826,"38":0.085731,"39":0.002091},"opera":{"9":0,"9.5-9.6":0,"10.0-10.1":0.002091,"10.5":0.002091,"10.6":0.002091,"11":0,"11.1":0.004182,"11.5":0.006273,"11.6":0.010455,"12":0,"12.1":0.046002,"15":0.002091,"16":0.004182,"17":0,"18":0.010455,"19":0.006273,"20":0.014637,"21":0.002091,"22":0.025092,"23":0,"24":0.002091,"25":0.023001,"26":0.010455,"27":0.165189,"28":0.238374,"29":0},"safari":{"3.1":0,"3.2":0,"4":0.027183,"5":0.029274,"5.1":0.043911,"6":0.023001,"6.1":0.010455,"7":0.006273,"7.1":0.056457,"8":0.069003},"android":{"2.1":0,"2.2":0,"2.3":0.3188317618,"3":0,"4":0.706709892397,"4.1":2.4430229901,"4.2-4.3":4.23416702773,"4.4":7.25596105039,"4.4.3-4.4.4":3.49902627759,"37":0},"ios_saf":{"3.2":0,"4.0-4.1":0,"4.2-4.3":0,"5.0-5.1":0.00936357164404,"6.0-6.1":0.0236217375566,"7.0-7.1":0.373478823529,"8":0.0749085731523,"8.1":1.63500729412},"op_mob":{"10":0,"11":0,"11.1":0,"11.5":0,"12":0.00876797746835,"12.1":0.0350719098734,"0":0.219199436709},"ie":{"5.5":0,"6":0.0194177444934,"7":0.0172602173275,"8":0.873798502203,"9":0.813387741557,"10":0.610580187959,"11":2.03886317181,"0":null},"ie_mob":{"10":0.233965795556,"11":0.588570204444},"bb":{"7":0.039545,"10":null},"and_uc":{"0":12.369676},"op_mini":{"5.0-8.0":34.3704716759},"and_chr":{"0":7.113871},"and_ff":{"0":0.23727}},"total":94.1086945653}