{"id":"NF","name":"Norfolk Island","month":"2018-08","access_date":"2018-09-04","data":{"chrome":{"4":0,"5":0,"6":0,"7":0,"8":0,"9":0,"10":0,"11":0,"12":0,"13":0,"14":0,"15":0,"16":0,"17":0,"18":0,"19":0,"20":0,"21":0,"22":0,"23":0,"24":0.048516,"25":0,"26":0,"27":0.20215,"28":0.088946,"29":0.072774,"30":0.032344,"31":0.137462,"32":0.226408,"33":0.064688,"34":0.064688,"35":0.088946,"36":0.088946,"37":0.185978,"38":0,"39":0.016172,"40":0,"41":0.840944,"42":0.105118,"43":0.032344,"44":0,"45":0,"46":0,"47":0,"48":0,"49":0.153634,"50":0.088946,"51":0.24258,"52":0.016172,"53":0.137462,"54":0.169806,"55":0.137462,"56":0.032344,"57":0.137462,"58":0.44473,"59":0.355784,"60":3.509324,"61":0.291096,"62":0.032344,"63":0.477074,"64":0.137462,"65":0,"66":0.016172,"67":2.619864,"68":29.95863,"69":0,"70":0,"71":0},"firefox":{"2":0,"3":0,"3.5":0,"3.6":0,"4":0,"5":0,"6":0,"7":0,"8":0,"9":0.016172,"10":0,"11":0,"12":0,"13":0,"14":0,"15":0,"16":0,"17":0,"18":0,"19":0,"20":0.016172,"21":0.493246,"22":0.137462,"23":0.088946,"24":0.048516,"25":0.072774,"26":0,"27":0.072774,"28":0.064688,"29":0.12129,"30":0,"31":0.048516,"32":0,"33":0.105118,"34":0,"35":0,"36":0.032344,"37":0.56602,"38":0,"39":0.016172,"40":0.072774,"41":0.12129,"42":0,"43":0.032344,"44":0.105118,"45":0.44473,"46":0.064688,"47":0.12129,"48":0.064688,"49":0.274924,"50":0.072774,"51":0.016172,"52":0.396214,"53":0.088946,"54":0.153634,"55":0.064688,"56":0,"57":0,"58":0,"59":0,"60":0.105118,"61":2.58752,"62":0,"63":0},"opera":{"9":0,"9.5-9.6":0,"10.0-10.1":0,"10.5":0,"10.6":0,"11":0,"11.1":0,"11.5":0,"11.6":0.064688,"12":0.088946,"12.1":0.549848,"15":0,"16":0,"17":0,"18":0,"19":0,"20":0,"21":0,"22":0,"23":0,"24":0,"25":0.048516,"26":0,"27":0.016172,"28":1.043094,"29":0,"30":0,"31":0,"32":0,"33":0,"34":0,"35":0,"36":0,"37":0,"38":0,"39":0,"40":0,"41":0,"42":0.048516,"43":0.137462,"44":0,"45":0.016172,"46":0,"47":0.12129,"48":0,"49":0,"50":0,"51":0,"52":0,"53":0,"54":0.978406,"55":0},"safari":{"3.1":0,"3.2":0,"4":0,"5":0.048516,"5.1":0.064688,"6":0,"6.1":0,"7":0.048516,"7.1":0,"8":0.064688,"9":0.088946,"9.1":3.428464,"10":0.36387,"10.1":0.258752,"11":0.064688,"11.1":1.083524,"12":0,"0":null},"ios_saf":{"3.2":0.00177235517759,"4.0-4.1":0,"4.2-4.3":0.00177235517759,"5.0-5.1":0.0265853276638,"6.0-6.1":0.0141788414207,"7.0-7.1":0.0708942071036,"8":0.0141788414207,"8.1-8.4":0.122292507254,"9.0-9.2":0.0815283381691,"9.3":0.487397673837,"10.0-10.2":0.55829188094,"10.3":0.923397047524,"11.0-11.2":1.92655007804,"11.3-11.4":13.333428001,"12":0.152422545273},"android":{"2.1":0,"2.2":0,"2.3":0,"3":0,"4":0,"4.1":0,"4.2-4.3":0.240509308411,"4.4":0.811718915888,"4.4.3-4.4.4":0.556177775701,"67":null},"op_mob":{"10":null,"11":null,"11.1":null,"11.5":null,"12":null,"12.1":null,"0":null},"ie":{"5.5":0,"6":0,"7":0,"8":0.226408,"9":0.24258,"10":0.153634,"11":2.46623},"edge":{"12":0.169806,"13":0.016172,"14":0.226408,"15":0,"16":0.32344,"17":0.549848,"18":null},"samsung":{"4":0.0639689205703,"5":0.0639689205703,"6.2":0.0213229735234,"7.2":null},"bb":{"7":0.0486156,"10":0.1944624},"ie_mob":{"10":0.374918823529,"11":0.0499891764706},"baidu":{"0":null},"and_ff":{"0":0.061248},"and_qq":{"1.2":null},"and_uc":{"0":0},"op_mini":{"0":0.0579856494845},"and_chr":{"0":8.812688}},"total":90.0164464641}