{"id":"NI","name":"Nicaragua","month":"2015-07","access_date":"2015-08-02","data":{"chrome":{"4":0.011634,"5":0.005817,"6":0,"7":0.005817,"8":0,"9":0.005817,"10":0.005817,"11":0.075621,"12":0.005817,"13":0.005817,"14":0.011634,"15":0.005817,"16":0.005817,"17":0,"18":0.052353,"19":0.005817,"20":0.011634,"21":0.017451,"22":0.034902,"23":0.017451,"24":0.034902,"25":0.017451,"26":0.034902,"27":0.075621,"28":0.023268,"29":0.040719,"30":0.029085,"31":0.075621,"32":0.040719,"33":0.081438,"34":0.081438,"35":0.168693,"36":0.168693,"37":0.186144,"38":0.215229,"39":0.564249,"40":0.314118,"41":0.267582,"42":0.366471,"43":23.954406,"44":6.730269,"45":0.069804,"46":0.005817,"47":0},"firefox":{"2":0.005817,"3":0.017451,"3.5":0.011634,"3.6":0.052353,"4":0.029085,"5":0.011634,"6":0.017451,"7":0.011634,"8":0.005817,"9":0.011634,"10":0.034902,"11":0.017451,"12":0.052353,"13":0.011634,"14":0.023268,"15":0.023268,"16":0.023268,"17":0.023268,"18":0.011634,"19":0.023268,"20":0.110523,"21":0.098889,"22":0.05817,"23":0.029085,"24":0.029085,"25":0.046536,"26":0.029085,"27":0.052353,"28":0.034902,"29":0.040719,"30":0.087255,"31":0.098889,"32":0.081438,"33":0.11634,"34":0.093072,"35":0.180327,"36":0.162876,"37":0.308301,"38":2.722356,"39":7.026936,"40":0.063987,"41":0.017451,"42":0.005817},"opera":{"9":0,"9.5-9.6":0.005817,"10.0-10.1":0.040719,"10.5":0,"10.6":0,"11":0.221046,"11.1":0.005817,"11.5":0.011634,"11.6":0.011634,"12":0.104706,"12.1":0.046536,"15":0,"16":0,"17":0.005817,"18":0.005817,"19":0,"20":0.011634,"21":0,"22":0,"23":0,"24":0,"25":0.005817,"26":0.005817,"27":0.005817,"28":0.046536,"29":0.052353,"30":0.802746,"31":0.017451,"32":0},"safari":{"3.1":0,"3.2":0,"4":0.023268,"5":0.029085,"5.1":0.05817,"6":0.011634,"6.1":0.023268,"7":0.05817,"7.1":0.122157,"8":0.552615,"9":0.005817},"android":{"2.1":0,"2.2":0,"2.3":0.0998679902003,"3":0,"4":0.313870826344,"4.1":1.07520212826,"4.2-4.3":2.11538561061,"4.4":3.77552882433,"4.4.3-4.4.4":1.61993662026,"40":null},"ios_saf":{"3.2":0,"4.0-4.1":0,"4.2-4.3":0,"5.0-5.1":0.0105085482656,"6.0-6.1":0.0432704928583,"7.0-7.1":0.301657150212,"8":0.0426523429603,"8.1-8.4":3.5401444657,"9":null},"op_mob":{"10":0,"11":0,"11.1":0,"11.5":0,"12":0.0350168795471,"12.1":0.105050638641,"0":1.08552326596},"ie":{"5.5":0.00587517,"6":0.02350068,"7":0.04700136,"8":1.08690645,"9":0.46413843,"10":1.44529182,"11":2.72607888},"bb":{"7":0.12862725,"10":null},"ie_mob":{"10":0.251017348214,"11":0.945320651786},"and_uc":{"0":3.13725},"op_mini":{"5.0-8.0":14.9249722159},"and_chr":{"0":10.236262},"edge":{"0":0.023268},"and_ff":{"0":0.129673}},"total":97.77558504}