{"id":"NI","name":"Nicaragua","month":"2014-10","access_date":"2014-11-01","data":{"chrome":{"4":null,"5":null,"6":null,"7":null,"8":null,"9":0.007525,"10":null,"11":0.097825,"12":0.01505,"13":0.01505,"14":0.007525,"15":null,"16":null,"17":null,"18":0.158025,"19":null,"20":0.01505,"21":0.04515,"22":0.0301,"23":0.0301,"24":0.022575,"25":0.04515,"26":0.07525,"27":0.112875,"28":0.052675,"29":0.07525,"30":0.0602,"31":0.308525,"32":0.218225,"33":0.6622,"34":0.58695,"35":1.316875,"36":1.76085,"37":22.642725,"38":18.804975,"39":0.158025,"40":0.07525,"41":null},"firefox":{"2":null,"3":0.01505,"3.5":0.022575,"3.6":0.112875,"4":0.037625,"5":0.022575,"6":0.007525,"7":0.01505,"8":0.022575,"9":0.01505,"10":0.037625,"11":0.022575,"12":0.142975,"13":0.037625,"14":0.07525,"15":0.067725,"16":0.0602,"17":0.0301,"18":0.0602,"19":0.0301,"20":0.0903,"21":0.082775,"22":0.07525,"23":0.067725,"24":0.067725,"25":0.0903,"26":0.112875,"27":0.1204,"28":0.097825,"29":0.2107,"30":0.489125,"31":0.55685,"32":12.29585,"33":3.288425,"34":0.0602,"35":0.007525,"36":null},"opera":{"9":null,"9.5-9.6":null,"10.0-10.1":0,"10.5":null,"10.6":null,"11":null,"11.1":null,"11.5":null,"11.6":null,"12":null,"12.1":0.037625,"15":0.01505,"16":null,"17":null,"18":0.037625,"19":0.01505,"20":0.037625,"21":0.007525,"22":0.007525,"23":null,"24":0.37625,"25":0.5117,"26":0.01505,"27":null},"safari":{"3.1":null,"3.2":null,"4":0.022575,"5":0.067725,"5.1":0.13545,"6":0.07525,"6.1":0.127925,"7":0.301,"7.1":0.22575,"8":0.082775},"android":{"2.1":0,"2.2":0.00855245009074,"2.3":0.196706352087,"3":0.00641433756806,"4":0.434036842105,"4.1":1.27716588022,"4.2-4.3":1.9136107078,"4.4":2.43673557169,"4.4.3-4.4.4":0.795377858439,"37":0},"ios_saf":{"3.2":0,"4.0-4.1":0,"4.2-4.3":0,"5.0-5.1":0.0186845070423,"6.0-6.1":0.083813360161,"7.0-7.1":1.15924020121,"8":1.01883947686,"8.1":0.372622454728},"op_mob":{"10":0,"11":0,"11.1":0,"11.5":0,"12":0.01221328125,"12.1":0.054959765625,"0":null},"ie":{"5.5":null,"6":0.0380339673913,"7":0.0380339673913,"8":1.23230054348,"9":0.722645380435,"10":1.62024701087,"11":2.62434375},"bb":{"7":0.14911875,"10":null},"and_ff":{"0":0.141075},"ie_mob":{"10":0.5767245},"and_uc":{"0":1.091475},"op_mini":{"5.0-8.0":4.23190195312},"and_chr":{"0":5.819975}},"total":96.1234228696}