{"id":"NI","name":"Nicaragua","month":"2019-07","access_date":"2019-08-05","data":{"chrome":{"4":0,"5":0,"6":0,"7":0,"8":0,"9":0,"10":0,"11":0.00596,"12":0,"13":0,"14":0,"15":0,"16":0,"17":0,"18":0,"19":0,"20":0,"21":0,"22":0.01192,"23":0,"24":0,"25":0,"26":0,"27":0,"28":0,"29":0,"30":0,"31":0.00596,"32":0,"33":0,"34":0.00596,"35":0,"36":0,"37":0,"38":0.01192,"39":0,"40":0.00596,"41":0.01192,"42":0.00596,"43":0.00596,"44":0.00596,"45":0.00596,"46":0.00596,"47":0,"48":0,"49":0.17284,"50":0.01192,"51":0.00596,"52":0,"53":0.00596,"54":0,"55":0.01192,"56":0.01192,"57":0,"58":0.01192,"59":0,"60":0.01788,"61":0.22052,"62":0.00596,"63":0.03576,"64":0.01788,"65":0.01192,"66":0.0298,"67":0.05364,"68":0.0298,"69":0.0596,"70":0.07152,"71":0.1192,"72":0.11324,"73":0.16092,"74":0.37548,"75":24.42408,"76":0.11324,"77":0.01192,"78":0,"79":0},"firefox":{"2":0,"3":0.00596,"3.5":0,"3.6":0,"4":0,"5":0,"6":0,"7":0,"8":0,"9":0,"10":0,"11":0,"12":0,"13":0,"14":0,"15":0,"16":0,"17":0,"18":0,"19":0,"20":0,"21":0,"22":0,"23":0,"24":0,"25":0,"26":0,"27":0,"28":0,"29":0,"30":0,"31":0,"32":0,"33":0,"34":0,"35":0,"36":0,"37":0,"38":0,"39":0,"40":0,"41":0,"42":0.00596,"43":0.00596,"44":0.00596,"45":0.00596,"46":0,"47":0.01788,"48":0.0298,"49":0.00596,"50":0.00596,"51":0.00596,"52":0.0298,"53":0.00596,"54":0,"55":0,"56":0.00596,"57":0.00596,"58":0.00596,"59":0.00596,"60":0.02384,"61":0.01788,"62":0.00596,"63":0.00596,"64":0.00596,"65":0.03576,"66":0.0298,"67":1.02512,"68":1.3112,"69":0.01192,"70":0},"opera":{"9":0,"9.5-9.6":0,"10.0-10.1":0,"10.5":0,"10.6":0,"11":0,"11.1":0,"11.5":0,"11.6":0,"12":0,"12.1":0.01192,"15":0,"16":0,"17":0.01788,"18":0,"19":0,"20":0,"21":0,"22":0.00596,"23":0,"24":0,"25":0,"26":0.00596,"27":0,"28":0,"29":0.00596,"30":0,"31":0,"32":0,"33":0.00596,"34":0,"35":0,"36":0.00596,"37":0.00596,"38":0,"39":0,"40":0,"41":0,"42":0,"43":0,"44":0,"45":0,"46":0,"47":0,"48":0,"49":0,"50":0,"51":0,"52":0,"53":0.01788,"54":0,"55":0,"56":0,"57":0,"58":0,"60":1.0132,"62":0.5364},"safari":{"3.1":0,"3.2":0,"4":0,"5":0,"5.1":0.27416,"6":0,"6.1":0,"7":0,"7.1":0,"8":0.01192,"9":0.00596,"9.1":0.00596,"10":0.01192,"10.1":0.0596,"11":0.02384,"11.1":0.0894,"12":0.16092,"12.1":0.73308,"13":0.00596,"0":null},"ios_saf":{"3.2":0,"4.0-4.1":0,"4.2-4.3":0,"5.0-5.1":0.0042954211532656,"6.0-6.1":0.0017181684613062,"7.0-7.1":0.0060135896145718,"8":0,"8.1-8.4":0.0085908423065311,"9.0-9.2":0.0073022159605515,"9.3":0.072163075374862,"10.0-10.2":0.030067948072859,"10.3":0.079035749220087,"11.0-11.2":0.087197049411291,"11.3-11.4":0.16709188286203,"12.0-12.1":0.33976781322331,"12.2-12.3":3.4651162443393,"13":null},"android":{"2.1":0,"2.2":0,"2.3":0.0040037758112094,"3":0.013012271386431,"4":0.063059469026549,"4.1":0.098092507374631,"4.2-4.3":0.39937663716814,"4.4":0,"4.4.3-4.4.4":0.44041533923304,"67":null},"ie":{"5.5":0,"6":0,"7":0,"8":0.031154545454545,"9":0.012461818181818,"10":0.056078181818182,"11":0.17446545454545},"edge":{"12":0.01192,"13":0.00596,"14":0.01192,"15":0.01788,"16":0.02384,"17":0.298,"18":0.149,"76":null},"op_mob":{"10":null,"11":null,"11.1":null,"11.5":null,"12":null,"12.1":null,"0":null},"samsung":{"4":0.58342751677852,"5.0-5.4":0.071648993288591,"6.2-6.4":0.081884563758389,"7.2-7.4":0.23541812080537,"8.2":0.16376912751678,"9.2":1.9140516778523},"ie_mob":{"10":0.021301818181818,"11":0.095858181818182},"bb":{"7":0,"10":0.00404},"kaios":{"2.5":0},"baidu":{"0":null},"and_ff":{"0":0.06464},"and_uc":{"0":0.39592},"and_qq":{"1.2":0},"op_mini":{"0":0.75731257731959},"and_chr":{"0":54.81092}},"total":97.11751257732}