{"id":"NI","name":"Nicaragua","month":"2014-06","access_date":"2014-07-29","data":{"chrome":{"4":null,"5":null,"6":null,"7":0.00772,"8":null,"9":0.00772,"10":null,"11":0.14668,"12":0.01544,"13":0.02316,"14":0.01544,"15":0.01544,"16":null,"17":0.00772,"18":0.20844,"19":0.01544,"20":0.03088,"21":0.09264,"22":0.04632,"23":0.03088,"24":0.05404,"25":0.04632,"26":0.12352,"27":0.1158,"28":0.1158,"29":0.27792,"30":0.13124,"31":0.56356,"32":0.44776,"33":1.01132,"34":1.65208,"35":40.01276,"36":0.193,"37":0.08492,"38":null,"39":null},"firefox":{"2":0.00772,"3":0.03088,"3.5":0.02316,"3.6":0.17756,"4":0.04632,"5":0.02316,"6":0.02316,"7":0.01544,"8":0.03088,"9":0.0386,"10":0.06176,"11":0.06176,"12":0.23932,"13":0.06948,"14":0.09264,"15":0.13896,"16":0.1158,"17":0.08492,"18":0.06948,"19":0.06176,"20":0.21616,"21":0.16212,"22":0.13124,"23":0.1544,"24":0.14668,"25":0.193,"26":0.30108,"27":0.40916,"28":0.72568,"29":9.64228,"30":6.12968,"31":0.09264,"32":0.01544,"33":0.00772,"34":null},"opera":{"9":null,"9.5-9.6":null,"10.0-10.1":0,"10.5":null,"10.6":null,"11":null,"11.1":null,"11.5":null,"11.6":null,"12":null,"12.1":0.08492,"15":0.00772,"16":null,"17":0.01544,"18":0.0386,"19":0.02316,"20":0.0772,"21":0.13896,"22":0.39372,"23":0.00772,"24":null},"safari":{"3.1":null,"3.2":null,"4":0.02316,"5":0.08492,"5.1":0.2316,"6":0.18528,"6.1":0.20844,"7":0.60216,"8":null},"android":{"2.1":0.0259080597015,"2.2":0.0880874029851,"2.3":1.3627639403,"3":0.0051816119403,"4":1.02595916418,"4.1":1.93274125373,"4.2-4.3":0.766878567164,"4.4":null,"4.4.3":null},"op_mob":{"10":0,"11":0.00684440976391,"11.1":0,"11.5":0.00684440976391,"12":0.0342220488195,"12.1":0.0958217366947,"0":null},"ie":{"5.5":null,"6":0.0549093988146,"7":0.0705977984759,"8":2.21990855207,"9":1.22369517358,"10":2.54152074513,"11":3.1219915326},"ios_saf":{"3.2":0.00214776,"4.0-4.1":0.00429552,"4.2-4.3":0.01503432,"5.0-5.1":0.15249096,"6.0-6.1":0.62070264,"7.0-7.1":1.3530888,"8":null},"bb":{"7":0.24795,"10":null},"and_ff":{"0":0.05928},"ie_mob":{"10":0.4714812},"op_mini":{"5.0-7.0":4.31822739496},"and_chr":{"0":2.64936}},"total":91.8349344007}