{"id":"NI","name":"Nicaragua","month":"2021-06","access_date":"2021-07-04","data":{"firefox":{"2":null,"3":null,"3.5":null,"3.6":null,"4":null,"5":null,"6":null,"7":null,"8":null,"9":null,"10":null,"11":null,"12":null,"13":null,"14":null,"15":null,"16":null,"17":null,"18":null,"19":null,"20":null,"21":null,"22":null,"23":null,"24":null,"25":null,"26":null,"27":null,"28":null,"29":null,"30":null,"31":null,"32":null,"33":null,"34":null,"35":null,"36":0.00485,"37":null,"38":null,"39":null,"40":null,"41":null,"42":null,"43":null,"44":null,"45":null,"46":null,"47":null,"48":null,"49":null,"50":null,"51":null,"52":0.01456,"53":null,"54":null,"55":null,"56":null,"57":null,"58":null,"59":null,"60":null,"61":null,"62":null,"63":null,"64":null,"65":null,"66":null,"67":null,"68":null,"69":null,"70":null,"71":null,"72":0.00485,"73":null,"74":null,"75":0.01941,"76":null,"77":null,"78":0.02911,"79":0.03396,"80":0.00485,"81":0.0097,"82":0.0097,"83":null,"84":0.0097,"85":0.02911,"86":0.0097,"87":0.02426,"88":0.31053,"89":1.8098,"90":0.01456,"91":null},"chrome":{"4":null,"5":null,"6":null,"7":null,"8":null,"9":null,"10":null,"11":0.00485,"12":null,"13":null,"14":null,"15":null,"16":null,"17":null,"18":null,"19":null,"20":null,"21":null,"22":null,"23":null,"24":null,"25":null,"26":null,"27":null,"28":null,"29":null,"30":null,"31":null,"32":null,"33":null,"34":null,"35":null,"36":null,"37":null,"38":0.01941,"39":null,"40":null,"41":null,"42":null,"43":null,"44":null,"45":null,"46":null,"47":null,"48":null,"49":0.10674,"50":null,"51":null,"52":null,"53":null,"54":null,"55":null,"56":0.0097,"57":null,"58":null,"59":null,"60":null,"61":null,"62":null,"63":0.0097,"64":null,"65":null,"66":null,"67":null,"68":null,"69":0.0097,"70":0.01456,"71":0.00485,"72":0.0097,"73":0.01456,"74":0.0097,"75":0.04367,"76":0.03882,"77":0.0097,"78":0.0097,"79":0.05822,"80":0.03882,"81":0.03396,"83":0.02426,"84":0.02426,"85":0.07763,"86":0.03882,"87":0.16012,"88":0.12615,"89":3.18776,"90":3.2848,"91":28.53461,"92":0.01456,"93":0.01941,"94":null},"opera":{"9":null,"9.5-9.6":null,"10.0-10.1":0,"10.5":null,"10.6":null,"11":null,"11.1":null,"11.5":null,"11.6":null,"12":null,"12.1":null,"15":null,"16":null,"17":null,"18":null,"19":null,"20":null,"21":null,"22":null,"23":null,"24":null,"25":null,"26":null,"27":null,"28":null,"29":null,"30":null,"31":null,"32":null,"33":null,"34":null,"35":null,"36":null,"37":null,"38":null,"39":null,"40":null,"41":null,"42":null,"43":null,"44":null,"45":null,"46":0.00485,"47":null,"48":null,"49":null,"50":null,"51":null,"52":null,"53":null,"54":null,"55":null,"56":null,"57":null,"58":null,"60":null,"62":null,"63":null,"64":null,"65":null,"66":null,"67":null,"68":null,"69":null,"70":null,"71":null,"72":null,"73":null,"74":0.01456,"75":0.50946,"76":0.60165,"77":0.24745},"safari":{"3.1":null,"3.2":null,"4":0,"5":null,"5.1":0.83454,"6":null,"6.1":null,"7":null,"7.1":null,"8":null,"9":null,"9.1":null,"10":null,"10.1":null,"11":null,"11.1":0.01456,"12":null,"12.1":0.01456,"13":0.01941,"13.1":0.08248,"14":0.26201,"14.1":0.33964,"15":null,"0":null},"ios_saf":{"3.2":0,"4.0-4.1":0,"4.2-4.3":0,"5.0-5.1":0.02443,"6.0-6.1":0.00138,"7.0-7.1":0.02258,"8":0,"8.1-8.4":0.00138,"9.0-9.2":0.00138,"9.3":0.0447,"10.0-10.2":0.01014,"10.3":0.04009,"11.0-11.2":0.01521,"11.3-11.4":0.01106,"12.0-12.1":0.01336,"12.2-12.4":0.09816,"13.0-13.1":0.01475,"13.2":0.01521,"13.3":0.04885,"13.4-13.7":0.12766,"14.0-14.4":1.57337,"14.5-14.7":2.19368},"edge":{"12":0.0097,"13":null,"14":0.00485,"15":0.00485,"16":0.0097,"17":0.00485,"18":0.07278,"79":null,"80":null,"81":null,"83":null,"84":0.01456,"85":0.01456,"86":null,"87":0.0097,"88":0.01456,"89":0.02426,"90":0.08734,"91":2.44541},"samsung":{"4":0.44163,"5.0-5.4":0.04028,"6.2-6.4":0.06162,"7.2-7.4":0.23622,"8.2":0.01027,"9.2":0.13352,"10.1":0.05135,"11.1-11.2":0.5238,"12.0":0.15406,"13.0":0.43136,"14.0":2.11574},"android":{"2.1":0,"2.2":0,"2.3":0,"3":0,"4":0.00303,"4.1":0.00303,"4.2-4.3":0.00969,"4.4":0,"4.4.3-4.4.4":0.08721,"0":0},"op_mob":{"10":null,"11":null,"11.1":null,"11.5":null,"12":null,"12.1":null,"0":null},"ie":{"5.5":null,"6":null,"7":null,"8":null,"9":null,"10":null,"11":0.15526},"ie_mob":{"10":0.42578,"11":0.03849},"bb":{"7":0,"10":0},"and_uc":{"0":0.21622},"op_mini":{"0":0.36066},"and_chr":{"0":46.1675},"kaios":{"2.5":0},"baidu":{"0":null},"and_ff":{"0":0.139},"and_qq":{"10.4":0}},"total":100.00279}