{"id":"NL","name":"Netherlands","month":"2018-09","access_date":"2018-10-03","data":{"chrome":{"4":0,"5":0,"6":0,"7":0,"8":0,"9":0,"10":0,"11":0,"12":0,"13":0,"14":0,"15":0,"16":0,"17":0,"18":0,"19":0,"20":0,"21":0,"22":0.005969,"23":0,"24":0.005969,"25":0,"26":0,"27":0.005969,"28":0,"29":0.847598,"30":0,"31":0,"32":0,"33":0,"34":0.011938,"35":0,"36":0,"37":0.005969,"38":0.011938,"39":0.005969,"40":0.005969,"41":0.041783,"42":0,"43":0.011938,"44":0,"45":0,"46":0.005969,"47":0.011938,"48":0.041783,"49":0.220853,"50":0.011938,"51":0.029845,"52":0.011938,"53":0.011938,"54":0.029845,"55":0.029845,"56":0.029845,"57":0.077597,"58":0.029845,"59":0.017907,"60":0.149225,"61":0.035814,"62":0.053721,"63":0.131318,"64":0.083566,"65":0.131318,"66":0.149225,"67":0.423799,"68":8.47598,"69":8.398383,"70":0.029845,"71":0.011938,"72":null},"firefox":{"2":0,"3":0.005969,"3.5":0,"3.6":0,"4":0,"5":0,"6":0,"7":0,"8":0,"9":0,"10":0,"11":0,"12":0,"13":0,"14":0,"15":0,"16":0,"17":0,"18":0,"19":0,"20":0,"21":0,"22":0,"23":0.005969,"24":0,"25":0,"26":0,"27":0,"28":0.005969,"29":0,"30":0,"31":0,"32":0,"33":0,"34":0.005969,"35":0,"36":0,"37":0,"38":0.005969,"39":0,"40":0,"41":0.005969,"42":0.005969,"43":0.005969,"44":0,"45":0.011938,"46":0,"47":0.011938,"48":0.053721,"49":0.005969,"50":0.011938,"51":0.011938,"52":0.143256,"53":0.005969,"54":0.005969,"55":0.005969,"56":0.053721,"57":0.041783,"58":0.029845,"59":0.029845,"60":0.113411,"61":0.89535,"62":1.838452,"63":0.023876,"64":0.005969},"opera":{"9":0,"9.5-9.6":0,"10.0-10.1":0,"10.5":0,"10.6":0,"11":0,"11.1":0,"11.5":0,"11.6":0,"12":0,"12.1":0.011938,"15":0,"16":0,"17":0,"18":0,"19":0,"20":0,"21":0,"22":0,"23":0,"24":0,"25":0,"26":0,"27":0,"28":0,"29":0,"30":0,"31":0,"32":0,"33":0,"34":0,"35":0,"36":0.005969,"37":0.005969,"38":0,"39":0,"40":0,"41":0,"42":0,"43":0,"44":0,"45":0,"46":0,"47":0,"48":0,"49":0.005969,"50":0.005969,"51":0.005969,"52":0,"53":0,"54":0.047752,"55":0.334264},"safari":{"3.1":0,"3.2":0,"4":0.005969,"5":0.011938,"5.1":0.005969,"6":0,"6.1":0.005969,"7":0,"7.1":0,"8":0.011938,"9":0.023876,"9.1":0.095504,"10":0.047752,"10.1":0.214884,"11":0.220853,"11.1":1.778762,"12":0.668528,"0":null},"ios_saf":{"3.2":0.00258649514466,"4.0-4.1":0,"4.2-4.3":0.00258649514466,"5.0-5.1":0.0362109320252,"6.0-6.1":0.0181054660126,"7.0-7.1":0.0750083591951,"8":0.0258649514466,"8.1-8.4":0.15518970868,"9.0-9.2":0.098286815497,"9.3":0.636277805586,"10.0-10.2":0.915619281209,"10.3":1.20272024227,"11.0-11.2":2.47268935829,"11.3-11.4":17.9916602262,"12":2.20369386325},"android":{"2.1":0,"2.2":0.000803501813785,"2.3":0.00562451269649,"3":0.000803501813785,"4":0.0618696396614,"4.1":0.0441925997582,"4.2-4.3":0.171145886336,"4.4":0,"4.4.3-4.4.4":0.38005635792,"67":null},"op_mob":{"10":null,"11":null,"11.1":null,"11.5":null,"12":null,"12.1":null,"0":null},"ie":{"5.5":0,"6":0.0123628398577,"7":0.0123628398577,"8":0.0927212989324,"9":0.0679956192171,"10":0.0618141992883,"11":3.22670120285},"edge":{"12":0.011938,"13":0.011938,"14":0.053721,"15":0.125349,"16":0.250698,"17":2.315972,"18":null},"samsung":{"4":0.304212088643,"5":0.0869177396122,"6.2":0.108647174515,"7.2":null},"bb":{"7":0.0024186,"10":0.0096744},"ie_mob":{"10":0,"11":0.076589},"baidu":{"0":null},"and_ff":{"0":0.233798},"and_qq":{"1.2":null},"and_uc":{"0":0.560309},"op_mini":{"0":0.293854359107},"and_chr":{"0":31.341604}},"total":92.2231713619}