{"id":"NL","name":"Netherlands","month":"2014-07","access_date":"2014-08-01","data":{"chrome":{"4":null,"5":null,"6":null,"7":null,"8":null,"9":null,"10":null,"11":0.10922,"12":null,"13":null,"14":null,"15":null,"16":null,"17":null,"18":0.016383,"19":null,"20":0.010922,"21":0.032766,"22":0.027305,"23":0.010922,"24":0.038227,"25":0.016383,"26":0.038227,"27":0.415036,"28":0.049149,"29":0.076454,"30":0.05461,"31":0.21844,"32":0.16383,"33":0.365887,"34":0.344043,"35":16.290163,"36":7.164832,"37":0.060071,"38":0.021844,"39":null},"firefox":{"2":0.005461,"3":0.010922,"3.5":null,"3.6":0.032766,"4":null,"5":0.005461,"6":null,"7":null,"8":null,"9":0.010922,"10":0.049149,"11":0.010922,"12":0.032766,"13":0.016383,"14":0.016383,"15":0.016383,"16":0.049149,"17":0.103759,"18":0.016383,"19":0.010922,"20":0.021844,"21":0.081915,"22":0.027305,"23":0.032766,"24":0.316738,"25":0.032766,"26":0.065532,"27":0.060071,"28":0.092837,"29":0.185674,"30":7.15391,"31":0.715391,"32":0.021844,"33":0.010922,"34":null},"opera":{"9":null,"9.5-9.6":null,"10.0-10.1":0,"10.5":null,"10.6":null,"11":null,"11.1":null,"11.5":null,"11.6":null,"12":0.005461,"12.1":0.098298,"15":null,"16":null,"17":null,"18":null,"19":null,"20":0.010922,"21":0.010922,"22":0.191135,"23":0.065532,"24":null},"safari":{"3.1":null,"3.2":null,"4":0.038227,"5":0.147447,"5.1":0.551561,"6":0.180213,"6.1":0.480568,"7":2.047875,"8":0.010922},"android":{"2.1":0.0341307457627,"2.2":0.0796384067797,"2.3":1.53588355932,"3":0,"4":1.29696833898,"4.1":3.16278244068,"4.2-4.3":3.26517467797,"4.4":2.03646783051,"4.4.3":null},"op_mob":{"10":0,"11":0,"11.1":0,"11.5":0,"12":0.000208489952153,"12.1":0.000938204784689,"0":null},"ie":{"5.5":null,"6":0.044091512611,"7":0.0385800735346,"8":1.48808855062,"9":2.07230109272,"10":1.73610330906,"11":10.1355364615},"ios_saf":{"3.2":0.0192170649351,"4.0-4.1":0.0384341298701,"4.2-4.3":0.11530238961,"5.0-5.1":0.538077818182,"6.0-6.1":2.11387714286,"7.0-7.1":16.4113734545,"8":0},"bb":{"7":0.031773,"10":null},"and_ff":{"0":0.154326},"ie_mob":{"10":0.32117964},"op_mini":{"5.0-7.0":0.0805553052632},"and_chr":{"0":13.775865}},"total":99.09791764}