{"id":"NL","name":"Netherlands","month":"2019-11","access_date":"2019-12-04","data":{"chrome":{"4":0,"5":0,"6":0,"7":0,"8":0,"9":0,"10":0,"11":0,"12":0,"13":0,"14":0,"15":0,"16":0,"17":0,"18":0,"19":0,"20":0,"21":0,"22":0,"23":0,"24":0.005848,"25":0,"26":0,"27":0,"28":0,"29":0,"30":0,"31":0,"32":0,"33":0,"34":0,"35":0,"36":0,"37":0.005848,"38":0.005848,"39":0,"40":0,"41":0.005848,"42":0,"43":0,"44":0,"45":0,"46":0,"47":0,"48":0.005848,"49":0.309944,"50":0,"51":0.005848,"52":0,"53":0.011696,"54":0,"55":0.005848,"56":0.005848,"57":0.005848,"58":0.011696,"59":0.005848,"60":0.017544,"61":0.017544,"62":0.005848,"63":0.035088,"64":0.011696,"65":0.035088,"66":0.017544,"67":0.064328,"68":0.023392,"69":0.052632,"70":0.070176,"71":0.076024,"72":0.076024,"73":0.169592,"74":0.081872,"75":0.181288,"76":0.280704,"77":2.345048,"78":15.58492,"79":0.035088,"80":0.011696,"81":null},"firefox":{"2":0,"3":0,"3.5":0,"3.6":0,"4":0,"5":0,"6":0,"7":0,"8":0,"9":0,"10":0,"11":0,"12":0,"13":0,"14":0,"15":0,"16":0,"17":0,"18":0,"19":0,"20":0.005848,"21":0,"22":0,"23":0,"24":0,"25":0,"26":0,"27":0,"28":0,"29":0,"30":0,"31":0,"32":0,"33":0,"34":0,"35":0,"36":0,"37":0,"38":0,"39":0,"40":0,"41":0.005848,"42":0,"43":0,"44":0,"45":0.005848,"46":0,"47":0,"48":0.017544,"49":0.011696,"50":0,"51":0,"52":0.046784,"53":0,"54":0,"55":0.011696,"56":0.011696,"57":0.005848,"58":0,"59":0,"60":0.040936,"61":0.005848,"62":0.011696,"63":0.005848,"64":0.011696,"65":0.011696,"66":0.017544,"67":0.023392,"68":0.304096,"69":0.11696,"70":2.13452,"71":0.023392,"72":0.011696,"73":0},"opera":{"9":0,"9.5-9.6":0,"10.0-10.1":0,"10.5":0,"10.6":0,"11":0,"11.1":0,"11.5":0,"11.6":0,"12":0,"12.1":0,"15":0,"16":0,"17":0,"18":0,"19":0,"20":0,"21":0,"22":0,"23":0,"24":0,"25":0,"26":0,"27":0,"28":0,"29":0,"30":0,"31":0,"32":0,"33":0,"34":0,"35":0,"36":0,"37":0,"38":0,"39":0,"40":0,"41":0,"42":0,"43":0,"44":0,"45":0,"46":0,"47":0,"48":0,"49":0,"50":0,"51":0,"52":0,"53":0,"54":0.005848,"55":0,"56":0,"57":0,"58":0.005848,"60":0,"62":0.005848,"63":0.064328,"64":0.163744},"safari":{"3.1":0,"3.2":0,"4":0,"5":0,"5.1":0.853808,"6":0,"6.1":0,"7":0,"7.1":0,"8":0.005848,"9":0.005848,"9.1":0.017544,"10":0.023392,"10.1":0.08772,"11":0.035088,"11.1":0.192984,"12":0.192984,"12.1":0.61404,"13":3.0702,"0":null},"ios_saf":{"3.2":0,"4.0-4.1":0,"4.2-4.3":0,"5.0-5.1":0.018079521442886,"6.0-6.1":0,"7.0-7.1":0.028410676553106,"8":0,"8.1-8.4":0.033576254108216,"9.0-9.2":0.030993465330661,"9.3":0.35384206252505,"10.0-10.2":0.13172222765531,"10.3":0.37192158396794,"11.0-11.2":0.3796699503006,"11.3-11.4":0.63794882805611,"12.0-12.1":0.88847933947896,"12.2-12.4":6.3639915478958,"13.0-13.1":12.64533385491,"13.2":3.8121962356713,"13.3":0.080066452104208},"android":{"2.1":0,"2.2":0.002339684434968,"2.3":0.000584921108742,"3":0.00087738166311301,"4":0.0067265927505331,"4.1":0.0076039744136461,"4.2-4.3":0.16231560767591,"4.4":0,"4.4.3-4.4.4":0.093879837953092,"76":null},"ie":{"5.5":0,"6":0.0063976240601504,"7":0,"8":0.025590496240602,"9":0.031988120300752,"10":0.012795248120301,"11":1.6249965112782},"samsung":{"4":0.1260557515528,"5.0-5.4":0.021009291925466,"6.2-6.4":0.010504645962733,"7.2-7.4":0.052523229813665,"8.2":0.021009291925466,"9.2":0.25211150310559,"10.1":4.5905302857143},"edge":{"12":0,"13":0.005848,"14":0.017544,"15":0.017544,"16":0.040936,"17":0.23392,"18":2.286568,"76":null},"op_mob":{"10":null,"11":null,"11.1":null,"11.5":null,"12":null,"12.1":null,"0":null},"ie_mob":{"10":0,"11":0.024912},"bb":{"7":0,"10":0.004152},"baidu":{"0":null},"and_ff":{"0":0.22836},"and_uc":{"0":0.460872},"and_qq":{"1.2":0.016608},"kaios":{"2.5":0},"op_mini":{"0":0.20047311340206},"and_chr":{"0":31.57548}},"total":95.711441113402}