{"id":"NL","name":"Netherlands","month":"2015-11","access_date":"2015-12-02","data":{"chrome":{"4":0,"5":0,"6":0,"7":0,"8":0,"9":0,"10":0,"11":0.035455,"12":0,"13":0,"14":0,"15":0,"16":0,"17":0,"18":0.007091,"19":0,"20":0,"21":0.007091,"22":0.021273,"23":0.007091,"24":0.042546,"25":0,"26":0.014182,"27":0.007091,"28":0.007091,"29":0.014182,"30":0.007091,"31":0.063819,"32":0.021273,"33":0.049637,"34":0.035455,"35":0.056728,"36":0.042546,"37":0.049637,"38":0.085092,"39":0.134729,"40":0.106365,"41":0.198548,"42":0.127638,"43":0.326186,"44":0.269458,"45":0.42546,"46":26.371429,"47":0.113456,"48":0.07091,"49":0.007091,"50":0},"firefox":{"2":0,"3":0.007091,"3.5":0,"3.6":0.021273,"4":0.007091,"5":0.007091,"6":0.007091,"7":0,"8":0,"9":0,"10":0.007091,"11":0,"12":0.007091,"13":0.007091,"14":0,"15":0.007091,"16":0.021273,"17":0.007091,"18":0.007091,"19":0.014182,"20":0.007091,"21":0.007091,"22":0.007091,"23":0.014182,"24":0.021273,"25":0.007091,"26":0.007091,"27":0.014182,"28":0.021273,"29":0.014182,"30":0.014182,"31":0.07091,"32":0.028364,"33":0.028364,"34":0.085092,"35":0.07091,"36":0.07091,"37":0.049637,"38":0.35455,"39":0.156002,"40":0.170184,"41":2.191119,"42":5.616072,"43":0.078001,"44":0.007091,"45":0.007091},"opera":{"9":0,"9.5-9.6":0,"10.0-10.1":0,"10.5":0,"10.6":0,"11":0,"11.1":0,"11.5":0,"11.6":0,"12":0.007091,"12.1":0.049637,"15":0,"16":0,"17":0,"18":0,"19":0,"20":0,"21":0,"22":0,"23":0,"24":0,"25":0,"26":0,"27":0.007091,"28":0,"29":0.007091,"30":0.007091,"31":0.007091,"32":0.056728,"33":0.375823,"34":0.007091,"35":0},"safari":{"3.1":0,"3.2":0,"4":0.021273,"5":0.092183,"5.1":0.262367,"6":0.028364,"6.1":0.191457,"7":0.106365,"7.1":0.170184,"8":0.872193,"9":2.956947},"android":{"2.1":0,"2.2":0,"2.3":0.034481471112,"3":0,"4":0.0416985232052,"4.1":0.446655335101,"4.2-4.3":0.94783950824,"4.4":1.81308386475,"4.4.3-4.4.4":0.949443297594,"46":null},"ios_saf":{"3.2":0,"4.0-4.1":0,"4.2-4.3":0,"5.0-5.1":0.0450027449467,"6.0-6.1":0.0375022874556,"7.0-7.1":0.982559931336,"8":0.138758463586,"8.1-8.4":3.59084402387,"9.0-9.1":13.6658335488},"op_mob":{"10":0,"11":0,"11.1":0,"11.5":0,"12":5.51612632568e-5,"12.1":0.000110322526514,"0":0.00270290189958},"ie":{"5.5":0,"6":0.0142765466667,"7":0.02141482,"8":0.521093953333,"9":0.977943446667,"10":0.927975533333,"11":11.4212373333},"bb":{"7":0.01381775,"10":null},"ie_mob":{"10":0.0913805434783,"11":0.403149456522},"edge":{"12":null,"13":null,"14":null},"and_uc":{"0":0.744704},"op_mini":{"5.0-8.0":0.325848614311},"and_chr":{"0":15.247039},"and_ff":{"0":0.043635}},"total":96.6484593833}