{"id":"NL","name":"Netherlands","month":"2017-03","access_date":"2017-04-03","data":{"chrome":{"4":null,"5":null,"6":null,"7":null,"8":null,"9":null,"10":null,"11":0.011628,"12":null,"13":null,"14":null,"15":null,"16":null,"17":null,"18":0.011628,"19":null,"20":null,"21":null,"22":0.005814,"23":null,"24":0.017442,"25":null,"26":null,"27":null,"28":null,"29":0.005814,"30":null,"31":0.017442,"32":0.011628,"33":0.005814,"34":0.023256,"35":0.011628,"36":0.023256,"37":0.023256,"38":0.034884,"39":0.034884,"40":0.011628,"41":0.040698,"42":0.02907,"43":0.063954,"44":0.034884,"45":0.040698,"46":0.02907,"47":0.040698,"48":0.133722,"49":0.767448,"50":0.081396,"51":0.267444,"52":0.075582,"53":0.08721,"54":0.151164,"55":0.470934,"56":24.76764,"57":1.500012,"58":0.063954,"59":0.017442,"60":null},"firefox":{"2":null,"3":null,"3.5":null,"3.6":null,"4":null,"5":null,"6":null,"7":null,"8":null,"9":null,"10":null,"11":null,"12":null,"13":null,"14":null,"15":null,"16":0.005814,"17":null,"18":null,"19":null,"20":null,"21":null,"22":null,"23":null,"24":0.005814,"25":null,"26":null,"27":null,"28":null,"29":0.005814,"30":null,"31":0.017442,"32":0.005814,"33":0.005814,"34":0.005814,"35":0.011628,"36":0.011628,"37":0.011628,"38":0.05814,"39":0.023256,"40":0.017442,"41":0.069768,"42":0.040698,"43":0.046512,"44":0.040698,"45":0.715122,"46":0.046512,"47":0.168606,"48":0.238374,"49":0.075582,"50":0.156978,"51":2.662812,"52":3.45933,"53":0.05814,"54":0.011628,"55":null},"opera":{"9":null,"9.5-9.6":null,"10.0-10.1":0,"10.5":null,"10.6":null,"11":null,"11.1":null,"11.5":null,"11.6":null,"12":null,"12.1":0.023256,"15":null,"16":null,"17":null,"18":null,"19":null,"20":null,"21":null,"22":null,"23":null,"24":null,"25":null,"26":null,"27":null,"28":null,"29":null,"30":null,"31":null,"32":null,"33":null,"34":null,"35":null,"36":0.017442,"37":null,"38":0.023256,"39":null,"40":0.005814,"41":0.011628,"42":0.046512,"43":2.040714,"44":0.273258,"45":0.08721,"46":null},"safari":{"3.1":null,"3.2":null,"4":0,"5":0.023256,"5.1":0.069768,"6":0.005814,"6.1":0.046512,"7":0.023256,"7.1":0.005814,"8":0.127908,"9":0.168606,"9.1":0.674424,"10":3.505842,"10.1":0.122094,"0":null},"ios_saf":{"3.2":0,"4.0-4.1":0,"4.2-4.3":0,"5.0-5.1":0,"6.0-6.1":0,"7.0-7.1":0.137677884368,"8":0,"8.1-8.4":0.185209534924,"9.0-9.2":0.180292467625,"9.3":1.22926682472,"10.0-10.2":13.946441882,"10.3":0.395004406342},"android":{"2.1":0,"2.2":0,"2.3":0,"3":0,"4":0.0106313001072,"4.1":0.0670234137192,"4.2-4.3":0.161780653805,"4.4":0.393358103966,"4.4.3-4.4.4":0.229728528403,"56":null},"op_mob":{"10":0,"11":0,"11.1":0,"11.5":0,"12":0,"12.1":0,"0":0.00148270155902},"ie":{"5.5":null,"6":0.0116679039121,"7":0.0116679039121,"8":0.105011135209,"9":0.227524126287,"10":0.145848798902,"11":7.99834813178},"edge":{"12":0.063954,"13":0.244188,"14":4.12794,"15":null},"bb":{"7":0.0062805,"10":null},"ie_mob":{"10":0.0459697708333,"11":0.213624229167},"op_mini":{"0":0.220428298441},"and_chr":{"0":17.229482},"and_ff":{"0":0.050244},"and_qq":{"1.2":null},"samsung":{"0":6.2805},"and_uc":{"0":0.728538}},"total":98.8413285}