{"id":"NO","name":"Norway","month":"2019-09","access_date":"2019-10-06","data":{"chrome":{"4":0,"5":0,"6":0,"7":0,"8":0,"9":0,"10":0,"11":0,"12":0,"13":0,"14":0,"15":0,"16":0,"17":0,"18":0,"19":0,"20":0,"21":0,"22":0,"23":0,"24":0,"25":0,"26":0,"27":0,"28":0,"29":0,"30":0,"31":0,"32":0,"33":0,"34":0,"35":0,"36":0,"37":0,"38":0.0132,"39":0,"40":0,"41":0,"42":0,"43":0,"44":0,"45":0,"46":0,"47":0,"48":0,"49":0.2442,"50":0.0066,"51":0.0066,"52":0,"53":0.0066,"54":0.0132,"55":0,"56":0.0264,"57":0.0066,"58":0.0132,"59":0.0066,"60":0.0066,"61":0.0198,"62":0.0132,"63":0.033,"64":0.0132,"65":0.0198,"66":0.0726,"67":0.066,"68":0.0792,"69":0.0594,"70":0.066,"71":0.0726,"72":0.1848,"73":0.1584,"74":0.2706,"75":0.6138,"76":17.5164,"77":6.336,"78":0.0264,"79":0.0066,"80":0},"firefox":{"2":0,"3":0,"3.5":0,"3.6":0,"4":0,"5":0,"6":0,"7":0,"8":0,"9":0,"10":0,"11":0.0132,"12":0,"13":0,"14":0,"15":0,"16":0,"17":0,"18":0,"19":0.0132,"20":0,"21":0,"22":0,"23":0,"24":0,"25":0,"26":0,"27":0,"28":0,"29":0,"30":0,"31":0,"32":0,"33":0,"34":0,"35":0,"36":0,"37":0,"38":0,"39":0,"40":0,"41":0.0066,"42":0,"43":0,"44":0,"45":0,"46":0,"47":0,"48":0.0132,"49":0,"50":0,"51":0,"52":0.0132,"53":0,"54":0,"55":0,"56":0.0066,"57":0.0066,"58":0,"59":0.0066,"60":0.0594,"61":0,"62":0.0066,"63":0.0066,"64":0.0132,"65":0.0066,"66":0.0198,"67":0.0264,"68":0.957,"69":1.5114,"70":0.0066,"71":0},"opera":{"9":0,"9.5-9.6":0,"10.0-10.1":0,"10.5":0,"10.6":0,"11":0,"11.1":0,"11.5":0,"11.6":0,"12":0,"12.1":0,"15":0,"16":0,"17":0,"18":0,"19":0,"20":0,"21":0,"22":0,"23":0,"24":0,"25":0,"26":0,"27":0,"28":0,"29":0,"30":0,"31":0,"32":0,"33":0,"34":0,"35":0,"36":0,"37":0,"38":0,"39":0,"40":0,"41":0,"42":0,"43":0,"44":0,"45":0,"46":0,"47":0,"48":0,"49":0,"50":0,"51":0,"52":0,"53":0.0264,"54":0.0066,"55":0,"56":0,"57":0,"58":0,"60":0.0066,"62":0.2904},"safari":{"3.1":0,"3.2":0,"4":0,"5":0,"5.1":0.099,"6":0,"6.1":0,"7":0,"7.1":0,"8":0.0132,"9":0,"9.1":0.0396,"10":0.0198,"10.1":0.1386,"11":0.0594,"11.1":0.2442,"12":0.3234,"12.1":1.947,"13":0.4752,"13.1":0,"0":null},"ios_saf":{"3.2":0.01247806244996,"4.0-4.1":0.00623903122498,"4.2-4.3":0,"5.0-5.1":0.02183660928743,"6.0-6.1":0,"7.0-7.1":0.02495612489992,"8":0,"8.1-8.4":0.04679273418735,"9.0-9.2":0.05303176541233,"9.3":0.38370042033627,"10.0-10.2":0.18405142113691,"10.3":0.46480782626101,"11.0-11.2":0.50536152922338,"11.3-11.4":0.91401807445957,"12.0-12.1":1.5348016813451,"12.2-12.3":24.834463791033,"13.0-13.1":2.183660928743},"android":{"2.1":0,"2.2":0.0018563184079602,"2.3":0.0010125373134328,"3":0.0011812935323383,"4":0.0065814925373134,"4.1":0.015019303482587,"4.2-4.3":0.088765771144279,"4.4":0,"4.4.3-4.4.4":0.05518328358209,"76":null},"samsung":{"4":0.053529411764706,"5.0-5.4":0,"6.2-6.4":0.010705882352941,"7.2-7.4":0.042823529411765,"8.2":0.021411764705882,"9.2":1.4881176470588,"10.1":1.4774117647059},"edge":{"12":0,"13":0.0066,"14":0.0198,"15":0.0396,"16":0.0924,"17":1.7754,"18":2.1648,"76":null},"op_mob":{"10":null,"11":null,"11.1":null,"11.5":null,"12":null,"12.1":null,"0":null},"ie":{"5.5":0,"6":0,"7":0,"8":0.006611743772242,"9":0,"10":0.006611743772242,"11":3.7025765124555},"ie_mob":{"10":0,"11":0.0102},"bb":{"7":0,"10":0},"and_chr":{"0":22.2258},"baidu":{"0":null},"and_ff":{"0":0.153},"and_uc":{"0":0.0306},"and_qq":{"1.2":0.0102},"kaios":{"2.5":0.0034},"op_mini":{"0":0.14485051546392}},"total":97.186050515464}