{"id":"NO","name":"Norway","month":"2019-10","access_date":"2019-11-04","data":{"chrome":{"4":0,"5":0,"6":0,"7":0,"8":0,"9":0,"10":0,"11":0,"12":0,"13":0,"14":0,"15":0,"16":0,"17":0,"18":0,"19":0,"20":0,"21":0,"22":0,"23":0,"24":0,"25":0,"26":0,"27":0,"28":0,"29":0,"30":0,"31":0,"32":0,"33":0,"34":0,"35":0,"36":0,"37":0,"38":0.006216,"39":0,"40":0.012432,"41":0.006216,"42":0,"43":0,"44":0,"45":0,"46":0,"47":0,"48":0,"49":0.205128,"50":0,"51":0,"52":0,"53":0.006216,"54":0.006216,"55":0.006216,"56":0.049728,"57":0.006216,"58":0.012432,"59":0.018648,"60":0.006216,"61":0.012432,"62":0.024864,"63":0.024864,"64":0.012432,"65":0.024864,"66":0.074592,"67":0.06216,"68":0.043512,"69":0.087024,"70":0.06216,"71":0.074592,"72":0.149184,"73":0.180264,"74":0.149184,"75":0.285936,"76":2.293704,"77":19.20744,"78":1.348872,"79":0.012432,"80":0,"81":null},"firefox":{"2":0,"3":0,"3.5":0,"3.6":0,"4":0,"5":0,"6":0,"7":0,"8":0,"9":0,"10":0,"11":0.012432,"12":0,"13":0,"14":0,"15":0,"16":0,"17":0,"18":0,"19":0,"20":0,"21":0,"22":0,"23":0,"24":0,"25":0,"26":0,"27":0,"28":0,"29":0,"30":0,"31":0,"32":0,"33":0,"34":0,"35":0,"36":0,"37":0,"38":0,"39":0,"40":0,"41":0.018648,"42":0,"43":0,"44":0,"45":0,"46":0.006216,"47":0,"48":0.012432,"49":0,"50":0,"51":0,"52":0.018648,"53":0,"54":0,"55":0,"56":0.018648,"57":0.006216,"58":0.018648,"59":0.006216,"60":0.03108,"61":0.006216,"62":0,"63":0.006216,"64":0.006216,"65":0.012432,"66":0.018648,"67":0.012432,"68":0.149184,"69":1.920744,"70":0.34188,"71":0,"72":0},"opera":{"9":0,"9.5-9.6":0,"10.0-10.1":0,"10.5":0,"10.6":0,"11":0,"11.1":0,"11.5":0,"11.6":0,"12":0,"12.1":0,"15":0,"16":0,"17":0,"18":0,"19":0,"20":0,"21":0,"22":0,"23":0,"24":0,"25":0,"26":0,"27":0,"28":0,"29":0,"30":0,"31":0,"32":0,"33":0,"34":0,"35":0,"36":0,"37":0,"38":0,"39":0,"40":0,"41":0,"42":0,"43":0,"44":0,"45":0,"46":0,"47":0,"48":0,"49":0,"50":0,"51":0,"52":0,"53":0,"54":0.03108,"55":0,"56":0,"57":0,"58":0,"60":0.006216,"62":0.12432,"63":0.602952,"64":0.049728},"safari":{"3.1":0,"3.2":0,"4":0,"5":0,"5.1":0.080808,"6":0,"6.1":0,"7":0,"7.1":0,"8":0.006216,"9":0.006216,"9.1":0.049728,"10":0.018648,"10.1":0.130536,"11":0.055944,"11.1":0.27972,"12":0.304584,"12.1":1.205904,"13":2.324784,"0":null},"ios_saf":{"3.2":0,"4.0-4.1":0.010589219795632,"4.2-4.3":0,"5.0-5.1":0.028237919455019,"6.0-6.1":0,"7.0-7.1":0.021178439591264,"8":0,"8.1-8.4":0.042356879182529,"9.0-9.2":0.045886619114406,"9.3":0.46239593107594,"10.0-10.2":0.19413569625326,"10.3":0.52240150991785,"11.0-11.2":0.55063942937287,"11.3-11.4":0.94950004167502,"12.0-12.1":1.3483606539772,"12.2-12.4":14.023656749349,"13.0-13.2":17.03452491124},"android":{"2.1":0,"2.2":0.0011937760617761,"2.3":0.00021705019305019,"3":0.00032557528957529,"4":0.0039069034749035,"4.1":0.0098757837837838,"4.2-4.3":0.062510455598456,"4.4":0,"4.4.3-4.4.4":0.034402455598456,"76":null},"samsung":{"4":0.084660693333333,"5.0-5.4":0,"6.2-6.4":0.010582586666667,"7.2-7.4":0.03174776,"8.2":0.010582586666667,"9.2":0.19048656,"10.1":2.8467158133333},"edge":{"12":0,"13":0.006216,"14":0.018648,"15":0.024864,"16":0.06216,"17":0.565656,"18":1.721832,"76":null},"op_mob":{"10":null,"11":null,"11.1":null,"11.5":null,"12":null,"12.1":null,"0":null},"ie":{"5.5":0,"6":0,"7":0,"8":0.006216,"9":0,"10":0.006216,"11":1.765344},"ie_mob":{"10":0,"11":0.015136},"bb":{"7":0,"10":0},"baidu":{"0":null},"and_ff":{"0":0.147576},"and_uc":{"0":0.064328},"and_qq":{"1.2":0.011352},"kaios":{"2.5":0},"op_mini":{"0":0.15404520962199},"and_chr":{"0":22.243496}},"total":97.707085209622}