{"id":"NO","name":"Norway","month":"2018-02","access_date":"2018-03-03","data":{"chrome":{"4":0,"5":0,"6":0,"7":0,"8":0,"9":0,"10":0,"11":0,"12":0,"13":0,"14":0,"15":0,"16":0,"17":0,"18":0,"19":0,"20":0,"21":0,"22":0,"23":0,"24":0,"25":0,"26":0,"27":0,"28":0,"29":0.006791,"30":0,"31":0,"32":0,"33":0.006791,"34":0.006791,"35":0,"36":0,"37":0,"38":0.020373,"39":0.006791,"40":0,"41":0.006791,"42":0.027164,"43":0.006791,"44":0.006791,"45":0.006791,"46":0.013582,"47":0.013582,"48":0.006791,"49":0.278431,"50":0.013582,"51":0.040746,"52":0.013582,"53":0.006791,"54":0.027164,"55":0.047537,"56":0.054328,"57":0.074701,"58":0.040746,"59":0.190148,"60":0.122238,"61":0.278431,"62":0.441415,"63":12.332456,"64":9.133895,"65":0.047537,"66":0.006791,"67":0},"firefox":{"2":0,"3":0,"3.5":0,"3.6":0.101865,"4":0.006791,"5":0,"6":0,"7":0,"8":0,"9":0,"10":0,"11":0,"12":0,"13":0,"14":0,"15":0,"16":0,"17":0,"18":0,"19":0,"20":0,"21":0,"22":0,"23":0,"24":0,"25":0,"26":0,"27":0,"28":0,"29":0,"30":0.006791,"31":0,"32":0,"33":0.006791,"34":0,"35":0,"36":0,"37":0,"38":0.013582,"39":0,"40":0.006791,"41":0.006791,"42":0,"43":0,"44":0.006791,"45":0.020373,"46":0,"47":0.006791,"48":0.047537,"49":0.006791,"50":0.006791,"51":0.006791,"52":0.244476,"53":0.013582,"54":0.013582,"55":0.047537,"56":0.054328,"57":0.217312,"58":2.458342,"59":0.013582,"60":0,"61":0},"opera":{"9":0,"9.5-9.6":0,"10.0-10.1":0,"10.5":0,"10.6":0,"11":0,"11.1":0,"11.5":0,"11.6":0,"12":0,"12.1":0.033955,"15":0,"16":0,"17":0,"18":0,"19":0,"20":0,"21":0,"22":0,"23":0,"24":0,"25":0,"26":0,"27":0,"28":0,"29":0,"30":0,"31":0,"32":0.013582,"33":0,"34":0,"35":0,"36":0.027164,"37":0.006791,"38":0,"39":0,"40":0,"41":0,"42":0,"43":0,"44":0,"45":0.033955,"46":0,"47":0,"48":0.006791,"49":0.013582,"50":0.862457,"51":0.20373,"52":0.006791},"safari":{"3.1":0,"3.2":0,"4":0,"5":0.006791,"5.1":0.013582,"6":0,"6.1":0.006791,"7":0.006791,"7.1":0,"8":0.054328,"9":0.027164,"9.1":0.27164,"10":0.156193,"10.1":0.590817,"11":2.539834,"11.1":0.020373,"0":null},"ios_saf":{"3.2":0.00328938781634,"4.0-4.1":0,"4.2-4.3":0.0296044903471,"5.0-5.1":0.0493408172452,"6.0-6.1":0.0296044903471,"7.0-7.1":0.144733063919,"8":0.0723665319596,"8.1-8.4":0.276308576573,"9.0-9.2":0.23354653496,"9.3":1.29601879964,"10.0-10.2":1.68087717415,"10.3":3.67424619086,"11.0-11.2":25.3940739422,"11.3":null},"android":{"2.1":0,"2.2":0,"2.3":0,"3":0,"4":0,"4.1":0.0235785099778,"4.2-4.3":0.0684239113082,"4.4":0.201110820399,"4.4.3-4.4.4":0.123902758315,"62":null},"op_mob":{"10":null,"11":null,"11.1":null,"11.5":null,"12":null,"12.1":null,"0":null},"ie":{"5.5":0,"6":0,"7":0,"8":0.013582,"9":0.040746,"10":0.040746,"11":7.87756},"edge":{"12":0.006791,"13":0.061119,"14":0.224103,"15":0.346341,"16":2.098419,"17":0.006791},"samsung":{"4":0.2291226,"5":0.1309272,"6.2":2.5203486},"ie_mob":{"10":0,"11":0.067389},"bb":{"7":0.0006418,"10":0.0025672},"and_uc":{"0":0.051344},"op_mini":{"0":0.261274353952},"and_chr":{"0":18.581458},"baidu":{"0":null},"and_ff":{"0":0.154032},"and_qq":{"1.2":null}},"total":97.519777754}