{"id":"NO","name":"Norway","month":"2015-07","access_date":"2015-08-02","data":{"chrome":{"4":0,"5":0,"6":0,"7":0,"8":0.007609,"9":0,"10":0,"11":0.022827,"12":0,"13":0,"14":0,"15":0,"16":0,"17":0,"18":0,"19":0,"20":0,"21":0.007609,"22":0.022827,"23":0,"24":0.007609,"25":0.007609,"26":0.015218,"27":0.015218,"28":0.007609,"29":0.015218,"30":0.007609,"31":0.121744,"32":0.030436,"33":0.07609,"34":0.053263,"35":0.159789,"36":0.07609,"37":0.106526,"38":0.136962,"39":0.342405,"40":0.144571,"41":0.175007,"42":0.311969,"43":22.849827,"44":5.889366,"45":0.121744,"46":0.007609,"47":0},"firefox":{"2":0,"3":0,"3.5":0,"3.6":0.030436,"4":0.015218,"5":0,"6":0.007609,"7":0,"8":0,"9":0,"10":0,"11":0,"12":0.015218,"13":0,"14":0.007609,"15":0.007609,"16":0.022827,"17":0.007609,"18":0.007609,"19":0.007609,"20":0.015218,"21":0.022827,"22":0,"23":0.007609,"24":0.007609,"25":0.007609,"26":0.007609,"27":0.007609,"28":0.022827,"29":0.015218,"30":0.083699,"31":0.053263,"32":0.030436,"33":0.030436,"34":0.045654,"35":0.083699,"36":0.053263,"37":0.15218,"38":2.138129,"39":6.323079,"40":0.060872,"41":0.007609,"42":0.007609},"opera":{"9":0,"9.5-9.6":0,"10.0-10.1":0.753291,"10.5":0.007609,"10.6":0,"11":0.068481,"11.1":0,"11.5":0,"11.6":0.007609,"12":0.030436,"12.1":0.30436,"15":0,"16":0,"17":0,"18":0,"19":0,"20":0,"21":0,"22":0.007609,"23":0.007609,"24":0.007609,"25":0.007609,"26":0,"27":0.007609,"28":0.015218,"29":0.038045,"30":1.810942,"31":0.015218,"32":0.007609},"safari":{"3.1":0,"3.2":0,"4":0.015218,"5":0.060872,"5.1":0.235879,"6":0.053263,"6.1":0.243488,"7":0.357623,"7.1":1.110914,"8":3.241434,"9":0.045654},"android":{"2.1":0,"2.2":0,"2.3":0.0319222980257,"3":0,"4":0.100327222366,"4.1":0.3436829229,"4.2-4.3":0.676172312725,"4.4":1.20682869549,"4.4.3-4.4.4":0.517804548494,"40":null},"ios_saf":{"3.2":0,"4.0-4.1":0,"4.2-4.3":0,"5.0-5.1":0.0534893646209,"6.0-6.1":0.22025032491,"7.0-7.1":1.53545940794,"8":0.217103891697,"8.1-8.4":18.0196230108,"9":null},"op_mob":{"10":0,"11":0,"11.1":0,"11.5":0,"12":0.000492484943387,"12.1":0.00147745483016,"0":0.015267033245},"ie":{"5.5":0,"6":0.0152328976995,"7":0.0228493465492,"8":0.464603379834,"9":1.3633443441,"10":1.11200153206,"11":12.5671406021},"bb":{"7":0.00418425,"10":null},"ie_mob":{"10":0.0882962142857,"11":0.332519785714},"and_uc":{"0":0.035865},"op_mini":{"5.0-8.0":0.209908026981},"and_chr":{"0":11.325505},"edge":{"0":0.068481},"and_ff":{"0":0.109986}},"total":99.1748023523}