{"id":"NP","name":"Nepal","month":"2018-04","access_date":"2018-05-06","data":{"chrome":{"4":0,"5":0,"6":0,"7":0,"8":0,"9":0,"10":0,"11":0.003987,"12":0.003987,"13":0,"14":0,"15":0,"16":0,"17":0.011961,"18":0,"19":0.007974,"20":0.003987,"21":0,"22":0.003987,"23":0,"24":0.003987,"25":0.015948,"26":0.003987,"27":0,"28":0.003987,"29":0.055818,"30":0.011961,"31":0.019935,"32":0.051831,"33":0.023922,"34":0,"35":0,"36":0.003987,"37":0,"38":0.003987,"39":0,"40":0.003987,"41":0.003987,"42":0,"43":0.019935,"44":0,"45":0,"46":0.003987,"47":0.003987,"48":0.003987,"49":0.111636,"50":0.003987,"51":0.007974,"52":0.003987,"53":0.007974,"54":0.003987,"55":0.011961,"56":0.015948,"57":0.007974,"58":0.059805,"59":0.015948,"60":0.099675,"61":0.019935,"62":0.043857,"63":0.067779,"64":0.139545,"65":9.313632,"66":1.487151,"67":0.095688,"68":0.007974,"69":0},"firefox":{"2":0,"3":0.003987,"3.5":0,"3.6":0,"4":0,"5":0,"6":0,"7":0,"8":0,"9":0,"10":0,"11":0,"12":0,"13":0,"14":0,"15":0,"16":0.003987,"17":0,"18":0,"19":0,"20":0,"21":0,"22":0,"23":0,"24":0,"25":0,"26":0,"27":0,"28":0,"29":0.003987,"30":0.003987,"31":0.003987,"32":0.003987,"33":0.003987,"34":0.003987,"35":0.003987,"36":0.003987,"37":0.003987,"38":0.003987,"39":0.007974,"40":0.003987,"41":0.003987,"42":0.003987,"43":0.023922,"44":0.011961,"45":0.007974,"46":0.003987,"47":0.035883,"48":0.011961,"49":0.007974,"50":0.003987,"51":0.003987,"52":0.111636,"53":0.003987,"54":0.015948,"55":0.007974,"56":0.059805,"57":0.023922,"58":0.035883,"59":1.566891,"60":0.255168,"61":0},"opera":{"9":0,"9.5-9.6":0,"10.0-10.1":0,"10.5":0,"10.6":0,"11":0,"11.1":0,"11.5":0,"11.6":0,"12":0,"12.1":0.043857,"15":0,"16":0,"17":0,"18":0.003987,"19":0,"20":0.003987,"21":0.003987,"22":0.003987,"23":0,"24":0,"25":0,"26":0,"27":0,"28":0.003987,"29":0,"30":0.003987,"31":0,"32":0.007974,"33":0.011961,"34":0,"35":0,"36":0,"37":0.047844,"38":0,"39":0,"40":0,"41":0,"42":0,"43":0.003987,"44":0,"45":0.003987,"46":0.007974,"47":0.003987,"48":0,"49":0,"50":0,"51":0.023922,"52":0.418635},"safari":{"3.1":0,"3.2":0,"4":0,"5":0,"5.1":0,"6":0,"6.1":0,"7":0,"7.1":0,"8":0.003987,"9":0.003987,"9.1":0.015948,"10":0.007974,"10.1":0.023922,"11":0.055818,"11.1":0.071766,"0":null},"ios_saf":{"3.2":0.000531275896614,"4.0-4.1":0,"4.2-4.3":0.00106255179323,"5.0-5.1":0.0122193456221,"6.0-6.1":0.00796913844921,"7.0-7.1":0.0297514502104,"8":0.00796913844921,"8.1-8.4":0.0483461065919,"9.0-9.2":0.030282726107,"9.3":0.218885669405,"10.0-10.2":0.197103357644,"10.3":0.439896442396,"11.0-11.2":2.37267815428,"11.3":1.93650064316},"android":{"2.1":0,"2.2":0,"2.3":0,"3":0,"4":0,"4.1":0.161412245111,"4.2-4.3":0.499251827901,"4.4":1.37012719687,"4.4.3-4.4.4":0.848352730117,"62":null},"op_mob":{"10":null,"11":null,"11.1":null,"11.5":null,"12":null,"12.1":null,"0":null},"ie":{"5.5":0,"6":0,"7":0,"8":0.0246255882353,"9":0.00410426470588,"10":0.00820852941176,"11":0.102606617647},"edge":{"12":0.019935,"13":0.011961,"14":0.015948,"15":0.019935,"16":0.23922,"17":0,"18":null},"samsung":{"4":0.970485268817,"5":0.0817250752688,"6.2":0.817250752688},"bb":{"7":0.0036078,"10":0.0144312},"ie_mob":{"10":0.024052,"11":0.108234},"baidu":{"0":null},"and_ff":{"0":0.078169},"and_qq":{"1.2":null},"and_uc":{"0":5.47183},"op_mini":{"0":7.57131750859},"and_chr":{"0":54.54393}},"total":93.1575176054}