{"id":"NP","name":"Nepal","month":"2019-05","access_date":"2019-06-04","data":{"chrome":{"4":0,"5":0,"6":0,"7":0,"8":0,"9":0,"10":0,"11":0,"12":0.003512,"13":0,"14":0,"15":0,"16":0,"17":0,"18":0,"19":0.003512,"20":0,"21":0,"22":0.003512,"23":0,"24":0,"25":0,"26":0,"27":0,"28":0,"29":0,"30":0.007024,"31":0.007024,"32":0.014048,"33":0.007024,"34":0,"35":0,"36":0.003512,"37":0,"38":0,"39":0,"40":0.007024,"41":0,"42":0,"43":0.007024,"44":0,"45":0,"46":0,"47":0,"48":0,"49":0.03512,"50":0,"51":0.003512,"52":0,"53":0.003512,"54":0,"55":0.003512,"56":0.003512,"57":0,"58":0.014048,"59":0,"60":0.003512,"61":0.028096,"62":0.003512,"63":0.010536,"64":0.003512,"65":0.056192,"66":0.003512,"67":0.014048,"68":0.014048,"69":0.021072,"70":0.024584,"71":0.059704,"72":0.059704,"73":1.643616,"74":7.543776,"75":0.038632,"76":0.024584,"77":0},"firefox":{"2":0,"3":0,"3.5":0,"3.6":0,"4":0,"5":0,"6":0,"7":0,"8":0,"9":0,"10":0,"11":0,"12":0,"13":0,"14":0,"15":0,"16":0,"17":0,"18":0,"19":0,"20":0,"21":0,"22":0,"23":0,"24":0,"25":0,"26":0,"27":0,"28":0,"29":0,"30":0,"31":0,"32":0.003512,"33":0,"34":0,"35":0,"36":0,"37":0,"38":0,"39":0.003512,"40":0,"41":0,"42":0,"43":0.007024,"44":0.003512,"45":0.003512,"46":0,"47":0.01756,"48":0.003512,"49":0,"50":0,"51":0,"52":0.038632,"53":0,"54":0.007024,"55":0,"56":0.010536,"57":0.003512,"58":0.003512,"59":0,"60":0.024584,"61":0.007024,"62":0.003512,"63":0.003512,"64":0.014048,"65":0.010536,"66":0.82532,"67":0.15804,"68":0.003512,"69":0},"opera":{"9":0,"9.5-9.6":0,"10.0-10.1":0,"10.5":0,"10.6":0,"11":0,"11.1":0,"11.5":0,"11.6":0,"12":0,"12.1":0.014048,"15":0,"16":0,"17":0,"18":0,"19":0,"20":0,"21":0,"22":0,"23":0,"24":0,"25":0,"26":0,"27":0,"28":0,"29":0,"30":0,"31":0,"32":0,"33":0,"34":0,"35":0,"36":0,"37":0.021072,"38":0,"39":0,"40":0,"41":0,"42":0.003512,"43":0,"44":0,"45":0,"46":0,"47":0,"48":0,"49":0,"50":0,"51":0,"52":0.003512,"53":0,"54":0,"55":0,"56":0,"57":0,"58":0.203696},"safari":{"3.1":0,"3.2":0,"4":0,"5":0,"5.1":0,"6":0,"6.1":0,"7":0,"7.1":0,"8":0,"9":0,"9.1":0,"10":0.003512,"10.1":0.007024,"11":0.003512,"11.1":0.010536,"12":0.028096,"12.1":0.059704,"0":null},"ios_saf":{"3.2":0.0039770393669238,"4.0-4.1":0.0029827795251928,"4.2-4.3":0.00049712992086547,"5.0-5.1":0.0044741692877892,"6.0-6.1":0.0014913897625964,"7.0-7.1":0.0069598188921166,"8":0.049215862165682,"8.1-8.4":0.016405287388561,"9.0-9.2":0.01093685825904,"9.3":0.077552267655014,"10.0-10.2":0.046730212561354,"10.3":0.10887145266954,"11.0-11.2":0.1267681298207,"11.3-11.4":0.25900468877091,"12.0-12.1":0.81081890093158,"12.2":3.4361620130221},"android":{"2.1":0.012715855421687,"2.2":0.021193092369478,"2.3":0.0052982730923695,"3":0,"4":0.20451334136546,"4.1":0.055102040160643,"4.2-4.3":0.34968602409639,"4.4":0,"4.4.3-4.4.4":0.40690737349398,"67":null},"edge":{"12":0.010536,"13":0.003512,"14":0.007024,"15":0.007024,"16":0.010536,"17":0.136968,"18":0.045656,"75":null},"op_mob":{"10":null,"11":null,"11.1":null,"11.5":null,"12":null,"12.1":null,"0":null},"ie":{"5.5":0,"6":0,"7":0,"8":0.010536,"9":0.003512,"10":0.003512,"11":0.042144},"samsung":{"4":0.67198978217822,"5.0-5.4":0.020363326732673,"6.2-6.4":0.06108998019802,"7.2-7.4":0.1119982970297,"8.2":0.18326994059406,"9.2":1.0079846732673},"ie_mob":{"10":0,"11":0.03244},"bb":{"7":0,"10":0},"baidu":{"0":null},"and_ff":{"0":0.045416},"and_uc":{"0":2.309728},"and_qq":{"1.2":0.006488},"op_mini":{"0":3.4336123573883},"and_chr":{"0":71.316104},"kaios":{"2.5":0}},"total":96.692452357388}