{"id":"NP","name":"Nepal","month":"2020-04","access_date":"2020-05-07","data":{"chrome":{"4":0,"5":0,"6":0,"7":0,"8":0,"9":0,"10":0,"11":0,"12":0,"13":0,"14":0,"15":0,"16":0,"17":0,"18":0,"19":0,"20":0,"21":0,"22":0,"23":0,"24":0,"25":0,"26":0,"27":0,"28":0,"29":0,"30":0,"31":0.00286,"32":0.00286,"33":0.00286,"34":0,"35":0,"36":0.00286,"37":0,"38":0,"39":0,"40":0.00286,"41":0,"42":0,"43":0.00286,"44":0,"45":0,"46":0,"47":0,"48":0,"49":0.01715,"50":0,"51":0,"52":0,"53":0,"54":0,"55":0,"56":0,"57":0,"58":0.00286,"59":0,"60":0,"61":0,"62":0,"63":0.00857,"64":0.00286,"65":0.00286,"66":0.00286,"67":0.00572,"68":0.00286,"69":0.00286,"70":0.00572,"71":0.00857,"72":0.00286,"73":0.01143,"74":0.00857,"75":0.01143,"76":0.01143,"77":0.00857,"78":0.02001,"79":0.02858,"80":2.44645,"81":1.45186,"83":0.01715,"84":0.00572,"85":null},"firefox":{"2":0,"3":0,"3.5":0,"3.6":0,"4":0,"5":0,"6":0,"7":0,"8":0,"9":0,"10":0,"11":0,"12":0,"13":0,"14":0,"15":0,"16":0,"17":0,"18":0,"19":0,"20":0,"21":0,"22":0,"23":0,"24":0,"25":0,"26":0,"27":0,"28":0,"29":0,"30":0,"31":0,"32":0,"33":0,"34":0,"35":0,"36":0,"37":0,"38":0,"39":0,"40":0,"41":0,"42":0,"43":0,"44":0,"45":0,"46":0,"47":0.00286,"48":0,"49":0,"50":0,"51":0,"52":0.01429,"53":0,"54":0,"55":0,"56":0,"57":0,"58":0,"59":0,"60":0,"61":0,"62":0,"63":0,"64":0,"65":0,"66":0,"67":0,"68":0.02572,"69":0,"70":0,"71":0,"72":0.00572,"73":0.00572,"74":0.12575,"75":0.27437,"76":0.03144,"77":0,"78":0},"opera":{"9":0,"9.5-9.6":0,"10.0-10.1":0,"10.5":0,"10.6":0,"11":0,"11.1":0,"11.5":0,"11.6":0,"12":0,"12.1":0.00286,"15":0,"16":0,"17":0,"18":0,"19":0,"20":0,"21":0,"22":0,"23":0,"24":0,"25":0,"26":0,"27":0,"28":0,"29":0,"30":0,"31":0,"32":0,"33":0,"34":0,"35":0,"36":0,"37":0.00572,"38":0,"39":0,"40":0,"41":0,"42":0,"43":0,"44":0,"45":0,"46":0,"47":0.00572,"48":0,"49":0,"50":0,"51":0,"52":0,"53":0,"54":0,"55":0,"56":0,"57":0.00286,"58":0,"60":0,"62":0,"63":0,"64":0,"65":0,"66":0,"67":0.17148,"68":0.00286},"ios_saf":{"3.2":0.00063,"4.0-4.1":0,"4.2-4.3":0.00126,"5.0-5.1":0.00632,"6.0-6.1":0.0019,"7.0-7.1":0.00632,"8":0.00063,"8.1-8.4":0.00885,"9.0-9.2":0.00759,"9.3":0.09107,"10.0-10.2":0.0234,"10.3":0.08032,"11.0-11.2":0.05186,"11.3-11.4":0.08791,"12.0-12.1":0.10878,"12.2-12.4":0.71277,"13.0-13.1":0.15179,"13.2":0.074,"13.3":4.14383,"13.4":0.7678},"safari":{"3.1":0,"3.2":0,"4":0,"5":0,"5.1":0,"6":0,"6.1":0,"7":0,"7.1":0,"8":0,"9":0,"9.1":0,"10":0,"10.1":0.00572,"11":0.00286,"11.1":0.00572,"12":0.00286,"12.1":0.01143,"13":0.04573,"13.1":0.03715,"0":null},"android":{"2.1":0,"2.2":0.00396,"2.3":0.00132,"3":0.00132,"4":0.01187,"4.1":0.02638,"4.2-4.3":0.0554,"4.4":0,"4.4.3-4.4.4":0.3812,"81":null},"edge":{"12":0.00286,"13":0.00286,"14":0.00286,"15":0.00286,"16":0.00286,"17":0.00857,"18":0.09146,"79":null,"80":null,"81":null},"samsung":{"4":0.38607,"5.0-5.4":0.01016,"6.2-6.4":0.02032,"7.2-7.4":0.13208,"8.2":0.04064,"9.2":0.11176,"10.1":0.25399,"11.1":1.20901},"op_mob":{"10":null,"11":null,"11.1":null,"11.5":null,"12":null,"12.1":null,"0":null},"ie":{"5.5":0,"6":0,"7":0,"8":0.00286,"9":0,"10":0,"11":0.02001},"ie_mob":{"10":0,"11":0.02143},"bb":{"7":0,"10":0},"baidu":{"0":null},"and_ff":{"0":0.05714},"and_uc":{"0":1.96405},"and_qq":{"1.2":0.00714},"kaios":{"2.5":0},"op_mini":{"0":1.13595},"and_chr":{"0":78.26073}},"total":95.4491}