{"id":"NP","name":"Nepal","month":"2021-12","access_date":"2022-01-03","data":{"firefox":{"2":null,"3":null,"3.5":null,"3.6":null,"4":null,"5":null,"6":null,"7":null,"8":null,"9":null,"10":null,"11":null,"12":null,"13":null,"14":null,"15":null,"16":null,"17":null,"18":null,"19":null,"20":null,"21":null,"22":null,"23":null,"24":null,"25":null,"26":null,"27":null,"28":null,"29":null,"30":null,"31":null,"32":null,"33":null,"34":null,"35":null,"36":null,"37":null,"38":null,"39":null,"40":null,"41":null,"42":null,"43":null,"44":null,"45":null,"46":null,"47":0.00238,"48":null,"49":null,"50":null,"51":null,"52":0.00713,"53":null,"54":null,"55":null,"56":null,"57":null,"58":null,"59":null,"60":null,"61":null,"62":null,"63":null,"64":null,"65":null,"66":null,"67":null,"68":null,"69":null,"70":null,"71":0.00475,"72":0.00475,"73":null,"74":null,"75":0.00238,"76":0.0095,"77":null,"78":0.02613,"79":null,"80":null,"81":null,"82":null,"83":null,"84":null,"85":null,"86":null,"87":0.04275,"88":0.00475,"89":0.01188,"90":0.00238,"91":0.01663,"92":0.00713,"93":0.00713,"94":0.3705,"95":2.755,"96":0.05225,"97":null},"chrome":{"4":null,"5":null,"6":null,"7":null,"8":null,"9":null,"10":null,"11":null,"12":null,"13":null,"14":null,"15":null,"16":null,"17":null,"18":null,"19":null,"20":null,"21":null,"22":null,"23":null,"24":null,"25":null,"26":null,"27":null,"28":null,"29":null,"30":null,"31":null,"32":0.00238,"33":null,"34":null,"35":null,"36":null,"37":null,"38":null,"39":null,"40":null,"41":null,"42":null,"43":null,"44":null,"45":null,"46":null,"47":null,"48":null,"49":0.00475,"50":null,"51":null,"52":null,"53":null,"54":null,"55":null,"56":null,"57":null,"58":null,"59":null,"60":0.00475,"61":null,"62":null,"63":0.00713,"64":0.00238,"65":0.01188,"66":null,"67":0.00238,"68":null,"69":0.00475,"70":0.00238,"71":0.00475,"72":null,"73":0.00475,"74":0.00238,"75":0.00475,"76":0.00475,"77":null,"78":0.00475,"79":0.02375,"80":0.0095,"81":0.0095,"83":0.01188,"84":0.04513,"85":0.00713,"86":0.02138,"87":0.05225,"88":0.019,"89":0.12825,"90":0.01425,"91":0.02613,"92":0.04513,"93":0.06175,"94":0.09975,"95":0.21613,"96":15.333,"97":0.04038,"98":0.01663,"99":null},"opera":{"9":null,"9.5-9.6":null,"10.0-10.1":0,"10.5":null,"10.6":null,"11":null,"11.1":null,"11.5":null,"11.6":null,"12":null,"12.1":null,"15":null,"16":null,"17":null,"18":null,"19":null,"20":null,"21":null,"22":null,"23":null,"24":null,"25":null,"26":null,"27":null,"28":null,"29":null,"30":null,"31":null,"32":null,"33":null,"34":null,"35":null,"36":0.00238,"37":null,"38":null,"39":null,"40":null,"41":null,"42":null,"43":null,"44":null,"45":null,"46":null,"47":null,"48":null,"49":null,"50":null,"51":null,"52":null,"53":null,"54":null,"55":null,"56":null,"57":null,"58":null,"60":null,"62":null,"63":null,"64":null,"65":null,"66":null,"67":null,"68":null,"69":null,"70":null,"71":null,"72":null,"73":null,"74":null,"75":null,"76":null,"77":null,"78":null,"79":null,"80":0.00238,"81":0.15675,"82":0.29213},"safari":{"3.1":null,"3.2":null,"4":0,"5":null,"5.1":null,"6":null,"6.1":null,"7":null,"7.1":null,"8":null,"9":null,"9.1":null,"10":null,"10.1":0.00475,"11":null,"11.1":0.00475,"12":null,"12.1":0.00713,"13":0.00713,"13.1":0.0285,"14":0.02613,"14.1":0.12113,"15":0.03563,"15.1":0.133,"15.2":0.02138,"0":null},"edge":{"12":0.00475,"13":null,"14":null,"15":null,"16":null,"17":0.00238,"18":0.00713,"79":null,"80":null,"81":0.01425,"83":null,"84":null,"85":null,"86":null,"87":null,"88":null,"89":0.038,"90":null,"91":null,"92":0.00475,"93":0.00475,"94":0.00475,"95":0.01425,"96":1.07825},"ios_saf":{"3.2":0,"4.0-4.1":0,"4.2-4.3":0,"5.0-5.1":0,"6.0-6.1":0,"7.0-7.1":0.01398,"8":0.00045,"8.1-8.4":0.00045,"9.0-9.2":0.00225,"9.3":0.0248,"10.0-10.2":0.00225,"10.3":0.04599,"11.0-11.2":0.03787,"11.3-11.4":0.01398,"12.0-12.1":0.01758,"12.2-12.5":0.49505,"13.0-13.1":0.01308,"13.2":0.00496,"13.3":0.03201,"13.4-13.7":0.0798,"14.0-14.4":0.28359,"14.5-14.8":1.34402,"15.0-15.1":1.93014,"15.2":0.16411},"samsung":{"4":0.14923,"5.0-5.4":0.01033,"6.2-6.4":0.07067,"7.2-7.4":0.07462,"8.2":0.15525,"9.2":0.01066,"10.1":0.01035,"11.1-11.2":0.02132,"12.0":0.01066,"13.0":0.06396,"14.0":0.0533,"15.0":0.12791},"android":{"2.1":0,"2.2":0,"2.3":0,"3":0,"4":0,"4.1":0.00153,"4.2-4.3":0.00458,"4.4":0,"4.4.3-4.4.4":0.06253,"0":0},"op_mob":{"10":null,"11":null,"11.1":null,"11.5":null,"12":null,"12.1":null,"0":null},"ie":{"5.5":null,"6":null,"7":null,"8":null,"9":null,"10":null,"11":0.01663},"ie_mob":{"10":null,"11":null},"bb":{"7":0,"10":0},"and_uc":{"0":1.23525},"op_mini":{"0":0.85904},"and_chr":{"0":70.23563},"kaios":{"2.5":0},"baidu":{"0":null},"and_ff":{"0":0.09913},"and_qq":{"10.4":0}},"total":99.37262}