{"id":"NP","name":"Nepal","month":"2014-08","access_date":"2014-09-01","data":{"chrome":{"4":0.103356,"5":0.074646,"6":0.11484,"7":0.068904,"8":0.091872,"9":0.097614,"10":0.097614,"11":0.183744,"12":0.396198,"13":0.045936,"14":0.080388,"15":0.080388,"16":0.063162,"17":0.097614,"18":0.045936,"19":0.040194,"20":0.045936,"21":0.034452,"22":0.045936,"23":0.02871,"24":0.045936,"25":0.074646,"26":0.051678,"27":0.178002,"28":0.109098,"29":0.097614,"30":0.137808,"31":0.281358,"32":0.304326,"33":1.66518,"34":0.568458,"35":0.981882,"36":26.619912,"37":0.901494,"38":0.522522,"39":0.040194,"40":null},"firefox":{"2":0.005742,"3":0.040194,"3.5":0.040194,"3.6":0.14355,"4":0.120582,"5":0.11484,"6":0.08613,"7":0.05742,"8":0.063162,"9":0.11484,"10":0.097614,"11":0.17226,"12":0.235422,"13":0.120582,"14":0.178002,"15":0.195228,"16":0.137808,"17":0.137808,"18":0.045936,"19":0.097614,"20":0.05742,"21":0.097614,"22":0.103356,"23":0.091872,"24":0.109098,"25":0.091872,"26":0.120582,"27":0.11484,"28":0.132066,"29":0.356004,"30":0.91872,"31":10.789218,"32":2.107314,"33":0.045936,"34":0.011484},"opera":{"9":null,"9.5-9.6":0.011484,"10.0-10.1":0,"10.5":null,"10.6":0.005742,"11":0.017226,"11.1":0.011484,"11.5":0.017226,"11.6":0.034452,"12":0.040194,"12.1":0.17226,"15":0.017226,"16":0.02871,"17":0.011484,"18":0.02871,"19":0.011484,"20":0.040194,"21":0.02871,"22":0.063162,"23":0.48807,"24":0.005742,"25":null},"safari":{"3.1":null,"3.2":null,"4":0.011484,"5":0.051678,"5.1":0.178002,"6":0.091872,"6.1":0.120582,"7":0.378972,"8":0.011484},"android":{"2.1":0.00655927672328,"2.2":0.0459149370629,"2.3":0.892061634366,"3":0,"4":0.695283332667,"4.1":1.73820833167,"4.2-4.3":1.81691965235,"4.4":1.37088883516,"4.4.3":null},"op_mob":{"10":0,"11":0,"11.1":0,"11.5":0,"12":0.0494445591643,"12.1":0.271945075404,"0":null},"ie":{"5.5":null,"6":0.0521749038462,"7":0.0347832692308,"8":0.782623557692,"9":0.295657788462,"10":0.776826346154,"11":1.06668692308},"ios_saf":{"3.2":0,"4.0-4.1":0,"4.2-4.3":0,"5.0-5.1":0.0299743954802,"6.0-6.1":0.151095422115,"7.0-7.1":2.85062618241,"8":0},"bb":{"7":0.029806,"10":null},"and_ff":{"0":0.110708},"ie_mob":{"10":0.33506202},"op_mini":{"5.0-7.0":18.2732963654},"and_chr":{"0":3.712976}},"total":89.0370288085}