{"id":"NR","name":"Nauru","month":"2019-01","access_date":"2019-02-03","data":{"chrome":{"4":0,"5":0,"6":0,"7":0,"8":0,"9":0,"10":0,"11":0,"12":0,"13":0,"14":0,"15":0,"16":0,"17":0,"18":0,"19":0,"20":0,"21":0,"22":0,"23":0,"24":0,"25":0,"26":0,"27":0,"28":0,"29":0,"30":0,"31":0,"32":0,"33":0,"34":0,"35":0,"36":0.183425,"37":0,"38":0,"39":0,"40":0,"41":0,"42":0,"43":0,"44":0,"45":0,"46":0,"47":0.095381,"48":0,"49":0,"50":0,"51":0,"52":0.044022,"53":0,"54":0.044022,"55":0,"56":0,"57":0.234784,"58":0,"59":0,"60":0,"61":0,"62":0,"63":1.350008,"64":0,"65":0,"66":0,"67":0,"68":0.044022,"69":0.322828,"70":0.278806,"71":34.615966,"72":0.044022,"73":0,"74":0,"75":0},"firefox":{"2":0,"3":0,"3.5":0,"3.6":0,"4":0,"5":0,"6":0,"7":0,"8":0,"9":0,"10":0,"11":0,"12":0,"13":0,"14":0,"15":0,"16":0,"17":0,"18":0,"19":0,"20":0,"21":0,"22":0,"23":0,"24":0,"25":0,"26":0,"27":0,"28":0,"29":0,"30":0,"31":0,"32":0,"33":0,"34":0,"35":0,"36":0,"37":0,"38":0,"39":0,"40":0,"41":0,"42":0,"43":0.044022,"44":0,"45":0,"46":0.044022,"47":0,"48":0,"49":0,"50":0.044022,"51":0.044022,"52":0,"53":0,"54":0,"55":0,"56":0,"57":0,"58":0,"59":0,"60":0,"61":0.139403,"62":0,"63":0,"64":0.418209,"65":0,"66":0,"67":0},"opera":{"9":0,"9.5-9.6":0,"10.0-10.1":0,"10.5":0,"10.6":0,"11":0,"11.1":0,"11.5":0,"11.6":0,"12":0,"12.1":0,"15":0,"16":0,"17":0,"18":0,"19":0,"20":0,"21":0,"22":0,"23":0,"24":0,"25":0,"26":0,"27":0,"28":0,"29":0,"30":0,"31":0,"32":0,"33":0,"34":0,"35":0,"36":0,"37":0,"38":0,"39":0,"40":0,"41":0,"42":0,"43":0,"44":0,"45":0,"46":0,"47":0,"48":0,"49":0,"50":0,"51":0,"52":0,"53":0,"54":0,"55":0,"56":0,"57":0.741037},"safari":{"3.1":0,"3.2":0,"4":0,"5":0,"5.1":0,"6":0,"6.1":0,"7":0,"7.1":0,"8":0,"9":0,"9.1":0,"10":0.095381,"10.1":0,"11":0,"11.1":0,"12":0.374187,"0":null},"ios_saf":{"3.2":0.0035421128241065,"4.0-4.1":0.002024064470918,"4.2-4.3":0.001012032235459,"5.0-5.1":0.0055661772950245,"6.0-6.1":0.0035421128241065,"7.0-7.1":0.011132354590049,"8":0.13257622284513,"8.1-8.4":0.024288773651016,"9.0-9.2":0.024288773651016,"9.3":0.11081752978276,"10.0-10.2":0.072866320953048,"10.3":0.15129881920112,"11.0-11.2":0.20291246320953,"11.3-11.4":0.50095595655221,"12.0-12.1":3.8077712859145},"android":{"2.1":0.0030374774066798,"2.2":0.0095463575638507,"2.3":0.0047731787819253,"3":0.00043392534381139,"4":0.058145996070727,"4.1":0.043392534381139,"4.2-4.3":0.11238666404715,"4.4":0,"4.4.3-4.4.4":0.21001986640472,"67":null},"op_mob":{"10":null,"11":null,"11.1":null,"11.5":null,"12":null,"12.1":null,"0":null},"ie":{"5.5":0,"6":0,"7":0,"8":0.139403,"9":0,"10":0,"11":3.580456},"edge":{"12":0,"13":0,"14":0.095381,"15":0,"16":0.374187,"17":8.650323,"18":null},"samsung":{"4":0.51942515789474,"5.0-5.4":0.061108842105263,"6.2-6.4":0,"7.2-7.4":null,"8.2":null},"ie_mob":{"10":0,"11":0},"bb":{"7":0,"10":0},"baidu":{"0":null},"and_ff":{"0":0},"and_uc":{"0":4.89992},"and_qq":{"1.2":null},"op_mini":{"0":3.0531203487973},"and_chr":{"0":26.081568}},"total":92.152814348797}