{"id":"NR","name":"Nauru","month":"2018-10","access_date":"2018-11-06","data":{"chrome":{"4":0,"5":0,"6":0,"7":0,"8":0,"9":0,"10":0,"11":0,"12":0,"13":0,"14":0,"15":0,"16":0,"17":0,"18":0,"19":0,"20":0,"21":0,"22":0,"23":0,"24":0,"25":0,"26":0,"27":0,"28":0,"29":0,"30":0,"31":0,"32":0,"33":0,"34":0,"35":0,"36":2.678193,"37":0,"38":0,"39":0,"40":0.917023,"41":0,"42":0.297577,"43":0,"44":0,"45":0,"46":0,"47":0,"48":0,"49":0.012146,"50":0,"51":0,"52":0,"53":0.012146,"54":1.002045,"55":3.151887,"56":0.012146,"57":0.024292,"58":0,"59":0,"60":0,"61":0,"62":0,"63":0.012146,"64":0.133606,"65":0,"66":0,"67":0.163971,"68":0.024292,"69":11.198612,"70":1.773316,"71":0,"72":0,"73":0},"firefox":{"2":0,"3":0,"3.5":0,"3.6":0,"4":0,"5":0,"6":0,"7":0,"8":0,"9":0,"10":0,"11":0,"12":0,"13":0,"14":0,"15":0,"16":0,"17":0,"18":0,"19":0,"20":0,"21":0,"22":0,"23":0,"24":0,"25":0,"26":0,"27":0,"28":0,"29":0,"30":0,"31":0,"32":0,"33":0,"34":0,"35":0,"36":0,"37":0,"38":0,"39":0,"40":0,"41":0,"42":0,"43":0.097168,"44":0,"45":0.570862,"46":0.048584,"47":0,"48":0.012146,"49":0,"50":2.392762,"51":0,"52":0,"53":0,"54":0.012146,"55":0,"56":0,"57":0,"58":0,"59":0,"60":0,"61":0,"62":0.522278,"63":0,"64":0,"65":0},"opera":{"9":0,"9.5-9.6":0,"10.0-10.1":0,"10.5":0,"10.6":0,"11":0,"11.1":0,"11.5":0,"11.6":0,"12":0,"12.1":0,"15":0,"16":0,"17":0,"18":0,"19":0,"20":0,"21":0,"22":0,"23":0,"24":0,"25":0,"26":0,"27":0,"28":0,"29":0,"30":0,"31":0,"32":0,"33":0,"34":0.212555,"35":0,"36":0,"37":0.036438,"38":0,"39":0,"40":0,"41":0,"42":0.358307,"43":0,"44":0,"45":0,"46":0,"47":0,"48":0,"49":0,"50":0,"51":0,"52":0,"53":0,"54":0,"55":0.036438,"56":0.012146},"safari":{"3.1":0,"3.2":0,"4":0,"5":0,"5.1":0,"6":0,"6.1":0,"7":0,"7.1":0,"8":0.163971,"9":0,"9.1":0.473694,"10":0.965607,"10.1":0,"11":0,"11.1":0.012146,"12":0.024292,"0":null},"ios_saf":{"3.2":0.000953644592279,"4.0-4.1":0,"4.2-4.3":0.002860933776837,"5.0-5.1":0.010490090515069,"6.0-6.1":0.003814578369116,"7.0-7.1":0.023841114806975,"8":0.11539099566576,"8.1-8.4":0.061033253905856,"9.0-9.2":0.02860933776837,"9.3":0.19835807519403,"10.0-10.2":0.34235840862816,"10.3":0.36619952343514,"11.0-11.2":0.76005474004637,"11.3-11.4":2.5490919951618,"12":4.9980513081343},"android":{"2.1":0,"2.2":0.0078259373522459,"2.3":0.17217062174941,"3":0.0078259373522459,"4":1.0408496678487,"4.1":0.29738561938534,"4.2-4.3":1.5730134078014,"4.4":0,"4.4.3-4.4.4":3.5216718085106,"67":null},"op_mob":{"10":null,"11":null,"11.1":null,"11.5":null,"12":null,"12.1":null,"0":null},"ie":{"5.5":0,"6":0,"7":0,"8":0.224701,"9":0.394745,"10":0,"11":2.678193},"edge":{"12":0.024292,"13":0.176117,"14":0.309723,"15":0.097168,"16":0.085022,"17":1.785462,"18":null},"samsung":{"4":0.11019531855956,"5":0.088156254847645,"6.2":0,"7.2":null},"ie_mob":{"10":0,"11":0},"bb":{"7":0,"10":0},"baidu":{"0":null},"and_ff":{"0":0.043197},"and_uc":{"0":17.545836},"and_qq":{"1.2":null},"op_mini":{"0":0.93689313402062},"and_chr":{"0":14.338222}},"total":82.284711707428}