{"id":"NR","name":"Nauru","month":"2018-11","access_date":"2018-12-04","data":{"chrome":{"4":0,"5":0,"6":0,"7":0,"8":0,"9":0,"10":0,"11":0,"12":0,"13":0,"14":0,"15":0,"16":0,"17":0,"18":0,"19":0,"20":0,"21":0,"22":0,"23":0,"24":0,"25":0,"26":0,"27":0,"28":0,"29":0,"30":0,"31":0,"32":0,"33":0,"34":0,"35":0,"36":2.281144,"37":0,"38":0,"39":0,"40":0,"41":0,"42":0.138472,"43":0,"44":0,"45":0,"46":0,"47":0,"48":0,"49":0,"50":0,"51":0,"52":0,"53":0.029152,"54":0.568464,"55":2.980792,"56":0,"57":0,"58":0,"59":0.029152,"60":0,"61":0,"62":0,"63":0,"64":0,"65":0.21864,"66":0.160336,"67":0.029152,"68":0.10932,"69":0.706936,"70":27.300848,"71":0,"72":0,"73":0},"firefox":{"2":0,"3":0,"3.5":0,"3.6":0,"4":0,"5":0,"6":0,"7":0,"8":0,"9":0,"10":0,"11":0,"12":0,"13":0,"14":0,"15":0,"16":0,"17":0,"18":0,"19":0,"20":0,"21":0,"22":0,"23":0,"24":0,"25":0,"26":0,"27":0,"28":0,"29":0,"30":0,"31":0,"32":0,"33":0,"34":0,"35":0,"36":0,"37":0,"38":0,"39":0,"40":0,"41":0,"42":0,"43":0.269656,"44":0,"45":0.051016,"46":0,"47":0,"48":0,"49":0,"50":0.757952,"51":0,"52":0,"53":0,"54":0,"55":0,"56":0,"57":0,"58":0,"59":0,"60":0,"61":0,"62":0,"63":1.195232,"64":0,"65":0},"opera":{"9":0,"9.5-9.6":0,"10.0-10.1":0,"10.5":0,"10.6":0,"11":0,"11.1":0,"11.5":0,"11.6":0,"12":0,"12.1":0,"15":0,"16":0,"17":0,"18":0,"19":0,"20":0,"21":0,"22":0,"23":0,"24":0,"25":0,"26":0,"27":0,"28":0,"29":0,"30":0,"31":0,"32":0,"33":0,"34":0.138472,"35":0,"36":0,"37":0.138472,"38":0.029152,"39":0.029152,"40":0,"41":0,"42":0.189488,"43":0,"44":0,"45":0,"46":0,"47":0,"48":0,"49":0,"50":0,"51":0,"52":0,"53":0,"54":0,"55":0,"56":0.757952},"safari":{"3.1":0,"3.2":0,"4":0,"5":0,"5.1":0,"6":0,"6.1":0,"7":0,"7.1":0,"8":0.051016,"9":0,"9.1":0.138472,"10":0.378976,"10.1":0.080168,"11":0.029152,"11.1":0,"12":0.080168,"0":null},"ios_saf":{"3.2":0.00074776903832683,"4.0-4.1":0,"4.2-4.3":0.00074776903832683,"5.0-5.1":0.0089732284599219,"6.0-6.1":0.004486614229961,"7.0-7.1":0.017198687881517,"8":0.12113858420895,"8.1-8.4":0.041875066146302,"9.0-9.2":0.023928609226459,"9.3":0.1727346478535,"10.0-10.2":0.20264540938657,"10.3":0.26171916341439,"11.0-11.2":0.47259003222256,"11.3-11.4":1.2577475224657,"12-12.1":4.8859228964275},"android":{"2.1":0,"2.2":0.0035282258414767,"2.3":0.098790323561346,"3":0.0035282258414767,"4":0.44102823018458,"4.1":0.17288306623236,"4.2-4.3":0.83618952442997,"4.4":0,"4.4.3-4.4.4":1.6935484039088,"67":null},"ie":{"5.5":0,"6":0,"7":0,"8":0.080168,"9":0.32796,"10":0,"11":4.176024},"edge":{"12":0,"13":0.10932,"14":0.21864,"15":0.051016,"16":0.32796,"17":2.66012,"18":null},"op_mob":{"10":null,"11":null,"11.1":null,"11.5":null,"12":null,"12.1":null,"0":null},"samsung":{"4":0.117972,"5":0,"6.2":0,"7.2":null},"ie_mob":{"10":0,"11":0},"bb":{"7":0,"10":0},"baidu":{"0":null},"and_ff":{"0":0},"and_uc":{"0":7.422744},"and_qq":{"1.2":null},"op_mini":{"0":0.86012804123711},"and_chr":{"0":27.43556}},"total":93.376468041237}