{"id":"NU","name":"Niue","month":"2015-11","access_date":"2015-12-02","data":{"chrome":{"4":0,"5":0,"6":0,"7":0,"8":0,"9":0,"10":0,"11":0,"12":0,"13":0,"14":0,"15":0,"16":0,"17":0,"18":0,"19":0,"20":0,"21":0,"22":0,"23":0,"24":0,"25":0,"26":0,"27":0,"28":0.36524,"29":0,"30":0.0794,"31":1.16718,"32":1.20688,"33":0,"34":0,"35":0,"36":0.1191,"37":0,"38":0,"39":0,"40":0,"41":0,"42":0.0397,"43":0.0397,"44":1.16718,"45":0.48434,"46":13.17246,"47":0,"48":0.0397,"49":0,"50":0},"firefox":{"2":0,"3":0,"3.5":0,"3.6":0,"4":0,"5":0,"6":0.48434,"7":0,"8":0,"9":0,"10":0,"11":0,"12":0,"13":0,"14":0,"15":0,"16":0,"17":0,"18":0,"19":0,"20":0,"21":0,"22":0,"23":0,"24":0,"25":0.1191,"26":0.0397,"27":0,"28":0,"29":0,"30":0,"31":0,"32":0,"33":0,"34":0,"35":0,"36":0.0397,"37":0,"38":0,"39":0.44464,"40":1.12748,"41":2.96956,"42":9.95676,"43":7.146,"44":0,"45":0},"opera":{"9":0,"9.5-9.6":0,"10.0-10.1":0,"10.5":0,"10.6":0,"11":0,"11.1":0,"11.5":0,"11.6":0,"12":0.0794,"12.1":0,"15":0,"16":0,"17":0,"18":0.0397,"19":0,"20":0,"21":0,"22":0,"23":0,"24":0,"25":0,"26":0,"27":0,"28":0,"29":0,"30":0,"31":0,"32":0,"33":0,"34":0,"35":0},"safari":{"3.1":0,"3.2":0,"4":0.0397,"5":0.1588,"5.1":0.0794,"6":1.96912,"6.1":0.88134,"7":0.1588,"7.1":0,"8":0.76224,"9":0.88134},"android":{"2.1":0,"2.2":0,"2.3":0.0452033529077,"3":0,"4":0.0546645197954,"4.1":0.58554110627,"4.2-4.3":1.24256658458,"4.4":2.37685537034,"4.4.3-4.4.4":1.24466906611,"46":null},"ios_saf":{"3.2":0,"4.0-4.1":0,"4.2-4.3":0,"5.0-5.1":0.0111610116811,"6.0-6.1":0.00930084306755,"7.0-7.1":0.24368208837,"8":0.0344131193499,"8.1-8.4":0.890555723718,"9.0-9.1":3.38922721381},"op_mob":{"10":0,"11":0,"11.1":0,"11.5":0,"12":0,"12.1":0,"0":0},"ie":{"5.5":0,"6":0,"7":0,"8":0.1588,"9":0.3176,"10":1.28628,"11":5.50242},"bb":{"7":0,"10":null},"ie_mob":{"10":0.310231521739,"11":1.36866847826},"edge":{"12":null,"13":null,"14":null},"and_uc":{"0":0.63448},"op_mini":{"5.0-8.0":0},"and_chr":{"0":13.23228},"and_ff":{"0":5.12734}},"total":83.32394}