{"id":"NU","name":"Niue","month":"2015-12","access_date":"2016-01-02","data":{"firefox":{"2":0,"3":0,"3.5":0,"3.6":0,"4":0,"5":0,"6":0,"7":0,"8":0,"9":0,"10":0,"11":0,"12":0,"13":0,"14":0,"15":0,"16":0,"17":0,"18":0,"19":0,"20":0,"21":0,"22":0,"23":0,"24":0,"25":0,"26":0.048432,"27":0,"28":0,"29":0,"30":0,"31":0,"32":0.048432,"33":0.920208,"34":0.048432,"35":0.24216,"36":0,"37":0,"38":0,"39":0.096864,"40":2.809056,"41":0.096864,"42":8.128504,"43":1.985712,"44":0.096864,"45":0,"46":0},"chrome":{"4":0,"5":0,"6":0,"7":0,"8":0,"9":0,"10":0,"11":0,"12":0,"13":0,"14":0,"15":0,"16":0,"17":0,"18":0,"19":0,"20":0,"21":0,"22":0,"23":0.145296,"24":0,"25":0,"26":0,"27":0,"28":0,"29":0,"30":0,"31":0.920208,"32":1.356096,"33":0,"34":0,"35":0,"36":0,"37":0,"38":0,"39":0,"40":0,"41":0,"42":0,"43":0,"44":0.96864,"45":0.290592,"46":1.69512,"47":14.989704,"48":0.048432,"49":0,"50":0},"opera":{"9":0,"9.5-9.6":0,"10.0-10.1":0,"10.5":0,"10.6":0,"11":0,"11.1":0,"11.5":0,"11.6":0,"12":0,"12.1":0.24216,"15":0,"16":0,"17":0,"18":0,"19":0,"20":0,"21":0,"22":0,"23":0,"24":0,"25":0,"26":0,"27":0,"28":0,"29":0,"30":0,"31":0,"32":0,"33":0,"34":0.048432,"35":0,"36":0},"safari":{"3.1":0,"3.2":0,"4":0,"5":0.145296,"5.1":0.24216,"6":1.259232,"6.1":0.24216,"7":0,"7.1":0,"8":0.24216,"9":1.404528},"android":{"2.1":0,"2.2":0,"2.3":0.0237850869033,"3":0,"4":0.0687124732762,"4.1":0.325062854345,"4.2-4.3":0.714874000816,"4.4":1.38878479641,"4.4.3-4.4.4":0.71751678825,"46":null},"ios_saf":{"3.2":0,"4.0-4.1":0,"4.2-4.3":0,"5.0-5.1":0,"6.0-6.1":0,"7.0-7.1":0.20992463562,"8":0.0279547881604,"8.1-8.4":0.696232459844,"9.0-9.2":4.28710411638},"op_mob":{"10":0,"11":0,"11.1":0,"11.5":0,"12":0,"12.1":0,"0":0},"ie":{"5.5":0,"6":0,"7":0,"8":0.435888,"9":0.145296,"10":0.48432,"11":4.931992},"bb":{"7":0,"10":null},"ie_mob":{"10":0.0390014579439,"11":0.175006542056},"edge":{"12":null,"13":null,"14":null},"and_uc":{"0":1.181864},"op_mini":{"5.0-8.0":0},"and_chr":{"0":14.866976},"and_ff":{"0":2.685704}},"total":72.167744}