{"id":"NU","name":"Niue","month":"2019-09","access_date":"2019-10-06","data":{"chrome":{"4":0,"5":0,"6":0,"7":0,"8":0,"9":0,"10":0,"11":0,"12":0,"13":0,"14":0,"15":0,"16":0,"17":0,"18":0,"19":0,"20":0,"21":0,"22":0,"23":0,"24":0,"25":0,"26":0,"27":0,"28":0,"29":6.995,"30":0,"31":0,"32":0,"33":0,"34":0,"35":0,"36":0,"37":0,"38":0,"39":0,"40":0,"41":0,"42":0,"43":0,"44":0,"45":0,"46":0,"47":0,"48":0,"49":0,"50":0,"51":0,"52":0,"53":0,"54":0,"55":0,"56":0,"57":1.378015,"58":0,"59":0,"60":0,"61":0,"62":0,"63":0,"64":0,"65":0,"66":0,"67":0,"68":0,"69":0,"70":0.230835,"71":0.11192,"72":0,"73":0.230835,"74":0,"75":0.57359,"76":13.073655,"77":3.210705,"78":0,"79":0,"80":0},"firefox":{"2":0,"3":0,"3.5":0,"3.6":0,"4":0,"5":0,"6":0,"7":0,"8":0,"9":0,"10":0,"11":0,"12":0,"13":0,"14":0,"15":0,"16":0,"17":0,"18":0,"19":0,"20":0,"21":0,"22":0,"23":0,"24":0,"25":0,"26":0,"27":0,"28":0,"29":0,"30":0,"31":0,"32":0,"33":0,"34":0,"35":0,"36":0,"37":0,"38":0,"39":0,"40":0,"41":0,"42":0,"43":0.68551,"44":0,"45":0,"46":0,"47":0,"48":0,"49":0,"50":0,"51":0,"52":0,"53":0,"54":0,"55":0,"56":0,"57":0,"58":0,"59":0,"60":0,"61":0,"62":0,"63":0,"64":0,"65":0,"66":0,"67":0,"68":1.60885,"69":1.378015,"70":0,"71":0},"opera":{"9":0,"9.5-9.6":0,"10.0-10.1":0,"10.5":0,"10.6":0,"11":0,"11.1":0,"11.5":0,"11.6":0,"12":0,"12.1":0,"15":0,"16":0,"17":0,"18":0,"19":0,"20":0,"21":0,"22":0,"23":0,"24":0,"25":0,"26":0,"27":0,"28":0,"29":0,"30":0,"31":0,"32":0,"33":0,"34":0,"35":0,"36":0,"37":0,"38":0,"39":0,"40":0,"41":0,"42":0,"43":0,"44":0,"45":0,"46":0,"47":0,"48":0,"49":0,"50":0,"51":0,"52":0,"53":0,"54":0,"55":0,"56":0,"57":0,"58":0,"60":0.46167,"62":0},"safari":{"3.1":0,"3.2":0,"4":0,"5":0,"5.1":0,"6":0,"6.1":0,"7":0,"7.1":0,"8":0,"9":0,"9.1":0,"10":0,"10.1":0,"11":0,"11.1":0,"12":0,"12.1":0.11192,"13":0,"13.1":0,"0":null},"ios_saf":{"3.2":0.011606943554844,"4.0-4.1":0.0058034717774219,"4.2-4.3":0,"5.0-5.1":0.020312151220977,"6.0-6.1":0,"7.0-7.1":0.023213887109688,"8":0,"8.1-8.4":0.043526038330665,"9.0-9.2":0.049329510108086,"9.3":0.35691351431145,"10.0-10.2":0.17120241743395,"10.3":0.43235864741793,"11.0-11.2":0.47008121397118,"11.3-11.4":0.85020861539231,"12.0-12.1":1.4276540572458,"12.2-12.3":23.100719410028,"13.0-13.1":2.0312151220977},"android":{"2.1":0,"2.2":0.0088046517412935,"2.3":0.0048025373134328,"3":0.005602960199005,"4":0.031216492537313,"4.1":0.07123763681592,"4.2-4.3":0.42102243781095,"4.4":0,"4.4.3-4.4.4":0.26173828358209,"76":null},"samsung":{"4":0.17472975609756,"5.0-5.4":0,"6.2-6.4":0.36038012195122,"7.2-7.4":0,"8.2":0,"9.2":0.36038012195122,"10.1":0},"edge":{"12":0.230835,"13":0.342755,"14":0.68551,"15":0,"16":0.230835,"17":6.652245,"18":2.525195,"76":null},"op_mob":{"10":null,"11":null,"11.1":null,"11.5":null,"12":null,"12.1":null,"0":null},"ie":{"5.5":0,"6":0,"7":0,"8":0,"9":0,"10":0,"11":3.784295},"ie_mob":{"10":0,"11":0},"bb":{"7":0,"10":0},"and_chr":{"0":24.247155},"baidu":{"0":null},"and_ff":{"0":0},"and_uc":{"0":0},"and_qq":{"1.2":0},"kaios":{"2.5":0},"op_mini":{"0":0}},"total":99.443405}