{"id":"NU","name":"Niue","month":"2018-07","access_date":"2018-08-03","data":{"chrome":{"4":0,"5":0,"6":0,"7":0,"8":0,"9":0,"10":0,"11":0,"12":0,"13":0,"14":0,"15":0,"16":0,"17":0,"18":0,"19":0,"20":0,"21":0,"22":0,"23":0,"24":0,"25":0,"26":0,"27":0,"28":0,"29":0.208272,"30":0,"31":0,"32":0,"33":0,"34":0,"35":0,"36":0,"37":0,"38":0,"39":0,"40":0,"41":0,"42":0,"43":0,"44":0,"45":0,"46":0,"47":0,"48":0,"49":0,"50":0,"51":0,"52":0,"53":0,"54":0,"55":0,"56":0.04339,"57":0,"58":0,"59":0,"60":0,"61":0.04339,"62":0.125831,"63":0,"64":0,"65":0,"66":0.082441,"67":11.745673,"68":0,"69":0,"70":0,"71":0},"firefox":{"2":0,"3":0,"3.5":0,"3.6":0,"4":0,"5":0,"6":0,"7":0,"8":0,"9":0,"10":0,"11":0,"12":0,"13":0,"14":0,"15":0,"16":0,"17":0,"18":0,"19":0,"20":0,"21":0,"22":0,"23":0,"24":0,"25":0,"26":0,"27":0,"28":0,"29":0.04339,"30":0,"31":0,"32":0,"33":0,"34":0,"35":0,"36":0,"37":0,"38":0,"39":0,"40":0,"41":0,"42":0,"43":0,"44":0.04339,"45":0,"46":0,"47":0,"48":0,"49":0,"50":0.334103,"51":0,"52":0.04339,"53":0,"54":0,"55":0,"56":0,"57":0,"58":0,"59":0,"60":0.919868,"61":0.290713,"62":0.125831,"63":0},"opera":{"9":0,"9.5-9.6":0,"10.0-10.1":0,"10.5":0,"10.6":0,"11":0,"11.1":0,"11.5":0,"11.6":0,"12":0,"12.1":0,"15":0,"16":0,"17":0,"18":0,"19":0,"20":0,"21":0,"22":0,"23":0,"24":0,"25":0,"26":0,"27":0,"28":0,"29":0,"30":0,"31":0,"32":0,"33":0,"34":0,"35":0,"36":0,"37":0,"38":0,"39":0,"40":0,"41":0,"42":0,"43":0,"44":0,"45":0,"46":0,"47":0,"48":0,"49":0,"50":0,"51":0,"52":0,"53":0},"safari":{"3.1":0,"3.2":0,"4":0,"5":0,"5.1":0,"6":0,"6.1":0,"7":0,"7.1":0,"8":0,"9":0,"9.1":0,"10":0,"10.1":0,"11":0,"11.1":0.169221,"12":0,"0":null},"ios_saf":{"3.2":0.00136393837535,"4.0-4.1":0,"4.2-4.3":0.00409181512605,"5.0-5.1":0.0245508907563,"6.0-6.1":0.0109115070028,"7.0-7.1":0.0722887338936,"8":0.0109115070028,"8.1-8.4":0.103659316527,"9.0-9.2":0.054557535014,"9.3":0.41054545098,"10.0-10.2":0.441916033613,"10.3":0.821090901961,"11.0-11.2":1.7594805042,"11.3-11.4":9.8271759944,"12":0.0913838711485},"android":{"2.1":0,"2.2":0,"2.3":0,"3":0,"4":0,"4.1":0,"4.2-4.3":0.34974547993,"4.4":1.30280191274,"4.4.3-4.4.4":0.85250460733,"67":null},"op_mob":{"10":null,"11":null,"11.1":null,"11.5":null,"12":null,"12.1":null,"0":null},"ie":{"5.5":0,"6":0,"7":0,"8":0,"9":0,"10":0,"11":1.17153},"edge":{"12":0,"13":0,"14":0.125831,"15":0.082441,"16":0.334103,"17":1.12814,"18":null},"samsung":{"4":2.60114135294,"5":0,"6.2":0.205069235294,"7.2":null},"bb":{"7":0,"10":0},"ie_mob":{"10":0,"11":0},"op_mini":{"0":0.19830035567},"and_chr":{"0":56.32876},"baidu":{"0":null},"and_ff":{"0":0},"and_qq":{"1.2":null},"and_uc":{"0":3.957039}},"total":96.4902379439}