{"id":"OM","name":"Oman","month":"2017-06","access_date":"2017-07-11","data":{"chrome":{"4":0,"5":0.003606,"6":0,"7":0,"8":0,"9":0.001803,"10":0.001803,"11":0.007212,"12":0.003606,"13":0,"14":0.001803,"15":0.001803,"16":0,"17":0,"18":0.001803,"19":0.001803,"20":0.001803,"21":0.003606,"22":0.009015,"23":0.005409,"24":0.001803,"25":0.003606,"26":0.003606,"27":0.005409,"28":0.005409,"29":0.005409,"30":0.014424,"31":0.009015,"32":0.003606,"33":0.014424,"34":0.010818,"35":0.001803,"36":0.021636,"37":0.001803,"38":0.030651,"39":0.01803,"40":0.009015,"41":0.001803,"42":0.007212,"43":0.07212,"44":0.007212,"45":0.009015,"46":0.009015,"47":0.005409,"48":0.016227,"49":0.328146,"50":0.028848,"51":0.025242,"52":0.01803,"53":0.016227,"54":0.019833,"55":0.104574,"56":0.050484,"57":0.124407,"58":8.593098,"59":1.052952,"60":0.046878,"61":0.028848,"62":0},"firefox":{"2":0,"3":0,"3.5":0,"3.6":0.001803,"4":0,"5":0,"6":0,"7":0,"8":0,"9":0,"10":0.001803,"11":0,"12":0.003606,"13":0,"14":0.001803,"15":0,"16":0.001803,"17":0.001803,"18":0,"19":0.003606,"20":0,"21":0,"22":0.001803,"23":0.001803,"24":0,"25":0,"26":0,"27":0.001803,"28":0,"29":0.001803,"30":0.001803,"31":0,"32":0,"33":0.001803,"34":0.003606,"35":0.001803,"36":0.001803,"37":0.007212,"38":0.003606,"39":0.003606,"40":0.003606,"41":0.001803,"42":0.001803,"43":0.010818,"44":0.003606,"45":0.012621,"46":0.009015,"47":0.034257,"48":0.03606,"49":0.021636,"50":0.032454,"51":0.019833,"52":0.075726,"53":0.688746,"54":0.333555,"55":0.019833,"56":0,"57":0},"opera":{"9":0,"9.5-9.6":0,"10.0-10.1":0,"10.5":0,"10.6":0,"11":0,"11.1":0,"11.5":0.001803,"11.6":0,"12":0,"12.1":0.001803,"15":0,"16":0,"17":0,"18":0,"19":0,"20":0,"21":0,"22":0,"23":0,"24":0,"25":0,"26":0,"27":0,"28":0,"29":0,"30":0,"31":0,"32":0.001803,"33":0,"34":0.001803,"35":0,"36":0.001803,"37":0.001803,"38":0,"39":0,"40":0,"41":0.003606,"42":0.003606,"43":0.003606,"44":0.001803,"45":0.207345,"46":0.009015,"47":0,"48":0},"safari":{"3.1":0,"3.2":0,"4":0,"5":0.005409,"5.1":0.016227,"6":0.001803,"6.1":0.007212,"7":0.001803,"7.1":0,"8":0.037863,"9":0.032454,"9.1":0.111786,"10":0.174891,"10.1":0.636459,"11":0,"0":null},"ios_saf":{"3.2":0,"4.0-4.1":0,"4.2-4.3":0,"5.0-5.1":0,"6.0-6.1":0,"7.0-7.1":0.033400568662,"8":0,"8.1-8.4":0.0255416113297,"9.0-9.2":0.0196473933306,"9.3":0.358892384838,"10.0-10.2":1.22403260449,"10.3":4.66232643734,"11":null},"android":{"2.1":0,"2.2":0,"2.3":0,"3":0,"4":0,"4.1":0.444423852145,"4.2-4.3":1.1495193868,"4.4":3.08960043366,"4.4.3-4.4.4":1.79051532739,"56":null},"op_mob":{"10":0,"11":0,"11.1":0,"11.5":0,"12":0,"12.1":0,"0":0.0012722616408},"ie":{"5.5":0,"6":0.00180483418108,"7":0.00360966836216,"8":0.108290050865,"9":0.0992658799593,"10":0.119119055951,"11":1.44206251068},"edge":{"12":0.030651,"13":0.084741,"14":0.434523,"15":null,"16":null},"bb":{"7":0.016394,"10":null},"samsung":{"4":7.090405,"5":null},"ie_mob":{"10":0.0113496923077,"11":0.0624233076923},"op_mini":{"0":0.285622738359},"and_chr":{"0":62.873158},"baidu":{"0":null},"and_ff":{"0":0.008197},"and_qq":{"1.2":null},"and_uc":{"0":0.401653}},"total":99.263323}