{"id":"OM","name":"Oman","month":"2018-04","access_date":"2018-05-06","data":{"chrome":{"4":0,"5":0,"6":0,"7":0,"8":0,"9":0,"10":0,"11":0.009228,"12":0,"13":0,"14":0,"15":0,"16":0,"17":0,"18":0,"19":0,"20":0,"21":0,"22":0.003076,"23":0,"24":0,"25":0,"26":0.003076,"27":0,"28":0,"29":0.003076,"30":0.006152,"31":0.003076,"32":0.003076,"33":0.003076,"34":0.006152,"35":0,"36":0.003076,"37":0,"38":0.009228,"39":0.003076,"40":0.009228,"41":0,"42":0,"43":0.01538,"44":0.003076,"45":0,"46":0.003076,"47":0,"48":0.003076,"49":0.13842,"50":0.003076,"51":0,"52":0.003076,"53":0.003076,"54":0.003076,"55":0.027684,"56":0.006152,"57":0.012304,"58":0.036912,"59":0.006152,"60":0.036912,"61":0.012304,"62":0.01538,"63":0.049216,"64":0.104584,"65":4.826244,"66":0.775152,"67":0.024608,"68":0.003076,"69":0},"firefox":{"2":0,"3":0,"3.5":0,"3.6":0.003076,"4":0,"5":0,"6":0,"7":0,"8":0,"9":0,"10":0,"11":0,"12":0,"13":0,"14":0,"15":0,"16":0,"17":0,"18":0.003076,"19":0,"20":0,"21":0,"22":0,"23":0,"24":0,"25":0,"26":0,"27":0,"28":0,"29":0,"30":0,"31":0,"32":0,"33":0,"34":0,"35":0,"36":0,"37":0.01538,"38":0,"39":0,"40":0,"41":0,"42":0,"43":0.003076,"44":0,"45":0.003076,"46":0.003076,"47":0.012304,"48":0.012304,"49":0.003076,"50":0.003076,"51":0,"52":0.027684,"53":0.003076,"54":0.006152,"55":0.003076,"56":0.006152,"57":0.01538,"58":0.01538,"59":0.5383,"60":0.021532,"61":0},"opera":{"9":0,"9.5-9.6":0,"10.0-10.1":0,"10.5":0,"10.6":0,"11":0,"11.1":0,"11.5":0,"11.6":0,"12":0,"12.1":0,"15":0,"16":0,"17":0,"18":0,"19":0,"20":0,"21":0,"22":0.003076,"23":0,"24":0,"25":0,"26":0,"27":0,"28":0,"29":0,"30":0,"31":0,"32":0,"33":0,"34":0,"35":0,"36":0,"37":0.012304,"38":0,"39":0,"40":0.003076,"41":0,"42":0,"43":0.003076,"44":0,"45":0.006152,"46":0.018456,"47":0,"48":0,"49":0,"50":0,"51":0.009228,"52":0.13842},"safari":{"3.1":0,"3.2":0,"4":0,"5":0.003076,"5.1":0.101508,"6":0,"6.1":0,"7":0.006152,"7.1":0,"8":0.006152,"9":0.006152,"9.1":0.070748,"10":0.03076,"10.1":0.135344,"11":0.147648,"11.1":0.212244,"0":null},"ios_saf":{"3.2":0.000935315568022,"4.0-4.1":0,"4.2-4.3":0.00187063113604,"5.0-5.1":0.0215122580645,"6.0-6.1":0.0140297335203,"7.0-7.1":0.0523776718093,"8":0.0140297335203,"8.1-8.4":0.08511371669,"9.0-9.2":0.0533129873773,"9.3":0.385350014025,"10.0-10.2":0.347002075736,"10.3":0.774441290323,"11.0-11.2":4.17711932679,"11.3":3.40922524544},"android":{"2.1":0,"2.2":0,"2.3":0,"3":0,"4":0,"4.1":0.165992558018,"4.2-4.3":0.513418842243,"4.4":1.40900659713,"4.4.3-4.4.4":0.872426002608,"62":null},"op_mob":{"10":null,"11":null,"11.1":null,"11.5":null,"12":null,"12.1":null,"0":null},"ie":{"5.5":0,"6":0,"7":0,"8":0.0401137484277,"9":0.0370280754717,"10":0.0370280754717,"11":0.867074100629},"edge":{"12":0.012304,"13":0.027684,"14":0.027684,"15":0.052292,"16":0.313752,"17":0,"18":null},"samsung":{"4":3.60792131034,"5":0.630115834483,"6.2":4.19738451034},"bb":{"7":0.0041544,"10":0.0166176},"ie_mob":{"10":0.0217611428571,"11":0.0544028571429},"baidu":{"0":null},"and_ff":{"0":0.152328},"and_qq":{"1.2":null},"and_uc":{"0":1.447116},"op_mini":{"0":0.393311752577},"and_chr":{"0":63.697432}},"total":95.7231014077}