{"id":"OM","name":"Oman","month":"2018-08","access_date":"2018-09-04","data":{"chrome":{"4":0,"5":0,"6":0,"7":0,"8":0,"9":0,"10":0,"11":0.005448,"12":0,"13":0,"14":0,"15":0,"16":0,"17":0,"18":0,"19":0,"20":0,"21":0,"22":0.002724,"23":0,"24":0,"25":0,"26":0,"27":0,"28":0,"29":0.008172,"30":0.002724,"31":0.002724,"32":0,"33":0.005448,"34":0.002724,"35":0,"36":0.002724,"37":0,"38":0.01362,"39":0,"40":0.002724,"41":0.002724,"42":0,"43":0.008172,"44":0.002724,"45":0.002724,"46":0.002724,"47":0,"48":0,"49":0.084444,"50":0.002724,"51":0,"52":0.002724,"53":0,"54":0.002724,"55":0.008172,"56":0.008172,"57":0.005448,"58":0.019068,"59":0.002724,"60":0.016344,"61":0.005448,"62":0.008172,"63":0.021792,"64":0.01362,"65":0.029964,"66":0.043584,"67":1.032396,"68":3.30966,"69":0.019068,"70":0.008172,"71":0},"firefox":{"2":0,"3":0,"3.5":0,"3.6":0.002724,"4":0,"5":0,"6":0,"7":0,"8":0,"9":0,"10":0,"11":0,"12":0,"13":0,"14":0,"15":0,"16":0,"17":0,"18":0,"19":0,"20":0,"21":0,"22":0,"23":0,"24":0,"25":0,"26":0,"27":0,"28":0,"29":0,"30":0,"31":0,"32":0,"33":0,"34":0,"35":0,"36":0,"37":0.005448,"38":0,"39":0,"40":0.002724,"41":0,"42":0,"43":0.002724,"44":0,"45":0,"46":0,"47":0.005448,"48":0.010896,"49":0,"50":0,"51":0.002724,"52":0.019068,"53":0.002724,"54":0.002724,"55":0.002724,"56":0.002724,"57":0.002724,"58":0.005448,"59":0.005448,"60":0.005448,"61":0.343224,"62":0.02724,"63":0},"opera":{"9":0,"9.5-9.6":0,"10.0-10.1":0,"10.5":0,"10.6":0,"11":0,"11.1":0,"11.5":0,"11.6":0,"12":0,"12.1":0,"15":0,"16":0,"17":0,"18":0,"19":0,"20":0,"21":0,"22":0.002724,"23":0,"24":0,"25":0,"26":0,"27":0,"28":0,"29":0,"30":0,"31":0,"32":0,"33":0,"34":0,"35":0,"36":0,"37":0.008172,"38":0,"39":0,"40":0.002724,"41":0,"42":0,"43":0,"44":0,"45":0.002724,"46":0,"47":0.002724,"48":0,"49":0,"50":0,"51":0,"52":0,"53":0.002724,"54":0.111684,"55":0.010896},"safari":{"3.1":0,"3.2":0,"4":0,"5":0,"5.1":0.002724,"6":0,"6.1":0,"7":0.008172,"7.1":0,"8":0.008172,"9":0.002724,"9.1":0.029964,"10":0.021792,"10.1":0.084444,"11":0.035412,"11.1":0.31326,"12":0,"0":null},"ios_saf":{"3.2":0.00100582571286,"4.0-4.1":0,"4.2-4.3":0.00100582571286,"5.0-5.1":0.0150873856928,"6.0-6.1":0.00804660570285,"7.0-7.1":0.0402330285143,"8":0.00804660570285,"8.1-8.4":0.0694019741871,"9.0-9.2":0.0462679827914,"9.3":0.276602071036,"10.0-10.2":0.31683509955,"10.3":0.524035196398,"11.0-11.2":1.09333254987,"11.3-11.4":7.56682683782,"12":0.0865010113057},"android":{"2.1":0,"2.2":0,"2.3":0,"3":0,"4":0,"4.1":0,"4.2-4.3":0.268896299065,"4.4":0.907525009346,"4.4.3-4.4.4":0.621822691589,"67":null},"op_mob":{"10":null,"11":null,"11.1":null,"11.5":null,"12":null,"12.1":null,"0":null},"ie":{"5.5":0,"6":0,"7":0,"8":0.0301208795812,"9":0.0164295706806,"10":0.0246443560209,"11":0.974821193717},"edge":{"12":0.008172,"13":0.01362,"14":0.021792,"15":0.02724,"16":0.065376,"17":0.198852,"18":null},"samsung":{"4":2.58587496021,"5":0.305418302387,"6.2":0.72282331565,"7.2":null},"bb":{"7":0.0043656,"10":0.0174624},"ie_mob":{"10":0,"11":0.043656},"baidu":{"0":null},"and_ff":{"0":0.123692},"and_qq":{"1.2":null},"and_uc":{"0":1.877208},"op_mini":{"0":0.551075738832},"and_chr":{"0":67.612216}},"total":92.8920723171}