{"id":"PA","name":"Panama","month":"2015-05","access_date":"2015-06-03","data":{"chrome":{"4":0.007148,"5":0,"6":0,"7":0,"8":0,"9":0,"10":0,"11":0.050036,"12":0.007148,"13":0,"14":0,"15":0,"16":0,"17":0,"18":0.021444,"19":0,"20":0.007148,"21":0.014296,"22":0.042888,"23":0,"24":0,"25":0.007148,"26":0.050036,"27":0.014296,"28":0.014296,"29":0.021444,"30":0.014296,"31":0.100072,"32":0.050036,"33":0.042888,"34":0.085776,"35":0.150108,"36":0.443176,"37":0.564692,"38":0.243032,"39":0.514656,"40":0.307364,"41":0.385992,"42":17.283864,"43":7.298108,"44":0.050036,"45":0.007148,"46":0},"firefox":{"2":0.007148,"3":0.014296,"3.5":0.014296,"3.6":0.028592,"4":0.007148,"5":0,"6":0.007148,"7":0,"8":0.007148,"9":0.007148,"10":0.007148,"11":0.014296,"12":0.014296,"13":0.007148,"14":0.007148,"15":0.007148,"16":0.014296,"17":0.007148,"18":0.007148,"19":0,"20":0.014296,"21":0.014296,"22":0.007148,"23":0.014296,"24":0.007148,"25":0.021444,"26":0.021444,"27":0.014296,"28":0.021444,"29":0.014296,"30":0.042888,"31":0.300216,"32":0.185848,"33":0.050036,"34":0.03574,"35":0.07148,"36":0.128664,"37":2.773424,"38":2.051476,"39":0.007148,"40":0,"41":0},"opera":{"9":0,"9.5-9.6":0,"10.0-10.1":0,"10.5":0,"10.6":0,"11":0,"11.1":0,"11.5":0,"11.6":0,"12":0,"12.1":0.028592,"15":0,"16":0,"17":0,"18":0,"19":0,"20":0,"21":0,"22":0,"23":0,"24":0,"25":0,"26":0.007148,"27":0,"28":0.021444,"29":0.5361,"30":0.007148,"31":0},"safari":{"3.1":0,"3.2":0,"4":0.021444,"5":0.100072,"5.1":0.192996,"6":0.064332,"6.1":0.171552,"7":0.436028,"7.1":0.471768,"8":1.75126},"android":{"2.1":0,"2.2":0,"2.3":0.189956463305,"3":0,"4":0.482592095963,"4.1":1.64286670966,"4.2-4.3":3.18647688895,"4.4":5.46937708758,"4.4.3-4.4.4":2.29659075455,"40":null},"ios_saf":{"3.2":0,"4.0-4.1":0,"4.2-4.3":0,"5.0-5.1":0.0210962623215,"6.0-6.1":0.0453569639911,"7.0-7.1":0.74680768618,"8":0.114447223094,"8.1-8.3":4.31576786441},"op_mob":{"10":0,"11":0,"11.1":0,"11.5":0,"12":0.000125427499677,"12.1":0.000501709998707,"0":0.00275940499289},"ie":{"5.5":0,"6":0.0214751007977,"7":0.0429502015954,"8":17.7599083597,"9":4.44534586512,"10":1.05943830602,"11":6.27072943292,"0":null},"ie_mob":{"10":0.0452340465116,"11":0.131589953488},"bb":{"7":0.072013,"10":null},"and_uc":{"0":0.202492},"op_mini":{"5.0-8.0":0.481453457509},"and_chr":{"0":12.29966},"and_ff":{"0":0.082708}},"total":99.0139042661}