{"id":"PA","name":"Panama","month":"2017-03","access_date":"2017-04-03","data":{"chrome":{"4":null,"5":null,"6":null,"7":null,"8":null,"9":null,"10":null,"11":0.01077,"12":null,"13":null,"14":null,"15":null,"16":null,"17":null,"18":null,"19":null,"20":null,"21":0.01077,"22":0.01077,"23":null,"24":null,"25":null,"26":0.016155,"27":null,"28":null,"29":null,"30":null,"31":0.037695,"32":0.01077,"33":0.01077,"34":0.016155,"35":0.04308,"36":0.102315,"37":0.01077,"38":0.026925,"39":0.02154,"40":0.016155,"41":0.02154,"42":0.016155,"43":0.08616,"44":0.04308,"45":0.048465,"46":0.06462,"47":0.048465,"48":0.02154,"49":1.663965,"50":0.04308,"51":0.18309,"52":0.08616,"53":0.12924,"54":0.19386,"55":0.40926,"56":32.54694,"57":1.89552,"58":0.048465,"59":0.01077,"60":null},"firefox":{"2":null,"3":null,"3.5":null,"3.6":0.01077,"4":null,"5":null,"6":null,"7":null,"8":null,"9":null,"10":null,"11":0.005385,"12":null,"13":null,"14":null,"15":null,"16":0.01077,"17":null,"18":null,"19":null,"20":null,"21":null,"22":null,"23":0.01077,"24":null,"25":null,"26":null,"27":null,"28":null,"29":null,"30":null,"31":0.01077,"32":0.02154,"33":null,"34":null,"35":null,"36":null,"37":0.005385,"38":0.016155,"39":0.02154,"40":0.01077,"41":0.005385,"42":null,"43":0.026925,"44":null,"45":0.08616,"46":0.037695,"47":0.113085,"48":0.20463,"49":0.06462,"50":0.12924,"51":1.782435,"52":2.654805,"53":0.02154,"54":null,"55":null},"opera":{"9":null,"9.5-9.6":null,"10.0-10.1":0,"10.5":null,"10.6":null,"11":null,"11.1":null,"11.5":null,"11.6":null,"12":null,"12.1":0.01077,"15":null,"16":null,"17":null,"18":null,"19":null,"20":null,"21":null,"22":null,"23":null,"24":null,"25":null,"26":null,"27":null,"28":0.01077,"29":null,"30":null,"31":null,"32":null,"33":null,"34":0.016155,"35":null,"36":0.005385,"37":null,"38":null,"39":0.01077,"40":null,"41":null,"42":null,"43":0.29079,"44":0.026925,"45":null,"46":null},"safari":{"3.1":null,"3.2":null,"4":0,"5":0.03231,"5.1":0.06462,"6":0.016155,"6.1":0.059235,"7":0.02154,"7.1":null,"8":0.22617,"9":0.22617,"9.1":0.931605,"10":2.977905,"10.1":0.070005,"0":null},"ios_saf":{"3.2":0,"4.0-4.1":0,"4.2-4.3":0,"5.0-5.1":0,"6.0-6.1":0,"7.0-7.1":0.046644111349,"8":0,"8.1-8.4":0.0627474355053,"9.0-9.2":0.0610815743856,"9.3":0.416465279902,"10.0-10.2":4.72493742225,"10.3":0.133824176609},"android":{"2.1":0,"2.2":0,"2.3":0,"3":0,"4":0.0418664094319,"4.1":0.263940407288,"4.2-4.3":0.637097534834,"4.4":1.54905714898,"4.4.3-4.4.4":0.904678499464,"56":null},"op_mob":{"10":0,"11":0,"11.1":0,"11.5":0,"12":0,"12.1":0,"0":0.00462527839644},"ie":{"5.5":null,"6":null,"7":0.00542272329247,"8":0.227754378284,"9":0.168104422067,"10":0.135568082312,"11":2.51614360771},"edge":{"12":0.06462,"13":0.199245,"14":1.32471,"15":null},"bb":{"7":0.0161525,"10":null},"ie_mob":{"10":0.0457654166667,"11":0.212674583333},"op_mini":{"0":0.687624721604},"and_chr":{"0":29.41298},"and_ff":{"0":0.01846},"and_qq":{"1.2":null},"samsung":{"0":6.844045},"and_uc":{"0":0.216905}},"total":99.0958107137}