{"id":"PA","name":"Panama","month":"2014-06","access_date":"2014-07-29","data":{"chrome":{"4":0.006924,"5":null,"6":null,"7":0.006924,"8":null,"9":0.006924,"10":0.006924,"11":0.06924,"12":0.006924,"13":null,"14":null,"15":null,"16":null,"17":null,"18":0.062316,"19":null,"20":0.027696,"21":0.110784,"22":0.062316,"23":0.020772,"24":0.013848,"25":0.041544,"26":0.096936,"27":0.152328,"28":0.076164,"29":0.221568,"30":0.083088,"31":0.353124,"32":0.332352,"33":0.546996,"34":1.274016,"35":32.64666,"36":0.090012,"37":0.055392,"38":null,"39":null},"firefox":{"2":0.006924,"3":0.041544,"3.5":0.048468,"3.6":0.076164,"4":0.020772,"5":0.013848,"6":0.013848,"7":null,"8":0.006924,"9":0.013848,"10":0.013848,"11":0.041544,"12":0.055392,"13":0.027696,"14":0.020772,"15":0.03462,"16":0.055392,"17":0.020772,"18":0.027696,"19":0.020772,"20":0.027696,"21":0.062316,"22":0.03462,"23":0.048468,"24":0.055392,"25":0.041544,"26":0.117708,"27":0.06924,"28":0.1731,"29":4.39674,"30":3.482772,"31":0.048468,"32":0.013848,"33":null,"34":null},"opera":{"9":null,"9.5-9.6":null,"10.0-10.1":0,"10.5":null,"10.6":null,"11":null,"11.1":null,"11.5":null,"11.6":null,"12":null,"12.1":0.062316,"15":null,"16":null,"17":null,"18":null,"19":0.006924,"20":0.041544,"21":0.076164,"22":0.256188,"23":0.006924,"24":null},"safari":{"3.1":null,"3.2":null,"4":0.10386,"5":0.24234,"5.1":0.72702,"6":0.567768,"6.1":0.79626,"7":2.14644,"8":null},"android":{"2.1":0.0911169353234,"2.2":0.3097975801,"2.3":4.79275079801,"3":0.0182233870647,"4":3.60823063881,"4.1":6.79732337512,"4.2-4.3":2.69706128557,"4.4":null,"4.4.3":null},"op_mob":{"10":0,"11":0.001170168334,"11.1":0,"11.5":0.001170168334,"12":0.00585084167,"12.1":0.016382356676,"0":null},"ie":{"5.5":null,"6":0.0567827759906,"7":0.0993698579835,"8":3.5915105814,"9":1.89512514869,"10":3.48504287642,"11":8.96458075951},"ios_saf":{"3.2":0.002842224,"4.0-4.1":0.005684448,"4.2-4.3":0.019895568,"5.0-5.1":0.201797904,"6.0-6.1":0.821402736,"7.0-7.1":1.79060112,"8":null},"bb":{"7":0.164566,"10":null},"and_ff":{"0":0.150724},"ie_mob":{"10":0.1501088},"op_mini":{"5.0-7.0":0.738274464986},"and_chr":{"0":6.825644}},"total":97.8413068}