{"id":"PA","name":"Panama","month":"2019-04","access_date":"2019-05-03","data":{"chrome":{"4":0,"5":0,"6":0,"7":0,"8":0,"9":0,"10":0,"11":0.00704,"12":0,"13":0,"14":0,"15":0,"16":0,"17":0,"18":0,"19":0,"20":0,"21":0,"22":0,"23":0,"24":0,"25":0,"26":0,"27":0,"28":0,"29":0.83776,"30":0,"31":0,"32":0,"33":0,"34":0,"35":0,"36":0,"37":0,"38":0.01408,"39":0,"40":0,"41":0,"42":0,"43":0.00704,"44":0,"45":0,"46":0.01408,"47":0.04224,"48":0,"49":0.69696,"50":0.00704,"51":0.00704,"52":0.00704,"53":0.02816,"54":0.00704,"55":0.01408,"56":0.01408,"57":0.02816,"58":0.0704,"59":0.00704,"60":0.04224,"61":0.00704,"62":0.04224,"63":0.13376,"64":0.11968,"65":0.13376,"66":0.0352,"67":0.26752,"68":0.05632,"69":0.1056,"70":0.11968,"71":0.20416,"72":1.18272,"73":28.336,"74":0.01408,"75":0.00704,"76":null},"firefox":{"2":0,"3":0,"3.5":0,"3.6":0,"4":0,"5":0,"6":0,"7":0,"8":0,"9":0,"10":0,"11":0,"12":0,"13":0,"14":0,"15":0,"16":0,"17":0,"18":0,"19":0,"20":0,"21":0,"22":0,"23":0,"24":0,"25":0,"26":0,"27":0,"28":0,"29":0,"30":0,"31":0,"32":0,"33":0,"34":0,"35":0,"36":0,"37":0,"38":0,"39":0,"40":0,"41":0,"42":0,"43":0,"44":0,"45":0.00704,"46":0,"47":0.00704,"48":0.04928,"49":0,"50":0,"51":0,"52":0.04928,"53":0.00704,"54":0.00704,"55":0.00704,"56":0.00704,"57":0.06336,"58":0.02112,"59":0.00704,"60":0.01408,"61":0.00704,"62":0.02112,"63":0.00704,"64":0.01408,"65":0.18304,"66":2.52736,"67":0.0352,"68":0},"opera":{"9":0,"9.5-9.6":0,"10.0-10.1":0,"10.5":0,"10.6":0,"11":0,"11.1":0,"11.5":0,"11.6":0,"12":0,"12.1":0.00704,"15":0,"16":0,"17":0,"18":0,"19":0,"20":0,"21":0,"22":0,"23":0,"24":0,"25":0,"26":0,"27":0,"28":0,"29":0,"30":0,"31":0,"32":0,"33":0,"34":0,"35":0,"36":0,"37":0,"38":0,"39":0,"40":0,"41":0,"42":0,"43":0,"44":0,"45":0,"46":0,"47":0,"48":0,"49":0,"50":0,"51":0.00704,"52":0,"53":0,"54":0,"55":0,"56":0,"57":0,"58":0.39424},"safari":{"3.1":0,"3.2":0,"4":0,"5":0,"5.1":2.20352,"6":0,"6.1":0,"7":0.00704,"7.1":0,"8":0.01408,"9":0.16896,"9.1":0.12672,"10":0.07744,"10.1":0.2816,"11":0.09152,"11.1":0.95744,"12":2.1824,"12.1":1.45024,"0":null},"ios_saf":{"3.2":0.0050437706394476,"4.0-4.1":0.0030262623836686,"4.2-4.3":0.0010087541278895,"5.0-5.1":0.010087541278895,"6.0-6.1":0.0050437706394476,"7.0-7.1":0.018157574302011,"8":0.077674067847493,"8.1-8.4":0.039341410987691,"9.0-9.2":0.023201344941459,"9.3":0.1926720384269,"10.0-10.2":0.10692793755629,"10.3":0.25521479435605,"11.0-11.2":0.31473128790153,"11.3-11.4":0.64661139597718,"12.0-12.1":3.9038784749325,"12.2":4.4778595737016},"android":{"2.1":0.0042333064516129,"2.2":0.0072570967741935,"2.3":0.0042333064516129,"3":0.00060475806451613,"4":0.087085161290323,"4.1":0.043542580645161,"4.2-4.3":0.18868451612903,"4.4":0,"4.4.3-4.4.4":0.26427927419355,"67":null},"ie":{"5.5":0,"6":0,"7":0,"8":0.02816,"9":0.0352,"10":0.01408,"11":0.64064},"edge":{"12":0.01408,"13":0.01408,"14":0.04224,"15":0.04928,"16":0.11968,"17":1.13344,"18":0.27456},"op_mob":{"10":null,"11":null,"11.1":null,"11.5":null,"12":null,"12.1":null,"0":null},"samsung":{"4":0.58308932642487,"5.0-5.4":0.030688911917098,"6.2-6.4":0.092066735751295,"7.2-7.4":0.37849658031088,"8.2":1.6060530569948,"9.2":1.258245388601},"ie_mob":{"10":0,"11":0.02368},"bb":{"7":0,"10":0.00296},"kaios":{"2.5":0},"baidu":{"0":null},"and_ff":{"0":0.148},"and_uc":{"0":0.09472},"and_qq":{"1.2":0.0296},"op_mini":{"0":0.22698927835052},"and_chr":{"0":35.44344}},"total":96.590749278351}