{"id":"PA","name":"Panama","month":"2021-06","access_date":"2021-07-04","data":{"firefox":{"2":null,"3":0.08463,"3.5":0.0579,"3.6":0.07126,"4":null,"5":null,"6":null,"7":null,"8":null,"9":null,"10":null,"11":null,"12":null,"13":null,"14":null,"15":null,"16":null,"17":null,"18":null,"19":null,"20":null,"21":null,"22":null,"23":null,"24":null,"25":null,"26":null,"27":null,"28":null,"29":null,"30":null,"31":null,"32":null,"33":null,"34":null,"35":null,"36":null,"37":null,"38":null,"39":null,"40":null,"41":null,"42":null,"43":null,"44":null,"45":null,"46":null,"47":null,"48":null,"49":null,"50":null,"51":null,"52":0.00891,"53":null,"54":0.00891,"55":null,"56":null,"57":0.02227,"58":null,"59":null,"60":null,"61":null,"62":null,"63":null,"64":null,"65":null,"66":0.03118,"67":null,"68":null,"69":null,"70":0.00891,"71":null,"72":null,"73":0.05345,"74":null,"75":null,"76":0.00445,"77":null,"78":0.09353,"79":0.00891,"80":0.00445,"81":null,"82":null,"83":0.01782,"84":0.00891,"85":null,"86":0.01336,"87":0.01336,"88":0.18707,"89":1.12241,"90":0.00891,"91":null},"chrome":{"4":0.08017,"5":null,"6":0.02227,"7":null,"8":null,"9":0.00891,"10":null,"11":null,"12":null,"13":null,"14":null,"15":null,"16":null,"17":null,"18":null,"19":null,"20":null,"21":null,"22":null,"23":null,"24":null,"25":null,"26":null,"27":null,"28":null,"29":null,"30":null,"31":null,"32":null,"33":null,"34":null,"35":null,"36":null,"37":null,"38":0.03118,"39":null,"40":null,"41":null,"42":null,"43":null,"44":null,"45":null,"46":null,"47":null,"48":null,"49":0.14698,"50":null,"51":null,"52":null,"53":0.01336,"54":null,"55":0.00445,"56":0.00891,"57":null,"58":0.00445,"59":null,"60":null,"61":null,"62":0.00445,"63":0.00891,"64":0.00445,"65":0.01782,"66":null,"67":0.03563,"68":null,"69":0.00891,"70":0.02227,"71":0.00445,"72":0.01782,"73":0.04009,"74":0.02672,"75":0.05345,"76":0.03563,"77":0.02672,"78":0.03118,"79":0.23161,"80":0.03118,"81":0.05345,"83":0.08463,"84":0.04009,"85":0.09353,"86":0.09799,"87":0.14698,"88":0.08908,"89":0.28506,"90":3.66119,"91":24.02488,"92":0.01782,"93":0.01782,"94":null},"opera":{"9":null,"9.5-9.6":0.02227,"10.0-10.1":0,"10.5":null,"10.6":null,"11":null,"11.1":null,"11.5":null,"11.6":null,"12":null,"12.1":null,"15":null,"16":null,"17":null,"18":null,"19":null,"20":null,"21":null,"22":null,"23":null,"24":null,"25":null,"26":null,"27":null,"28":null,"29":null,"30":null,"31":null,"32":null,"33":null,"34":null,"35":null,"36":0.00891,"37":null,"38":null,"39":null,"40":null,"41":null,"42":null,"43":null,"44":null,"45":null,"46":null,"47":null,"48":null,"49":null,"50":null,"51":null,"52":null,"53":null,"54":null,"55":null,"56":null,"57":null,"58":null,"60":null,"62":null,"63":null,"64":null,"65":null,"66":null,"67":null,"68":0.02227,"69":null,"70":null,"71":null,"72":null,"73":null,"74":0.00445,"75":0.63692,"76":0.53893,"77":0.20043},"safari":{"3.1":null,"3.2":null,"4":0.02227,"5":null,"5.1":0.90862,"6":null,"6.1":null,"7":null,"7.1":null,"8":0.02227,"9":null,"9.1":null,"10":null,"10.1":0.00891,"11":0.00891,"11.1":0.03118,"12":0.07572,"12.1":0.08908,"13":0.03563,"13.1":0.25833,"14":1.04669,"14.1":1.4431,"15":0.00891,"0":null},"ios_saf":{"3.2":0,"4.0-4.1":0,"4.2-4.3":0,"5.0-5.1":0.00156,"6.0-6.1":0.00938,"7.0-7.1":0.03283,"8":0,"8.1-8.4":0.01172,"9.0-9.2":0.00234,"9.3":0.05002,"10.0-10.2":0.01016,"10.3":0.07816,"11.0-11.2":0.02814,"11.3-11.4":0.01641,"12.0-12.1":0.01719,"12.2-12.4":0.068,"13.0-13.1":0.01016,"13.2":0.00703,"13.3":0.06878,"13.4-13.7":0.2759,"14.0-14.4":2.56047,"14.5-14.7":4.19867},"edge":{"12":0.00445,"13":null,"14":null,"15":0.01782,"16":0.01336,"17":0.03563,"18":0.04454,"79":null,"80":null,"81":null,"83":null,"84":0.00445,"85":0.00445,"86":0.01336,"87":null,"88":0.00445,"89":0.02672,"90":0.09353,"91":3.34495},"samsung":{"4":0.37812,"5.0-5.4":0.02045,"6.2-6.4":0.02045,"7.2-7.4":0.37812,"8.2":0.1535,"9.2":0.13285,"10.1":0.09197,"11.1-11.2":0.42921,"12.0":0.13285,"13.0":0.40878,"14.0":3.51547},"android":{"2.1":0,"2.2":0,"2.3":0,"3":0,"4":0.00164,"4.1":0.00246,"4.2-4.3":0.00329,"4.4":0,"4.4.3-4.4.4":0.05915,"0":0},"op_mob":{"10":null,"11":null,"11.1":null,"11.5":null,"12":null,"12.1":null,"0":null},"ie":{"5.5":null,"6":null,"7":0.05568,"8":null,"9":null,"10":null,"11":0.32292},"ie_mob":{"10":0.42578,"11":0.03849},"bb":{"7":0,"10":0},"and_uc":{"0":0.2218},"op_mini":{"0":0.23623},"and_chr":{"0":44.71212},"kaios":{"2.5":0},"baidu":{"0":null},"and_ff":{"0":0.31607},"and_qq":{"10.4":0}},"total":99.87092}