{"id":"PE","name":"Peru","month":"2021-07","access_date":"2021-08-04","data":{"firefox":{"2":null,"3":null,"3.5":null,"3.6":null,"4":null,"5":null,"6":null,"7":null,"8":null,"9":null,"10":null,"11":null,"12":null,"13":null,"14":null,"15":null,"16":null,"17":0.00597,"18":null,"19":null,"20":null,"21":null,"22":null,"23":null,"24":null,"25":null,"26":null,"27":null,"28":null,"29":null,"30":null,"31":null,"32":null,"33":null,"34":null,"35":null,"36":null,"37":null,"38":null,"39":null,"40":null,"41":null,"42":null,"43":null,"44":null,"45":null,"46":null,"47":null,"48":null,"49":null,"50":null,"51":null,"52":0.01194,"53":null,"54":null,"55":null,"56":null,"57":null,"58":null,"59":null,"60":null,"61":null,"62":null,"63":null,"64":null,"65":null,"66":0.01791,"67":null,"68":null,"69":null,"70":null,"71":null,"72":null,"73":0.00597,"74":null,"75":null,"76":0.01194,"77":null,"78":0.02388,"79":null,"80":null,"81":null,"82":null,"83":null,"84":0.01194,"85":0.00597,"86":null,"87":0.00597,"88":0.02986,"89":0.71652,"90":0.43588,"91":0.01194,"92":null},"chrome":{"4":null,"5":null,"6":null,"7":null,"8":null,"9":null,"10":null,"11":null,"12":null,"13":null,"14":null,"15":null,"16":null,"17":null,"18":null,"19":null,"20":null,"21":null,"22":0.01194,"23":null,"24":null,"25":null,"26":null,"27":null,"28":null,"29":null,"30":null,"31":null,"32":null,"33":null,"34":0.00597,"35":null,"36":null,"37":null,"38":0.0418,"39":null,"40":null,"41":null,"42":null,"43":null,"44":null,"45":null,"46":null,"47":0.00597,"48":null,"49":0.09554,"50":null,"51":null,"52":null,"53":0.02388,"54":null,"55":null,"56":null,"57":null,"58":null,"59":null,"60":null,"61":null,"62":null,"63":0.00597,"64":null,"65":0.01194,"66":0.01194,"67":0.00597,"68":0.00597,"69":0.01194,"70":0.01194,"71":0.01194,"72":0.01194,"73":0.01194,"74":0.01194,"75":0.01791,"76":0.01791,"77":0.01791,"78":0.01194,"79":0.11345,"80":0.07165,"81":0.16122,"83":0.05374,"84":0.02986,"85":0.02986,"86":0.05374,"87":0.17913,"88":0.07762,"89":0.19107,"90":0.52545,"91":40.96106,"92":6.56213,"93":0.01194,"94":null,"95":null},"opera":{"9":null,"9.5-9.6":null,"10.0-10.1":0,"10.5":null,"10.6":null,"11":null,"11.1":null,"11.5":null,"11.6":null,"12":null,"12.1":null,"15":null,"16":null,"17":null,"18":null,"19":null,"20":null,"21":null,"22":null,"23":null,"24":null,"25":null,"26":null,"27":null,"28":null,"29":null,"30":null,"31":null,"32":null,"33":null,"34":null,"35":null,"36":null,"37":null,"38":null,"39":null,"40":null,"41":null,"42":null,"43":null,"44":null,"45":null,"46":null,"47":null,"48":null,"49":null,"50":null,"51":null,"52":null,"53":null,"54":null,"55":null,"56":null,"57":null,"58":null,"60":null,"62":null,"63":null,"64":null,"65":null,"66":null,"67":null,"68":null,"69":null,"70":null,"71":null,"72":null,"73":null,"74":null,"75":null,"76":0.82997,"77":1.32556},"ios_saf":{"3.2":0.00028,"4.0-4.1":0,"4.2-4.3":0,"5.0-5.1":0.00307,"6.0-6.1":0.00363,"7.0-7.1":0.00419,"8":0,"8.1-8.4":0.00056,"9.0-9.2":0.00084,"9.3":0.04189,"10.0-10.2":0.00531,"10.3":0.02346,"11.0-11.2":0.00726,"11.3-11.4":0.00782,"12.0-12.1":0.01117,"12.2-12.4":0.03743,"13.0-13.1":0.00922,"13.2":0.00447,"13.3":0.03519,"13.4-13.7":0.08491,"14.0-14.4":0.50525,"14.5-14.7":1.84031},"safari":{"3.1":null,"3.2":null,"4":0,"5":null,"5.1":null,"6":null,"6.1":null,"7":null,"7.1":null,"8":null,"9":null,"9.1":null,"10":null,"10.1":null,"11":null,"11.1":0.00597,"12":null,"12.1":0.01791,"13":0.01791,"13.1":0.10748,"14":0.19107,"14.1":0.54933,"15":null,"0":null},"edge":{"12":null,"13":null,"14":null,"15":null,"16":null,"17":null,"18":0.02388,"79":null,"80":null,"81":null,"83":null,"84":0.00597,"85":null,"86":null,"87":null,"88":null,"89":0.02388,"90":0.02388,"91":2.33466,"92":0.43588},"samsung":{"4":0.14056,"5.0-5.4":0.02018,"6.2-6.4":0.05406,"7.2-7.4":0.07568,"8.2":0.02018,"9.2":0.02162,"10.1":0.01081,"11.1-11.2":0.15137,"12.0":0.03244,"13.0":0.12974,"14.0":0.82171},"android":{"2.1":0,"2.2":0,"2.3":0,"3":0,"4":0,"4.1":0.00182,"4.2-4.3":0.00454,"4.4":0,"4.4.3-4.4.4":0.05809,"0":0},"op_mob":{"10":null,"11":null,"11.1":null,"11.5":null,"12":null,"12.1":null,"0":null},"ie":{"5.5":null,"6":null,"7":null,"8":null,"9":null,"10":null,"11":0.2269},"bb":{"7":0,"10":0},"ie_mob":{"10":0.03533,"11":0.01864},"and_chr":{"0":38.38019},"kaios":{"2.5":0},"baidu":{"0":null},"and_ff":{"0":0.09264},"and_qq":{"10.4":0},"and_uc":{"0":0.04028},"op_mini":{"0":0.14872}},"total":99.68692}