{"id":"PE","name":"Peru","month":"2015-11","access_date":"2015-12-02","data":{"chrome":{"4":0,"5":0,"6":0,"7":0,"8":0.008287,"9":0,"10":0,"11":0.049722,"12":0.008287,"13":0.016574,"14":0.008287,"15":0.008287,"16":0,"17":0.008287,"18":0.033148,"19":0,"20":0.024861,"21":0.016574,"22":0.116018,"23":0.033148,"24":0.041435,"25":0.058009,"26":0.091157,"27":0.033148,"28":0.024861,"29":0.08287,"30":0.033148,"31":0.124305,"32":0.049722,"33":0.124305,"34":0.107731,"35":0.124305,"36":0.16574,"37":0.174027,"38":0.207175,"39":0.389489,"40":0.273471,"41":0.265184,"42":0.364628,"43":0.99444,"44":1.375642,"45":1.6574,"46":57.710668,"47":0.190601,"48":0.124305,"49":0.016574,"50":0},"firefox":{"2":0,"3":0.033148,"3.5":0.008287,"3.6":0.024861,"4":0.008287,"5":0,"6":0.016574,"7":0,"8":0.008287,"9":0,"10":0.008287,"11":0.008287,"12":0.016574,"13":0.008287,"14":0.024861,"15":0.008287,"16":0.016574,"17":0.008287,"18":0.008287,"19":0.008287,"20":0.016574,"21":0.008287,"22":0.008287,"23":0.008287,"24":0.008287,"25":0.008287,"26":0.016574,"27":0.008287,"28":0.016574,"29":0.024861,"30":0.041435,"31":0.107731,"32":0.024861,"33":0.049722,"34":0.058009,"35":0.066296,"36":0.058009,"37":0.124305,"38":0.174027,"39":0.215462,"40":0.190601,"41":1.24305,"42":3.323087,"43":0.024861,"44":0.008287,"45":0},"opera":{"9":0,"9.5-9.6":0,"10.0-10.1":0,"10.5":0,"10.6":0,"11":0,"11.1":0,"11.5":0,"11.6":0,"12":0,"12.1":0.016574,"15":0,"16":0,"17":0,"18":0,"19":0,"20":0,"21":0,"22":0,"23":0,"24":0,"25":0,"26":0,"27":0,"28":0.008287,"29":0.008287,"30":0.016574,"31":0.024861,"32":0.08287,"33":0.563516,"34":0.008287,"35":0},"safari":{"3.1":0,"3.2":0,"4":0.016574,"5":0.008287,"5.1":0.041435,"6":0.041435,"6.1":0.041435,"7":0.049722,"7.1":0.066296,"8":0.240323,"9":0.464072},"android":{"2.1":0,"2.2":0,"2.3":0.0227934211025,"3":0,"4":0.0275641371472,"4.1":0.295254315211,"4.2-4.3":0.626554040538,"4.4":1.19850988634,"4.4.3-4.4.4":0.627614199659,"46":null},"ios_saf":{"3.2":0,"4.0-4.1":0,"4.2-4.3":0,"5.0-5.1":0.00542685220924,"6.0-6.1":0.00452237684104,"7.0-7.1":0.118486273235,"8":0.0167327943118,"8.1-8.4":0.433017582529,"9.0-9.1":1.64795412087},"op_mob":{"10":0,"11":0,"11.1":0,"11.5":0,"12":0.000306139246879,"12.1":0.000612278493758,"0":0.0150008230971},"ie":{"5.5":0,"6":0.0258539124424,"7":0.00861797081413,"8":1.11171823502,"9":0.405044628264,"10":0.810089256528,"11":3.20588514286},"bb":{"7":0.03383175,"10":null},"ie_mob":{"10":0.217457902174,"11":0.959373097826},"edge":{"12":null,"13":null,"14":null},"and_uc":{"0":0.282645},"op_mini":{"5.0-8.0":1.80842575916},"and_chr":{"0":11.86455},"and_ff":{"0":0.075372}},"total":98.7333788959}