{"id":"PE","name":"Peru","month":"2021-05","access_date":"2021-06-04","data":{"firefox":{"2":null,"3":null,"3.5":null,"3.6":null,"4":null,"5":null,"6":null,"7":null,"8":null,"9":null,"10":null,"11":null,"12":null,"13":null,"14":null,"15":null,"16":null,"17":null,"18":null,"19":null,"20":null,"21":null,"22":null,"23":null,"24":null,"25":null,"26":null,"27":null,"28":null,"29":null,"30":null,"31":null,"32":null,"33":null,"34":null,"35":null,"36":null,"37":null,"38":null,"39":null,"40":null,"41":null,"42":null,"43":null,"44":null,"45":null,"46":null,"47":null,"48":null,"49":null,"50":null,"51":null,"52":0.02426,"53":null,"54":null,"55":null,"56":null,"57":null,"58":null,"59":null,"60":null,"61":null,"62":null,"63":null,"64":null,"65":null,"66":0.02426,"67":null,"68":null,"69":null,"70":null,"71":null,"72":null,"73":0.00607,"74":null,"75":null,"76":null,"77":null,"78":0.0182,"79":null,"80":null,"81":null,"82":null,"83":null,"84":0.01213,"85":null,"86":0.00607,"87":0.0182,"88":1.19481,"89":0.01213,"90":null,"91":null},"chrome":{"4":null,"5":null,"6":null,"7":null,"8":null,"9":null,"10":null,"11":null,"12":null,"13":null,"14":null,"15":null,"16":null,"17":null,"18":null,"19":null,"20":null,"21":null,"22":0.0182,"23":null,"24":null,"25":null,"26":null,"27":null,"28":null,"29":null,"30":null,"31":null,"32":null,"33":null,"34":null,"35":null,"36":null,"37":null,"38":0.04246,"39":null,"40":null,"41":null,"42":0.01213,"43":null,"44":null,"45":null,"46":null,"47":null,"48":null,"49":0.12737,"50":null,"51":null,"52":null,"53":0.07278,"54":null,"55":null,"56":null,"57":null,"58":null,"59":null,"60":null,"61":null,"62":null,"63":0.00607,"64":null,"65":0.01213,"66":0.00607,"67":0.01213,"68":0.0182,"69":0.01213,"70":0.01213,"71":0.01213,"72":0.01213,"73":0.01213,"74":0.01213,"75":0.03033,"76":0.0182,"77":0.0182,"78":0.0182,"79":0.06065,"80":0.06672,"81":0.15769,"83":0.09098,"84":0.04246,"85":0.04246,"86":0.08491,"87":0.2426,"88":0.18802,"89":0.86123,"90":46.72476,"91":1.91654,"92":0.01213,"93":null,"94":null},"opera":{"9":null,"9.5-9.6":null,"10.0-10.1":0,"10.5":null,"10.6":null,"11":null,"11.1":null,"11.5":null,"11.6":null,"12":null,"12.1":null,"15":null,"16":null,"17":null,"18":null,"19":null,"20":null,"21":null,"22":null,"23":null,"24":null,"25":null,"26":null,"27":null,"28":null,"29":null,"30":null,"31":null,"32":null,"33":null,"34":null,"35":null,"36":null,"37":null,"38":null,"39":null,"40":null,"41":null,"42":null,"43":null,"44":null,"45":null,"46":null,"47":null,"48":null,"49":null,"50":null,"51":null,"52":null,"53":null,"54":null,"55":null,"56":null,"57":null,"58":null,"60":null,"62":null,"63":null,"64":null,"65":null,"66":null,"67":null,"68":null,"69":null,"70":null,"71":null,"72":null,"73":0.30932,"74":null,"75":1.14629,"76":0.61257},"ios_saf":{"3.2":0.00056,"4.0-4.1":0,"4.2-4.3":0,"5.0-5.1":0.0031,"6.0-6.1":0.00282,"7.0-7.1":0.00282,"8":0,"8.1-8.4":0.00141,"9.0-9.2":0,"9.3":0.02932,"10.0-10.2":0.0031,"10.3":0.02284,"11.0-11.2":0.00902,"11.3-11.4":0.00874,"12.0-12.1":0.01099,"12.2-12.4":0.06315,"13.0-13.1":0.01128,"13.2":0.00536,"13.3":0.0358,"13.4-13.7":0.11164,"14.0-14.4":1.8057,"14.5-14.6":0.52522},"safari":{"3.1":null,"3.2":null,"4":0,"5":null,"5.1":null,"6":null,"6.1":null,"7":null,"7.1":null,"8":null,"9":null,"9.1":null,"10":null,"10.1":null,"11":null,"11.1":0.01213,"12":null,"12.1":0.02426,"13":0.02426,"13.1":0.1395,"14":0.60044,"14.1":0.29112,"0":null},"edge":{"12":null,"13":null,"14":null,"15":null,"16":null,"17":null,"18":0.03033,"79":null,"80":null,"81":null,"83":null,"84":0.01213,"85":0.00607,"86":null,"87":0.00607,"88":0.00607,"89":0.04852,"90":2.37748,"91":0.17589},"samsung":{"4":0.17344,"5.0-5.4":0.06023,"6.2-6.4":0.05019,"7.2-7.4":0.06504,"8.2":0.04015,"9.2":0.02168,"10.1":0.07027,"11.1-11.2":0.14092,"12.0":0.04336,"13.0":0.18428,"14.0":0.69377},"android":{"2.1":0,"2.2":0,"2.3":0,"3":0,"4":0,"4.1":0.00217,"4.2-4.3":0.00507,"4.4":0,"4.4.3-4.4.4":0.05574,"0":0},"op_mob":{"10":null,"11":null,"11.1":null,"11.5":null,"12":null,"12.1":null,"0":null},"ie":{"5.5":null,"6":null,"7":null,"8":null,"9":null,"10":null,"11":0.30932},"bb":{"7":0,"10":0},"ie_mob":{"10":null,"11":null},"kaios":{"2.5":0},"baidu":{"0":null},"and_ff":{"0":0.0984},"and_qq":{"10.4":0},"and_uc":{"0":0.03542},"op_mini":{"0":0.17886},"and_chr":{"0":36.81215}},"total":99.80831}