{"id":"PE","name":"Peru","month":"2018-03","access_date":"2018-04-03","data":{"chrome":{"4":0,"5":0,"6":0,"7":0,"8":0,"9":0,"10":0,"11":0.006889,"12":0,"13":0,"14":0,"15":0,"16":0,"17":0,"18":0.006889,"19":0,"20":0,"21":0,"22":0.055112,"23":0,"24":0,"25":0.006889,"26":0.041334,"27":0,"28":0,"29":0.034445,"30":0,"31":0.006889,"32":0,"33":0.006889,"34":0.062001,"35":0,"36":0.013778,"37":0.006889,"38":0.199781,"39":0.020667,"40":0.006889,"41":0.006889,"42":0.006889,"43":0.020667,"44":0.020667,"45":0.013778,"46":0.027556,"47":0.013778,"48":0.013778,"49":0.806013,"50":0.020667,"51":0.062001,"52":0.034445,"53":0.027556,"54":0.034445,"55":0.055112,"56":0.103335,"57":0.075779,"58":0.234226,"59":0.124002,"60":0.186003,"61":0.213559,"62":0.227337,"63":1.040239,"64":23.918608,"65":13.674665,"66":0.034445,"67":0.013778,"68":0},"firefox":{"2":0,"3":0,"3.5":0,"3.6":0,"4":0,"5":0,"6":0,"7":0,"8":0,"9":0,"10":0,"11":0,"12":0,"13":0,"14":0,"15":0,"16":0,"17":0,"18":0,"19":0,"20":0,"21":0,"22":0,"23":0,"24":0,"25":0,"26":0,"27":0,"28":0.006889,"29":0,"30":0,"31":0,"32":0,"33":0,"34":0.006889,"35":0,"36":0.006889,"37":0,"38":0.006889,"39":0.006889,"40":0.006889,"41":0.006889,"42":0,"43":0.013778,"44":0,"45":0.006889,"46":0,"47":0.027556,"48":0.041334,"49":0.006889,"50":0.006889,"51":0.013778,"52":0.096446,"53":0.006889,"54":0.020667,"55":0.020667,"56":0.027556,"57":0.048223,"58":0.936904,"59":0.723345,"60":0.013778,"61":0},"opera":{"9":0,"9.5-9.6":0,"10.0-10.1":0,"10.5":0,"10.6":0,"11":0,"11.1":0,"11.5":0,"11.6":0,"12":0,"12.1":0.006889,"15":0,"16":0,"17":0,"18":0,"19":0,"20":0,"21":0,"22":0,"23":0,"24":0,"25":0,"26":0,"27":0,"28":0,"29":0,"30":0,"31":0,"32":0.006889,"33":0,"34":0,"35":0,"36":0.006889,"37":0,"38":0,"39":0,"40":0.006889,"41":0,"42":0,"43":0,"44":0,"45":0.006889,"46":0.006889,"47":0.006889,"48":0.006889,"49":0.006889,"50":0.027556,"51":0.516675,"52":0.020667},"safari":{"3.1":0,"3.2":0,"4":0,"5":0,"5.1":0,"6":0,"6.1":0,"7":0.006889,"7.1":0,"8":0.006889,"9":0.006889,"9.1":0.075779,"10":0.034445,"10.1":0.144669,"11":0.509786,"11.1":0,"0":null},"ios_saf":{"3.2":0.000412239767837,"4.0-4.1":0,"4.2-4.3":0.000412239767837,"5.0-5.1":0.00742031582107,"6.0-6.1":0.00577135674972,"7.0-7.1":0.020199748624,"8":0.00577135674972,"8.1-8.4":0.03050574282,"9.0-9.2":0.0230854269989,"9.3":0.165308146903,"10.0-10.2":0.164895907135,"10.3":0.382146264785,"11.0-11.2":3.31358325388,"11.3":null},"android":{"2.1":0,"2.2":0,"2.3":0,"3":0,"4":0,"4.1":0.0692102378641,"4.2-4.3":0.210639854369,"4.4":0.594305303398,"4.4.3-4.4.4":0.365610604369,"62":null},"ie":{"5.5":0,"6":0,"7":0,"8":0.0487306105263,"9":0.0208845473684,"10":0.0417690947368,"11":0.549959747368},"op_mob":{"10":null,"11":null,"11.1":null,"11.5":null,"12":null,"12.1":null,"0":null},"edge":{"12":0.013778,"13":0.027556,"14":0.055112,"15":0.06889,"16":0.440896,"17":0},"samsung":{"4":0.806039008475,"5":0.0306090762712,"6.2":0.367308915254},"bb":{"7":0.003111,"10":0.012444},"ie_mob":{"10":0.0336799565217,"11":0.224533043478},"and_ff":{"0":0.06222},"and_qq":{"1.2":null},"and_uc":{"0":0.130662},"op_mini":{"0":0.533098180412},"and_chr":{"0":44.22603},"baidu":{"0":null}},"total":98.0142031804}