{"id":"PF","name":"French Polynesia","month":"2015-05","access_date":"2015-06-03","data":{"chrome":{"4":0,"5":0,"6":0,"7":0,"8":0.015954,"9":0,"10":0,"11":0.063816,"12":0,"13":0,"14":0.015954,"15":0,"16":0,"17":0.015954,"18":0,"19":0.023931,"20":0,"21":0.007977,"22":0.103701,"23":0.007977,"24":0.015954,"25":0.007977,"26":0.063816,"27":0.015954,"28":0.023931,"29":0.007977,"30":0.007977,"31":0.087747,"32":0.039885,"33":0.07977,"34":0.151563,"35":0.103701,"36":0.295149,"37":0.127632,"38":0.191448,"39":0.438735,"40":0.279195,"41":0.47862,"42":17.405814,"43":7.163346,"44":0.207402,"45":0.023931,"46":0},"firefox":{"2":0.015954,"3":0.023931,"3.5":0.015954,"3.6":0.119655,"4":0.015954,"5":0.047862,"6":0.015954,"7":0.039885,"8":0.007977,"9":0.031908,"10":0.023931,"11":0.047862,"12":0.087747,"13":0.031908,"14":0.023931,"15":0.007977,"16":0.087747,"17":0.103701,"18":0.007977,"19":0.023931,"20":0.055839,"21":0.023931,"22":0.055839,"23":0.039885,"24":0.055839,"25":0.063816,"26":0.127632,"27":0.015954,"28":0.031908,"29":0.031908,"30":0.327057,"31":0.215379,"32":0.175494,"33":0.151563,"34":0.15954,"35":0.231333,"36":0.343011,"37":10.346169,"38":8.13654,"39":0.015954,"40":0.031908,"41":0.015954},"opera":{"9":0,"9.5-9.6":0,"10.0-10.1":0,"10.5":0,"10.6":0,"11":0,"11.1":0,"11.5":0,"11.6":0,"12":0,"12.1":0.039885,"15":0,"16":0,"17":0,"18":0.023931,"19":0,"20":0,"21":0,"22":0,"23":0,"24":0,"25":0,"26":0.007977,"27":0.015954,"28":0.015954,"29":0.941286,"30":0,"31":0},"safari":{"3.1":0,"3.2":0,"4":0.039885,"5":0.343011,"5.1":1.068918,"6":0.207402,"6.1":0.454689,"7":0.382896,"7.1":1.27632,"8":2.568594},"android":{"2.1":0,"2.2":0,"2.3":0.0896872125629,"3":0,"4":0.227853999484,"4.1":0.775673189733,"4.2-4.3":1.50448279092,"4.4":2.58234532749,"4.4.3-4.4.4":1.08432647981,"40":null},"ios_saf":{"3.2":0,"4.0-4.1":0,"4.2-4.3":0,"5.0-5.1":0.0699854194327,"6.0-6.1":0.15046865178,"7.0-7.1":2.47748384792,"8":0.379670900422,"8.1-8.3":14.3172671804},"op_mob":{"10":0,"11":0,"11.1":0,"11.5":0,"12":2.09339024706e-5,"12.1":8.37356098823e-5,"0":0.000460545854353},"ie":{"5.5":0,"6":0.007977,"7":0.031908,"8":0.693999,"9":0.47862,"10":1.268343,"11":6.573048,"0":null},"ie_mob":{"10":0.148008325581,"11":0.430569674419},"bb":{"7":0.0010115,"10":null},"and_uc":{"0":0.052598},"op_mini":{"5.0-8.0":0.0803547846333},"and_chr":{"0":8.89027},"and_ff":{"0":0.22253}},"total":98.8327365}