{"id":"PF","name":"French Polynesia","month":"2021-06","access_date":"2021-07-04","data":{"firefox":{"2":null,"3":null,"3.5":null,"3.6":null,"4":null,"5":null,"6":null,"7":null,"8":null,"9":null,"10":null,"11":null,"12":0.04158,"13":null,"14":null,"15":null,"16":null,"17":null,"18":null,"19":null,"20":null,"21":null,"22":null,"23":null,"24":null,"25":null,"26":null,"27":null,"28":null,"29":null,"30":null,"31":null,"32":null,"33":null,"34":null,"35":null,"36":null,"37":null,"38":0.0052,"39":null,"40":null,"41":null,"42":null,"43":null,"44":null,"45":null,"46":null,"47":0.0104,"48":0.02079,"49":null,"50":null,"51":null,"52":0.2599,"53":null,"54":null,"55":null,"56":null,"57":null,"58":null,"59":0.01559,"60":0.05718,"61":null,"62":null,"63":null,"64":null,"65":null,"66":null,"67":null,"68":0.14554,"69":null,"70":0.05198,"71":null,"72":0.0104,"73":null,"74":null,"75":null,"76":null,"77":null,"78":0.94084,"79":null,"80":0.03119,"81":0.0052,"82":null,"83":0.02599,"84":0.04158,"85":0.01559,"86":0.01559,"87":0.0104,"88":0.91485,"89":6.59106,"90":0.02079,"91":null},"chrome":{"4":null,"5":null,"6":null,"7":null,"8":null,"9":null,"10":null,"11":null,"12":null,"13":null,"14":null,"15":null,"16":null,"17":null,"18":null,"19":null,"20":null,"21":null,"22":null,"23":null,"24":null,"25":null,"26":null,"27":null,"28":null,"29":null,"30":null,"31":null,"32":null,"33":null,"34":null,"35":null,"36":null,"37":null,"38":null,"39":null,"40":null,"41":null,"42":null,"43":null,"44":null,"45":null,"46":null,"47":null,"48":null,"49":0.02599,"50":null,"51":null,"52":null,"53":0.0104,"54":null,"55":null,"56":null,"57":null,"58":null,"59":null,"60":null,"61":null,"62":null,"63":null,"64":null,"65":0.05718,"66":null,"67":0.02079,"68":null,"69":null,"70":null,"71":null,"72":null,"73":null,"74":null,"75":0.0052,"76":null,"77":null,"78":null,"79":0.02079,"80":null,"81":0.01559,"83":0.03119,"84":0.02599,"85":0.0052,"86":0.0104,"87":0.14035,"88":0.05718,"89":0.13515,"90":3.45147,"91":18.9727,"92":null,"93":null,"94":null},"opera":{"9":null,"9.5-9.6":null,"10.0-10.1":0,"10.5":null,"10.6":null,"11":null,"11.1":null,"11.5":null,"11.6":null,"12":null,"12.1":null,"15":null,"16":null,"17":null,"18":null,"19":null,"20":null,"21":null,"22":null,"23":null,"24":null,"25":null,"26":null,"27":null,"28":null,"29":null,"30":null,"31":null,"32":null,"33":null,"34":null,"35":null,"36":null,"37":null,"38":null,"39":null,"40":null,"41":null,"42":null,"43":null,"44":null,"45":null,"46":null,"47":null,"48":null,"49":null,"50":null,"51":null,"52":null,"53":null,"54":null,"55":null,"56":null,"57":null,"58":null,"60":null,"62":null,"63":null,"64":null,"65":null,"66":null,"67":null,"68":null,"69":null,"70":null,"71":null,"72":0.0052,"73":null,"74":null,"75":0.32228,"76":0.44703,"77":0.21312},"safari":{"3.1":null,"3.2":null,"4":0,"5":null,"5.1":null,"6":null,"6.1":null,"7":null,"7.1":null,"8":null,"9":null,"9.1":null,"10":null,"10.1":0.03639,"11":0.0104,"11.1":0.18193,"12":0.03639,"12.1":0.15594,"13":0.28069,"13.1":1.06039,"14":3.52424,"14.1":3.15519,"15":0.02079,"0":null},"ios_saf":{"3.2":0,"4.0-4.1":0,"4.2-4.3":0,"5.0-5.1":0.0165,"6.0-6.1":0.05088,"7.0-7.1":0,"8":0.00413,"8.1-8.4":0.00275,"9.0-9.2":0,"9.3":0.3094,"10.0-10.2":0.00413,"10.3":0.23789,"11.0-11.2":0.11276,"11.3-11.4":0.02613,"12.0-12.1":0.21864,"12.2-12.4":0.18976,"13.0-13.1":0.01788,"13.2":0.00138,"13.3":0.23789,"13.4-13.7":0.32315,"14.0-14.4":4.88025,"14.5-14.7":6.1206},"edge":{"12":null,"13":null,"14":null,"15":0.0052,"16":0.04158,"17":0.04678,"18":0.12995,"79":null,"80":0.0104,"81":null,"83":null,"84":null,"85":0.0104,"86":0.0052,"87":null,"88":null,"89":0.0052,"90":0.20272,"91":5.15122},"samsung":{"4":0.08337,"5.0-5.4":0.02127,"6.2-6.4":0.08182,"7.2-7.4":0.13547,"8.2":0.02127,"9.2":0.06253,"10.1":0.03126,"11.1-11.2":0.52105,"12.0":0.07295,"13.0":0.83368,"14.0":4.26219},"android":{"2.1":0,"2.2":0,"2.3":0,"3":0,"4":0,"4.1":0.00075,"4.2-4.3":0.00075,"4.4":0,"4.4.3-4.4.4":0.02251,"0":0},"op_mob":{"10":null,"11":null,"11.1":null,"11.5":null,"12":null,"12.1":null,"0":null},"ie":{"5.5":null,"6":null,"7":null,"8":null,"9":null,"10":null,"11":0.7693},"ie_mob":{"10":null,"11":0.26352},"bb":{"7":0,"10":0},"and_uc":{"0":0.64347},"op_mini":{"0":0.14093},"and_chr":{"0":30.69782},"kaios":{"2.5":0},"baidu":{"0":null},"and_ff":{"0":0.76832},"and_qq":{"10.4":0.04322}},"total":99.50741}