{"id":"PF","name":"French Polynesia","month":"2014-08","access_date":"2014-09-01","data":{"chrome":{"4":null,"5":null,"6":null,"7":0.021813,"8":null,"9":0.007271,"10":null,"11":0.050897,"12":null,"13":0.007271,"14":null,"15":null,"16":null,"17":null,"18":0.014542,"19":null,"20":0.021813,"21":0.014542,"22":0.029084,"23":0.101794,"24":0.021813,"25":0.029084,"26":0.050897,"27":0.058168,"28":0.138149,"29":0.050897,"30":0.058168,"31":0.407176,"32":0.385363,"33":1.010669,"34":0.407176,"35":1.38149,"36":27.244437,"37":0.930688,"38":0.159962,"39":0.014542,"40":null},"firefox":{"2":null,"3":0.029084,"3.5":0.043626,"3.6":0.356279,"4":0.029084,"5":0.065439,"6":0.021813,"7":0.058168,"8":0.036355,"9":0.101794,"10":0.101794,"11":0.050897,"12":0.14542,"13":0.094523,"14":0.050897,"15":0.058168,"16":0.283569,"17":0.123607,"18":0.014542,"19":0.029084,"20":0.043626,"21":0.050897,"22":0.029084,"23":0.065439,"24":0.14542,"25":0.058168,"26":0.094523,"27":0.087252,"28":0.116336,"29":0.181775,"30":1.105192,"31":18.053893,"32":0.21813,"33":0.014542,"34":0.007271},"opera":{"9":null,"9.5-9.6":null,"10.0-10.1":0,"10.5":null,"10.6":null,"11":null,"11.1":null,"11.5":null,"11.6":0.007271,"12":null,"12.1":0.029084,"15":null,"16":null,"17":null,"18":0.014542,"19":null,"20":0.14542,"21":0.007271,"22":null,"23":0.370821,"24":null,"25":null},"safari":{"3.1":null,"3.2":null,"4":0.174504,"5":0.29084,"5.1":1.621433,"6":0.370821,"6.1":1.076108,"7":2.421243,"8":0.029084},"android":{"2.1":0.00834785014985,"2.2":0.058434951049,"2.3":1.13530762038,"3":0,"4":0.884872115884,"4.1":2.21218028971,"4.2-4.3":2.31235449151,"4.4":1.74470068132,"4.4.3":null},"op_mob":{"10":0,"11":0,"11.1":0,"11.5":0,"12":0.000275750807217,"12.1":0.0015166294397,"0":null},"ie":{"5.5":null,"6":0.007271,"7":0.014542,"8":0.596222,"9":0.632577,"10":3.468267,"11":5.271475},"ios_saf":{"3.2":0,"4.0-4.1":0,"4.2-4.3":0,"5.0-5.1":0.0942468629944,"6.0-6.1":0.475081125706,"7.0-7.1":8.9630690113,"8":0},"bb":{"7":0.00204675,"10":null},"and_ff":{"0":0.221049},"ie_mob":{"10":0.3495849},"op_mini":{"5.0-7.0":0.101909619753},"and_chr":{"0":8.287973}},"total":97.98514365}