{"id":"PG","name":"Papua New Guinea","month":"2015-11","access_date":"2015-12-02","data":{"chrome":{"4":0,"5":0,"6":0,"7":0,"8":0.001223,"9":0,"10":0.001223,"11":0.077049,"12":0.001223,"13":0,"14":0,"15":0.002446,"16":0.003669,"17":0,"18":0.007338,"19":0.002446,"20":0,"21":0.006115,"22":0.004892,"23":0.003669,"24":0.001223,"25":0.001223,"26":0.015899,"27":0.002446,"28":0.009784,"29":0.001223,"30":0.003669,"31":0.04892,"32":0.01223,"33":0.004892,"34":0.009784,"35":0.011007,"36":0.033021,"37":0.037913,"38":0.047697,"39":0.015899,"40":0.018345,"41":0.026906,"42":0.029352,"43":0.047697,"44":0.066042,"45":0.116185,"46":2.985343,"47":0.006115,"48":0.009784,"49":0,"50":0},"firefox":{"2":0.001223,"3":0.029352,"3.5":0.003669,"3.6":0.006115,"4":0.011007,"5":0.002446,"6":0.007338,"7":0.003669,"8":0.007338,"9":0.001223,"10":0.006115,"11":0.006115,"12":0.013453,"13":0.007338,"14":0.009784,"15":0.003669,"16":0.003669,"17":0.01223,"18":0.011007,"19":0.003669,"20":0.006115,"21":0.002446,"22":0.007338,"23":0.001223,"24":0.004892,"25":0.001223,"26":0.001223,"27":0.002446,"28":0.004892,"29":0.003669,"30":0.009784,"31":0.011007,"32":0.031798,"33":0.015899,"34":0.187119,"35":0.017122,"36":0.020791,"37":0.026906,"38":0.069711,"39":0.03669,"40":0.042805,"41":0.417043,"42":0.527113,"43":0.037913,"44":0.011007,"45":0},"opera":{"9":0,"9.5-9.6":0,"10.0-10.1":0.001223,"10.5":0.002446,"10.6":0,"11":0,"11.1":0.001223,"11.5":0.001223,"11.6":0.003669,"12":0.004892,"12.1":0.020791,"15":0,"16":0,"17":0,"18":0.002446,"19":0.004892,"20":0.004892,"21":0,"22":0,"23":0,"24":0.001223,"25":0,"26":0.003669,"27":0.001223,"28":0.003669,"29":0.01223,"30":0.058704,"31":0.001223,"32":0.113739,"33":0.103955,"34":0.001223,"35":0},"safari":{"3.1":0,"3.2":0,"4":0.002446,"5":0.009784,"5.1":0.015899,"6":0.01223,"6.1":0.015899,"7":0.039136,"7.1":0.017122,"8":0.053812,"9":0.066042},"android":{"2.1":0,"2.2":0,"2.3":0.234081174654,"3":0,"4":0.283074908884,"4.1":3.03216777401,"4.2-4.3":6.43451042887,"4.4":12.3083147882,"4.4.3-4.4.4":6.44539792536,"46":null},"ios_saf":{"3.2":0,"4.0-4.1":0,"4.2-4.3":0,"5.0-5.1":0.00320787242255,"6.0-6.1":0.00267322701879,"7.0-7.1":0.0700385478923,"8":0.00989093996953,"8.1-8.4":0.255961487049,"9.0-9.1":0.974123925648},"op_mob":{"10":0,"11":0,"11.1":0,"11.5":0,"12":0.000734951503558,"12.1":0.00146990300712,"0":0.0360126236743},"ie":{"5.5":0,"6":0.0048955206909,"7":0.0134626819,"8":0.397761056135,"9":0.405104337172,"10":0.383074494063,"11":2.19196938935},"bb":{"7":0.0307195,"10":null},"ie_mob":{"10":0.201107782609,"11":0.887240217391},"edge":{"12":null,"13":null,"14":null},"and_uc":{"0":39.285852},"op_mini":{"5.0-8.0":4.34150552182},"and_chr":{"0":10.416027},"and_ff":{"0":0.035108}},"total":94.5889089793}