{"id":"PG","name":"Papua New Guinea","month":"2018-02","access_date":"2018-03-05","data":{"chrome":{"4":0,"5":0,"6":0,"7":0,"8":0,"9":0,"10":0,"11":0.067518,"12":0,"13":0,"14":0,"15":0,"16":0,"17":0,"18":0,"19":0,"20":0,"21":0,"22":0,"23":0,"24":0,"25":0,"26":0.003751,"27":0,"28":0.003751,"29":0.003751,"30":0,"31":0,"32":0,"33":0,"34":0,"35":0.003751,"36":0,"37":0,"38":0.003751,"39":0,"40":0.093775,"41":0,"42":0,"43":0.007502,"44":0.003751,"45":0,"46":0.033759,"47":0,"48":0.003751,"49":0.033759,"50":0.018755,"51":0.003751,"52":0.007502,"53":0.003751,"54":0.007502,"55":0.03751,"56":0.015004,"57":0.033759,"58":0.011253,"59":0.022506,"60":0.071269,"61":0.060016,"62":0.045012,"63":0.828971,"64":1.027774,"65":0,"66":0,"67":0},"firefox":{"2":0,"3":0.003751,"3.5":0,"3.6":0,"4":0.003751,"5":0.007502,"6":0,"7":0,"8":0,"9":0,"10":0,"11":0,"12":0,"13":0,"14":0.060016,"15":0.003751,"16":0,"17":0.003751,"18":0,"19":0.07502,"20":0.011253,"21":0,"22":0,"23":0,"24":0,"25":0,"26":0.003751,"27":0.007502,"28":0,"29":0,"30":0.052514,"31":0,"32":0.003751,"33":0,"34":0,"35":0,"36":0,"37":0.123783,"38":0.123783,"39":0,"40":0.045012,"41":0.003751,"42":0.018755,"43":0.007502,"44":0.056265,"45":0.180048,"46":0.003751,"47":0.071269,"48":0.007502,"49":0.573903,"50":0.003751,"51":0.195052,"52":0.056265,"53":0.026257,"54":0.048763,"55":0.270072,"56":0.772706,"57":0.138787,"58":4.557465,"59":0.018755,"60":0,"61":0},"opera":{"9":0,"9.5-9.6":0,"10.0-10.1":0,"10.5":0,"10.6":0,"11":0,"11.1":0,"11.5":0,"11.6":0,"12":0,"12.1":0.015004,"15":0,"16":0,"17":0,"18":0.048763,"19":0,"20":0,"21":0,"22":0.003751,"23":0,"24":0,"25":0,"26":0,"27":0,"28":0,"29":0.003751,"30":0.007502,"31":0,"32":0.011253,"33":0,"34":0,"35":0.003751,"36":0,"37":0.120032,"38":0,"39":0,"40":0,"41":0,"42":0,"43":0.011253,"44":0.003751,"45":0.022506,"46":0,"47":0,"48":0.003751,"49":0.003751,"50":0.067518,"51":0.026257,"52":0},"safari":{"3.1":0,"3.2":0,"4":0,"5":0.003751,"5.1":0,"6":0,"6.1":0.003751,"7":0,"7.1":0,"8":0.003751,"9":0.003751,"9.1":0.003751,"10":0.007502,"10.1":0.026257,"11":0.03751,"11.1":0,"0":null},"ios_saf":{"3.2":0.00014766519956,"4.0-4.1":0,"4.2-4.3":0.00132898679604,"5.0-5.1":0.0022149779934,"6.0-6.1":0.00132898679604,"7.0-7.1":0.00649726878063,"8":0.00324863439032,"8.1-8.4":0.012403876763,"9.0-9.2":0.0104842291688,"9.3":0.0581800886266,"10.0-10.2":0.0754569169751,"10.3":0.164942027908,"11.0-11.2":1.1399753406,"11.3":null},"android":{"2.1":0,"2.2":0,"2.3":0,"3":0,"4":0,"4.1":0.735850842572,"4.2-4.3":2.13541028825,"4.4":6.2763748337,"4.4.3-4.4.4":3.86682403548,"62":null},"op_mob":{"10":null,"11":null,"11.1":null,"11.5":null,"12":null,"12.1":null,"0":null},"ie":{"5.5":0,"6":0,"7":0,"8":0.180048,"9":0.033759,"10":0.07502,"11":0.881485},"edge":{"12":0.026257,"13":0.060016,"14":0.071269,"15":0.048763,"16":0.288827,"17":0},"samsung":{"4":2.75129682808,"5":0.304571604585,"6.2":0.487314567335},"bb":{"7":0.0012498,"10":0.0049992},"ie_mob":{"10":0.255551210526,"11":0.206874789474},"op_mini":{"0":5.11746930412},"and_chr":{"0":43.033756},"baidu":{"0":null},"and_ff":{"0":0.137478},"and_qq":{"1.2":null},"and_uc":{"0":9.967155}},"total":88.8628623041}