{"id":"PG","name":"Papua New Guinea","month":"2020-05","access_date":"2020-06-05","data":{"chrome":{"4":0,"5":0,"6":0,"7":0,"8":0,"9":0,"10":0,"11":0.00756,"12":0,"13":0,"14":0,"15":0,"16":0,"17":0,"18":0,"19":0,"20":0,"21":0,"22":0,"23":0,"24":0,"25":0,"26":0.00378,"27":0,"28":0,"29":0,"30":0,"31":0,"32":0,"33":0,"34":0,"35":0,"36":0,"37":0,"38":0.00378,"39":0,"40":0.0378,"41":0.00378,"42":0.00378,"43":0,"44":0.00378,"45":0,"46":0.01134,"47":0,"48":0.00378,"49":0.03402,"50":0.00378,"51":0.00378,"52":0,"53":0.04914,"54":0.00378,"55":0.01134,"56":0.00756,"57":0.00756,"58":0.01134,"59":0.00378,"60":0.00756,"61":0.00756,"62":0.00378,"63":0.0189,"64":0.00756,"65":0.00756,"66":0.01134,"67":0.0189,"68":0.00756,"69":0.03024,"70":0.06804,"71":0.0189,"72":0.02646,"73":0.01134,"74":0.02646,"75":0.06048,"76":0.03402,"77":0.04158,"78":0.0756,"79":0.06804,"80":0.27216,"81":5.01606,"83":0.91098,"84":0,"85":0,"86":null},"firefox":{"2":0,"3":0,"3.5":0,"3.6":0,"4":0,"5":0,"6":0,"7":0,"8":0,"9":0,"10":0,"11":0,"12":0,"13":0,"14":0,"15":0,"16":0.00378,"17":0,"18":0,"19":0,"20":0.00378,"21":0,"22":0,"23":0.00378,"24":0,"25":0,"26":0,"27":0,"28":0,"29":0,"30":0.00378,"31":0,"32":0,"33":0,"34":0,"35":0,"36":0,"37":0,"38":0,"39":0,"40":0,"41":0,"42":0.00378,"43":0.01134,"44":0.01512,"45":0.00378,"46":0,"47":0.0189,"48":0.00378,"49":0.00378,"50":0,"51":0,"52":0.00756,"53":0.04158,"54":0.00378,"55":0.00378,"56":0.0189,"57":0.05292,"58":0.00756,"59":0.01134,"60":0.02268,"61":0.01134,"62":0.00378,"63":0.00756,"64":0.00378,"65":0.01134,"66":0.00378,"67":0.10206,"68":0.0945,"69":0.0189,"70":0.00756,"71":0.0189,"72":0.04914,"73":0.01134,"74":0.03024,"75":0.28728,"76":0.76734,"77":0.02268,"78":0},"opera":{"9":0,"9.5-9.6":0,"10.0-10.1":0,"10.5":0,"10.6":0,"11":0,"11.1":0,"11.5":0,"11.6":0,"12":0,"12.1":0.02268,"15":0,"16":0,"17":0,"18":0,"19":0,"20":0,"21":0,"22":0,"23":0,"24":0,"25":0,"26":0,"27":0,"28":0,"29":0,"30":0,"31":0,"32":0,"33":0.00378,"34":0,"35":0,"36":0,"37":0.04536,"38":0,"39":0,"40":0,"41":0,"42":0.00378,"43":0,"44":0,"45":0.00378,"46":0.01512,"47":0.00378,"48":0.00378,"49":0,"50":0.00378,"51":0,"52":0,"53":0.01512,"54":0,"55":0,"56":0.00378,"57":0,"58":0.02646,"60":0,"62":0,"63":0.00378,"64":0,"65":0.00378,"66":0.00378,"67":0.02268,"68":0.42336},"ios_saf":{"3.2":0.00045,"4.0-4.1":0,"4.2-4.3":0.00045,"5.0-5.1":0.00312,"6.0-6.1":0.00089,"7.0-7.1":0.00312,"8":0,"8.1-8.4":0.00579,"9.0-9.2":0.00445,"9.3":0.04453,"10.0-10.2":0.01113,"10.3":0.0472,"11.0-11.2":0.0334,"11.3-11.4":0.0481,"12.0-12.1":0.0717,"12.2-12.4":0.45245,"13.0-13.1":0.09664,"13.2":0.04765,"13.3":1.60006,"13.4-13.5":1.88418},"safari":{"3.1":0,"3.2":0,"4":0,"5":0,"5.1":0.00756,"6":0,"6.1":0,"7":0,"7.1":0,"8":0.00378,"9":0,"9.1":0.00378,"10":0.00378,"10.1":0.01512,"11":0.00756,"11.1":0.02646,"12":0.0189,"12.1":0.04914,"13":0.15498,"13.1":0.12852,"0":null},"edge":{"12":0.06048,"13":0.12096,"14":0.02646,"15":0.07938,"16":0.06048,"17":0.12474,"18":1.04706,"79":null,"80":null,"81":null,"83":null},"android":{"2.1":0,"2.2":0,"2.3":0.00343,"3":0,"4":0.04112,"4.1":0.08224,"4.2-4.3":0.14049,"4.4":0,"4.4.3-4.4.4":0.8087,"81":null},"samsung":{"4":0.90423,"5.0-5.4":0.05138,"6.2-6.4":0.09248,"7.2-7.4":0.36991,"8.2":0.20551,"9.2":0.80148,"10.1":0.88368,"11.1":1.34607},"ie":{"5.5":0,"6":0,"7":0,"8":0.02822,"9":0.01129,"10":0.00564,"11":0.76755},"op_mob":{"10":null,"11":null,"11.1":null,"11.5":null,"12":null,"12.1":null,"0":null},"bb":{"7":0,"10":0},"ie_mob":{"10":0,"11":0},"and_ff":{"0":0.21148},"and_qq":{"10.4":0.53492},"and_uc":{"0":2.48178},"op_mini":{"0":1.81961},"and_chr":{"0":68.68326},"kaios":{"2.5":0.02488},"baidu":{"0":null}},"total":95.86614}