{"id":"PG","name":"Papua New Guinea","month":"2017-11","access_date":"2017-12-06","data":{"chrome":{"4":0,"5":0,"6":0,"7":0,"8":0,"9":0,"10":0,"11":0.013472,"12":0,"13":0,"14":0,"15":0,"16":0,"17":0,"18":0,"19":0,"20":0,"21":0,"22":0,"23":0,"24":0,"25":0,"26":0,"27":0,"28":0,"29":0,"30":0,"31":0.003368,"32":0.026944,"33":0.003368,"34":0.003368,"35":0,"36":0,"37":0,"38":0,"39":0.003368,"40":0.026944,"41":0,"42":0,"43":0.010104,"44":0.003368,"45":0.003368,"46":0.053888,"47":0,"48":0.003368,"49":0.020208,"50":0.01684,"51":0.010104,"52":0.003368,"53":0,"54":0.003368,"55":0.063992,"56":0.040416,"57":0.01684,"58":0.047152,"59":0.01684,"60":0.063992,"61":1.06092,"62":1.451608,"63":0.003368,"64":0,"65":0},"firefox":{"2":0,"3":0.003368,"3.5":0,"3.6":0,"4":0.01684,"5":0,"6":0,"7":0.003368,"8":0,"9":0.003368,"10":0.10104,"11":0,"12":0.003368,"13":0,"14":0.01684,"15":0,"16":0.003368,"17":0,"18":0,"19":0.026944,"20":0.003368,"21":0.107776,"22":0.003368,"23":0.010104,"24":0,"25":0,"26":0,"27":0,"28":0.010104,"29":0.090936,"30":0.030312,"31":0,"32":0.181872,"33":0.006736,"34":0.010104,"35":0.013472,"36":0.104408,"37":0.020208,"38":0.660128,"39":0.057256,"40":0.074096,"41":0.003368,"42":0.020208,"43":0.037048,"44":0.06736,"45":0.070728,"46":0.01684,"47":0.141456,"48":0.030312,"49":0.343536,"50":0.010104,"51":0,"52":0.03368,"53":0.030312,"54":0.010104,"55":0.121248,"56":2.653984,"57":0.208816,"58":0.006736,"59":0,"60":0},"opera":{"9":0,"9.5-9.6":0,"10.0-10.1":0,"10.5":0,"10.6":0,"11":0,"11.1":0,"11.5":0,"11.6":0,"12":0,"12.1":0.010104,"15":0,"16":0,"17":0,"18":0,"19":0,"20":0.003368,"21":0,"22":0.01684,"23":0,"24":0,"25":0,"26":0,"27":0,"28":0.003368,"29":0.003368,"30":0.003368,"31":0.003368,"32":0,"33":0,"34":0.003368,"35":0.006736,"36":0,"37":0.161664,"38":0,"39":0,"40":0,"41":0,"42":0,"43":0.01684,"44":0,"45":0,"46":0.003368,"47":0,"48":0.047152,"49":0.026944,"50":0},"safari":{"3.1":0,"3.2":0,"4":0.003368,"5":0.003368,"5.1":0,"6":0,"6.1":0.010104,"7":0,"7.1":0.006736,"8":0.003368,"9":0.006736,"9.1":0.010104,"10":0.020208,"10.1":0.023576,"11":0.063992,"0":null},"ios_saf":{"3.2":0.000107942388478,"4.0-4.1":0.000107942388478,"4.2-4.3":0.014680164833,"5.0-5.1":0.00248267493499,"6.0-6.1":0.00161913582717,"7.0-7.1":0.00690831286257,"8":0.00172707821564,"8.1-8.4":0.0118736627325,"9.0-9.2":0.00723214002801,"9.3":0.0498693834767,"10.0-10.2":0.0925066269254,"10.3":0.19289304821,"11.0-11.2":0.697199887177},"android":{"2.1":0,"2.2":0,"2.3":0,"3":0,"4":0,"4.1":0.270071655753,"4.2-4.3":0.760355584659,"4.4":2.16057324602,"4.4.3-4.4.4":1.25063951356,"62":null},"op_mob":{"10":null,"11":null,"11.1":null,"11.5":null,"12":null,"12.1":null,"0":null},"ie":{"5.5":0,"6":0,"7":0,"8":0.172078050542,"9":0.043863032491,"10":0.222689241877,"11":1.43060967509},"edge":{"12":0.01684,"13":0.097672,"14":0.225656,"15":0.323328,"16":0.003368,"17":0},"samsung":{"4":0.945166967742,"5":0.462528516129,"6.2":0.150824516129},"ie_mob":{"10":0.021554,"11":0.150878},"bb":{"7":0.0053056,"10":0.0212224},"and_uc":{"0":38.392648},"op_mini":{"0":7.94261766323},"and_chr":{"0":17.574896},"baidu":{"0":null},"and_ff":{"0":0.139272},"and_qq":{"1.2":null}},"total":82.6678176632}