{"id":"PG","name":"Papua New Guinea","month":"2022-01","access_date":"2022-02-02","data":{"firefox":{"2":null,"3":null,"3.5":null,"3.6":null,"4":null,"5":null,"6":null,"7":null,"8":null,"9":null,"10":null,"11":null,"12":null,"13":null,"14":null,"15":null,"16":null,"17":null,"18":null,"19":null,"20":null,"21":null,"22":null,"23":null,"24":null,"25":null,"26":null,"27":null,"28":null,"29":null,"30":null,"31":null,"32":null,"33":0.00357,"34":null,"35":null,"36":null,"37":null,"38":null,"39":null,"40":null,"41":null,"42":null,"43":null,"44":null,"45":null,"46":null,"47":null,"48":null,"49":null,"50":null,"51":null,"52":null,"53":null,"54":null,"55":null,"56":null,"57":null,"58":null,"59":null,"60":null,"61":0.00715,"62":null,"63":null,"64":null,"65":null,"66":null,"67":null,"68":null,"69":null,"70":null,"71":null,"72":null,"73":null,"74":null,"75":null,"76":null,"77":null,"78":null,"79":null,"80":null,"81":null,"82":null,"83":0.00357,"84":0.01787,"85":null,"86":null,"87":null,"88":0.01072,"89":0.00715,"90":0.01072,"91":0.02501,"92":0.01429,"93":null,"94":0.01787,"95":2.03304,"96":0.8861,"97":0.03216,"98":null},"chrome":{"4":null,"5":null,"6":null,"7":null,"8":null,"9":null,"10":null,"11":0.01787,"12":null,"13":null,"14":null,"15":null,"16":null,"17":null,"18":null,"19":null,"20":0.00357,"21":null,"22":null,"23":null,"24":null,"25":null,"26":null,"27":null,"28":null,"29":null,"30":null,"31":0.00715,"32":null,"33":null,"34":null,"35":null,"36":null,"37":0.02858,"38":0.01072,"39":null,"40":null,"41":null,"42":null,"43":0.01072,"44":null,"45":null,"46":null,"47":0.00715,"48":null,"49":0.02144,"50":null,"51":null,"52":null,"53":null,"54":0.00715,"55":0.0393,"56":0.01072,"57":0.00715,"58":null,"59":null,"60":0.01072,"61":null,"62":null,"63":0.00715,"64":null,"65":0.00715,"66":0.00715,"67":0.01429,"68":null,"69":0.10362,"70":0.15364,"71":0.01072,"72":0.00357,"73":null,"74":0.01787,"75":0.00357,"76":null,"77":null,"78":0.01072,"79":0.01072,"80":0.02501,"81":0.07861,"83":0.02144,"84":0.01072,"85":0.01429,"86":0.02144,"87":0.08218,"88":0.11791,"89":0.05002,"90":0.06074,"91":0.40018,"92":0.12863,"93":0.06789,"94":0.10719,"95":0.0929,"96":5.97763,"97":10.35455,"98":null,"99":null,"100":null,"101":null},"opera":{"9":null,"9.5-9.6":null,"10.0-10.1":0,"10.5":null,"10.6":null,"11":null,"11.1":null,"11.5":null,"11.6":null,"12":null,"12.1":null,"15":null,"16":null,"17":null,"18":null,"19":null,"20":null,"21":0.00357,"22":null,"23":null,"24":null,"25":null,"26":null,"27":null,"28":null,"29":null,"30":null,"31":null,"32":null,"33":null,"34":null,"35":null,"36":0.00715,"37":null,"38":null,"39":null,"40":0.00715,"41":null,"42":null,"43":null,"44":null,"45":null,"46":null,"47":null,"48":null,"49":null,"50":null,"51":null,"52":null,"53":null,"54":null,"55":null,"56":null,"57":null,"58":null,"60":null,"62":null,"63":null,"64":null,"65":null,"66":null,"67":null,"68":null,"69":null,"70":null,"71":null,"72":null,"73":null,"74":null,"75":null,"76":null,"77":0.00715,"78":0.00357,"79":0.01429,"80":0.02144,"81":0.01072,"82":0.50737,"83":0.00357},"edge":{"12":0.06789,"13":0.04288,"14":0.03573,"15":0.02144,"16":0.06074,"17":0.07146,"18":0.29299,"79":null,"80":0.04288,"81":null,"83":0.00357,"84":0.07503,"85":0.01787,"86":null,"87":0.00357,"88":0.01072,"89":0.02501,"90":0.02144,"91":0.04645,"92":0.0536,"93":0.00715,"94":0.0393,"95":0.08218,"96":1.04689,"97":2.20454},"safari":{"3.1":null,"3.2":null,"4":0,"5":null,"5.1":null,"6":null,"6.1":null,"7":null,"7.1":0.00715,"8":null,"9":null,"9.1":null,"10":0.06074,"10.1":0.00715,"11":null,"11.1":null,"12":null,"12.1":0.01072,"13":0.10362,"13.1":0.13935,"14":0.08218,"14.1":0.10362,"15":0.01787,"15.1":0.05002,"15.2-15.3":0.07503,"15.4":null,"0":null},"ios_saf":{"3.2":0,"4.0-4.1":0,"4.2-4.3":0,"5.0-5.1":0.00575,"6.0-6.1":0.00026,"7.0-7.1":0.00314,"8":0,"8.1-8.4":0.00549,"9.0-9.2":0.00523,"9.3":0.01596,"10.0-10.2":0.00157,"10.3":0.0442,"11.0-11.2":0.00392,"11.3-11.4":0.00915,"12.0-12.1":0.01282,"12.2-12.5":0.29871,"13.0-13.1":0.00863,"13.2":0.00366,"13.3":0.09783,"13.4-13.7":0.11561,"14.0-14.4":0.17969,"14.5-14.8":0.40046,"15.0-15.1":0.87206,"15.2-15.3":0.53124,"15.4":0},"samsung":{"4":0.74531,"5.0-5.4":0.02142,"6.2-6.4":0.03063,"7.2-7.4":1.32726,"8.2":0.05157,"9.2":0.08168,"10.1":0.02053,"11.1-11.2":0.29608,"12.0":0.09189,"13.0":0.633,"14.0":0.56154,"15.0":0.80657,"16.0":1.63356},"android":{"2.1":0,"2.2":0,"2.3":0.00155,"3":0,"4":0.00077,"4.1":0.01855,"4.2-4.3":0.0116,"4.4":0,"4.4.3-4.4.4":0.17316,"0":0},"ie":{"5.5":null,"6":null,"7":null,"8":null,"9":0.00444,"10":null,"11":0.39931},"op_mob":{"10":null,"11":null,"11.1":null,"11.5":null,"12":null,"12.1":null,"0":null},"bb":{"7":0,"10":0},"ie_mob":{"10":null,"11":0.12452},"and_qq":{"10.4":0.12852},"and_uc":{"0":2.4226},"op_mini":{"0":2.19014},"and_chr":{"0":57.36136},"kaios":{"2.5":0.1478},"baidu":{"0":null},"and_ff":{"0":0.15422}},"total":98.78468}