{"id":"PH","name":"Philippines","month":"2018-11","access_date":"2018-12-14","data":{"chrome":{"4":0,"5":0,"6":0,"7":0,"8":0,"9":0,"10":0,"11":0.00625,"12":0,"13":0,"14":0,"15":0,"16":0,"17":0,"18":0,"19":0,"20":0,"21":0,"22":0.00625,"23":0,"24":0,"25":0,"26":0.00625,"27":0,"28":0.00625,"29":0.0375,"30":0.00625,"31":0.0125,"32":0,"33":0.0125,"34":0.00625,"35":0.00625,"36":0.00625,"37":0.00625,"38":0.01875,"39":0.00625,"40":0.0125,"41":0.00625,"42":0,"43":0.0125,"44":0.0125,"45":0.00625,"46":0.01875,"47":0.0125,"48":0.0125,"49":0.33125,"50":0.01875,"51":0.0375,"52":0.01875,"53":0.025,"54":0.03125,"55":0.04375,"56":0.0375,"57":0.05,"58":0.2125,"59":0.0625,"60":0.08125,"61":0.1,"62":0.08125,"63":0.16875,"64":0.1625,"65":0.2375,"66":0.21875,"67":0.4375,"68":0.475,"69":1.21875,"70":23.6375,"71":0.1,"72":0.06875,"73":0},"firefox":{"2":0,"3":0,"3.5":0,"3.6":0,"4":0,"5":0,"6":0,"7":0,"8":0,"9":0,"10":0,"11":0,"12":0,"13":0,"14":0,"15":0,"16":0,"17":0,"18":0,"19":0,"20":0,"21":0,"22":0,"23":0,"24":0,"25":0,"26":0,"27":0,"28":0,"29":0,"30":0,"31":0,"32":0,"33":0.00625,"34":0,"35":0,"36":0,"37":0.00625,"38":0.00625,"39":0.00625,"40":0.00625,"41":0.00625,"42":0,"43":0.0125,"44":0.00625,"45":0.0125,"46":0,"47":0.03125,"48":0.025,"49":0.00625,"50":0.00625,"51":0.0125,"52":0.06875,"53":0.00625,"54":0.00625,"55":0.00625,"56":0.08125,"57":0.01875,"58":0.03125,"59":0.01875,"60":0.05,"61":0.05,"62":0.09375,"63":1.45,"64":0.08125,"65":0},"opera":{"9":0,"9.5-9.6":0,"10.0-10.1":0,"10.5":0,"10.6":0,"11":0,"11.1":0,"11.5":0,"11.6":0,"12":0,"12.1":0.025,"15":0,"16":0,"17":0,"18":0,"19":0,"20":0,"21":0,"22":0,"23":0,"24":0,"25":0,"26":0,"27":0,"28":0,"29":0,"30":0,"31":0,"32":0,"33":0,"34":0,"35":0,"36":0.00625,"37":0.23125,"38":0,"39":0,"40":0,"41":0,"42":0,"43":0,"44":0,"45":0,"46":0,"47":0,"48":0.00625,"49":0,"50":0,"51":0,"52":0,"53":0,"54":0.00625,"55":0.00625,"56":0.36875,"57":0},"safari":{"3.1":0,"3.2":0,"4":0,"5":0.00625,"5.1":0.00625,"6":0,"6.1":0,"7":0,"7.1":0,"8":0.0125,"9":0.00625,"9.1":0.03125,"10":0.03125,"10.1":0.06875,"11":0.05625,"11.1":0.14375,"12":0.38125,"0":null},"ios_saf":{"3.2":0.0012272340638447,"4.0-4.1":0,"4.2-4.3":0.0012272340638447,"5.0-5.1":0.014726808766136,"6.0-6.1":0.0073634043830681,"7.0-7.1":0.028226383468428,"8":0.19881191834284,"8.1-8.4":0.068725107575303,"9.0-9.2":0.03927149004303,"9.3":0.28349106874812,"10.0-10.2":0.33258043130191,"10.3":0.42953192234564,"11.0-11.2":0.77561192834984,"11.3-11.4":2.0642076953868,"12.0-12.1":8.0187473731612},"android":{"2.1":0,"2.2":0.0015431596091205,"2.3":0.043208469055375,"3":0.0015431596091205,"4":0.19289495114007,"4.1":0.075614820846906,"4.2-4.3":0.36572882736156,"4.4":0,"4.4.3-4.4.4":0.74071661237785,"67":null},"edge":{"12":0.0125,"13":0.01875,"14":0.025,"15":0.0375,"16":0.0625,"17":0.45,"18":null},"op_mob":{"10":null,"11":null,"11.1":null,"11.5":null,"12":null,"12.1":null,"0":null},"ie":{"5.5":0,"6":0,"7":0,"8":0.06371359223301,"9":0.044599514563107,"10":0.019114077669903,"11":0.52882281553398},"samsung":{"4":0.56066810344828,"5":0.061163793103448,"6.2":0.11213362068966,"7.2":null},"ie_mob":{"10":0,"11":0.05625},"bb":{"7":0.003,"10":0.012},"baidu":{"0":null},"and_ff":{"0":0.10875},"and_uc":{"0":1.26},"and_qq":{"1.2":null},"op_mini":{"0":1.892287371134},"and_chr":{"0":44.4875}},"total":95.101252888375}