{"id":"PH","name":"Philippines","month":"2021-01","access_date":"2021-02-05","data":{"firefox":{"2":0,"3":0,"3.5":0,"3.6":0,"4":0,"5":0,"6":0,"7":0,"8":0,"9":0,"10":0,"11":0,"12":0,"13":0,"14":0,"15":0,"16":0,"17":0,"18":0,"19":0,"20":0,"21":0,"22":0,"23":0,"24":0,"25":0,"26":0,"27":0,"28":0,"29":0,"30":0.00461,"31":0,"32":0,"33":0,"34":0,"35":0,"36":0,"37":0,"38":0,"39":0,"40":0,"41":0,"42":0,"43":0,"44":0,"45":0,"46":0,"47":0,"48":0,"49":0,"50":0,"51":0,"52":0.00922,"53":0,"54":0,"55":0,"56":0.02767,"57":0,"58":0,"59":0,"60":0.00461,"61":0,"62":0,"63":0,"64":0,"65":0,"66":0,"67":0,"68":0.00922,"69":0,"70":0,"71":0,"72":0.00461,"73":0,"74":0,"75":0,"76":0,"77":0,"78":0.01845,"79":0.00461,"80":0.00461,"81":0.01384,"82":0.00922,"83":0.01384,"84":0.6549,"85":0.06457,"86":0.00461,"87":0},"chrome":{"4":0,"5":0,"6":0,"7":0,"8":0,"9":0,"10":0,"11":0,"12":0,"13":0,"14":0,"15":0,"16":0,"17":0,"18":0,"19":0,"20":0,"21":0,"22":0,"23":0,"24":0,"25":0,"26":0,"27":0,"28":0,"29":0,"30":0,"31":0,"32":0,"33":0,"34":0.00461,"35":0,"36":0,"37":0,"38":0.02767,"39":0.00461,"40":0,"41":0,"42":0.00461,"43":0,"44":0,"45":0,"46":0,"47":0.00922,"48":0,"49":0.04151,"50":0,"51":0.00461,"52":0.00461,"53":0.02767,"54":0,"55":0.00461,"56":0.00461,"57":0.00461,"58":0.00922,"59":0,"60":0.00461,"61":0.00922,"62":0.00461,"63":0.01384,"64":0.00461,"65":0.00922,"66":0.00922,"67":0.00922,"68":0.01384,"69":0.01384,"70":0.01384,"71":0.01845,"72":0.01384,"73":0.01845,"74":0.03228,"75":0.02767,"76":0.03228,"77":0.02306,"78":0.03228,"79":0.04612,"80":0.05534,"81":0.06918,"83":0.10608,"84":0.12914,"85":0.12452,"86":0.34129,"87":12.8352,"88":2.10307,"89":0.02767,"90":0,"91":0},"opera":{"9":0,"9.5-9.6":0,"10.0-10.1":0,"10.5":0,"10.6":0,"11":0,"11.1":0,"11.5":0,"11.6":0,"12":0,"12.1":0.00461,"15":0,"16":0,"17":0,"18":0,"19":0,"20":0,"21":0,"22":0,"23":0,"24":0,"25":0,"26":0,"27":0,"28":0,"29":0,"30":0,"31":0,"32":0,"33":0,"34":0,"35":0,"36":0.00461,"37":0.01845,"38":0,"39":0,"40":0,"41":0,"42":0,"43":0,"44":0,"45":0,"46":0,"47":0,"48":0,"49":0,"50":0.00461,"51":0.00461,"52":0,"53":0,"54":0.00461,"55":0.00461,"56":0,"57":0,"58":0,"60":0.00922,"62":0,"63":0,"64":0,"65":0,"66":0,"67":0,"68":0,"69":0,"70":0,"71":0,"72":0.17526},"ios_saf":{"3.2":0.00098,"4.0-4.1":0.00098,"4.2-4.3":0.00098,"5.0-5.1":0.04979,"6.0-6.1":0.00976,"7.0-7.1":0.12497,"8":0.00488,"8.1-8.4":0.02246,"9.0-9.2":0.03027,"9.3":0.54773,"10.0-10.2":0.04101,"10.3":0.18551,"11.0-11.2":0.08689,"11.3-11.4":0.10447,"12.0-12.1":0.10447,"12.2-12.4":1.12963,"13.0-13.1":0.07615,"13.2":0.04882,"13.3":0.22554,"13.4-13.7":0.87871,"14.0-14.4":5.78387},"safari":{"3.1":0,"3.2":0,"4":0,"5":0,"5.1":0,"6":0,"6.1":0,"7":0,"7.1":0,"8":0,"9":0,"9.1":0,"10":0,"10.1":0.00461,"11":0.00461,"11.1":0.01384,"12":0.00461,"12.1":0.02306,"13":0.02767,"13.1":0.12452,"14":0.50732,"0":null},"edge":{"12":0,"13":0,"14":0.00461,"15":0.00461,"16":0.00461,"17":0.00461,"18":0.0369,"79":0,"80":0,"81":0,"83":0,"84":0.00461,"85":0.00922,"86":0.00922,"87":1.01925,"88":0.35512},"android":{"2.1":0,"2.2":0,"2.3":0,"3":0,"4":0.00307,"4.1":0.00614,"4.2-4.3":0.01688,"4.4":0,"4.4.3-4.4.4":0.35141,"81":0},"samsung":{"4":0.2392,"5.0-5.4":0,"6.2-6.4":0,"7.2-7.4":0.0208,"8.2":0.0104,"9.2":0.052,"10.1":0.0312,"11.1-11.2":0.1144,"12.0":0.1456,"13.0":1.17521},"op_mob":{"10":null,"11":null,"11.1":null,"11.5":null,"12":null,"12.1":null,"0":null},"ie":{"5.5":0,"6":0,"7":0,"8":0,"9":0,"10":0,"11":0.08302},"bb":{"7":0,"10":0.00539},"ie_mob":{"10":0,"11":0},"and_chr":{"0":63.93715},"kaios":{"2.5":0},"baidu":{"0":null},"and_ff":{"0":0.09698},"and_qq":{"10.4":0.01078},"and_uc":{"0":1.09376},"op_mini":{"0":0.91818}},"total":97.30578}