{"id":"PK","name":"Pakistan","month":"2016-09","access_date":"2016-10-02","data":{"firefox":{"2":null,"3":0.08427,"3.5":0.005618,"3.6":0.016854,"4":0.005618,"5":0.002809,"6":0.002809,"7":null,"8":0.005618,"9":0.002809,"10":0.005618,"11":0.008427,"12":0.011236,"13":0.005618,"14":0.008427,"15":0.005618,"16":0.014045,"17":0.005618,"18":0.014045,"19":0.005618,"20":0.005618,"21":0.005618,"22":0.005618,"23":0.005618,"24":0.005618,"25":0.005618,"26":0.008427,"27":0.008427,"28":0.005618,"29":0.025281,"30":0.016854,"31":0.014045,"32":0.014045,"33":0.019663,"34":0.014045,"35":0.016854,"36":0.016854,"37":0.016854,"38":0.030899,"39":0.022472,"40":0.02809,"41":0.02809,"42":0.02809,"43":0.151686,"44":0.064607,"45":0.05618,"46":0.058989,"47":0.50562,"48":1.500006,"49":0.741576,"50":0.08427,"51":null,"52":null},"chrome":{"4":null,"5":0.005618,"6":null,"7":null,"8":0.002809,"9":null,"10":0.008427,"11":0.016854,"12":0.008427,"13":0.008427,"14":0.011236,"15":0.005618,"16":0.014045,"17":0.016854,"18":0.005618,"19":0.014045,"20":0.016854,"21":0.011236,"22":0.025281,"23":0.042135,"24":0.02809,"25":0.058989,"26":0.016854,"27":0.025281,"28":0.025281,"29":0.033708,"30":0.030899,"31":0.095506,"32":0.042135,"33":0.101124,"34":0.033708,"35":0.019663,"36":0.011236,"37":0.011236,"38":0.019663,"39":0.030899,"40":0.019663,"41":0.011236,"42":0.019663,"43":0.289327,"44":0.039326,"45":0.036517,"46":0.039326,"47":0.106742,"48":0.073034,"49":1.373601,"50":0.073034,"51":0.396069,"52":7.376434,"53":8.016886,"54":0.238765,"55":0.191012,"56":null},"opera":{"9":null,"9.5-9.6":null,"10.0-10.1":0.002809,"10.5":null,"10.6":null,"11":null,"11.1":null,"11.5":null,"11.6":0.005618,"12":0.002809,"12.1":0.014045,"15":null,"16":null,"17":null,"18":null,"19":0.002809,"20":null,"21":null,"22":null,"23":null,"24":null,"25":null,"26":0.008427,"27":null,"28":0.002809,"29":0.002809,"30":0.002809,"31":null,"32":null,"33":0.002809,"34":0.008427,"35":0.005618,"36":0.033708,"37":0.08427,"38":0.022472,"39":0.47753,"40":0.134832,"41":null},"safari":{"3.1":null,"3.2":null,"4":0.002809,"5":0.002809,"5.1":0.008427,"6":null,"6.1":0.002809,"7":0.005618,"7.1":0.002809,"8":0.019663,"9":0.019663,"9.1":0.098315,"10":0.016854,"0":null},"ios_saf":{"3.2":0,"4.0-4.1":0,"4.2-4.3":0,"5.0-5.1":0,"6.0-6.1":0,"7.0-7.1":0.0468769513315,"8":0,"8.1-8.4":0.0981290847873,"9.0-9.2":0.117504891338,"9.3":1.94789358433,"10":0.852535488215},"android":{"2.1":0,"2.2":0,"2.3":0.0149919148936,"3":0,"4":0.108691382979,"4.1":0.389789787234,"4.2-4.3":0.970726489362,"4.4":2.29751095745,"4.4.3-4.4.4":2.55986946809,"52":null},"ie":{"5.5":null,"6":0.0384663060498,"7":0.0118357864769,"8":0.245592569395,"9":0.0355073594306,"10":0.068055772242,"11":0.432006206406},"op_mob":{"10":0,"11":0,"11.1":0,"11.5":0,"12":0,"12.1":0.0154594554817,"0":0.649297130233},"edge":{"12":0.058989,"13":0.148877,"14":0.042135},"ie_mob":{"10":0.204533407821,"11":0.758926592179},"bb":{"7":0.03595,"10":null},"samsung":{"0":1.7256},"and_uc":{"0":21.14579},"op_mini":{"0":9.23587341429},"and_chr":{"0":29.978695},"and_ff":{"0":0.02876}},"total":98.079572}