{"id":"PK","name":"Pakistan","month":"2016-04","access_date":"2016-05-03","data":{"firefox":{"2":0.003449,"3":0.120715,"3.5":0.006898,"3.6":0.020694,"4":0.006898,"5":0.006898,"6":0.020694,"7":0.003449,"8":0.006898,"9":0.003449,"10":0.010347,"11":0.010347,"12":0.017245,"13":0.010347,"14":0.010347,"15":0.013796,"16":0.013796,"17":0.010347,"18":0.017245,"19":0.010347,"20":0.010347,"21":0.006898,"22":0.003449,"23":0.010347,"24":0.010347,"25":0.006898,"26":0.010347,"27":0.013796,"28":0.010347,"29":0.03449,"30":0.024143,"31":0.017245,"32":0.024143,"33":0.03449,"34":0.020694,"35":0.027592,"36":0.020694,"37":0.027592,"38":0.041388,"39":0.037939,"40":0.041388,"41":0.044837,"42":0.062082,"43":0.227634,"44":0.251777,"45":2.059053,"46":0.579432,"47":0.027592,"48":0.003449,"49":0},"chrome":{"4":0,"5":0.006898,"6":0.006898,"7":0.003449,"8":0.010347,"9":0.003449,"10":0.017245,"11":0.024143,"12":0.024143,"13":0.017245,"14":0.013796,"15":0.010347,"16":0.020694,"17":0.006898,"18":0.003449,"19":0.010347,"20":0.020694,"21":0.010347,"22":0.017245,"23":0.017245,"24":0.010347,"25":0.03449,"26":0.017245,"27":0.013796,"28":0.013796,"29":0.189695,"30":0.013796,"31":0.10347,"32":0.017245,"33":0.13796,"34":0.027592,"35":0.024143,"36":0.017245,"37":0.013796,"38":0.031041,"39":0.048286,"40":0.024143,"41":0.024143,"42":0.020694,"43":0.296614,"44":0.189695,"45":0.203491,"46":0.155205,"47":0.244879,"48":0.603575,"49":18.169332,"50":2.200462,"51":0.510452,"52":0.055184,"53":0},"opera":{"9":0,"9.5-9.6":0.003449,"10.0-10.1":0.013796,"10.5":0,"10.6":0,"11":0,"11.1":0,"11.5":0.003449,"11.6":0.010347,"12":0.006898,"12.1":0.024143,"15":0.010347,"16":0,"17":0.003449,"18":0.003449,"19":0.003449,"20":0.003449,"21":0.003449,"22":0.003449,"23":0,"24":0,"25":0.003449,"26":0.003449,"27":0,"28":0.006898,"29":0.003449,"30":0.006898,"31":0.003449,"32":0.006898,"33":0.010347,"34":0.020694,"35":0.044837,"36":0.93123,"37":0.006898,"38":0},"safari":{"3.1":0,"3.2":0,"4":0.010347,"5":0.003449,"5.1":0.013796,"6":0.003449,"6.1":0.003449,"7":0.006898,"7.1":0.003449,"8":0.024143,"9":0.051735,"9.1":0.058633,"0":null},"android":{"2.1":0,"2.2":0,"2.3":0.0285222591793,"3":0,"4":0.171133555076,"4.1":0.574010465983,"4.2-4.3":1.33519825783,"4.4":2.89679194789,"4.4.3-4.4.4":1.59724651404,"47":null},"ios_saf":{"3.2":0,"4.0-4.1":0,"4.2-4.3":0,"5.0-5.1":0,"6.0-6.1":0.00997031834332,"7.0-7.1":0.10279742016,"8":0,"8.1-8.4":0.259572081007,"9.0-9.2":0.839225761243,"9.3":2.17524841925},"ie":{"5.5":0,"6":0.0791147538462,"7":0.0113021076923,"8":0.395573769231,"9":0.0602779076923,"10":0.128090553846,"11":0.546268538462},"op_mob":{"10":0,"11":0,"11.1":0,"11.5":0,"12":0,"12.1":0.00107218404075,"0":0.0364542573854},"ie_mob":{"10":0.408294883721,"11":0.469539116279},"edge":{"12":0.06898,"13":0.134511,"14":0},"bb":{"7":0.039306,"10":null},"and_uc":{"0":25.254105},"op_mini":{"5.0-8.0":11.0140105586},"and_chr":{"0":19.011916},"and_ff":{"0":0.039306}},"total":96.6801336308}