{"id":"PK","name":"Pakistan","month":"2020-01","access_date":"2020-02-04","data":{"chrome":{"4":0,"5":0,"6":0,"7":0,"8":0,"9":0,"10":0,"11":0,"12":0,"13":0,"14":0,"15":0,"16":0,"17":0,"18":0,"19":0,"20":0,"21":0,"22":0,"23":0,"24":0,"25":0,"26":0.002578,"27":0,"28":0,"29":0.002578,"30":0,"31":0.002578,"32":0.002578,"33":0.007734,"34":0.002578,"35":0,"36":0.007734,"37":0,"38":0.002578,"39":0,"40":0.007734,"41":0.002578,"42":0.002578,"43":0.028358,"44":0.002578,"45":0,"46":0.002578,"47":0.002578,"48":0.005156,"49":0.06445,"50":0.002578,"51":0,"52":0,"53":0.002578,"54":0.002578,"55":0.002578,"56":0.002578,"57":0.002578,"58":0.005156,"59":0.002578,"60":0.002578,"61":0.010312,"62":0.002578,"63":0.02578,"64":0.002578,"65":0.005156,"66":0.002578,"67":0.005156,"68":0.005156,"69":0.020624,"70":0.023202,"71":0.030936,"72":0.02578,"73":0.028358,"74":0.036092,"75":0.02578,"76":0.028358,"77":0.041248,"78":0.082496,"79":4.361976,"80":0.020624,"81":0.018046,"82":0},"firefox":{"2":0,"3":0,"3.5":0,"3.6":0,"4":0.002578,"5":0,"6":0,"7":0,"8":0,"9":0,"10":0,"11":0,"12":0,"13":0,"14":0,"15":0,"16":0,"17":0,"18":0,"19":0,"20":0,"21":0,"22":0,"23":0,"24":0,"25":0,"26":0,"27":0,"28":0,"29":0,"30":0,"31":0,"32":0,"33":0,"34":0,"35":0,"36":0,"37":0,"38":0,"39":0,"40":0.002578,"41":0,"42":0,"43":0.005156,"44":0.002578,"45":0.002578,"46":0,"47":0.005156,"48":0.005156,"49":0,"50":0.002578,"51":0,"52":0.018046,"53":0,"54":0.002578,"55":0,"56":0.005156,"57":0,"58":0,"59":0,"60":0.002578,"61":0,"62":0,"63":0.010312,"64":0.005156,"65":0.002578,"66":0.010312,"67":0.002578,"68":0.023202,"69":0.005156,"70":0.005156,"71":0.09023,"72":0.221708,"73":0.023202,"74":0},"opera":{"9":0,"9.5-9.6":0,"10.0-10.1":0,"10.5":0,"10.6":0,"11":0,"11.1":0,"11.5":0,"11.6":0,"12":0,"12.1":0.005156,"15":0,"16":0,"17":0,"18":0.007734,"19":0,"20":0,"21":0,"22":0,"23":0,"24":0,"25":0,"26":0,"27":0,"28":0.002578,"29":0,"30":0,"31":0,"32":0,"33":0,"34":0,"35":0,"36":0,"37":0.018046,"38":0.002578,"39":0,"40":0,"41":0,"42":0.002578,"43":0,"44":0,"45":0.020624,"46":0.24491,"47":0.002578,"48":0,"49":0.002578,"50":0,"51":0,"52":0,"53":0.002578,"54":0.002578,"55":0,"56":0.005156,"57":0.002578,"58":0.002578,"60":0,"62":0,"63":0,"64":0.005156},"safari":{"3.1":0,"3.2":0,"4":0,"5":0,"5.1":0.06445,"6":0,"6.1":0,"7":0,"7.1":0,"8":0.002578,"9":0,"9.1":0,"10":0.002578,"10.1":0.005156,"11":0.002578,"11.1":0.005156,"12":0.005156,"12.1":0.015468,"13":0.056716,"0":null},"ios_saf":{"3.2":0.00032007302190657,"4.0-4.1":0.00064014604381314,"4.2-4.3":0,"5.0-5.1":0.0019204381314394,"6.0-6.1":0.00096021906571972,"7.0-7.1":0.0025605841752526,"8":0.00032007302190657,"8.1-8.4":0.0048010953285986,"9.0-9.2":0.0041609492847854,"9.3":0.039689054716415,"10.0-10.2":0.012482847854356,"10.3":0.0438500040012,"11.0-11.2":0.035208032409723,"11.3-11.4":0.059853655096529,"12.0-12.1":0.080658401520456,"12.2-12.4":0.4820299709913,"13.0-13.1":0.22277082324697,"13.2":0.093781395418626,"13.3":2.113762236671},"android":{"2.1":0,"2.2":0.0023357154150198,"2.3":0.00077857180500659,"3":0.00077857180500659,"4":0.0077857180500659,"4.1":0.013235720685112,"4.2-4.3":0.34412873781291,"4.4":0,"4.4.3-4.4.4":0.22189296442688,"76":null},"edge":{"12":0.005156,"13":0.002578,"14":0.007734,"15":0.005156,"16":0.002578,"17":0.015468,"18":0.085074,"79":null},"ie":{"5.5":0,"6":0,"7":0,"8":0.0498843,"9":0.00277135,"10":0.00831405,"11":0.0498843},"samsung":{"4":0.8295355890411,"5.0-5.4":0.07081401369863,"6.2-6.4":0.060697726027397,"7.2-7.4":0.14162802739726,"8.2":0.050581438356164,"9.2":0.26302347945205,"10.1":1.5174431506849},"op_mob":{"10":null,"11":null,"11.1":null,"11.5":null,"12":null,"12.1":null,"0":null},"ie_mob":{"10":0.010795636363636,"11":0.10795636363636},"bb":{"7":0,"10":0.014844},"baidu":{"0":null},"and_ff":{"0":0.059376},"and_uc":{"0":9.225546},"and_qq":{"1.2":0.007422},"kaios":{"2.5":0.007422},"op_mini":{"0":3.1971348969072},"and_chr":{"0":70.08515}},"total":95.598918321565}