{"id":"PK","name":"Pakistan","month":"2022-01","access_date":"2022-02-02","data":{"firefox":{"2":null,"3":null,"3.5":null,"3.6":null,"4":null,"5":null,"6":null,"7":null,"8":null,"9":null,"10":null,"11":null,"12":null,"13":null,"14":null,"15":null,"16":null,"17":null,"18":null,"19":null,"20":null,"21":null,"22":null,"23":null,"24":null,"25":null,"26":null,"27":null,"28":null,"29":null,"30":null,"31":null,"32":null,"33":null,"34":null,"35":null,"36":null,"37":null,"38":null,"39":null,"40":null,"41":null,"42":null,"43":null,"44":null,"45":null,"46":null,"47":0.00973,"48":null,"49":null,"50":0.00487,"51":null,"52":0.0292,"53":null,"54":null,"55":null,"56":null,"57":null,"58":null,"59":null,"60":null,"61":null,"62":null,"63":null,"64":null,"65":null,"66":null,"67":null,"68":0.00243,"69":null,"70":null,"71":null,"72":0.00243,"73":null,"74":null,"75":null,"76":null,"77":null,"78":0.00973,"79":0.00243,"80":0.00243,"81":0.00487,"82":0.00243,"83":null,"84":0.00973,"85":null,"86":null,"87":null,"88":0.00487,"89":0.00487,"90":null,"91":0.01703,"92":0.00487,"93":0.00487,"94":0.04136,"95":0.44037,"96":0.4647,"97":0.02676,"98":null},"chrome":{"4":null,"5":null,"6":null,"7":null,"8":null,"9":null,"10":null,"11":null,"12":null,"13":null,"14":null,"15":null,"16":null,"17":null,"18":null,"19":null,"20":null,"21":null,"22":null,"23":null,"24":null,"25":null,"26":null,"27":null,"28":null,"29":0.00243,"30":null,"31":null,"32":null,"33":0.00243,"34":null,"35":null,"36":null,"37":null,"38":0.00243,"39":null,"40":null,"41":null,"42":0.00487,"43":0.01703,"44":null,"45":null,"46":null,"47":null,"48":0.00243,"49":0.01946,"50":0.00243,"51":null,"52":null,"53":null,"54":null,"55":null,"56":0.01217,"57":0.00243,"58":0.00487,"59":null,"60":0.00243,"61":null,"62":0.00243,"63":0.01217,"64":0.03163,"65":0.00487,"66":null,"67":0.00487,"68":0.0073,"69":0.00487,"70":0.0073,"71":0.00487,"72":0.0073,"73":0.0073,"74":0.01703,"75":0.01217,"76":0.00973,"77":0.0073,"78":0.0073,"79":0.0219,"80":0.01946,"81":0.03406,"83":0.03163,"84":0.07056,"85":0.0365,"86":0.06326,"87":0.10949,"88":0.01946,"89":0.03406,"90":0.02676,"91":0.05353,"92":0.09002,"93":0.36495,"94":0.08272,"95":0.13138,"96":5.3234,"97":11.74409,"98":0.01946,"99":0.0073,"100":0.0219,"101":null},"opera":{"9":null,"9.5-9.6":null,"10.0-10.1":0,"10.5":null,"10.6":null,"11":null,"11.1":null,"11.5":null,"11.6":null,"12":null,"12.1":null,"15":null,"16":null,"17":null,"18":null,"19":null,"20":null,"21":null,"22":null,"23":null,"24":null,"25":null,"26":null,"27":null,"28":null,"29":null,"30":null,"31":null,"32":null,"33":null,"34":null,"35":null,"36":null,"37":null,"38":null,"39":null,"40":null,"41":null,"42":null,"43":null,"44":null,"45":null,"46":null,"47":null,"48":null,"49":null,"50":null,"51":null,"52":null,"53":null,"54":null,"55":null,"56":null,"57":null,"58":null,"60":null,"62":null,"63":null,"64":null,"65":null,"66":null,"67":null,"68":null,"69":null,"70":null,"71":null,"72":null,"73":null,"74":null,"75":null,"76":null,"77":null,"78":null,"79":0.00243,"80":0.00487,"81":0.00243,"82":0.62285,"83":0.02433},"edge":{"12":0.00973,"13":0.00243,"14":null,"15":0.00487,"16":0.00487,"17":0.00243,"18":0.01703,"79":null,"80":null,"81":null,"83":null,"84":0.00487,"85":null,"86":null,"87":null,"88":null,"89":0.00243,"90":0.00243,"91":null,"92":0.0073,"93":null,"94":0.00487,"95":0.00973,"96":0.2652,"97":0.58149},"safari":{"3.1":null,"3.2":null,"4":0,"5":null,"5.1":0.0146,"6":null,"6.1":null,"7":null,"7.1":null,"8":null,"9":null,"9.1":null,"10":null,"10.1":0.00243,"11":null,"11.1":0.00973,"12":null,"12.1":0.00487,"13":0.00973,"13.1":0.02433,"14":0.03163,"14.1":0.09002,"15":0.0219,"15.1":0.06569,"15.2-15.3":0.05353,"15.4":null,"0":null},"ios_saf":{"3.2":0,"4.0-4.1":0,"4.2-4.3":0.0024,"5.0-5.1":0.0032,"6.0-6.1":0.0012,"7.0-7.1":0.04164,"8":0,"8.1-8.4":0.0024,"9.0-9.2":0.0032,"9.3":0.09169,"10.0-10.2":0.00601,"10.3":0.06446,"11.0-11.2":0.01802,"11.3-11.4":0.01802,"12.0-12.1":0.01201,"12.2-12.5":0.38356,"13.0-13.1":0.01081,"13.2":0.0044,"13.3":0.02683,"13.4-13.7":0.1121,"14.0-14.4":0.26585,"14.5-14.8":0.858,"15.0-15.1":1.2872,"15.2-15.3":0.78994,"15.4":0},"samsung":{"4":0.25701,"5.0-5.4":0.02142,"6.2-6.4":0.01071,"7.2-7.4":0.06425,"8.2":0.05157,"9.2":0.02142,"10.1":0.04224,"11.1-11.2":0.05354,"12.0":0.02142,"13.0":0.08567,"14.0":0.08567,"15.0":0.12851,"16.0":1.08159},"android":{"2.1":0,"2.2":0,"2.3":0,"3":0,"4":0,"4.1":0.002,"4.2-4.3":0.00651,"4.4":0,"4.4.3-4.4.4":0.05959,"0":0},"ie":{"5.5":null,"6":null,"7":null,"8":0.02437,"9":0.01083,"10":0.00812,"11":0.12455},"op_mob":{"10":null,"11":null,"11.1":null,"11.5":null,"12":null,"12.1":null,"0":null},"bb":{"7":0,"10":0},"ie_mob":{"10":null,"11":0.12452},"and_qq":{"10.4":0},"and_uc":{"0":4.61587},"op_mini":{"0":1.96292},"and_chr":{"0":65.06691},"kaios":{"2.5":0.12107},"baidu":{"0":null},"and_ff":{"0":0.05297}},"total":99.63296}