{"id":"PK","name":"Pakistan","month":"2014-08","access_date":"2014-09-01","data":{"chrome":{"4":0.023508,"5":0.070524,"6":0.023508,"7":0.023508,"8":0.041139,"9":0.023508,"10":0.11754,"11":0.099909,"12":0.094032,"13":0.088155,"14":0.152802,"15":0.082278,"16":0.146925,"17":0.05877,"18":0.023508,"19":0.023508,"20":0.041139,"21":0.023508,"22":0.05877,"23":0.088155,"24":0.052893,"25":0.105786,"26":0.070524,"27":0.217449,"28":0.146925,"29":0.129294,"30":0.105786,"31":0.382005,"32":0.317358,"33":1.674945,"34":1.140138,"35":2.05695,"36":27.375066,"37":1.680822,"38":1.069614,"39":0.099909,"40":null},"firefox":{"2":0.017631,"3":0.111663,"3.5":0.052893,"3.6":0.229203,"4":0.070524,"5":0.052893,"6":0.047016,"7":0.035262,"8":0.05877,"9":0.052893,"10":0.076401,"11":0.111663,"12":0.199818,"13":0.088155,"14":0.11754,"15":0.105786,"16":0.123417,"17":0.088155,"18":0.094032,"19":0.076401,"20":0.05877,"21":0.099909,"22":0.05877,"23":0.070524,"24":0.082278,"25":0.082278,"26":0.094032,"27":0.129294,"28":0.11754,"29":0.358497,"30":0.564192,"31":7.728255,"32":2.386062,"33":0.011754,"34":0.017631},"opera":{"9":null,"9.5-9.6":0.005877,"10.0-10.1":0.064647,"10.5":null,"10.6":null,"11":0.011754,"11.1":0.005877,"11.5":0.029385,"11.6":0.064647,"12":0.047016,"12.1":0.229203,"15":0.023508,"16":0.023508,"17":0.029385,"18":0.041139,"19":0.041139,"20":0.105786,"21":0.05877,"22":0.082278,"23":1.263555,"24":0.023508,"25":null},"safari":{"3.1":null,"3.2":null,"4":0.011754,"5":0.023508,"5.1":0.129294,"6":0.041139,"6.1":0.041139,"7":0.135171,"8":null},"android":{"2.1":0.00754167132867,"2.2":0.0527916993007,"2.3":1.0256673007,"3":0,"4":0.799417160839,"4.1":1.9985429021,"4.2-4.3":2.08904295804,"4.4":1.57620930769,"4.4.3":null},"op_mob":{"10":0,"11":0,"11.1":0,"11.5":0,"12":0.0276166605888,"12.1":0.151891633238,"0":null},"ie":{"5.5":null,"6":0.059998641115,"7":0.023999456446,"8":1.05597608362,"9":0.335992390244,"10":0.713983829268,"11":1.2539715993},"ios_saf":{"3.2":0,"4.0-4.1":0,"4.2-4.3":0,"5.0-5.1":0.0205858827684,"6.0-6.1":0.103769653955,"7.0-7.1":1.95775946328,"8":0},"bb":{"7":0.05669125,"10":null},"and_ff":{"0":0.12369},"ie_mob":{"10":0.37473947},"op_mini":{"5.0-7.0":10.2063287062},"and_chr":{"0":3.756053}},"total":81.90530772}