{"id":"PL","name":"Poland","month":"2019-11","access_date":"2019-12-04","data":{"chrome":{"4":0,"5":0,"6":0,"7":0,"8":0,"9":0,"10":0,"11":0,"12":0,"13":0,"14":0,"15":0,"16":0,"17":0,"18":0,"19":0,"20":0,"21":0,"22":0,"23":0,"24":0,"25":0,"26":0,"27":0,"28":0,"29":0,"30":0,"31":0,"32":0,"33":0,"34":0.004153,"35":0.004153,"36":0.004153,"37":0,"38":0.004153,"39":0.004153,"40":0.004153,"41":0,"42":0,"43":0.004153,"44":0,"45":0,"46":0.004153,"47":0,"48":0,"49":0.203497,"50":0.004153,"51":0,"52":0,"53":0.004153,"54":0,"55":0.004153,"56":0.008306,"57":0.004153,"58":0.020765,"59":0.004153,"60":0.004153,"61":0.008306,"62":0.004153,"63":0.024918,"64":0.012459,"65":0.008306,"66":0.012459,"67":0.008306,"68":0.016612,"69":0.012459,"70":0.029071,"71":0.029071,"72":0.029071,"73":0.033224,"74":0.066448,"75":0.070601,"76":0.103825,"77":0.980108,"78":7.998678,"79":0.012459,"80":0.008306,"81":null},"firefox":{"2":0,"3":0,"3.5":0,"3.6":0,"4":0,"5":0,"6":0,"7":0,"8":0,"9":0,"10":0,"11":0,"12":0,"13":0,"14":0,"15":0,"16":0,"17":0,"18":0,"19":0,"20":0,"21":0,"22":0,"23":0,"24":0,"25":0,"26":0,"27":0,"28":0,"29":0,"30":0,"31":0,"32":0,"33":0,"34":0,"35":0,"36":0,"37":0,"38":0,"39":0,"40":0,"41":0,"42":0,"43":0.004153,"44":0,"45":0.004153,"46":0,"47":0.008306,"48":0.012459,"49":0.004153,"50":0.004153,"51":0.004153,"52":0.236721,"53":0.004153,"54":0.004153,"55":0.004153,"56":0.012459,"57":0.004153,"58":0.004153,"59":0.004153,"60":0.020765,"61":0.004153,"62":0.004153,"63":0.008306,"64":0.008306,"65":0.012459,"66":0.029071,"67":0.024918,"68":0.191038,"69":0.128743,"70":3.127209,"71":0.012459,"72":0,"73":0},"opera":{"9":0,"9.5-9.6":0,"10.0-10.1":0,"10.5":0,"10.6":0,"11":0,"11.1":0,"11.5":0,"11.6":0,"12":0,"12.1":0.008306,"15":0,"16":0,"17":0,"18":0,"19":0,"20":0.004153,"21":0,"22":0,"23":0,"24":0,"25":0,"26":0,"27":0,"28":0,"29":0,"30":0,"31":0,"32":0,"33":0,"34":0,"35":0,"36":0.029071,"37":0,"38":0.004153,"39":0,"40":0,"41":0,"42":0,"43":0,"44":0,"45":0.004153,"46":0,"47":0,"48":0,"49":0,"50":0,"51":0,"52":0,"53":0.012459,"54":0.016612,"55":0.004153,"56":0,"57":0,"58":0.004153,"60":0.004153,"62":0.004153,"63":0.361311,"64":0.813988},"safari":{"3.1":0,"3.2":0,"4":0,"5":0,"5.1":0.024918,"6":0,"6.1":0,"7":0,"7.1":0,"8":0,"9":0.004153,"9.1":0.004153,"10":0.004153,"10.1":0.012459,"11":0.004153,"11.1":0.029071,"12":0.020765,"12.1":0.087213,"13":0.307322,"0":null},"ios_saf":{"3.2":0,"4.0-4.1":0,"4.2-4.3":0,"5.0-5.1":0.0022928976953908,"6.0-6.1":0,"7.0-7.1":0.0036031249498998,"8":0,"8.1-8.4":0.0042582385771543,"9.0-9.2":0.0039306817635271,"9.3":0.044875283466934,"10.0-10.2":0.01670539749499,"10.3":0.047168181162325,"11.0-11.2":0.048150851603206,"11.3-11.4":0.080906532965932,"12.0-12.1":0.11267954388778,"12.2-12.4":0.80709998877756,"13.0-13.1":1.603718159519,"13.2":0.48347385691383,"13.3":0.010154261222445},"android":{"2.1":0,"2.2":0.0050911727078891,"2.3":0.0012727931769723,"3":0.0019091897654584,"4":0.014637121535181,"4.1":0.01654631130064,"4.2-4.3":0.35320010660981,"4.4":0,"4.4.3-4.4.4":0.20428330490405,"76":null},"ie":{"5.5":0,"6":0,"7":0,"8":0.012459,"9":0.004153,"10":0.004153,"11":0.33224},"samsung":{"4":0.34585405479452,"5.0-5.4":0.050860890410959,"6.2-6.4":0.050860890410959,"7.2-7.4":0.16275484931507,"8.2":0.081377424657534,"9.2":0.56964197260274,"10.1":3.1940639178082},"edge":{"12":0.004153,"13":0.008306,"14":0.016612,"15":0.04153,"16":0.016612,"17":0.112131,"18":0.614644,"76":null},"op_mob":{"10":null,"11":null,"11.1":null,"11.5":null,"12":null,"12.1":null,"0":null},"ie_mob":{"10":0,"11":0.286503},"bb":{"7":0,"10":0.017541},"baidu":{"0":null},"and_ff":{"0":0.257268},"and_uc":{"0":0.035082},"and_qq":{"1.2":0},"kaios":{"2.5":0},"op_mini":{"0":0.88568989690722},"and_chr":{"0":70.640019}},"total":97.026402896907}