{"id":"PL","name":"Poland","month":"2018-06","access_date":"2018-07-05","data":{"chrome":{"4":0,"5":0,"6":0,"7":0,"8":0,"9":0,"10":0,"11":0.003365,"12":0,"13":0,"14":0,"15":0,"16":0,"17":0,"18":0.003365,"19":0,"20":0,"21":0,"22":0.00673,"23":0,"24":0,"25":0,"26":0.003365,"27":0,"28":0,"29":0.02692,"30":0,"31":0.00673,"32":0,"33":0.003365,"34":0.010095,"35":0.003365,"36":0.003365,"37":0.003365,"38":0.00673,"39":0.00673,"40":0.003365,"41":0,"42":0,"43":0.00673,"44":0.003365,"45":0,"46":0.02019,"47":0.003365,"48":0.003365,"49":0.24901,"50":0.003365,"51":0.010095,"52":0.003365,"53":0.00673,"54":0.010095,"55":0.016825,"56":0.010095,"57":0.02019,"58":0.04038,"59":0.01346,"60":0.010095,"61":0.02019,"62":0.023555,"63":0.0673,"64":0.04711,"65":0.084125,"66":2.03919,"67":3.80918,"68":0.00673,"69":0.016825,"70":0},"firefox":{"2":0,"3":0,"3.5":0,"3.6":0,"4":0,"5":0,"6":0,"7":0,"8":0,"9":0,"10":0,"11":0,"12":0,"13":0,"14":0,"15":0,"16":0,"17":0,"18":0,"19":0,"20":0,"21":0,"22":0,"23":0,"24":0,"25":0,"26":0,"27":0,"28":0,"29":0,"30":0,"31":0.003365,"32":0,"33":0,"34":0.003365,"35":0,"36":0,"37":0,"38":0.003365,"39":0,"40":0.003365,"41":0.05384,"42":0.003365,"43":0.00673,"44":0.003365,"45":0.00673,"46":0,"47":0.01346,"48":0.023555,"49":0.003365,"50":0.00673,"51":0.00673,"52":0.218725,"53":0.010095,"54":0.00673,"55":0.00673,"56":0.02019,"57":0.02019,"58":0.016825,"59":0.0673,"60":1.948335,"61":0.08749,"62":0.003365},"opera":{"9":0,"9.5-9.6":0,"10.0-10.1":0,"10.5":0,"10.6":0,"11":0,"11.1":0,"11.5":0,"11.6":0,"12":0,"12.1":0.00673,"15":0,"16":0,"17":0,"18":0,"19":0,"20":0.003365,"21":0,"22":0,"23":0,"24":0,"25":0,"26":0,"27":0,"28":0,"29":0,"30":0.003365,"31":0,"32":0.00673,"33":0.010095,"34":0,"35":0.03365,"36":0.03365,"37":0.003365,"38":0,"39":0,"40":0,"41":0,"42":0.00673,"43":0.003365,"44":0,"45":0.003365,"46":0.003365,"47":0.003365,"48":0.003365,"49":0.003365,"50":0.003365,"51":0.003365,"52":0.02019,"53":0.82779},"safari":{"3.1":0,"3.2":0,"4":0,"5":0,"5.1":0,"6":0,"6.1":0,"7":0,"7.1":0,"8":0,"9":0.003365,"9.1":0.00673,"10":0.00673,"10.1":0.016825,"11":0.030285,"11.1":0.144695,"12":0,"0":null},"ios_saf":{"3.2":0.000168046742068,"4.0-4.1":0,"4.2-4.3":0.000336093484136,"5.0-5.1":0.00252070113102,"6.0-6.1":0.00134437393654,"7.0-7.1":0.00705796316685,"8":0.00201656090481,"8.1-8.4":0.0105869447503,"9.0-9.2":0.00806624361926,"9.3":0.0482294149735,"10.0-10.2":0.0529347237514,"10.3":0.121329747773,"11.0-11.2":0.272403768892,"11.3-11.4":1.14691901461,"12":0.00504140226204},"android":{"2.1":0,"2.2":0,"2.3":0,"3":0,"4":0,"4.1":0.136118210526,"4.2-4.3":0.310628736842,"4.4":1.15176947368,"4.4.3-4.4.4":0.722473578947,"67":null},"ie":{"5.5":0,"6":0,"7":0,"8":0.010095,"9":0.00673,"10":0.01346,"11":0.26247},"op_mob":{"10":null,"11":null,"11.1":null,"11.5":null,"12":null,"12.1":null,"0":null},"edge":{"12":0.00673,"13":0.01346,"14":0.037015,"15":0.07403,"16":0.12787,"17":0.218725,"18":null},"samsung":{"4":1.08250622748,"5":0.374324583333,"6.2":2.00314236486,"7.2":null},"bb":{"7":0.003981,"10":0.015924},"ie_mob":{"10":0.0227801666667,"11":0.660624833333},"and_ff":{"0":0.19905},"and_qq":{"1.2":null},"and_uc":{"0":0.05308},"op_mini":{"0":0.684693238832},"and_chr":{"0":76.242925},"baidu":{"0":null}},"total":96.4878564145}