{"id":"PL","name":"Poland","month":"2016-03","access_date":"2016-04-02","data":{"firefox":{"2":0,"3":0.010344,"3.5":0.005172,"3.6":0.020688,"4":0.005172,"5":0.005172,"6":0.010344,"7":0.005172,"8":0.005172,"9":0.005172,"10":0.005172,"11":0.010344,"12":0.036204,"13":0.005172,"14":0.010344,"15":0.015516,"16":0.020688,"17":0.010344,"18":0.010344,"19":0.005172,"20":0.015516,"21":0.005172,"22":0.005172,"23":0.005172,"24":0.02586,"25":0.005172,"26":0.015516,"27":0.010344,"28":0.020688,"29":0.015516,"30":0.020688,"31":0.067236,"32":0.020688,"33":0.031032,"34":0.031032,"35":0.041376,"36":0.036204,"37":0.046548,"38":0.237912,"39":0.087924,"40":0.087924,"41":0.124128,"42":0.149988,"43":0.532716,"44":8.492424,"45":5.492664,"46":0.02586,"47":0.005172,"48":0},"chrome":{"4":0,"5":0,"6":0,"7":0,"8":0,"9":0,"10":0.005172,"11":0.041376,"12":0.005172,"13":0,"14":0.005172,"15":0,"16":0,"17":0,"18":0.010344,"19":0,"20":0,"21":0.010344,"22":0.020688,"23":0,"24":0,"25":0.005172,"26":0.020688,"27":0.005172,"28":0.005172,"29":0.108612,"30":0.005172,"31":0.046548,"32":0.015516,"33":0.046548,"34":0.056892,"35":0.05172,"36":0.02586,"37":0.031032,"38":0.041376,"39":0.067236,"40":0.046548,"41":0.020688,"42":0.067236,"43":0.093096,"44":0.093096,"45":0.098268,"46":0.124128,"47":0.299976,"48":9.914724,"49":11.130144,"50":0.036204,"51":0.015516,"52":0},"opera":{"9":0,"9.5-9.6":0,"10.0-10.1":0,"10.5":0,"10.6":0,"11":0,"11.1":0,"11.5":0.005172,"11.6":0.005172,"12":0.010344,"12.1":0.299976,"15":0,"16":0,"17":0,"18":0.010344,"19":0.005172,"20":0.010344,"21":0.005172,"22":0,"23":0,"24":0.005172,"25":0.005172,"26":0.010344,"27":0.005172,"28":0.015516,"29":0.015516,"30":0.02586,"31":0.020688,"32":0.015516,"33":0.02586,"34":0.18102,"35":1.696416,"36":1.360236,"37":0.005172,"38":0},"safari":{"3.1":0,"3.2":0,"4":0.005172,"5":0.015516,"5.1":0.036204,"6":0.005172,"6.1":0.020688,"7":0.010344,"7.1":0.010344,"8":0.067236,"9":0.480996,"9.1":0.062064,"0":null},"android":{"2.1":0,"2.2":0,"2.3":0.0461122995679,"3":0,"4":0.262840107537,"4.1":0.892272996639,"4.2-4.3":2.01049626116,"4.4":4.16394065098,"4.4.3-4.4.4":2.22952968411,"47":null},"ios_saf":{"3.2":0,"4.0-4.1":0,"4.2-4.3":0,"5.0-5.1":0,"6.0-6.1":0.00377275336504,"7.0-7.1":0.0455525035928,"8":0.00293436372837,"8.1-8.4":0.121985692136,"9.0-9.2":0.965824861451,"9.3":0.240617825726},"op_mob":{"10":0,"11":0,"11.1":0,"11.5":0,"12":0,"12.1":0.000141640870005,"0":0.00538235306019},"ie":{"5.5":0,"6":0.00519519282511,"7":0.0103903856502,"8":0.187026941704,"9":0.176636556054,"10":0.171441363229,"11":2.92489356054},"ie_mob":{"10":0.5252713125,"11":2.5308526875},"edge":{"12":0.1293,"13":0.558576,"14":0},"bb":{"7":0.009656,"10":null},"and_uc":{"0":0.067592},"op_mini":{"5.0-8.0":1.81463200607},"and_chr":{"0":32.44476},"and_ff":{"0":0.043452}},"total":95.472132}