{"id":"PM","name":"Saint Pierre and Miquelon","month":"2016-09","access_date":"2016-10-02","data":{"firefox":{"2":null,"3":null,"3.5":null,"3.6":null,"4":null,"5":null,"6":null,"7":null,"8":null,"9":null,"10":null,"11":null,"12":null,"13":null,"14":null,"15":0.015226,"16":null,"17":null,"18":null,"19":null,"20":null,"21":null,"22":null,"23":0.022839,"24":null,"25":0.015226,"26":null,"27":0.030452,"28":null,"29":0.007613,"30":null,"31":0.053291,"32":null,"33":null,"34":0.045678,"35":0.038065,"36":0.007613,"37":0.007613,"38":0.091356,"39":null,"40":0.053291,"41":0.030452,"42":0.007613,"43":0.022839,"44":0.022839,"45":0.426328,"46":0.220777,"47":1.37034,"48":11.708794,"49":3.410624,"50":0.007613,"51":null,"52":null},"chrome":{"4":null,"5":null,"6":null,"7":null,"8":null,"9":null,"10":null,"11":0.098969,"12":null,"13":null,"14":null,"15":null,"16":null,"17":null,"18":0.038065,"19":null,"20":null,"21":0.022839,"22":null,"23":null,"24":null,"25":null,"26":null,"27":null,"28":null,"29":null,"30":null,"31":null,"32":0.030452,"33":null,"34":null,"35":0.015226,"36":0.030452,"37":null,"38":0.007613,"39":null,"40":null,"41":null,"42":null,"43":0.030452,"44":0.015226,"45":0.015226,"46":0.091356,"47":0.30452,"48":0.045678,"49":1.842346,"50":0.129421,"51":0.213164,"52":19.283729,"53":16.992216,"54":null,"55":null,"56":null},"opera":{"9":null,"9.5-9.6":null,"10.0-10.1":0,"10.5":null,"10.6":null,"11":null,"11.1":null,"11.5":null,"11.6":null,"12":null,"12.1":null,"15":null,"16":null,"17":null,"18":null,"19":null,"20":null,"21":null,"22":null,"23":null,"24":null,"25":null,"26":null,"27":null,"28":null,"29":null,"30":null,"31":null,"32":null,"33":null,"34":null,"35":null,"36":0.007613,"37":null,"38":null,"39":0.281681,"40":0.015226,"41":null},"safari":{"3.1":null,"3.2":null,"4":0,"5":1.781442,"5.1":0.007613,"6":null,"6.1":null,"7":0.030452,"7.1":null,"8":0.144647,"9":0.114195,"9.1":5.724976,"10":0.822204,"0":null},"ios_saf":{"3.2":0,"4.0-4.1":0,"4.2-4.3":0,"5.0-5.1":0,"6.0-6.1":0,"7.0-7.1":0.190404713805,"8":0,"8.1-8.4":0.398580534231,"9.0-9.2":0.47728114927,"9.3":7.91195054097,"10":3.46282706173},"android":{"2.1":0,"2.2":0,"2.3":0.00231364066194,"3":0,"4":0.0167738947991,"4.1":0.0601546572104,"4.2-4.3":0.149808232861,"4.4":0.354565431442,"4.4.3-4.4.4":0.395054143026,"52":null},"ie":{"5.5":null,"6":null,"7":null,"8":0.083743,"9":0.30452,"10":0.068517,"11":2.885327},"op_mob":{"10":0,"11":0,"11.1":0,"11.5":0,"12":0,"12.1":2.60904651163e-5,"0":0.00109579953488},"edge":{"12":0.015226,"13":3.098491,"14":2.733067},"ie_mob":{"10":0.0304042458101,"11":0.11281575419},"bb":{"7":0.00417725,"10":null},"samsung":{"0":1.737736},"and_uc":{"0":null},"op_mini":{"0":0.01558711},"and_chr":{"0":8.956181},"and_ff":{"0":null}},"total":99.22010925}