{"id":"PR","name":"Puerto Rico","month":"2018-06","access_date":"2018-07-05","data":{"chrome":{"4":0,"5":0,"6":0,"7":0,"8":0,"9":0,"10":0,"11":0.004947,"12":0,"13":0,"14":0,"15":0,"16":0,"17":0,"18":0,"19":0,"20":0,"21":0,"22":0,"23":0,"24":0,"25":0,"26":0,"27":0,"28":0.004947,"29":0.014841,"30":0.014841,"31":0.004947,"32":0.009894,"33":0,"34":0.014841,"35":0.004947,"36":0.029682,"37":0.019788,"38":0.019788,"39":0,"40":0.004947,"41":0,"42":0,"43":0.004947,"44":0,"45":0.004947,"46":0.004947,"47":0.004947,"48":0,"49":0.272085,"50":0.014841,"51":0.004947,"52":0,"53":0.009894,"54":0.009894,"55":0.009894,"56":0.019788,"57":0.014841,"58":0.039576,"59":0.009894,"60":0.029682,"61":0.173145,"62":0.009894,"63":0.054417,"64":0.039576,"65":0.187986,"66":4.521558,"67":7.727214,"68":0.039576,"69":0.009894,"70":0},"firefox":{"2":0,"3":0,"3.5":0,"3.6":0.004947,"4":0,"5":0,"6":0,"7":0,"8":0,"9":0,"10":0,"11":0,"12":0,"13":0,"14":0,"15":0,"16":0,"17":0,"18":0,"19":0,"20":0,"21":0,"22":0,"23":0,"24":0,"25":0,"26":0,"27":0,"28":0,"29":0.004947,"30":0,"31":0.004947,"32":0,"33":0,"34":0.009894,"35":0,"36":0.004947,"37":0,"38":0.004947,"39":0.004947,"40":0.004947,"41":0,"42":0,"43":0.004947,"44":0,"45":0.034629,"46":0,"47":0.004947,"48":0.04947,"49":0.019788,"50":0.004947,"51":0.009894,"52":0.163251,"53":0.004947,"54":0.019788,"55":0.004947,"56":0.009894,"57":0.004947,"58":0.004947,"59":0.059364,"60":1.612722,"61":0.089046,"62":0},"opera":{"9":0,"9.5-9.6":0,"10.0-10.1":0,"10.5":0,"10.6":0,"11":0,"11.1":0,"11.5":0,"11.6":0,"12":0,"12.1":0,"15":0,"16":0,"17":0,"18":0,"19":0,"20":0,"21":0,"22":0,"23":0,"24":0.004947,"25":0,"26":0,"27":0,"28":0,"29":0,"30":0,"31":0,"32":0,"33":0,"34":0,"35":0,"36":0,"37":0,"38":0,"39":0,"40":0,"41":0,"42":0,"43":0,"44":0,"45":0,"46":0,"47":0,"48":0.004947,"49":0,"50":0,"51":0,"52":0.014841,"53":0.262191},"safari":{"3.1":0,"3.2":0,"4":0,"5":0.004947,"5.1":0.009894,"6":0,"6.1":0.004947,"7":0.004947,"7.1":0.004947,"8":0.059364,"9":0.009894,"9.1":0.163251,"10":0.123675,"10.1":0.301767,"11":0.291873,"11.1":1.884807,"12":0.004947,"0":null},"ios_saf":{"3.2":0.00263527234511,"4.0-4.1":0,"4.2-4.3":0.00527054469022,"5.0-5.1":0.0395290851767,"6.0-6.1":0.0210821787609,"7.0-7.1":0.110681438495,"8":0.0316232681413,"8.1-8.4":0.166022157742,"9.0-9.2":0.126493072565,"9.3":0.756323163047,"10.0-10.2":0.83011078871,"10.3":1.90266663317,"11.0-11.2":4.27177647142,"11.3-11.4":17.9857337554,"12":0.0790581703533},"android":{"2.1":0,"2.2":0,"2.3":0,"3":0,"4":0,"4.1":0.0730906917293,"4.2-4.3":0.166796706767,"4.4":0.618459699248,"4.4.3-4.4.4":0.387942902256,"67":null},"ie":{"5.5":0,"6":0,"7":0,"8":0.024735,"9":0.059364,"10":0.019788,"11":1.761132},"op_mob":{"10":null,"11":null,"11.1":null,"11.5":null,"12":null,"12.1":null,"0":null},"edge":{"12":0.029682,"13":0.039576,"14":0.069258,"15":0.128622,"16":0.529329,"17":1.221909,"18":null},"samsung":{"4":0.571074402817,"5":0.301699684507,"6.2":1.47617345634,"7.2":null},"bb":{"7":0.0010106,"10":0.0040424},"ie_mob":{"10":0.0122715714286,"11":0.0736294285714},"and_ff":{"0":0.207173},"and_qq":{"1.2":null},"and_uc":{"0":0.070742},"op_mini":{"0":0.110028640893},"and_chr":{"0":42.86582},"baidu":{"0":null}},"total":95.8223341846}