{"id":"PR","name":"Puerto Rico","month":"2019-08","access_date":"2019-09-04","data":{"chrome":{"4":0,"5":0,"6":0,"7":0,"8":0,"9":0,"10":0,"11":0,"12":0,"13":0,"14":0,"15":0,"16":0,"17":0,"18":0,"19":0,"20":0,"21":0,"22":0,"23":0,"24":0,"25":0.004026,"26":0,"27":0,"28":0,"29":0,"30":0,"31":0,"32":0,"33":0,"34":0.004026,"35":0.008052,"36":0.004026,"37":0,"38":0.004026,"39":0,"40":0,"41":0.024156,"42":0.004026,"43":0.004026,"44":0,"45":0,"46":0,"47":0,"48":0,"49":0.108702,"50":0,"51":0,"52":0.004026,"53":0.012078,"54":0,"55":0.004026,"56":0.004026,"57":0,"58":0.008052,"59":0,"60":0.004026,"61":1.332606,"62":0,"63":0.008052,"64":0.004026,"65":0.02013,"66":0.008052,"67":0.024156,"68":0.004026,"69":0.008052,"70":0.016104,"71":0.024156,"72":0.02013,"73":0.04026,"74":0.072468,"75":1.908324,"76":5.008344,"77":0.012078,"78":0.004026,"79":0},"firefox":{"2":0,"3":0,"3.5":0,"3.6":0,"4":0,"5":0,"6":0,"7":0,"8":0,"9":0,"10":0,"11":0,"12":0,"13":0,"14":0,"15":0,"16":0,"17":0,"18":0,"19":0,"20":0,"21":0,"22":0,"23":0,"24":0,"25":0,"26":0,"27":0,"28":0,"29":0,"30":0,"31":0,"32":0,"33":0,"34":0,"35":0,"36":0,"37":0,"38":0,"39":0,"40":0,"41":0,"42":0,"43":0,"44":0,"45":0,"46":0,"47":0.004026,"48":0.016104,"49":0.004026,"50":0,"51":0,"52":0.052338,"53":0,"54":0,"55":0.004026,"56":0.004026,"57":0,"58":0.004026,"59":0,"60":0.012078,"61":0.004026,"62":0.004026,"63":0.004026,"64":0.004026,"65":0.004026,"66":0.024156,"67":0.028182,"68":0.86559,"69":0.008052,"70":0,"71":0},"opera":{"9":0,"9.5-9.6":0,"10.0-10.1":0,"10.5":0,"10.6":0,"11":0,"11.1":0,"11.5":0,"11.6":0,"12":0,"12.1":0,"15":0,"16":0,"17":0,"18":0,"19":0,"20":0,"21":0,"22":0,"23":0,"24":0,"25":0,"26":0,"27":0,"28":0,"29":0,"30":0,"31":0,"32":0,"33":0,"34":0,"35":0,"36":0,"37":0,"38":0,"39":0,"40":0,"41":0,"42":0,"43":0,"44":0,"45":0,"46":0,"47":0,"48":0,"49":0,"50":0,"51":0,"52":0,"53":0.012078,"54":0,"55":0,"56":0,"57":0,"58":0,"60":0,"62":0.169092},"safari":{"3.1":0.004026,"3.2":0,"4":0,"5":0,"5.1":0.02013,"6":0,"6.1":0,"7":0.004026,"7.1":0,"8":0.012078,"9":0.004026,"9.1":0.02013,"10":0.012078,"10.1":0.104676,"11":0.02013,"11.1":0.177144,"12":0.233508,"12.1":1.304424,"13":0.02013,"0":null},"ios_saf":{"3.2":0.0084902935761457,"4.0-4.1":0.0056601957174305,"4.2-4.3":0,"5.0-5.1":0.022640782869722,"6.0-6.1":0.0084902935761457,"7.0-7.1":0.036791272163298,"8":0.0028300978587152,"8.1-8.4":0.042451467880728,"9.0-9.2":0.039621370022013,"9.3":0.41319428737242,"10.0-10.2":0.18112626295777,"10.3":0.46979624454673,"11.0-11.2":0.54620888673204,"11.3-11.4":0.9480827826696,"12.0-12.1":1.8169228252952,"12.2-12.3":23.450190857314,"13":0.29150007944767},"android":{"2.1":0,"2.2":0.0021968366972477,"2.3":0.0018306972477064,"3":0.00073227889908257,"4":0.016476275229358,"4.1":0.062975985321101,"4.2-4.3":0.17757763302752,"4.4":0,"4.4.3-4.4.4":0.13730229357798,"67":null},"edge":{"12":0.032208,"13":0.008052,"14":0.024156,"15":0.02013,"16":0.06039,"17":0.82533,"18":0.676368,"76":null},"op_mob":{"10":null,"11":null,"11.1":null,"11.5":null,"12":null,"12.1":null,"0":null},"ie":{"5.5":0,"6":0,"7":0,"8":0.004026,"9":0.354288,"10":0.012078,"11":0.676368},"samsung":{"4":0.16686698305085,"5.0-5.4":0.041716745762712,"6.2-6.4":0.062575118644068,"7.2-7.4":0.31287559322034,"8.2":0.22944210169492,"9.2":4.0986702711864},"ie_mob":{"10":0,"11":0.023896},"bb":{"7":0,"10":0},"and_chr":{"0":49.158254},"baidu":{"0":null},"and_ff":{"0":0.197142},"and_uc":{"0":0.071688},"kaios":{"2.5":0},"and_qq":{"1.2":0},"op_mini":{"0":0.056557972508591}},"total":97.676894786068}