{"id":"PR","name":"Puerto Rico","month":"2021-01","access_date":"2021-02-05","data":{"firefox":{"2":0,"3":0,"3.5":0,"3.6":0,"4":0,"5":0,"6":0,"7":0,"8":0,"9":0,"10":0,"11":0,"12":0,"13":0,"14":0,"15":0,"16":0,"17":0,"18":0,"19":0,"20":0,"21":0,"22":0,"23":0,"24":0,"25":0,"26":0,"27":0,"28":0,"29":0,"30":0.02576,"31":0,"32":0,"33":0,"34":0,"35":0,"36":0,"37":0,"38":0,"39":0,"40":0,"41":0,"42":0,"43":0,"44":0,"45":0,"46":0,"47":0,"48":0.00429,"49":0.00429,"50":0,"51":0,"52":0.02147,"53":0,"54":0,"55":0,"56":0,"57":0,"58":0,"59":0,"60":0,"61":0,"62":0,"63":0,"64":0,"65":0,"66":0.09017,"67":0,"68":0.00859,"69":0,"70":0,"71":0,"72":0,"73":0.02576,"74":0,"75":0,"76":0,"77":0.00429,"78":0.03006,"79":0.00429,"80":0,"81":0.01288,"82":0.00859,"83":0.03865,"84":0.70422,"85":0.07729,"86":0.00429,"87":0},"chrome":{"4":0,"5":0,"6":0,"7":0,"8":0,"9":0,"10":0,"11":0,"12":0,"13":0,"14":0,"15":0,"16":0,"17":0,"18":0,"19":0,"20":0,"21":0,"22":0,"23":0,"24":0,"25":0.00859,"26":0,"27":0,"28":0,"29":0,"30":0,"31":0,"32":0,"33":0,"34":0,"35":0,"36":0,"37":0,"38":0,"39":0,"40":0,"41":0,"42":0,"43":0,"44":0,"45":0,"46":0,"47":0,"48":0,"49":0.06441,"50":0,"51":0,"52":0,"53":0.01718,"54":0,"55":0,"56":0,"57":0.00429,"58":0.01288,"59":0,"60":0,"61":0,"62":0.00429,"63":0.00859,"64":0,"65":0.00859,"66":0,"67":0.01288,"68":0.01718,"69":0.00429,"70":0.00429,"71":0.00429,"72":0.00859,"73":0,"74":0.00429,"75":0.00429,"76":0.01288,"77":0.00429,"78":0.00429,"79":0.01718,"80":0.01288,"81":0.02147,"83":0.01288,"84":0.03006,"85":0.09876,"86":0.15029,"87":8.13713,"88":1.53296,"89":0.00429,"90":0,"91":0},"opera":{"9":0,"9.5-9.6":0,"10.0-10.1":0,"10.5":0,"10.6":0,"11":0,"11.1":0,"11.5":0,"11.6":0,"12":0,"12.1":0,"15":0,"16":0,"17":0,"18":0,"19":0,"20":0,"21":0,"22":0,"23":0,"24":0,"25":0,"26":0,"27":0,"28":0,"29":0,"30":0,"31":0,"32":0,"33":0,"34":0,"35":0,"36":0,"37":0,"38":0,"39":0,"40":0,"41":0,"42":0,"43":0,"44":0,"45":0,"46":0,"47":0,"48":0,"49":0,"50":0,"51":0,"52":0,"53":0,"54":0,"55":0,"56":0,"57":0,"58":0,"60":0,"62":0,"63":0,"64":0,"65":0,"66":0,"67":0,"68":0,"69":0,"70":0,"71":0,"72":0.12882},"ios_saf":{"3.2":0,"4.0-4.1":0,"4.2-4.3":0,"5.0-5.1":0,"6.0-6.1":0.0035,"7.0-7.1":0.01748,"8":0,"8.1-8.4":0.0035,"9.0-9.2":0.01399,"9.3":0.14337,"10.0-10.2":0.01748,"10.3":0.17135,"11.0-11.2":0.12939,"11.3-11.4":0.13638,"12.0-12.1":0.09791,"12.2-12.4":0.90571,"13.0-13.1":0.20282,"13.2":0.08043,"13.3":0.59448,"13.4-13.7":2.66466,"14.0-14.4":29.57008},"safari":{"3.1":0,"3.2":0,"4":0,"5":0,"5.1":0.01718,"6":0,"6.1":0,"7":0,"7.1":0,"8":0,"9":0,"9.1":0.00429,"10":0,"10.1":0.01288,"11":0.00429,"11.1":0.05582,"12":0.00859,"12.1":0.06441,"13":0.09876,"13.1":0.43799,"14":2.09977,"0":null},"edge":{"12":0.00429,"13":0,"14":0.00429,"15":0.00429,"16":0.00859,"17":0.01288,"18":0.13741,"79":0,"80":0.00429,"81":0,"83":0,"84":0.00429,"85":0.00859,"86":0.02147,"87":1.92371,"88":0.7128},"android":{"2.1":0,"2.2":0,"2.3":0,"3":0,"4":0.00786,"4.1":0.01179,"4.2-4.3":0.01965,"4.4":0,"4.4.3-4.4.4":0.30263,"81":0},"samsung":{"4":0.12444,"5.0-5.4":0,"6.2-6.4":0,"7.2-7.4":0.07259,"8.2":0.01037,"9.2":0.15555,"10.1":0.02074,"11.1-11.2":0.18665,"12.0":0.27998,"13.0":3.57754},"op_mob":{"10":null,"11":null,"11.1":null,"11.5":null,"12":null,"12.1":null,"0":null},"ie":{"5.5":0,"6":0,"7":0,"8":0,"9":0,"10":0,"11":0.19323},"bb":{"7":0,"10":0},"ie_mob":{"10":0,"11":0},"and_chr":{"0":39.83508},"kaios":{"2.5":0},"baidu":{"0":null},"and_ff":{"0":0.3766},"and_qq":{"10.4":0.00571},"and_uc":{"0":0.06277},"op_mini":{"0":0.24309}},"total":97.31167}