{"id":"PR","name":"Puerto Rico","month":"2018-08","access_date":"2018-09-04","data":{"chrome":{"4":0,"5":0,"6":0,"7":0,"8":0,"9":0,"10":0,"11":0.004302,"12":0,"13":0,"14":0,"15":0,"16":0,"17":0,"18":0.004302,"19":0,"20":0,"21":0,"22":0,"23":0,"24":0,"25":0,"26":0,"27":0,"28":0,"29":0,"30":0,"31":0,"32":0.004302,"33":0,"34":0.008604,"35":0.004302,"36":0.017208,"37":0,"38":0.008604,"39":0,"40":0,"41":0.017208,"42":0,"43":0.004302,"44":0,"45":0,"46":0.004302,"47":0.004302,"48":0,"49":0.223704,"50":0.004302,"51":0.004302,"52":0.004302,"53":0.004302,"54":0.004302,"55":0.008604,"56":0.012906,"57":0.008604,"58":0.017208,"59":0.008604,"60":0.017208,"61":0.008604,"62":0.012906,"63":0.030114,"64":0.025812,"65":0.060228,"66":0.077436,"67":2.151,"68":7.29189,"69":0.025812,"70":0.008604,"71":0},"firefox":{"2":0,"3":0,"3.5":0,"3.6":0,"4":0,"5":0,"6":0,"7":0,"8":0,"9":0,"10":0,"11":0,"12":0,"13":0,"14":0,"15":0,"16":0,"17":0,"18":0,"19":0,"20":0,"21":0,"22":0,"23":0,"24":0,"25":0,"26":0,"27":0,"28":0,"29":0,"30":0,"31":0,"32":0,"33":0,"34":0,"35":0,"36":0,"37":0,"38":0,"39":0,"40":0.004302,"41":0,"42":0,"43":0,"44":0,"45":0.02151,"46":0,"47":0.004302,"48":0.038718,"49":0.012906,"50":0.004302,"51":0.004302,"52":0.120456,"53":0.004302,"54":0.008604,"55":0.004302,"56":0.008604,"57":0.008604,"58":0.008604,"59":0.017208,"60":0.02151,"61":1.583136,"62":0.008604,"63":0},"opera":{"9":0,"9.5-9.6":0,"10.0-10.1":0,"10.5":0,"10.6":0,"11":0,"11.1":0,"11.5":0,"11.6":0,"12":0,"12.1":0,"15":0,"16":0,"17":0,"18":0,"19":0,"20":0,"21":0,"22":0,"23":0,"24":0,"25":0,"26":0,"27":0,"28":0,"29":0,"30":0,"31":0,"32":0,"33":0,"34":0,"35":0,"36":0.004302,"37":0,"38":0,"39":0,"40":0,"41":0,"42":0,"43":0,"44":0,"45":0,"46":0,"47":0,"48":0,"49":0,"50":0,"51":0,"52":0,"53":0,"54":0.159174,"55":0.02151},"safari":{"3.1":0,"3.2":0,"4":0,"5":0.004302,"5.1":0.008604,"6":0,"6.1":0.012906,"7":0.004302,"7.1":0.004302,"8":0.030114,"9":0.030114,"9.1":0.116154,"10":0.051624,"10.1":0.2151,"11":0.176382,"11.1":1.540116,"12":0.017208,"0":null},"ios_saf":{"3.2":0.00269042721361,"4.0-4.1":0,"4.2-4.3":0.00269042721361,"5.0-5.1":0.0403564082041,"6.0-6.1":0.0215234177089,"7.0-7.1":0.107617088544,"8":0.0215234177089,"8.1-8.4":0.185639477739,"9.0-9.2":0.123759651826,"9.3":0.739867483742,"10.0-10.2":0.847484572286,"10.3":1.40171257829,"11.0-11.2":2.92449438119,"11.3-11.4":20.240083928,"12":0.23137674037},"android":{"2.1":0,"2.2":0,"2.3":0,"3":0,"4":0,"4.1":0,"4.2-4.3":0.141983700935,"4.4":0.479194990654,"4.4.3-4.4.4":0.328337308411,"67":null},"op_mob":{"10":null,"11":null,"11.1":null,"11.5":null,"12":null,"12.1":null,"0":null},"ie":{"5.5":0,"6":0,"7":0,"8":0.02151,"9":0.038718,"10":0.017208,"11":1.350828},"edge":{"12":0.017208,"13":0.02151,"14":0.051624,"15":0.055926,"16":0.180684,"17":1.135728,"18":null},"samsung":{"4":0.51914121875,"5":0.25427325,"6.2":0.4873570625,"7.2":null},"bb":{"7":0.0011396,"10":0.0045584},"ie_mob":{"10":0.011396,"11":0.034188},"baidu":{"0":null},"and_ff":{"0":0.233618},"and_qq":{"1.2":null},"and_uc":{"0":0.079772},"op_mini":{"0":0.129467958763},"and_chr":{"0":47.166424}},"total":94.02559749}