{"id":"PS","name":"Palestinian Territory","month":"2018-08","access_date":"2018-09-04","data":{"chrome":{"4":0,"5":0,"6":0,"7":0,"8":0,"9":0,"10":0,"11":0.006335,"12":0,"13":0,"14":0,"15":0,"16":0,"17":0,"18":0.006335,"19":0,"20":0,"21":0,"22":0.006335,"23":0,"24":0,"25":0,"26":0,"27":0,"28":0.006335,"29":0.918575,"30":0,"31":0.006335,"32":0.006335,"33":0.006335,"34":0.006335,"35":0.006335,"36":0.01267,"37":0.006335,"38":0.019005,"39":0,"40":0.006335,"41":0.02534,"42":0,"43":0.221725,"44":0.01267,"45":0.01267,"46":0.031675,"47":0.006335,"48":0.107695,"49":0.3801,"50":0.006335,"51":0.006335,"52":0.006335,"53":0.006335,"54":0.006335,"55":0.01267,"56":0.03801,"57":0.01267,"58":0.07602,"59":0.02534,"60":0.069685,"61":0.05068,"62":0.158375,"63":0.44345,"64":0.31675,"65":0.297745,"66":0.26607,"67":5.96757,"68":23.572535,"69":0.031675,"70":0.044345,"71":0},"firefox":{"2":0,"3":0.006335,"3.5":0,"3.6":0,"4":0,"5":0,"6":0,"7":0,"8":0,"9":0,"10":0,"11":0,"12":0,"13":0,"14":0,"15":0,"16":0.006335,"17":0,"18":0,"19":0,"20":0,"21":0,"22":0,"23":0,"24":0,"25":0,"26":0,"27":0.006335,"28":0,"29":0,"30":0,"31":0,"32":0,"33":0,"34":0,"35":0,"36":0,"37":0,"38":0.01267,"39":0,"40":0.01267,"41":0.006335,"42":0,"43":0.019005,"44":0.006335,"45":0.006335,"46":0,"47":0.03801,"48":0.03801,"49":0.006335,"50":0.006335,"51":0.006335,"52":0.10136,"53":0.006335,"54":0.006335,"55":0.006335,"56":0.044345,"57":0.06335,"58":0.03801,"59":0.031675,"60":0.05068,"61":2.29327,"62":0.06335,"63":0},"opera":{"9":0,"9.5-9.6":0,"10.0-10.1":0,"10.5":0,"10.6":0,"11":0,"11.1":0,"11.5":0,"11.6":0,"12":0,"12.1":0,"15":0,"16":0,"17":0,"18":0,"19":0.006335,"20":0,"21":0,"22":0,"23":0,"24":0,"25":0,"26":0,"27":0,"28":0,"29":0,"30":0,"31":0,"32":0,"33":0,"34":0,"35":0.019005,"36":0.006335,"37":0.006335,"38":0,"39":0,"40":0,"41":0,"42":0,"43":0,"44":0.006335,"45":0,"46":0.006335,"47":0.006335,"48":0.01267,"49":0,"50":0.006335,"51":0.006335,"52":0.019005,"53":0.019005,"54":0.93758,"55":0.07602},"safari":{"3.1":0,"3.2":0,"4":0.01267,"5":0,"5.1":0,"6":0,"6.1":0,"7":0,"7.1":0,"8":0.006335,"9":0.01267,"9.1":0.044345,"10":0.03801,"10.1":0.07602,"11":0.1267,"11.1":0.829885,"12":0.01267,"0":null},"ios_saf":{"3.2":0.000578947473737,"4.0-4.1":0,"4.2-4.3":0.000578947473737,"5.0-5.1":0.00868421210605,"6.0-6.1":0.00463157978989,"7.0-7.1":0.0231578989495,"8":0.00463157978989,"8.1-8.4":0.0399473756878,"9.0-9.2":0.0266315837919,"9.3":0.159210555278,"10.0-10.2":0.182368454227,"10.3":0.301631633817,"11.0-11.2":0.629315903952,"11.3-11.4":4.35542184492,"12":0.0497894827414},"android":{"2.1":0,"2.2":0,"2.3":0,"3":0,"4":0,"4.1":0,"4.2-4.3":0.429146168224,"4.4":1.44836831776,"4.4.3-4.4.4":0.992400514019,"67":null},"op_mob":{"10":null,"11":null,"11.1":null,"11.5":null,"12":null,"12.1":null,"0":null},"ie":{"5.5":0,"6":0.00771718181818,"7":0.00771718181818,"8":0.324121636364,"9":0.0617374545455,"10":0.115757727273,"11":0.331838818182},"edge":{"12":0.02534,"13":0.03801,"14":0.02534,"15":0.031675,"16":0.095025,"17":0.424445,"18":null},"samsung":{"4":0.585097207031,"5":0.08211890625,"6.2":0.225826992187,"7.2":null},"bb":{"7":0.000733,"10":0.002932},"ie_mob":{"10":0,"11":0.02199},"baidu":{"0":null},"and_ff":{"0":0.106285},"and_qq":{"1.2":null},"and_uc":{"0":0.194245},"op_mini":{"0":0.555165635739},"and_chr":{"0":45.2583}},"total":95.5870187412}