{"id":"PT","name":"Portugal","month":"2015-04","access_date":"2015-05-02","data":{"chrome":{"4":0,"5":0,"6":0,"7":0,"8":0,"9":0,"10":0,"11":0.099583,"12":0.009053,"13":0,"14":0,"15":0,"16":0,"17":0,"18":0.009053,"19":0,"20":0,"21":0.018106,"22":0.099583,"23":0.009053,"24":0.009053,"25":0.018106,"26":0.036212,"27":0.018106,"28":0.027159,"29":0.018106,"30":0.027159,"31":0.172007,"32":0.108636,"33":0.117689,"34":0.162954,"35":0.506968,"36":0.99583,"37":0.742346,"38":0.63371,"39":1.575222,"40":0.932459,"41":24.26204,"42":20.776635,"43":0.135795,"44":0.072424,"45":0},"firefox":{"2":0,"3":0.009053,"3.5":0,"3.6":0.027159,"4":0,"5":0.009053,"6":0,"7":0,"8":0,"9":0.009053,"10":0.009053,"11":0.009053,"12":0.018106,"13":0.009053,"14":0.009053,"15":0.009053,"16":0.027159,"17":0.009053,"18":0.009053,"19":0.009053,"20":0.009053,"21":0.009053,"22":0.009053,"23":0.009053,"24":0.018106,"25":0.018106,"26":0.027159,"27":0.009053,"28":0.027159,"29":0.018106,"30":0.054318,"31":0.334961,"32":0.226325,"33":0.063371,"34":0.081477,"35":0.190113,"36":2.208932,"37":8.745198,"38":0.09053,"39":0.027159,"40":0.009053},"opera":{"9":0,"9.5-9.6":0,"10.0-10.1":0,"10.5":0,"10.6":0,"11":0,"11.1":0,"11.5":0,"11.6":0,"12":0.009053,"12.1":0.09053,"15":0,"16":0,"17":0,"18":0,"19":0,"20":0,"21":0,"22":0,"23":0,"24":0,"25":0.009053,"26":0,"27":0.009053,"28":0.887194,"29":0.072424},"safari":{"3.1":0,"3.2":0,"4":0.027159,"5":0.108636,"5.1":0.298749,"6":0.036212,"6.1":0.144848,"7":0.262537,"7.1":0.371173,"8":1.457533},"android":{"2.1":0,"2.2":0,"2.3":0.0662494086837,"3":0,"4":0.126583691592,"4.1":0.47715347921,"4.2-4.3":0.871889539283,"4.4":1.3040880626,"4.4.3-4.4.4":0.587174818631,"40":null},"ios_saf":{"3.2":0,"4.0-4.1":0,"4.2-4.3":0,"5.0-5.1":0.0187305031642,"6.0-6.1":0.0475466618785,"7.0-7.1":0.712239389553,"8":0.124389751783,"8.1-8.3":3.87817469362},"op_mob":{"10":0,"11":0,"11.1":0,"11.5":0,"12":3.21169572108e-5,"12.1":0.000128467828843,"0":0.000642339144216},"ie":{"5.5":0,"6":0.0181569167604,"7":0.0726276670416,"8":1.64320096682,"9":1.75214246738,"10":1.37992567379,"11":11.2572883915,"0":null},"ie_mob":{"10":0.0928670967742,"11":0.266992903226},"bb":{"7":0.00947,"10":null},"and_uc":{"0":0.062502},"op_mini":{"5.0-8.0":0.10052607607},"and_chr":{"0":6.135054},"and_ff":{"0":0.048297}},"total":98.7886200832}