{"id":"PW","name":"Palau","month":"2018-04","access_date":"2018-05-06","data":{"chrome":{"4":0,"5":0,"6":0,"7":0,"8":0.003944,"9":0,"10":0,"11":0.003944,"12":0,"13":0,"14":0,"15":0,"16":0,"17":0,"18":0,"19":0,"20":0,"21":0,"22":0,"23":0,"24":0,"25":0,"26":0,"27":0,"28":0,"29":0.003944,"30":0,"31":0,"32":0,"33":0.03944,"34":0,"35":0.007888,"36":0,"37":0,"38":0,"39":0,"40":0.03944,"41":0.015776,"42":0,"43":0,"44":0,"45":0.023664,"46":0.011832,"47":0.074936,"48":0,"49":0.165648,"50":0.015776,"51":0.003944,"52":0,"53":0.027608,"54":0,"55":0.228752,"56":0.0986,"57":0.063104,"58":0.003944,"59":0,"60":0.031552,"61":0.130152,"62":0.01972,"63":0.13804,"64":0.126208,"65":6.815232,"66":0.603432,"67":0.027608,"68":0,"69":0},"firefox":{"2":0,"3":0,"3.5":0,"3.6":0,"4":0.003944,"5":0,"6":0.003944,"7":0,"8":0,"9":0,"10":0,"11":0,"12":0.003944,"13":0,"14":0,"15":0,"16":0,"17":0,"18":0,"19":0,"20":0,"21":0,"22":0,"23":0,"24":0,"25":0,"26":0,"27":0,"28":0,"29":0,"30":0,"31":0,"32":0,"33":0,"34":0,"35":0,"36":0,"37":0.003944,"38":0,"39":0.074936,"40":0.011832,"41":0.035496,"42":0,"43":0.027608,"44":0,"45":0.003944,"46":0,"47":0.007888,"48":0.055216,"49":0,"50":0,"51":0,"52":0.070992,"53":0,"54":0.003944,"55":0,"56":0.003944,"57":0.003944,"58":0.027608,"59":2.334848,"60":0.102544,"61":0},"opera":{"9":0,"9.5-9.6":0,"10.0-10.1":0,"10.5":0,"10.6":0,"11":0,"11.1":0,"11.5":0,"11.6":0,"12":0,"12.1":0,"15":0,"16":0,"17":0,"18":0,"19":0,"20":0,"21":0,"22":0,"23":0,"24":0,"25":0,"26":0,"27":0,"28":0,"29":0,"30":0,"31":0,"32":0,"33":0,"34":0,"35":0,"36":0,"37":0.07888,"38":0,"39":0,"40":0,"41":0,"42":0,"43":0,"44":0,"45":0,"46":0,"47":0,"48":0,"49":0,"50":0,"51":0,"52":0.031552},"safari":{"3.1":0,"3.2":0,"4":0,"5":0,"5.1":0,"6":0,"6.1":0,"7":0.003944,"7.1":0,"8":0,"9":0.003944,"9.1":0.031552,"10":0.007888,"10.1":0.082824,"11":0.145928,"11.1":0.161704,"0":null},"ios_saf":{"3.2":0.00131581887397,"4.0-4.1":0,"4.2-4.3":0.00263163774795,"5.0-5.1":0.0302638341014,"6.0-6.1":0.0197372831096,"7.0-7.1":0.0736858569425,"8":0.0197372831096,"8.1-8.4":0.119739517532,"9.0-9.2":0.0750016758165,"9.3":0.542117376077,"10.0-10.2":0.488168802244,"10.3":1.08949802765,"11.0-11.2":5.87644709116,"11.3":4.79615979563},"android":{"2.1":0,"2.2":0,"2.3":0,"3":0,"4":0,"4.1":0.135103645372,"4.2-4.3":0.41787871708,"4.4":1.14681001304,"4.4.3-4.4.4":0.710079624511,"62":null},"op_mob":{"10":null,"11":null,"11.1":null,"11.5":null,"12":null,"12.1":null,"0":null},"ie":{"5.5":0,"6":0,"7":0,"8":0.161704,"9":0.915008,"10":0.031552,"11":0.717808},"edge":{"12":0.023664,"13":0.031552,"14":0.031552,"15":0.01972,"16":0.220864,"17":0,"18":null},"samsung":{"4":0.961879138462,"5":0.0864610461538,"6.2":1.74002855385},"bb":{"7":0,"10":0},"ie_mob":{"10":0,"11":0},"baidu":{"0":null},"and_ff":{"0":0.199848},"and_qq":{"1.2":null},"and_uc":{"0":4.66312},"op_mini":{"0":0.940282446735},"and_chr":{"0":58.39688}},"total":96.7391631852}