{"id":"PW","name":"Palau","month":"2021-09","access_date":"2021-10-03","data":{"firefox":{"2":null,"3":null,"3.5":null,"3.6":null,"4":null,"5":null,"6":null,"7":null,"8":null,"9":null,"10":null,"11":null,"12":null,"13":null,"14":null,"15":null,"16":null,"17":null,"18":null,"19":null,"20":null,"21":null,"22":null,"23":null,"24":null,"25":null,"26":null,"27":null,"28":null,"29":null,"30":null,"31":null,"32":null,"33":null,"34":null,"35":null,"36":null,"37":null,"38":null,"39":null,"40":null,"41":null,"42":null,"43":null,"44":null,"45":null,"46":null,"47":null,"48":null,"49":null,"50":null,"51":null,"52":null,"53":null,"54":null,"55":null,"56":null,"57":null,"58":null,"59":null,"60":null,"61":null,"62":null,"63":null,"64":null,"65":null,"66":null,"67":null,"68":null,"69":null,"70":null,"71":null,"72":null,"73":null,"74":null,"75":null,"76":null,"77":null,"78":null,"79":null,"80":null,"81":null,"82":null,"83":0.00918,"84":null,"85":null,"86":0.00459,"87":0.39916,"88":null,"89":0.00459,"90":0.01376,"91":0.26152,"92":0.58726,"93":0.00459,"94":null},"chrome":{"4":null,"5":null,"6":null,"7":null,"8":null,"9":null,"10":null,"11":null,"12":null,"13":null,"14":null,"15":null,"16":null,"17":null,"18":null,"19":null,"20":null,"21":null,"22":null,"23":null,"24":null,"25":null,"26":null,"27":null,"28":null,"29":0.00918,"30":null,"31":null,"32":null,"33":0.00459,"34":null,"35":null,"36":null,"37":null,"38":null,"39":0.00459,"40":null,"41":null,"42":null,"43":null,"44":null,"45":null,"46":null,"47":null,"48":0.01376,"49":0.06423,"50":null,"51":null,"52":null,"53":null,"54":null,"55":null,"56":null,"57":null,"58":null,"59":0.00918,"60":null,"61":null,"62":null,"63":null,"64":null,"65":null,"66":null,"67":null,"68":0.01835,"69":null,"70":null,"71":null,"72":0.00459,"73":0.01835,"74":null,"75":0.00459,"76":0.21564,"77":null,"78":null,"79":0.05964,"80":0.00459,"81":0.078,"83":0.01835,"84":0.0367,"85":0.04129,"86":0.04129,"87":0.02294,"88":0.3441,"89":0.00459,"90":0.07341,"91":0.53221,"92":5.33126,"93":20.58177,"94":3.07396,"95":null,"96":null,"97":null},"opera":{"9":null,"9.5-9.6":null,"10.0-10.1":0,"10.5":null,"10.6":null,"11":null,"11.1":null,"11.5":null,"11.6":null,"12":null,"12.1":null,"15":null,"16":null,"17":null,"18":null,"19":null,"20":null,"21":null,"22":null,"23":null,"24":null,"25":null,"26":null,"27":null,"28":null,"29":null,"30":null,"31":null,"32":null,"33":null,"34":null,"35":null,"36":null,"37":null,"38":null,"39":null,"40":null,"41":null,"42":null,"43":null,"44":null,"45":null,"46":null,"47":null,"48":null,"49":null,"50":null,"51":null,"52":null,"53":null,"54":null,"55":null,"56":null,"57":null,"58":null,"60":null,"62":null,"63":null,"64":null,"65":null,"66":null,"67":null,"68":null,"69":null,"70":null,"71":null,"72":null,"73":null,"74":null,"75":null,"76":0.00459,"77":null,"78":0.11011,"79":0.00459},"ios_saf":{"3.2":0,"4.0-4.1":0,"4.2-4.3":0,"5.0-5.1":0,"6.0-6.1":0,"7.0-7.1":0,"8":0,"8.1-8.4":0,"9.0-9.2":0,"9.3":0.04287,"10.0-10.2":0.01331,"10.3":0.00444,"11.0-11.2":0.02957,"11.3-11.4":0.38439,"12.0-12.1":0.05618,"12.2-12.5":0.33856,"13.0-13.1":0,"13.2":0,"13.3":0.034,"13.4-13.7":0.22176,"14.0-14.4":1.13394,"14.5-14.8":11.86424,"15":0.66233},"safari":{"3.1":null,"3.2":null,"4":0,"5":null,"5.1":null,"6":null,"6.1":null,"7":null,"7.1":null,"8":null,"9":null,"9.1":null,"10":null,"10.1":0.01376,"11":null,"11.1":0.02294,"12":null,"12.1":0.63314,"13":0.03212,"13.1":0.06882,"14":0.29822,"14.1":3.57405,"15":0.05506,"0":null},"edge":{"12":0.01835,"13":null,"14":null,"15":null,"16":0.09635,"17":0.28904,"18":0.05047,"79":null,"80":null,"81":null,"83":null,"84":0.02753,"85":null,"86":null,"87":null,"88":null,"89":0.02294,"90":0.00459,"91":0.04129,"92":0.47256,"93":2.02331,"94":0.27528},"samsung":{"4":0.26958,"5.0-5.4":0.02157,"6.2-6.4":0.01078,"7.2-7.4":0.46808,"8.2":0.09284,"9.2":0.01078,"10.1":0.01032,"11.1-11.2":0.03121,"12.0":0.03121,"13.0":0.03121,"14.0":0.86335,"15.0":2.97491},"android":{"2.1":0,"2.2":0,"2.3":0,"3":0,"4":0,"4.1":0,"4.2-4.3":8.0e-5,"4.4":0,"4.4.3-4.4.4":0.01075,"0":0},"op_mob":{"10":null,"11":null,"11.1":null,"11.5":null,"12":null,"12.1":null,"0":null},"ie":{"5.5":null,"6":null,"7":null,"8":null,"9":null,"10":null,"11":0.13764},"bb":{"7":0,"10":0},"ie_mob":{"10":0.01251,"11":0.15172},"and_chr":{"0":39.31848},"kaios":{"2.5":0},"baidu":{"0":null},"and_ff":{"0":0.01624},"and_qq":{"10.4":0.01082},"and_uc":{"0":0.42214},"op_mini":{"0":0.58411}},"total":100.30083}