{"id":"PW","name":"Palau","month":"2021-08","access_date":"2021-09-04","data":{"firefox":{"2":0,"3":0,"3.5":0,"3.6":0,"4":0,"5":0,"6":0,"7":0,"8":0,"9":0,"10":0,"11":0,"12":0,"13":0,"14":0,"15":0,"16":0,"17":0,"18":0,"19":0,"20":0,"21":0,"22":0,"23":0,"24":0,"25":0,"26":0,"27":0,"28":0,"29":0,"30":0,"31":0,"32":0,"33":0,"34":0,"35":0,"36":0,"37":0,"38":0,"39":0,"40":0,"41":0,"42":0,"43":0,"44":0,"45":0,"46":0,"47":0,"48":0,"49":0,"50":0,"51":0,"52":0,"53":0,"54":0,"55":0,"56":0,"57":0,"58":0,"59":0,"60":0,"61":0,"62":0,"63":0,"64":0,"65":0,"66":0,"67":0,"68":0,"69":0,"70":0,"71":0,"72":0,"73":0,"74":0,"75":0,"76":0,"77":0,"78":0,"79":0,"80":0.01353,"81":0,"82":0,"83":0,"84":0,"85":0,"86":0,"87":0.18946,"88":0,"89":0.0406,"90":0.05864,"91":0.15337,"92":0,"93":0},"chrome":{"4":0,"5":0,"6":0,"7":0,"8":0,"9":0,"10":0,"11":0,"12":0,"13":0,"14":0,"15":0,"16":0,"17":0,"18":0,"19":0,"20":0,"21":0,"22":0,"23":0,"24":0,"25":0,"26":0,"27":0,"28":0,"29":0,"30":0,"31":0,"32":0,"33":0,"34":0,"35":0,"36":0,"37":0,"38":0,"39":0,"40":0,"41":0,"42":0,"43":0,"44":0,"45":0,"46":0,"47":0,"48":0.00451,"49":0,"50":0,"51":0,"52":0,"53":0,"54":0,"55":0,"56":0,"57":0,"58":0,"59":0,"60":0,"61":0,"62":0,"63":0,"64":0,"65":0,"66":0,"67":0,"68":0.09022,"69":0,"70":0,"71":0.00902,"72":0,"73":0.00902,"74":0,"75":0,"76":0.00902,"77":0.00902,"78":0.00451,"79":0.01353,"80":0.00902,"81":0.03609,"83":0,"84":0.01804,"85":0.00451,"86":0,"87":0.02707,"88":0.00451,"89":0.01804,"90":0.07218,"91":0.39246,"92":13.11348,"93":0,"94":0,"95":0,"96":0},"opera":{"9":0,"9.5-9.6":0,"10.0-10.1":0,"10.5":0,"10.6":0,"11":0,"11.1":0,"11.5":0,"11.6":0,"12":0,"12.1":0,"15":0,"16":0,"17":0,"18":0,"19":0,"20":0,"21":0,"22":0,"23":0,"24":0,"25":0,"26":0,"27":0,"28":0,"29":0,"30":0,"31":0,"32":0,"33":0,"34":0,"35":0,"36":0,"37":0,"38":0,"39":0,"40":0,"41":0,"42":0,"43":0,"44":0,"45":0,"46":0,"47":0,"48":0,"49":0,"50":0,"51":0,"52":0,"53":0,"54":0,"55":0,"56":0,"57":0,"58":0.02707,"60":0,"62":0,"63":0,"64":0,"65":0,"66":0,"67":0,"68":0,"69":0,"70":0,"71":0,"72":0,"73":0,"74":0,"75":0,"76":0,"77":0.00902,"78":0.00451},"ios_saf":{"3.2":0,"4.0-4.1":0,"4.2-4.3":0,"5.0-5.1":0,"6.0-6.1":0,"7.0-7.1":0,"8":0,"8.1-8.4":0,"9.0-9.2":0,"9.3":0.00453,"10.0-10.2":0.17215,"10.3":0,"11.0-11.2":0.54363,"11.3-11.4":1.00344,"12.0-12.1":0.38733,"12.2-12.4":0.05663,"13.0-13.1":0.00453,"13.2":0,"13.3":0.08381,"13.4-13.7":0.88566,"14.0-14.4":2.63659,"14.5-14.7":16.71653},"safari":{"3.1":0,"3.2":0,"4":0,"5":0,"5.1":0,"6":0,"6.1":0,"7":0,"7.1":0,"8":0,"9":0,"9.1":0,"10":0,"10.1":0,"11":0.00451,"11.1":0.00451,"12":0.03609,"12.1":0.04511,"13":0.01353,"13.1":0.06767,"14":0.13082,"14.1":0.73078,"15":0,"0":null},"edge":{"12":0,"13":0,"14":0,"15":0,"16":0.0406,"17":0.11729,"18":0,"79":0,"80":0,"81":0,"83":0,"84":0,"85":0,"86":0,"87":0,"88":0,"89":0.0406,"90":0,"91":0.09924,"92":2.51714,"93":0},"samsung":{"4":0,"5.0-5.4":0.01045,"6.2-6.4":0,"7.2-7.4":0.11491,"8.2":0,"9.2":0.05223,"10.1":0,"11.1-11.2":0.12535,"12.0":0.14625,"13.0":0.05223,"14.0":7.05113},"android":{"2.1":0,"2.2":0,"2.3":0,"3":0,"4":0,"4.1":0,"4.2-4.3":0,"4.4":0,"4.4.3-4.4.4":0.62899,"0":0},"op_mob":{"10":null,"11":null,"11.1":null,"11.5":null,"12":null,"12.1":null,"0":null},"ie":{"5.5":0,"6":0,"7":0,"8":0,"9":0,"10":0,"11":0.12631},"bb":{"7":0,"10":0},"ie_mob":{"10":0,"11":0},"baidu":{"0":null},"and_ff":{"0":0.02196},"and_qq":{"10.4":0.00549},"and_uc":{"0":0.52146},"op_mini":{"0":0.1507},"and_chr":{"0":45.76146},"kaios":{"2.5":0}},"total":95.45209}