{"id":"PY","name":"Paraguay","month":"2020-11","access_date":"2020-12-04","data":{"firefox":{"2":0,"3":0,"3.5":0,"3.6":0,"4":0,"5":0,"6":0,"7":0,"8":0,"9":0,"10":0,"11":0,"12":0,"13":0,"14":0,"15":0,"16":0,"17":0,"18":0,"19":0,"20":0,"21":0,"22":0,"23":0,"24":0,"25":0,"26":0,"27":0,"28":0,"29":0,"30":0,"31":0,"32":0,"33":0,"34":0,"35":0,"36":0,"37":0,"38":0.00274,"39":0,"40":0,"41":0,"42":0,"43":0,"44":0,"45":0,"46":0,"47":0,"48":0,"49":0,"50":0,"51":0,"52":0.00822,"53":0,"54":0,"55":0,"56":0,"57":0,"58":0,"59":0,"60":0.00274,"61":0,"62":0,"63":0,"64":0,"65":0.00274,"66":0.00274,"67":0,"68":0.00822,"69":0,"70":0,"71":0,"72":0,"73":0.01371,"74":0,"75":0,"76":0,"77":0,"78":0.00822,"79":0.00274,"80":0.00274,"81":0.01371,"82":0.23299,"83":0.10964,"84":0,"85":0},"chrome":{"4":0,"5":0,"6":0,"7":0,"8":0,"9":0,"10":0,"11":0,"12":0,"13":0,"14":0,"15":0,"16":0,"17":0,"18":0,"19":0,"20":0,"21":0,"22":0,"23":0,"24":0,"25":0,"26":0,"27":0,"28":0,"29":0,"30":0,"31":0,"32":0,"33":0,"34":0,"35":0,"36":0,"37":0,"38":0,"39":0,"40":0,"41":0,"42":0,"43":0,"44":0,"45":0,"46":0,"47":0.00274,"48":0,"49":0.02467,"50":0,"51":0,"52":0,"53":0.00274,"54":0.00274,"55":0.00274,"56":0,"57":0,"58":0,"59":0,"60":0,"61":0,"62":0,"63":0.00274,"64":0,"65":0.00548,"66":0,"67":0.00274,"68":0.00274,"69":0.00274,"70":0.00822,"71":0.00822,"72":0.00548,"73":0.01371,"74":0.00548,"75":0.00822,"76":0.00274,"77":0.00274,"78":0.00822,"79":0.01371,"80":0.03563,"81":0.02193,"83":0.01096,"84":0.03563,"85":0.0603,"86":4.35271,"87":0.76748,"88":0,"89":0,"90":0},"opera":{"9":0,"9.5-9.6":0,"10.0-10.1":0,"10.5":0,"10.6":0,"11":0,"11.1":0,"11.5":0,"11.6":0,"12":0,"12.1":0,"15":0,"16":0,"17":0,"18":0,"19":0,"20":0,"21":0,"22":0,"23":0,"24":0,"25":0,"26":0,"27":0,"28":0,"29":0,"30":0,"31":0,"32":0,"33":0,"34":0,"35":0,"36":0,"37":0,"38":0,"39":0,"40":0,"41":0,"42":0,"43":0,"44":0,"45":0,"46":0,"47":0,"48":0,"49":0,"50":0,"51":0.00274,"52":0,"53":0,"54":0,"55":0,"56":0,"57":0,"58":0,"60":0,"62":0,"63":0,"64":0,"65":0,"66":0,"67":0,"68":0,"69":0,"70":0,"71":0.08223,"72":0.08771},"ios_saf":{"3.2":0.01289,"4.0-4.1":0.0145,"4.2-4.3":0,"5.0-5.1":0.00215,"6.0-6.1":0,"7.0-7.1":0.00376,"8":0,"8.1-8.4":0.00752,"9.0-9.2":0.00376,"9.3":0.07734,"10.0-10.2":0.01128,"10.3":0.0811,"11.0-11.2":0.03169,"11.3-11.4":0.04726,"12.0-12.1":0.06015,"12.2-12.4":0.48067,"13.0-13.1":0.03921,"13.2":0.01772,"13.3":0.13749,"13.4-13.7":0.62407,"14.0-14.2":3.2127},"safari":{"3.1":0,"3.2":0,"4":0,"5":0,"5.1":0.84971,"6":0,"6.1":0,"7":0,"7.1":0,"8":0,"9":0,"9.1":0,"10":0,"10.1":0,"11":0,"11.1":0.00274,"12":0,"12.1":0.00274,"13":0.00548,"13.1":0.03289,"14":0.07401,"0":null},"edge":{"12":0.00274,"13":0,"14":0.00274,"15":0.00274,"16":0,"17":0.00274,"18":0.01919,"79":0,"80":0,"81":0,"83":0,"84":0,"85":0,"86":0.20558,"87":0.07401},"samsung":{"4":0.69372,"5.0-5.4":0.05027,"6.2-6.4":0.08043,"7.2-7.4":0.44237,"8.2":0.05027,"9.2":0.29156,"10.1":0.16086,"11.1-11.2":0.41221,"12.0":3.05637,"13.0":0.53285},"android":{"2.1":0,"2.2":0,"2.3":0.00066,"3":0,"4":0.03427,"4.1":0.05008,"4.2-4.3":0.01252,"4.4":0,"4.4.3-4.4.4":0.12455,"81":null},"op_mob":{"10":null,"11":null,"11.1":null,"11.5":null,"12":null,"12.1":null,"0":null},"ie":{"5.5":0,"6":0,"7":0,"8":0.01096,"9":0,"10":0.00274,"11":0.02193},"bb":{"7":0,"10":0},"ie_mob":{"10":0,"11":0},"kaios":{"2.5":0},"baidu":{"0":null},"and_ff":{"0":0.06533},"and_qq":{"10.4":0},"and_uc":{"0":0.06533},"op_mini":{"0":0.20617},"and_chr":{"0":79.63901}},"total":98.14431}