{"id":"PY","name":"Paraguay","month":"2014-10","access_date":"2014-11-01","data":{"chrome":{"4":0.005799,"5":0.005799,"6":0.011598,"7":0.011598,"8":0.011598,"9":0.023196,"10":0.040593,"11":0.075387,"12":0.028995,"13":0.028995,"14":null,"15":null,"16":null,"17":0.011598,"18":0.052191,"19":0.005799,"20":0.011598,"21":0.028995,"22":0.028995,"23":0.011598,"24":0.011598,"25":0.023196,"26":0.040593,"27":0.040593,"28":0.052191,"29":0.069588,"30":0.086985,"31":0.260955,"32":0.144975,"33":0.411729,"34":0.417528,"35":0.916242,"36":1.119207,"37":18.991725,"38":13.668243,"39":0.11598,"40":0.063789,"41":null},"firefox":{"2":0.011598,"3":0.052191,"3.5":0.040593,"3.6":0.191367,"4":0.046392,"5":0.017397,"6":0.017397,"7":0.017397,"8":0.023196,"9":0.028995,"10":0.052191,"11":0.05799,"12":0.086985,"13":0.028995,"14":0.069588,"15":0.034794,"16":0.075387,"17":0.063789,"18":0.023196,"19":0.040593,"20":0.081186,"21":0.046392,"22":0.05799,"23":0.05799,"24":0.075387,"25":0.05799,"26":0.086985,"27":0.052191,"28":0.098583,"29":0.150774,"30":0.272553,"31":0.330543,"32":9.550953,"33":1.548333,"34":0.046392,"35":null,"36":null},"opera":{"9":null,"9.5-9.6":null,"10.0-10.1":0,"10.5":null,"10.6":null,"11":null,"11.1":null,"11.5":null,"11.6":null,"12":null,"12.1":0.040593,"15":null,"16":null,"17":null,"18":0.005799,"19":0.005799,"20":0.017397,"21":null,"22":null,"23":0.011598,"24":0.179769,"25":0.220362,"26":null,"27":null},"safari":{"3.1":null,"3.2":null,"4":0.028995,"5":0.046392,"5.1":0.086985,"6":0.017397,"6.1":0.069588,"7":0.162372,"7.1":0.17397,"8":0.063789},"android":{"2.1":0,"2.2":0.0160618995765,"2.3":0.36942369026,"3":0.0120464246824,"4":0.815141403509,"4.1":2.39857700343,"4.2-4.3":3.59385003025,"4.4":4.57630288768,"4.4.3-4.4.4":1.49375666062,"37":0},"ios_saf":{"3.2":0,"4.0-4.1":0,"4.2-4.3":0,"5.0-5.1":0.0115379577465,"6.0-6.1":0.0517559818913,"7.0-7.1":0.715847864185,"8":0.629148353119,"8.1":0.230099843058},"op_mob":{"10":0,"11":0,"11.1":0,"11.5":0,"12":0.0148109119318,"12.1":0.0666491036932,"0":null},"ie":{"5.5":null,"6":0.101625685185,"7":0.0657577962963,"8":1.7097027037,"9":0.777137592593,"10":0.890719240741,"11":2.25369901852},"bb":{"7":0.1281305,"10":null},"and_ff":{"0":0.273065},"ie_mob":{"10":1.44274943},"and_uc":{"0":0.667959},"op_mini":{"5.0-8.0":5.13198098437},"and_chr":{"0":13.462045}},"total":93.354108967}