{"id":"QA","name":"Qatar","month":"2014-06","access_date":"2014-07-29","data":{"chrome":{"4":0.018723,"5":0.031205,"6":0.024964,"7":0.006241,"8":0.012482,"9":0.012482,"10":0.049928,"11":0.112338,"12":0.037446,"13":0.024964,"14":0.068651,"15":0.031205,"16":0.018723,"17":null,"18":0.012482,"19":0.018723,"20":0.012482,"21":0.043687,"22":0.143543,"23":0.018723,"24":0.024964,"25":0.031205,"26":0.087374,"27":0.193471,"28":0.174748,"29":0.605377,"30":0.074892,"31":0.511762,"32":0.31205,"33":1.142103,"34":0.923668,"35":31.067698,"36":0.174748,"37":0.24964,"38":null,"39":null},"firefox":{"2":null,"3":0.043687,"3.5":null,"3.6":0.037446,"4":0.012482,"5":0.006241,"6":0.018723,"7":0.006241,"8":0.006241,"9":0.012482,"10":0.018723,"11":0.043687,"12":0.043687,"13":0.031205,"14":0.018723,"15":0.018723,"16":0.037446,"17":0.012482,"18":0.018723,"19":0.043687,"20":0.024964,"21":0.056169,"22":0.018723,"23":0.031205,"24":0.06241,"25":0.024964,"26":0.074892,"27":0.06241,"28":0.143543,"29":3.295248,"30":2.920788,"31":0.330773,"32":0.012482,"33":0.006241,"34":null},"opera":{"9":null,"9.5-9.6":null,"10.0-10.1":0,"10.5":null,"10.6":null,"11":null,"11.1":null,"11.5":null,"11.6":0.006241,"12":null,"12.1":0.118579,"15":null,"16":0.012482,"17":0.018723,"18":0.024964,"19":0.018723,"20":0.043687,"21":0.112338,"22":0.318291,"23":0.006241,"24":null},"safari":{"3.1":null,"3.2":null,"4":0.024964,"5":0.143543,"5.1":0.474316,"6":0.368219,"6.1":0.455593,"7":1.410466,"8":null},"android":{"2.1":0.0377583134328,"2.2":0.128378265672,"2.3":1.98608728657,"3":0.00755166268657,"4":1.49522921194,"4.1":2.81677018209,"4.2-4.3":1.11764607761,"4.4":null,"4.4.3":null},"op_mob":{"10":0,"11":0.0154012703081,"11.1":0,"11.5":0.0154012703081,"12":0.0770063515406,"12.1":0.215617784314,"0":null},"ie":{"5.5":null,"6":0.018952629435,"7":0.0631754314498,"8":3.2724873491,"9":2.16691729873,"10":2.91870493298,"11":5.97639581516},"ios_saf":{"3.2":0.005405442,"4.0-4.1":0.010810884,"4.2-4.3":0.037838094,"5.0-5.1":0.383786382,"6.0-6.1":1.562172738,"7.0-7.1":3.40542846,"8":null},"bb":{"7":0.1597575,"10":null},"and_ff":{"0":0.195468},"ie_mob":{"10":0.43337511},"op_mini":{"5.0-7.0":9.71686232353},"and_chr":{"0":6.318879}},"total":91.8847680669}