{"id":"QA","name":"Qatar","month":"2015-09","access_date":"2015-10-02","data":{"firefox":{"2":0,"3":0.003951,"3.5":0,"3.6":0.011853,"4":0,"5":0,"6":0.003951,"7":0,"8":0,"9":0,"10":0.003951,"11":0.003951,"12":0.003951,"13":0.003951,"14":0.003951,"15":0.011853,"16":0.003951,"17":0.03951,"18":0.003951,"19":0.003951,"20":0.003951,"21":0.007902,"22":0.003951,"23":0.007902,"24":0.007902,"25":0,"26":0.007902,"27":0.003951,"28":0.003951,"29":0.019755,"30":0.003951,"31":0.015804,"32":0.011853,"33":0.015804,"34":0.023706,"35":0.027657,"36":0.047412,"37":0.027657,"38":0.150138,"39":0.264717,"40":2.342943,"41":0.312129,"42":0.031608,"43":0,"44":0},"chrome":{"4":0,"5":0.003951,"6":0.007902,"7":0.003951,"8":0,"9":0,"10":0.003951,"11":0.023706,"12":0.019755,"13":0,"14":0.007902,"15":0.003951,"16":0,"17":0,"18":0.003951,"19":0.011853,"20":0,"21":0.007902,"22":0.071118,"23":0.011853,"24":0.003951,"25":0.003951,"26":0.019755,"27":0.019755,"28":0.007902,"29":0.011853,"30":0.019755,"31":0.055314,"32":0.011853,"33":0.082971,"34":0.027657,"35":0.03951,"36":0.051363,"37":0.035559,"38":0.055314,"39":0.11853,"40":0.098775,"41":0.047412,"42":0.272619,"43":0.572895,"44":2.990907,"45":16.55469,"46":0.098775,"47":0.264717,"48":0},"opera":{"9":0,"9.5-9.6":0,"10.0-10.1":0,"10.5":0,"10.6":0,"11":0,"11.1":0,"11.5":0,"11.6":0,"12":0,"12.1":0.051363,"15":0.003951,"16":0,"17":0.003951,"18":0.003951,"19":0,"20":0.015804,"21":0,"22":0,"23":0,"24":0,"25":0,"26":0.003951,"27":0,"28":0.003951,"29":0.003951,"30":0.055314,"31":0.260766,"32":0.229158,"33":0,"34":0},"safari":{"3.1":0,"3.2":0,"4":0.003951,"5":0.027657,"5.1":0.086922,"6":0.019755,"6.1":0.051363,"7":0.059265,"7.1":0.185697,"8":0.845514,"9":0.007902},"android":{"2.1":0,"2.2":0,"2.3":0.0747484467668,"3":0,"4":0.226581229262,"4.1":0.788362524494,"4.2-4.3":1.67016060745,"4.4":2.9642430921,"4.4.3-4.4.4":1.42839609993,"44":null},"ios_saf":{"3.2":0,"4.0-4.1":0,"4.2-4.3":0,"5.0-5.1":0.0199768152262,"6.0-6.1":0.0181607411147,"7.0-7.1":0.580235678615,"8":0.0808152979604,"8.1-8.4":5.68703608007,"9":2.60697438702},"op_mob":{"10":0,"11":0,"11.1":0,"11.5":0,"12":0.0380003808409,"12.1":0.0760007616818,"0":1.33001332943},"ie":{"5.5":0,"6":0.015917384106,"7":0.0238760761589,"8":0.811786589404,"9":0.787910513245,"10":0.672509478477,"11":4.8826575745},"bb":{"7":0.0574655,"10":null},"ie_mob":{"10":0.121306972973,"11":0.519887027027},"and_uc":{"0":13.821965},"op_mini":{"5.0-8.0":14.785452528},"and_chr":{"0":16.928304},"and_ff":{"0":0.054441},"edge":{"12":0.442512,"13":null}},"total":98.5326351159}