{"id":"QA","name":"Qatar","month":"2017-06","access_date":"2017-07-11","data":{"chrome":{"4":0,"5":0,"6":0,"7":0,"8":0,"9":0,"10":0.005876,"11":0.002938,"12":0.008814,"13":0,"14":0.002938,"15":0,"16":0,"17":0,"18":0,"19":0.020566,"20":0,"21":0.011752,"22":0.020566,"23":0.002938,"24":0.023504,"25":0.002938,"26":0.005876,"27":0,"28":0.002938,"29":0.002938,"30":0.008814,"31":0.038194,"32":0.047008,"33":0.01469,"34":0.026442,"35":0.005876,"36":0.07345,"37":0.005876,"38":0.02938,"39":0.011752,"40":0.011752,"41":0.002938,"42":0.005876,"43":0.076388,"44":0.008814,"45":0.011752,"46":0.011752,"47":0.008814,"48":0.01469,"49":0.449514,"50":0.011752,"51":0.041132,"52":0.01469,"53":0.04407,"54":0.032318,"55":0.188032,"56":0.155714,"57":0.149838,"58":13.987818,"59":2.368028,"60":0.052884,"61":0.04407,"62":0},"firefox":{"2":0.002938,"3":0.008814,"3.5":0,"3.6":0.002938,"4":0,"5":0,"6":0,"7":0,"8":0,"9":0,"10":0.005876,"11":0.002938,"12":0.002938,"13":0,"14":0,"15":0.008814,"16":0,"17":0,"18":0.011752,"19":0,"20":0,"21":0.005876,"22":0.002938,"23":0.005876,"24":0,"25":0.011752,"26":0,"27":0,"28":0.011752,"29":0,"30":0,"31":0.011752,"32":0,"33":0.002938,"34":0.002938,"35":0.002938,"36":0.002938,"37":0.002938,"38":0.052884,"39":0.011752,"40":0.002938,"41":0.002938,"42":0.005876,"43":0.008814,"44":0.002938,"45":0.020566,"46":0.005876,"47":0.02938,"48":0.038194,"49":0.023504,"50":0.038194,"51":0.026442,"52":0.099892,"53":1.045928,"54":0.546468,"55":0.038194,"56":0,"57":0},"opera":{"9":0,"9.5-9.6":0,"10.0-10.1":0.002938,"10.5":0,"10.6":0,"11":0,"11.1":0,"11.5":0,"11.6":0,"12":0,"12.1":0.002938,"15":0,"16":0,"17":0,"18":0,"19":0,"20":0,"21":0,"22":0,"23":0,"24":0,"25":0,"26":0,"27":0,"28":0,"29":0,"30":0,"31":0,"32":0,"33":0,"34":0,"35":0,"36":0.005876,"37":0.008814,"38":0.002938,"39":0,"40":0.002938,"41":0,"42":0.002938,"43":0.005876,"44":0,"45":0.343746,"46":0.047008,"47":0,"48":0},"safari":{"3.1":0,"3.2":0,"4":0.002938,"5":0.005876,"5.1":0.008814,"6":0.002938,"6.1":0.008814,"7":0.011752,"7.1":0.008814,"8":0.038194,"9":0.032318,"9.1":0.167466,"10":0.270296,"10.1":0.819702,"11":0,"0":null},"ios_saf":{"3.2":0,"4.0-4.1":0,"4.2-4.3":0,"5.0-5.1":0,"6.0-6.1":0,"7.0-7.1":0.0688741161972,"8":0,"8.1-8.4":0.0526684417978,"9.0-9.2":0.0405141859983,"9.3":0.740059130903,"10.0-10.2":2.5240337877,"10.3":9.61401633741,"11":null},"android":{"2.1":0,"2.2":0,"2.3":0,"3":0,"4":0,"4.1":0.107185351815,"4.2-4.3":0.277239034983,"4.4":0.745144320792,"4.4.3-4.4.4":0.431833292409,"56":null},"op_mob":{"10":0,"11":0,"11.1":0,"11.5":0,"12":0,"12.1":0,"0":0.0394595121951},"ie":{"5.5":0,"6":0.00297126037736,"7":0.00297126037736,"8":0.0980515924528,"9":0.181246883019,"10":0.142620498113,"11":1.92240546415},"edge":{"12":0.02938,"13":0.079326,"14":0.828516,"15":null,"16":null},"bb":{"7":0.0158895,"10":null},"samsung":{"4":3.74286,"5":null},"ie_mob":{"10":0.0293344615385,"11":0.161339538462},"op_mini":{"0":8.8586604878},"and_chr":{"0":24.480098},"baidu":{"0":null},"and_ff":{"0":0.028248},"and_qq":{"1.2":null},"and_uc":{"0":21.616782}},"total":98.8467824585}