{"id":"QA","name":"Qatar","month":"2020-04","access_date":"2020-05-07","data":{"chrome":{"4":0,"5":0,"6":0,"7":0,"8":0,"9":0,"10":0,"11":0,"12":0,"13":0,"14":0,"15":0,"16":0,"17":0,"18":0,"19":0,"20":0,"21":0,"22":0,"23":0,"24":0,"25":0,"26":0,"27":0,"28":0,"29":0,"30":0,"31":0,"32":0,"33":0,"34":0.00362,"35":0,"36":0,"37":0,"38":0.01448,"39":0,"40":0,"41":0,"42":0,"43":0.00724,"44":0,"45":0,"46":0,"47":0,"48":0,"49":0.07962,"50":0,"51":0,"52":0,"53":0.01086,"54":0,"55":0,"56":0.00362,"57":0,"58":0.00724,"59":0,"60":0.00362,"61":0.0579,"62":0.00362,"63":0.00724,"64":0.00362,"65":0.00724,"66":0.00362,"67":0.01448,"68":0.00362,"69":0.01448,"70":0.01448,"71":0.04343,"72":0.0181,"73":0.02895,"74":0.0181,"75":0.0181,"76":0.0181,"77":0.02171,"78":0.08324,"79":0.07238,"80":5.84469,"81":2.98206,"83":0.01086,"84":0.00362,"85":null},"firefox":{"2":0,"3":0,"3.5":0,"3.6":0,"4":0,"5":0,"6":0,"7":0,"8":0,"9":0,"10":0,"11":0,"12":0,"13":0,"14":0,"15":0,"16":0,"17":0,"18":0,"19":0,"20":0,"21":0,"22":0,"23":0,"24":0,"25":0,"26":0,"27":0,"28":0,"29":0,"30":0,"31":0,"32":0,"33":0,"34":0,"35":0,"36":0,"37":0,"38":0,"39":0,"40":0,"41":0,"42":0,"43":0,"44":0.02171,"45":0,"46":0,"47":0,"48":0.00362,"49":0,"50":0,"51":0,"52":0.00724,"53":0,"54":0,"55":0,"56":0,"57":0,"58":0,"59":0,"60":0.00362,"61":0,"62":0.02533,"63":0,"64":0.00362,"65":0,"66":0.00724,"67":0,"68":0.03981,"69":0,"70":0.00362,"71":0.02171,"72":0.01086,"73":0.00724,"74":0.18819,"75":0.27866,"76":0.01086,"77":0,"78":0},"opera":{"9":0,"9.5-9.6":0,"10.0-10.1":0,"10.5":0,"10.6":0,"11":0,"11.1":0,"11.5":0,"11.6":0,"12":0,"12.1":0,"15":0,"16":0,"17":0,"18":0,"19":0,"20":0,"21":0,"22":0,"23":0,"24":0,"25":0,"26":0,"27":0,"28":0,"29":0,"30":0,"31":0,"32":0,"33":0,"34":0,"35":0,"36":0,"37":0.00362,"38":0,"39":0,"40":0,"41":0,"42":0,"43":0,"44":0,"45":0,"46":0.00724,"47":0.0181,"48":0,"49":0,"50":0,"51":0,"52":0,"53":0,"54":0,"55":0,"56":0.00362,"57":0.00362,"58":0.00362,"60":0,"62":0,"63":0,"64":0,"65":0,"66":0,"67":0.18457,"68":0.00362},"ios_saf":{"3.2":0.00186,"4.0-4.1":0,"4.2-4.3":0.00373,"5.0-5.1":0.01865,"6.0-6.1":0.00559,"7.0-7.1":0.01865,"8":0.00186,"8.1-8.4":0.02611,"9.0-9.2":0.02238,"9.3":0.26853,"10.0-10.2":0.069,"10.3":0.23683,"11.0-11.2":0.15291,"11.3-11.4":0.25921,"12.0-12.1":0.32075,"12.2-12.4":2.10164,"13.0-13.1":0.44755,"13.2":0.21818,"13.3":12.21823,"13.4":2.26388},"safari":{"3.1":0,"3.2":0,"4":0,"5":0,"5.1":0.00724,"6":0,"6.1":0,"7":0,"7.1":0,"8":0.00362,"9":0,"9.1":0.01448,"10":0.00362,"10.1":0.02171,"11":0.00724,"11.1":0.05429,"12":0.02533,"12.1":0.10495,"13":0.61523,"13.1":0.41619,"0":null},"android":{"2.1":0,"2.2":0.00099,"2.3":0.00033,"3":0.00033,"4":0.00298,"4.1":0.00662,"4.2-4.3":0.01391,"4.4":0,"4.4.3-4.4.4":0.09569,"81":null},"edge":{"12":0.00362,"13":0.00724,"14":0.01086,"15":0.00362,"16":0.00724,"17":0.05429,"18":0.61523,"79":null,"80":null,"81":null},"samsung":{"4":0.15259,"5.0-5.4":0.01017,"6.2-6.4":0.01017,"7.2-7.4":0.07121,"8.2":0.03052,"9.2":0.18311,"10.1":0.26449,"11.1":2.78729},"op_mob":{"10":null,"11":null,"11.1":null,"11.5":null,"12":null,"12.1":null,"0":null},"ie":{"5.5":0,"6":0,"7":0,"8":0.01119,"9":0.00373,"10":0.00373,"11":0.35049},"ie_mob":{"10":0,"11":0},"bb":{"7":0,"10":0.01914},"baidu":{"0":null},"and_ff":{"0":0.08295},"and_uc":{"0":7.16586},"and_qq":{"1.2":0},"kaios":{"2.5":0},"op_mini":{"0":0.82763},"and_chr":{"0":52.52049}},"total":95.53243}