{"id":"QA","name":"Qatar","month":"2014-07","access_date":"2014-08-01","data":{"chrome":{"4":0.01178,"5":0.02356,"6":0.01767,"7":0.00589,"8":0.01178,"9":0.01767,"10":0.03534,"11":0.10602,"12":0.03534,"13":0.01767,"14":0.0589,"15":0.02945,"16":0.01767,"17":0.01178,"18":0.01178,"19":0.00589,"20":0.00589,"21":0.02945,"22":0.12369,"23":0.01178,"24":0.01767,"25":0.02356,"26":0.0589,"27":0.15903,"28":0.13547,"29":0.30039,"30":0.05301,"31":0.4123,"32":0.22382,"33":1.30169,"34":0.57133,"35":19.89053,"36":11.03786,"37":0.26505,"38":0.12369,"39":null},"firefox":{"2":null,"3":0.04123,"3.5":null,"3.6":0.03534,"4":0.00589,"5":0.01178,"6":0.01767,"7":null,"8":0.00589,"9":null,"10":0.01767,"11":0.03534,"12":0.03534,"13":0.02356,"14":0.01767,"15":0.01178,"16":0.03534,"17":0.02356,"18":0.01767,"19":0.01178,"20":0.02356,"21":0.04123,"22":0.01767,"23":0.02356,"24":0.04123,"25":0.02945,"26":0.0589,"27":0.04712,"28":0.07068,"29":0.15314,"30":5.10663,"31":1.03664,"32":0.10013,"33":0.00589,"34":null},"opera":{"9":null,"9.5-9.6":null,"10.0-10.1":0,"10.5":null,"10.6":null,"11":null,"11.1":null,"11.5":null,"11.6":null,"12":null,"12.1":0.10013,"15":0.00589,"16":0.00589,"17":0.01767,"18":0.01767,"19":0.01178,"20":0.02945,"21":0.02945,"22":0.30628,"23":0.13547,"24":null},"safari":{"3.1":null,"3.2":null,"4":0.02356,"5":0.13547,"5.1":0.40641,"6":0.33573,"6.1":0.43586,"7":1.66687,"8":null},"android":{"2.1":0.0243649651047,"2.2":0.0568515852443,"2.3":1.09642342971,"3":0,"4":0.925868673978,"4.1":2.2578200997,"4.2-4.3":2.33091499501,"4.4":1.45377625125,"4.4.3":null},"op_mob":{"10":0,"11":0,"11.1":0,"11.5":0,"12":0.0259683827751,"12.1":0.116857722488,"0":null},"ie":{"5.5":null,"6":0.0238347521866,"7":0.0655455685131,"8":2.52052504373,"9":1.72801953353,"10":2.53840110787,"11":5.38665399417},"ios_saf":{"3.2":0.00580984015984,"4.0-4.1":0.0116196803197,"4.2-4.3":0.034859040959,"5.0-5.1":0.162675524476,"6.0-6.1":0.639082417582,"7.0-7.1":4.9616034965,"8":0},"bb":{"7":0.150015,"10":null},"and_ff":{"0":0.2877},"ie_mob":{"10":0.4964058},"op_mini":{"5.0-7.0":10.0335338947},"and_chr":{"0":7.00344}},"total":90.2687908}