{"id":"QA","name":"Qatar","month":"2022-02","access_date":"2022-03-03","data":{"firefox":{"2":null,"3":null,"3.5":null,"3.6":null,"4":null,"5":null,"6":null,"7":null,"8":null,"9":null,"10":null,"11":null,"12":null,"13":null,"14":null,"15":null,"16":null,"17":null,"18":null,"19":null,"20":null,"21":null,"22":null,"23":null,"24":null,"25":null,"26":null,"27":null,"28":null,"29":null,"30":null,"31":null,"32":null,"33":null,"34":null,"35":null,"36":null,"37":null,"38":0.03135,"39":null,"40":null,"41":null,"42":null,"43":null,"44":null,"45":null,"46":null,"47":null,"48":null,"49":null,"50":null,"51":null,"52":0.00314,"53":null,"54":null,"55":null,"56":null,"57":null,"58":null,"59":null,"60":null,"61":null,"62":null,"63":null,"64":null,"65":null,"66":null,"67":null,"68":null,"69":null,"70":null,"71":null,"72":null,"73":null,"74":null,"75":null,"76":null,"77":null,"78":0.00627,"79":null,"80":null,"81":null,"82":null,"83":null,"84":0.00314,"85":null,"86":null,"87":null,"88":null,"89":0.00627,"90":null,"91":0.02822,"92":null,"93":null,"94":0.00314,"95":0.00941,"96":0.24767,"97":0.41069,"98":0.00314,"99":null},"chrome":{"4":null,"5":null,"6":null,"7":null,"8":null,"9":null,"10":null,"11":null,"12":null,"13":null,"14":null,"15":null,"16":null,"17":null,"18":null,"19":null,"20":null,"21":null,"22":null,"23":null,"24":null,"25":null,"26":null,"27":null,"28":null,"29":null,"30":null,"31":null,"32":null,"33":null,"34":0.00314,"35":null,"36":null,"37":null,"38":0.01568,"39":0.00314,"40":null,"41":0.00627,"42":null,"43":null,"44":null,"45":null,"46":null,"47":null,"48":null,"49":0.02822,"50":null,"51":null,"52":null,"53":0.00627,"54":null,"55":null,"56":null,"57":null,"58":null,"59":null,"60":null,"61":0.00314,"62":null,"63":null,"64":null,"65":0.00627,"66":null,"67":0.00627,"68":0.01568,"69":0.00627,"70":null,"71":0.00314,"72":null,"73":0.00627,"74":0.01254,"75":0.00941,"76":0.00627,"77":0.00314,"78":0.00941,"79":0.05957,"80":0.00941,"81":0.00627,"83":0.00941,"84":0.01881,"85":0.00941,"86":0.03449,"87":0.05643,"88":0.01881,"89":0.02195,"90":0.01568,"91":0.02822,"92":0.07524,"93":0.04703,"94":0.04389,"95":0.09092,"96":0.31037,"97":6.37032,"98":15.20162,"99":0.01568,"100":0.00941,"101":null},"opera":{"9":null,"9.5-9.6":null,"10.0-10.1":0,"10.5":null,"10.6":null,"11":null,"11.1":null,"11.5":null,"11.6":null,"12":null,"12.1":null,"15":null,"16":null,"17":null,"18":null,"19":null,"20":null,"21":null,"22":null,"23":null,"24":null,"25":null,"26":null,"27":null,"28":0.01568,"29":null,"30":null,"31":null,"32":null,"33":null,"34":null,"35":null,"36":null,"37":null,"38":null,"39":null,"40":null,"41":null,"42":null,"43":null,"44":null,"45":null,"46":0.00627,"47":null,"48":null,"49":null,"50":null,"51":null,"52":null,"53":null,"54":null,"55":null,"56":null,"57":null,"58":null,"60":null,"62":null,"63":null,"64":null,"65":null,"66":null,"67":null,"68":null,"69":null,"70":null,"71":null,"72":null,"73":null,"74":null,"75":null,"76":null,"77":null,"78":null,"79":null,"80":null,"81":null,"82":0.16616,"83":0.47339},"edge":{"12":null,"13":null,"14":null,"15":0.00314,"16":0.00314,"17":0.00941,"18":0.03135,"79":null,"80":null,"81":null,"83":null,"84":0.01254,"85":0.01881,"86":null,"87":null,"88":null,"89":null,"90":null,"91":0.00941,"92":0.00941,"93":0.00314,"94":0.00941,"95":0.02822,"96":0.04389,"97":0.60506,"98":2.11299},"safari":{"3.1":null,"3.2":null,"4":0,"5":null,"5.1":null,"6":null,"6.1":null,"7":null,"7.1":null,"8":null,"9":null,"9.1":null,"10":null,"10.1":null,"11":null,"11.1":0.00627,"12":0.00627,"12.1":0.02195,"13":0.02822,"13.1":0.12854,"14":0.17243,"14.1":0.64895,"15":0.16616,"15.1":0.36366,"15.2-15.3":0.73359,"15.4":0.00941,"0":null},"ios_saf":{"3.2":0,"4.0-4.1":0,"4.2-4.3":0,"5.0-5.1":0.00274,"6.0-6.1":0.00274,"7.0-7.1":0.01233,"8":0,"8.1-8.4":0,"9.0-9.2":0,"9.3":0.0507,"10.0-10.2":0.00137,"10.3":0.03699,"11.0-11.2":0.03562,"11.3-11.4":0.01233,"12.0-12.1":0.00548,"12.2-12.5":0.27815,"13.0-13.1":0.0137,"13.2":0.00411,"13.3":0.04385,"13.4-13.7":0.16031,"14.0-14.4":0.55355,"14.5-14.8":2.04156,"15.0-15.1":2.01142,"15.2-15.3":8.35397,"15.4":0.06988},"samsung":{"4":0.12427,"5.0-5.4":0.01065,"6.2-6.4":0.01012,"7.2-7.4":0.05178,"8.2":0.03083,"9.2":0.04178,"10.1":0.03037,"11.1-11.2":0.07249,"12.0":0.01036,"13.0":0.04142,"14.0":0.0932,"15.0":0.11391,"16.0":1.99866},"android":{"2.1":0,"2.2":0,"2.3":0,"3":0,"4":0,"4.1":0,"4.2-4.3":0.00294,"4.4":0,"4.4.3-4.4.4":0.01766,"0":0},"ie":{"5.5":null,"6":null,"7":null,"8":null,"9":null,"10":null,"11":0.16929},"op_mob":{"10":null,"11":null,"11.1":null,"11.5":null,"12":null,"12.1":null,"0":null},"bb":{"7":0,"10":0},"ie_mob":{"10":0.02136,"11":0.03845},"baidu":{"0":null},"and_ff":{"0":0.08926},"and_qq":{"10.4":0},"and_uc":{"0":4.0784},"op_mini":{"0":0.98804},"and_chr":{"0":46.01359},"kaios":{"2.5":0}},"total":96.94241}