{"id":"QA","name":"Qatar","month":"2016-09","access_date":"2016-10-02","data":{"firefox":{"2":null,"3":0.015555,"3.5":null,"3.6":0.003111,"4":null,"5":null,"6":null,"7":null,"8":null,"9":null,"10":null,"11":null,"12":null,"13":null,"14":null,"15":null,"16":null,"17":null,"18":null,"19":null,"20":null,"21":0.003111,"22":0.015555,"23":null,"24":null,"25":null,"26":null,"27":null,"28":null,"29":0.003111,"30":null,"31":0.003111,"32":null,"33":0.018666,"34":null,"35":0.003111,"36":0.006222,"37":0.006222,"38":0.034221,"39":0.015555,"40":0.009333,"41":0.012444,"42":0.012444,"43":0.043554,"44":0.018666,"45":0.040443,"46":0.034221,"47":0.295545,"48":1.390617,"49":0.438651,"50":0.018666,"51":null,"52":null},"chrome":{"4":null,"5":null,"6":null,"7":null,"8":null,"9":null,"10":0.003111,"11":0.006222,"12":null,"13":null,"14":null,"15":null,"16":null,"17":null,"18":null,"19":0.021777,"20":0.006222,"21":null,"22":0.03111,"23":null,"24":0.009333,"25":0.003111,"26":0.009333,"27":0.006222,"28":0.006222,"29":0.012444,"30":0.009333,"31":0.071553,"32":0.024888,"33":0.034221,"34":0.037332,"35":0.009333,"36":0.012444,"37":0.009333,"38":0.015555,"39":0.034221,"40":0.015555,"41":0.009333,"42":0.012444,"43":0.149328,"44":0.046665,"45":0.046665,"46":0.052887,"47":0.09333,"48":0.046665,"49":0.74664,"50":0.065331,"51":0.438651,"52":8.956569,"53":8.944125,"54":0.090219,"55":0.09333,"56":null},"opera":{"9":null,"9.5-9.6":null,"10.0-10.1":0,"10.5":null,"10.6":null,"11":null,"11.1":null,"11.5":null,"11.6":null,"12":null,"12.1":0.018666,"15":null,"16":null,"17":null,"18":null,"19":null,"20":null,"21":null,"22":null,"23":null,"24":null,"25":null,"26":null,"27":null,"28":0.003111,"29":null,"30":null,"31":null,"32":0.006222,"33":null,"34":null,"35":null,"36":0.003111,"37":0.105774,"38":0.03111,"39":0.242658,"40":0.055998,"41":null},"safari":{"3.1":null,"3.2":null,"4":0.006222,"5":0.021777,"5.1":0.034221,"6":0.006222,"6.1":0.018666,"7":0.024888,"7.1":0.018666,"8":0.087108,"9":0.136884,"9.1":0.927078,"10":0.149328,"0":null},"ios_saf":{"3.2":0,"4.0-4.1":0,"4.2-4.3":0,"5.0-5.1":0,"6.0-6.1":0,"7.0-7.1":0.123673048669,"8":0,"8.1-8.4":0.258888915213,"9.0-9.2":0.310007108662,"9.3":5.13902741567,"10":2.24920051178},"android":{"2.1":0,"2.2":0,"2.3":0.00579783451537,"3":0,"4":0.0420343002364,"4.1":0.1507436974,"4.2-4.3":0.37540978487,"4.4":0.88851813948,"4.4.3-4.4.4":0.989980243499,"52":null},"ie":{"5.5":null,"6":0.00629020067454,"7":0.00629020067454,"8":0.20757662226,"9":0.289349231029,"10":0.251608026981,"11":2.96268451771},"op_mob":{"10":0,"11":0,"11.1":0,"11.5":0,"12":0,"12.1":0.0231166002326,"0":0.970897209767},"edge":{"12":0.06222,"13":0.712419,"14":0.267546},"ie_mob":{"10":0.0760484022346,"11":0.282179597765},"bb":{"7":0.02583375,"10":null},"samsung":{"0":3.451389},"and_uc":{"0":20.425885},"op_mini":{"0":13.81044719},"and_chr":{"0":19.717368},"and_ff":{"0":0.020667}},"total":98.6239985493}