{"id":"RE","name":"Reunion","month":"2015-07","access_date":"2015-08-02","data":{"chrome":{"4":0.015452,"5":0.007726,"6":0,"7":0,"8":0.007726,"9":0,"10":0,"11":0.030904,"12":0.007726,"13":0,"14":0.007726,"15":0,"16":0.015452,"17":0,"18":0.015452,"19":0,"20":0.007726,"21":0.015452,"22":0.07726,"23":0.084986,"24":0.030904,"25":0.023178,"26":0.030904,"27":0.023178,"28":0.092712,"29":0.054082,"30":0.169972,"31":0.123616,"32":0.054082,"33":0.07726,"34":0.100438,"35":0.254958,"36":0.224054,"37":0.146794,"38":0.200876,"39":0.42493,"40":0.200876,"41":0.139068,"42":0.30904,"43":21.076528,"44":5.593624,"45":0.084986,"46":0.015452,"47":0},"firefox":{"2":0.007726,"3":0.007726,"3.5":0.015452,"3.6":0.123616,"4":0.092712,"5":0.015452,"6":0.046356,"7":0.046356,"8":0.015452,"9":0.007726,"10":0.015452,"11":0.084986,"12":0.046356,"13":0.015452,"14":0.07726,"15":0.19315,"16":0.162246,"17":0.03863,"18":0.069534,"19":0.023178,"20":0.069534,"21":0.030904,"22":0.030904,"23":0.378574,"24":0.332218,"25":0.07726,"26":0.054082,"27":0.030904,"28":0.108164,"29":0.054082,"30":0.092712,"31":0.278136,"32":0.587176,"33":0.224054,"34":0.42493,"35":0.208602,"36":0.185424,"37":0.571724,"38":4.473354,"39":13.75228,"40":0.19315,"41":0.015452,"42":0.007726},"opera":{"9":0,"9.5-9.6":0,"10.0-10.1":0.007726,"10.5":0,"10.6":0,"11":0.03863,"11.1":0,"11.5":0,"11.6":0,"12":0.023178,"12.1":0.061808,"15":0,"16":0,"17":0,"18":0,"19":0,"20":0.007726,"21":0.007726,"22":0,"23":0.007726,"24":0,"25":0,"26":0.007726,"27":0,"28":0.023178,"29":0.015452,"30":0.757148,"31":0.007726,"32":0},"safari":{"3.1":0.007726,"3.2":0,"4":0.03863,"5":0.401752,"5.1":0.664436,"6":0.092712,"6.1":0.3863,"7":0.216328,"7.1":0.764874,"8":2.410512,"9":0.023178},"android":{"2.1":0,"2.2":0,"2.3":0.0682619037325,"3":0,"4":0.214537411731,"4.1":0.734923612913,"4.2-4.3":1.44591123361,"4.4":2.58065456838,"4.4.3-4.4.4":1.10726126964,"40":null},"ios_saf":{"3.2":0,"4.0-4.1":0,"4.2-4.3":0,"5.0-5.1":0.0210468271857,"6.0-6.1":0.0866634060587,"7.0-7.1":0.604167745095,"8":0.0854253574007,"8.1-8.4":7.09030466426,"9":null},"op_mob":{"10":0,"11":0,"11.1":0,"11.5":0,"12":0.00118329077331,"12.1":0.00354987231992,"0":0.0366820139725},"ie":{"5.5":0,"6":0.00775259552496,"7":0.0155051910499,"8":0.689981001721,"9":0.434145349398,"10":0.752001765921,"11":7.10913009639},"bb":{"7":0.0073905,"10":null},"ie_mob":{"10":0.1436173125,"11":0.5408566875},"and_uc":{"0":0.05685},"op_mini":{"5.0-8.0":0.504344822934},"and_chr":{"0":14.344324},"edge":{"0":0.054082},"and_ff":{"0":0.220578}},"total":97.9645945}