{"id":"RE","name":"Reunion","month":"2021-09","access_date":"2021-10-03","data":{"firefox":{"2":null,"3":null,"3.5":null,"3.6":null,"4":null,"5":null,"6":null,"7":null,"8":null,"9":null,"10":null,"11":0.02613,"12":null,"13":null,"14":null,"15":null,"16":null,"17":null,"18":null,"19":null,"20":null,"21":null,"22":null,"23":null,"24":null,"25":null,"26":null,"27":null,"28":null,"29":null,"30":null,"31":null,"32":null,"33":null,"34":null,"35":null,"36":null,"37":null,"38":null,"39":null,"40":null,"41":null,"42":null,"43":null,"44":null,"45":0.00523,"46":null,"47":null,"48":0.01568,"49":0.03135,"50":null,"51":null,"52":0.0418,"53":null,"54":0.01045,"55":0.01045,"56":0.02613,"57":0.01045,"58":null,"59":null,"60":0.04703,"61":0.0418,"62":0.01568,"63":null,"64":null,"65":null,"66":0.01045,"67":null,"68":0.0209,"69":null,"70":null,"71":null,"72":0.05225,"73":null,"74":0.01045,"75":null,"76":null,"77":null,"78":0.9614,"79":null,"80":null,"81":0.0209,"82":0.01568,"83":null,"84":0.02613,"85":0.01045,"86":0.01045,"87":null,"88":0.0418,"89":0.1463,"90":0.04703,"91":2.13703,"92":4.1382,"93":0.00523,"94":null},"chrome":{"4":null,"5":null,"6":null,"7":null,"8":null,"9":null,"10":null,"11":null,"12":null,"13":null,"14":null,"15":null,"16":null,"17":null,"18":null,"19":null,"20":null,"21":null,"22":null,"23":null,"24":null,"25":null,"26":null,"27":null,"28":null,"29":null,"30":null,"31":null,"32":null,"33":null,"34":null,"35":null,"36":null,"37":null,"38":null,"39":null,"40":null,"41":null,"42":null,"43":null,"44":null,"45":null,"46":null,"47":0.04703,"48":0.0209,"49":0.2926,"50":null,"51":null,"52":null,"53":0.01045,"54":0.05225,"55":null,"56":0.0209,"57":null,"58":0.01045,"59":null,"60":null,"61":0.0209,"62":null,"63":0.01045,"64":null,"65":0.02613,"66":null,"67":0.00523,"68":null,"69":0.01045,"70":0.01568,"71":0.0209,"72":null,"73":null,"74":0.05225,"75":0.00523,"76":0.0836,"77":0.00523,"78":0.01045,"79":0.15675,"80":0.01568,"81":0.02613,"83":0.02613,"84":0.01568,"85":0.0418,"86":0.03135,"87":2.69088,"88":0.0209,"89":0.06793,"90":0.0418,"91":0.3135,"92":5.17275,"93":16.89765,"94":2.75358,"95":0.01045,"96":null,"97":null},"opera":{"9":null,"9.5-9.6":null,"10.0-10.1":0,"10.5":null,"10.6":null,"11":null,"11.1":null,"11.5":null,"11.6":null,"12":null,"12.1":null,"15":null,"16":null,"17":null,"18":null,"19":null,"20":null,"21":null,"22":null,"23":null,"24":null,"25":null,"26":null,"27":null,"28":null,"29":null,"30":null,"31":null,"32":null,"33":null,"34":null,"35":null,"36":null,"37":null,"38":null,"39":null,"40":null,"41":null,"42":null,"43":null,"44":null,"45":null,"46":null,"47":null,"48":null,"49":null,"50":null,"51":null,"52":null,"53":null,"54":null,"55":null,"56":null,"57":null,"58":null,"60":null,"62":null,"63":null,"64":null,"65":null,"66":null,"67":null,"68":null,"69":null,"70":null,"71":null,"72":null,"73":null,"74":null,"75":null,"76":null,"77":0.01045,"78":1.00843,"79":0.13585},"ios_saf":{"3.2":0,"4.0-4.1":0,"4.2-4.3":0,"5.0-5.1":0.0022,"6.0-6.1":0.0022,"7.0-7.1":0.00992,"8":0,"8.1-8.4":0.01543,"9.0-9.2":0.0011,"9.3":0.13113,"10.0-10.2":0.00661,"10.3":0.10578,"11.0-11.2":0.02865,"11.3-11.4":0.01763,"12.0-12.1":0.06942,"12.2-12.5":0.53443,"13.0-13.1":0.02204,"13.2":0.01322,"13.3":0.09036,"13.4-13.7":0.227,"14.0-14.4":0.81653,"14.5-14.8":8.37241,"15":0.54986},"safari":{"3.1":null,"3.2":null,"4":0,"5":null,"5.1":null,"6":null,"6.1":null,"7":null,"7.1":null,"8":null,"9":null,"9.1":null,"10":null,"10.1":0.01568,"11":null,"11.1":0.1045,"12":0.01568,"12.1":0.15675,"13":0.07315,"13.1":0.62178,"14":0.50683,"14.1":3.4067,"15":0.2508,"0":null},"edge":{"12":null,"13":null,"14":null,"15":0.0209,"16":0.03658,"17":0.02613,"18":0.1045,"79":null,"80":0.00523,"81":null,"83":null,"84":0.02613,"85":0.01045,"86":0.01045,"87":0.01045,"88":null,"89":0.02613,"90":0.01045,"91":0.08883,"92":1.13383,"93":4.13298,"94":0.9823},"samsung":{"4":0.05242,"5.0-5.4":0.0202,"6.2-6.4":0.0303,"7.2-7.4":0.06291,"8.2":0.0101,"9.2":0.04194,"10.1":0.02097,"11.1-11.2":0.28307,"12.0":0.04194,"13.0":0.24114,"14.0":0.67099,"15.0":2.44283},"android":{"2.1":0,"2.2":0,"2.3":0,"3":0,"4":0,"4.1":0.00203,"4.2-4.3":0.00203,"4.4":0,"4.4.3-4.4.4":0.03414,"0":0},"op_mob":{"10":null,"11":null,"11.1":null,"11.5":null,"12":null,"12.1":null,"0":null},"ie":{"5.5":null,"6":null,"7":null,"8":null,"9":null,"10":null,"11":0.2926},"bb":{"7":0,"10":0},"ie_mob":{"10":0.01251,"11":0.15172},"and_chr":{"0":33.1808},"kaios":{"2.5":0},"baidu":{"0":null},"and_ff":{"0":0.50138},"and_qq":{"10.4":0},"and_uc":{"0":0.4011},"op_mini":{"0":0.16274}},"total":99.54859}