{"id":"RO","name":"Romania","month":"2018-04","access_date":"2018-05-06","data":{"chrome":{"4":0,"5":0,"6":0,"7":0,"8":0,"9":0,"10":0,"11":0.024116,"12":0,"13":0,"14":0,"15":0,"16":0,"17":0,"18":0.006029,"19":0,"20":0,"21":0,"22":0.006029,"23":0,"24":0,"25":0,"26":0.006029,"27":0,"28":0,"29":0.349682,"30":0.006029,"31":0.006029,"32":0,"33":0.006029,"34":0.018087,"35":0.006029,"36":0.006029,"37":0.006029,"38":0.018087,"39":0.012058,"40":0.006029,"41":0,"42":0.006029,"43":0.018087,"44":0.006029,"45":0.006029,"46":0.024116,"47":0.018087,"48":0.012058,"49":1.012872,"50":0.018087,"51":0.018087,"52":0.006029,"53":0.024116,"54":0.024116,"55":0.054261,"56":0.090435,"57":0.030145,"58":0.150725,"59":0.12058,"60":0.150725,"61":0.132638,"62":0.114551,"63":0.192928,"64":0.379827,"65":18.400508,"66":2.77334,"67":0.024116,"68":0.006029,"69":0},"firefox":{"2":0,"3":0,"3.5":0,"3.6":0,"4":0,"5":0,"6":0,"7":0,"8":0,"9":0,"10":0,"11":0,"12":0,"13":0,"14":0,"15":0,"16":0,"17":0,"18":0,"19":0,"20":0,"21":0,"22":0,"23":0,"24":0,"25":0,"26":0,"27":0,"28":0,"29":0,"30":0,"31":0.006029,"32":0.012058,"33":0,"34":0,"35":0.006029,"36":0.006029,"37":0,"38":0.012058,"39":0.006029,"40":0.006029,"41":0.006029,"42":0.006029,"43":0.018087,"44":0,"45":0.018087,"46":0.006029,"47":0.030145,"48":0.078377,"49":0.018087,"50":0.018087,"51":0.018087,"52":0.711422,"53":0.024116,"54":0.042203,"55":0.036174,"56":0.072348,"57":0.072348,"58":0.126609,"59":4.196184,"60":0.06029,"61":0.006029},"opera":{"9":0,"9.5-9.6":0,"10.0-10.1":0,"10.5":0,"10.6":0,"11":0,"11.1":0,"11.5":0,"11.6":0,"12":0,"12.1":0.012058,"15":0,"16":0,"17":0,"18":0,"19":0,"20":0,"21":0,"22":0,"23":0,"24":0,"25":0,"26":0,"27":0,"28":0,"29":0,"30":0,"31":0.018087,"32":0,"33":0,"34":0,"35":0,"36":0.048232,"37":0,"38":0,"39":0,"40":0.006029,"41":0,"42":0.006029,"43":0.006029,"44":0,"45":0.006029,"46":0.012058,"47":0.006029,"48":0.012058,"49":0.006029,"50":0.006029,"51":0.096464,"52":1.597685},"safari":{"3.1":0,"3.2":0,"4":0,"5":0,"5.1":0.006029,"6":0,"6.1":0.006029,"7":0,"7.1":0,"8":0.006029,"9":0.012058,"9.1":0.024116,"10":0.018087,"10.1":0.054261,"11":0.186899,"11.1":0.271305,"0":null},"ios_saf":{"3.2":0.00113117401322,"4.0-4.1":0,"4.2-4.3":0.00226234802645,"5.0-5.1":0.0260170023041,"6.0-6.1":0.0169676101984,"7.0-7.1":0.0633457447405,"8":0.0169676101984,"8.1-8.4":0.102936835203,"9.0-9.2":0.0644769187538,"9.3":0.466043693448,"10.0-10.2":0.419665558906,"10.3":0.936612082949,"11.0-11.2":5.05182314306,"11.3":4.1231292782},"android":{"2.1":0,"2.2":0,"2.3":0,"3":0,"4":0,"4.1":0.0778050521512,"4.2-4.3":0.240652835724,"4.4":0.660438233377,"4.4.3-4.4.4":0.408928878748,"62":null},"op_mob":{"10":null,"11":null,"11.1":null,"11.5":null,"12":null,"12.1":null,"0":null},"ie":{"5.5":0,"6":0.00614222065728,"7":0.00614222065728,"8":0.165839957746,"9":0.0307111032864,"10":0.0429955446009,"11":1.05646195305},"edge":{"12":0.018087,"13":0.018087,"14":0.042203,"15":0.102493,"16":0.832002,"17":0.012058,"18":null},"samsung":{"4":0.718445538462,"5":0.205270153846,"6.2":2.20665415385},"bb":{"7":0.0055594,"10":0.0222376},"ie_mob":{"10":0.034249875,"11":0.239749125},"baidu":{"0":null},"and_ff":{"0":0.234289},"and_qq":{"1.2":null},"and_uc":{"0":0.202521},"op_mini":{"0":0.323315817869},"and_chr":{"0":44.993041}},"total":96.537315664}