{"id":"RO","name":"Romania","month":"2020-04","access_date":"2020-05-07","data":{"chrome":{"4":0,"5":0,"6":0,"7":0,"8":0,"9":0,"10":0,"11":0,"12":0,"13":0,"14":0,"15":0,"16":0,"17":0,"18":0,"19":0,"20":0,"21":0,"22":0,"23":0,"24":0,"25":0,"26":0,"27":0,"28":0,"29":0,"30":0,"31":0,"32":0,"33":0,"34":0.00477,"35":0,"36":0,"37":0,"38":0.00953,"39":0.00477,"40":0.00477,"41":0.00477,"42":0,"43":0.00477,"44":0,"45":0,"46":0.00477,"47":0,"48":0.00477,"49":0.39081,"50":0.00477,"51":0.00477,"52":0,"53":0.01906,"54":0,"55":0.00477,"56":0.00477,"57":0,"58":0.00953,"59":0.00477,"60":0.06196,"61":0.04766,"62":0.00477,"63":0.0143,"64":0.00953,"65":0.00477,"66":0.0143,"67":0.02383,"68":0.00953,"69":0.04766,"70":0.03813,"71":0.04766,"72":0.04766,"73":0.04766,"74":0.02383,"75":0.03336,"76":0.03336,"77":0.03336,"78":0.05719,"79":0.11438,"80":9.62255,"81":5.34745,"83":0.00953,"84":0.00953,"85":null},"firefox":{"2":0,"3":0,"3.5":0,"3.6":0,"4":0,"5":0,"6":0,"7":0,"8":0,"9":0,"10":0,"11":0,"12":0,"13":0,"14":0,"15":0,"16":0,"17":0,"18":0,"19":0,"20":0,"21":0,"22":0,"23":0,"24":0,"25":0,"26":0,"27":0,"28":0,"29":0,"30":0,"31":0,"32":0,"33":0,"34":0,"35":0,"36":0,"37":0,"38":0,"39":0,"40":0,"41":0,"42":0,"43":0,"44":0.00953,"45":0.00477,"46":0,"47":0.00477,"48":0.00477,"49":0,"50":0.00477,"51":0,"52":0.08102,"53":0,"54":0,"55":0,"56":0.00953,"57":0.00477,"58":0.00953,"59":0.00477,"60":0.00953,"61":0.00477,"62":0.00477,"63":0.0143,"64":0.00953,"65":0.0143,"66":0.00953,"67":0.00953,"68":0.15251,"69":0.00477,"70":0.00953,"71":0.00953,"72":0.0286,"73":0.0143,"74":0.77209,"75":1.4012,"76":0.0143,"77":0,"78":0},"opera":{"9":0,"9.5-9.6":0,"10.0-10.1":0,"10.5":0,"10.6":0,"11":0,"11.1":0,"11.5":0,"11.6":0,"12":0,"12.1":0,"15":0,"16":0,"17":0,"18":0,"19":0,"20":0,"21":0,"22":0,"23":0,"24":0,"25":0,"26":0,"27":0,"28":0,"29":0,"30":0,"31":0,"32":0,"33":0,"34":0,"35":0,"36":0.00953,"37":0,"38":0,"39":0,"40":0.00477,"41":0,"42":0,"43":0,"44":0,"45":0,"46":0,"47":0.00477,"48":0,"49":0,"50":0,"51":0,"52":0,"53":0,"54":0,"55":0,"56":0,"57":0.00477,"58":0,"60":0,"62":0,"63":0.00477,"64":0,"65":0.00477,"66":0.00953,"67":1.16767,"68":0.02383},"ios_saf":{"3.2":0.00133,"4.0-4.1":0,"4.2-4.3":0.00267,"5.0-5.1":0.01333,"6.0-6.1":0.004,"7.0-7.1":0.01333,"8":0.00133,"8.1-8.4":0.01867,"9.0-9.2":0.016,"9.3":0.19201,"10.0-10.2":0.04934,"10.3":0.16935,"11.0-11.2":0.10934,"11.3-11.4":0.18535,"12.0-12.1":0.22935,"12.2-12.4":1.50277,"13.0-13.1":0.32002,"13.2":0.15601,"13.3":8.7366,"13.4":1.61878},"safari":{"3.1":0,"3.2":0,"4":0,"5":0,"5.1":0,"6":0,"6.1":0,"7":0,"7.1":0,"8":0,"9":0,"9.1":0,"10":0,"10.1":0.00953,"11":0.00477,"11.1":0.01906,"12":0.0143,"12.1":0.04289,"13":0.30979,"13.1":0.24783,"0":null},"android":{"2.1":0,"2.2":0.0025,"2.3":0.00083,"3":0.00083,"4":0.0075,"4.1":0.01667,"4.2-4.3":0.03502,"4.4":0,"4.4.3-4.4.4":0.24094,"81":null},"edge":{"12":0.00477,"13":0.00477,"14":0.00477,"15":0.00953,"16":0.00953,"17":0.03813,"18":0.65294,"79":null,"80":null,"81":null},"samsung":{"4":0.28542,"5.0-5.4":0.03058,"6.2-6.4":0.03058,"7.2-7.4":0.08155,"8.2":0.03058,"9.2":0.28542,"10.1":0.49949,"11.1":4.00608},"op_mob":{"10":null,"11":null,"11.1":null,"11.5":null,"12":null,"12.1":null,"0":null},"ie":{"5.5":0,"6":0,"7":0,"8":0.03629,"9":0.00518,"10":0.01037,"11":0.41998},"ie_mob":{"10":0,"11":0.02094},"bb":{"7":0,"10":0.00523},"baidu":{"0":null},"and_ff":{"0":0.246},"and_uc":{"0":0.16225},"and_qq":{"1.2":0.00523},"kaios":{"2.5":0},"op_mini":{"0":0.31218},"and_chr":{"0":55.26466}},"total":96.80035}