{"id":"RS","name":"Serbia","month":"2017-06","access_date":"2017-07-11","data":{"chrome":{"4":0,"5":0,"6":0,"7":0,"8":0.007026,"9":0,"10":0.007026,"11":0.021078,"12":0.007026,"13":0,"14":0,"15":0,"16":0.014052,"17":0,"18":0.007026,"19":0,"20":0,"21":0,"22":0.03513,"23":0,"24":0,"25":0.007026,"26":0.042156,"27":0.007026,"28":0,"29":0.028104,"30":0.007026,"31":0.03513,"32":0.007026,"33":0.021078,"34":0.07026,"35":0.007026,"36":0.049182,"37":0.021078,"38":0.028104,"39":0.03513,"40":0.021078,"41":0.014052,"42":0.007026,"43":0.049182,"44":0.028104,"45":0.028104,"46":0.021078,"47":0.03513,"48":0.03513,"49":2.901738,"50":0.07026,"51":0.182676,"52":0.028104,"53":0.07026,"54":0.119442,"55":0.337248,"56":0.344274,"57":0.3513,"58":34.855986,"59":5.719164,"60":0.133494,"61":0.091338,"62":0},"firefox":{"2":0,"3":0.014052,"3.5":0.007026,"3.6":0.028104,"4":0,"5":0,"6":0,"7":0,"8":0.007026,"9":0.007026,"10":0,"11":0.007026,"12":0.007026,"13":0,"14":0,"15":0,"16":0.007026,"17":0,"18":0.007026,"19":0,"20":0.007026,"21":0,"22":0.007026,"23":0,"24":0.014052,"25":0,"26":0.007026,"27":0.007026,"28":0.014052,"29":0.007026,"30":0.007026,"31":0.021078,"32":0.007026,"33":0.03513,"34":0.014052,"35":0.014052,"36":0.014052,"37":0.014052,"38":0.056208,"39":0.028104,"40":0.028104,"41":0.028104,"42":0.03513,"43":0.091338,"44":0.028104,"45":0.084312,"46":0.028104,"47":0.17565,"48":0.224832,"49":0.161598,"50":0.147546,"51":0.168624,"52":1.665162,"53":5.817528,"54":3.316272,"55":0.07026,"56":0.007026,"57":0},"opera":{"9":0,"9.5-9.6":0,"10.0-10.1":0,"10.5":0,"10.6":0,"11":0,"11.1":0,"11.5":0.007026,"11.6":0.007026,"12":0.007026,"12.1":0.147546,"15":0.007026,"16":0,"17":0,"18":0.007026,"19":0,"20":0.007026,"21":0,"22":0,"23":0,"24":0,"25":0,"26":0.007026,"27":0,"28":0,"29":0,"30":0.007026,"31":0.007026,"32":0.007026,"33":0,"34":0.007026,"35":0.007026,"36":0.231858,"37":0.014052,"38":0.007026,"39":0.007026,"40":0.014052,"41":0.028104,"42":0.03513,"43":0.056208,"44":0.014052,"45":3.063336,"46":0.112416,"47":0.007026,"48":0},"safari":{"3.1":0,"3.2":0,"4":0.014052,"5":0.007026,"5.1":0.021078,"6":0.007026,"6.1":0.007026,"7":0.007026,"7.1":0,"8":0.021078,"9":0.021078,"9.1":0.063234,"10":0.063234,"10.1":0.393456,"11":0,"0":null},"ios_saf":{"3.2":0,"4.0-4.1":0,"4.2-4.3":0,"5.0-5.1":0,"6.0-6.1":0,"7.0-7.1":0.017739306338,"8":0,"8.1-8.4":0.0135653519056,"9.0-9.2":0.0104348860812,"9.3":0.19061058575,"10.0-10.2":0.650093402858,"10.3":2.47619846707,"11":null},"android":{"2.1":0,"2.2":0,"2.3":0,"3":0,"4":0,"4.1":0.16519469835,"4.2-4.3":0.427282440924,"4.4":1.14842083564,"4.4.3-4.4.4":0.665544025083,"56":null},"op_mob":{"10":0,"11":0,"11.1":0,"11.5":0,"12":0,"12.1":0,"0":0.00358726385809},"ie":{"5.5":0,"6":0.01493025,"7":0.007465125,"8":0.380721375,"9":0.13437225,"10":0.126907125,"11":1.605001875},"edge":{"12":0.021078,"13":0.07026,"14":0.59721,"15":null,"16":null},"bb":{"7":0.010409,"10":null},"samsung":{"4":1.870646,"5":null},"ie_mob":{"10":0.0928803076923,"11":0.510841692308},"op_mini":{"0":0.805340736142},"and_chr":{"0":23.114208},"baidu":{"0":null},"and_ff":{"0":0.011896},"and_qq":{"1.2":null},"and_uc":{"0":0.092194}},"total":98.033421}