{"id":"RU","name":"Russian Federation","month":"2018-06","access_date":"2018-07-05","data":{"chrome":{"4":0.007558,"5":0.007558,"6":0.007558,"7":0,"8":0.007558,"9":0.007558,"10":0.007558,"11":0.015116,"12":0.007558,"13":0.007558,"14":0.007558,"15":0.015116,"16":0.007558,"17":0.015116,"18":0.045348,"19":0.015116,"20":0.007558,"21":0.022674,"22":0.022674,"23":0.015116,"24":0.015116,"25":0.007558,"26":0.022674,"27":0.022674,"28":0.022674,"29":0.60464,"30":0.015116,"31":0.03779,"32":0.015116,"33":0.022674,"34":0.015116,"35":0.015116,"36":0.03779,"37":0.022674,"38":0.022674,"39":0.045348,"40":0.03779,"41":0.052906,"42":0.015116,"43":0.045348,"44":0.022674,"45":0.022674,"46":0.015116,"47":0.022674,"48":0.060464,"49":0.823822,"50":0.022674,"51":0.181392,"52":0.03779,"53":0.03779,"54":0.052906,"55":0.098254,"56":0.120928,"57":0.060464,"58":0.098254,"59":0.083138,"60":0.090696,"61":0.15116,"62":0.234298,"63":0.362784,"64":0.347668,"65":0.506386,"66":9.67424,"67":16.257258,"68":0.060464,"69":0.045348,"70":0},"firefox":{"2":0.007558,"3":0.022674,"3.5":0.030232,"3.6":0.105812,"4":0.007558,"5":0.007558,"6":0.007558,"7":0,"8":0,"9":0,"10":0.007558,"11":0.007558,"12":0.015116,"13":0,"14":0.007558,"15":0.007558,"16":0.007558,"17":0.007558,"18":0,"19":0.007558,"20":0.007558,"21":0.015116,"22":0.007558,"23":0.007558,"24":0.007558,"25":0.015116,"26":0.007558,"27":0.007558,"28":0.007558,"29":0.007558,"30":0.007558,"31":0.015116,"32":0.007558,"33":0.007558,"34":0.015116,"35":0.007558,"36":0.015116,"37":0.015116,"38":0.015116,"39":0.007558,"40":0.007558,"41":0.015116,"42":0.007558,"43":0.022674,"44":0.007558,"45":0.324994,"46":0.03779,"47":0.068022,"48":0.158718,"49":0.052906,"50":0.068022,"51":0.068022,"52":0.665104,"53":0.052906,"54":0.060464,"55":0.07558,"56":0.128486,"57":0.105812,"58":0.07558,"59":0.26453,"60":3.197034,"61":0.166276,"62":0.007558},"opera":{"9":0,"9.5-9.6":0,"10.0-10.1":0,"10.5":0.007558,"10.6":0.015116,"11":0.007558,"11.1":0.007558,"11.5":0.007558,"11.6":0.045348,"12":0.045348,"12.1":0.211624,"15":0,"16":0,"17":0,"18":0.015116,"19":0.007558,"20":0.007558,"21":0.007558,"22":0.007558,"23":0,"24":0,"25":0.007558,"26":0.007558,"27":0.022674,"28":0.022674,"29":0.007558,"30":0.015116,"31":0,"32":0.007558,"33":0.030232,"34":0.007558,"35":0.045348,"36":0.204066,"37":0.015116,"38":0.015116,"39":0.007558,"40":0,"41":0.007558,"42":0.015116,"43":0.022674,"44":0.007558,"45":0.015116,"46":0.015116,"47":0.015116,"48":0.022674,"49":0.022674,"50":0.022674,"51":0.03779,"52":0.15116,"53":3.824348},"safari":{"3.1":0,"3.2":0,"4":0.015116,"5":0.022674,"5.1":0.022674,"6":0.007558,"6.1":0.007558,"7":0.007558,"7.1":0,"8":0.007558,"9":0.07558,"9.1":0.07558,"10":0.052906,"10.1":0.15116,"11":0.294762,"11.1":1.239512,"12":0.015116,"0":null},"ios_saf":{"3.2":0.00100356220599,"4.0-4.1":0,"4.2-4.3":0.00200712441197,"5.0-5.1":0.0150534330898,"6.0-6.1":0.00802849764788,"7.0-7.1":0.0421496126514,"8":0.0120427464718,"8.1-8.4":0.0632244189771,"9.0-9.2":0.0481709858873,"9.3":0.288022353118,"10.0-10.2":0.316122094885,"10.3":0.724571912721,"11.0-11.2":1.6267743359,"11.3-11.4":6.84931205585,"12":0.0301068661796},"android":{"2.1":0,"2.2":0,"2.3":0,"3":0,"4":0,"4.1":0.0799856571429,"4.2-4.3":0.182531371429,"4.4":0.676801714286,"4.4.3-4.4.4":0.424539257143,"67":null},"ie":{"5.5":0,"6":0.0316176333333,"7":0.023713225,"8":0.181801391667,"9":0.0948529,"10":0.205514616667,"11":1.35955823333},"op_mob":{"10":null,"11":null,"11.1":null,"11.5":null,"12":null,"12.1":null,"0":null},"edge":{"12":0.015116,"13":0.030232,"14":0.060464,"15":0.090696,"16":0.294762,"17":0.649988,"18":null},"samsung":{"4":0.357905625,"5":0.071581125,"6.2":0.47039025,"7.2":null},"bb":{"7":0.002442,"10":0.009768},"ie_mob":{"10":0.02442,"11":0.14652},"and_ff":{"0":0.08547},"and_qq":{"1.2":null},"and_uc":{"0":1.125762},"op_mini":{"0":0.693578350515},"and_chr":{"0":24.39419},"baidu":{"0":null}},"total":85.7303293505}