{"id":"SB","name":"Solomon Islands","month":"2015-03","access_date":"2015-04-01","data":{"chrome":{"4":0,"5":0,"6":0,"7":0,"8":0.010974,"9":0.005487,"10":0,"11":0.049383,"12":0.038409,"13":0,"14":0,"15":0,"16":0,"17":0,"18":0.010974,"19":0,"20":0.005487,"21":0,"22":0.021948,"23":0.005487,"24":0,"25":0,"26":0.005487,"27":0.010974,"28":0.016461,"29":0.005487,"30":0.005487,"31":0.021948,"32":0.043896,"33":0.060357,"34":0.065844,"35":0.05487,"36":0.488343,"37":0.115227,"38":0.290811,"39":0.323733,"40":6.425277,"41":11.100201,"42":0.137175,"43":0.230454,"44":0},"firefox":{"2":0.010974,"3":0.032922,"3.5":0,"3.6":0.027435,"4":0.043896,"5":0.016461,"6":0.016461,"7":0.060357,"8":0.005487,"9":0.043896,"10":0.038409,"11":0.10974,"12":0.05487,"13":0.010974,"14":0.010974,"15":0.038409,"16":0.010974,"17":0.010974,"18":0.005487,"19":0.021948,"20":0.021948,"21":0.153636,"22":0.049383,"23":0.010974,"24":0.038409,"25":0.021948,"26":0.027435,"27":0.032922,"28":0.005487,"29":0.038409,"30":0.120714,"31":0.043896,"32":0.268863,"33":0.356655,"34":0.395064,"35":1.443081,"36":4.77369,"37":0.532239,"38":0,"39":0},"opera":{"9":0,"9.5-9.6":0,"10.0-10.1":0,"10.5":0,"10.6":0.010974,"11":0.005487,"11.1":0.005487,"11.5":0,"11.6":0,"12":0.005487,"12.1":0.065844,"15":0,"16":0,"17":0,"18":0,"19":0,"20":0,"21":0,"22":0.021948,"23":0,"24":0,"25":0.016461,"26":0,"27":0.208506,"28":0.367629,"29":0},"safari":{"3.1":0.010974,"3.2":0,"4":0.016461,"5":0.010974,"5.1":0.296298,"6":0.071331,"6.1":0.038409,"7":0.159123,"7.1":1.04253,"8":0.526752},"android":{"2.1":0,"2.2":0,"2.3":0.112636056222,"3":0,"4":0.249664634173,"4.1":0.863064812961,"4.2-4.3":1.49583552371,"4.4":2.56336706293,"4.4.3-4.4.4":1.23612691,"37":0},"ios_saf":{"3.2":0,"4.0-4.1":0,"4.2-4.3":0,"5.0-5.1":0.0190956106586,"6.0-6.1":0.0481730177979,"7.0-7.1":0.761654470588,"8":0.152764885269,"8.1":3.33435401569},"op_mob":{"10":0,"11":0,"11.1":0,"11.5":0,"12":0.0040365643038,"12.1":0.0161462572152,"0":0.100914107595},"ie":{"5.5":0,"6":0.060357,"7":0.038409,"8":1.832658,"9":1.382724,"10":2.732526,"11":12.137244,"0":null},"ie_mob":{"10":0.275995022222,"11":0.694299977778},"bb":{"7":0.058669,"10":null},"and_uc":{"0":8.534083},"op_mini":{"5.0-8.0":15.8233320709},"and_chr":{"0":5.94248},"and_ff":{"0":0.067695}},"total":91.874563}