{"id":"SB","name":"Solomon Islands","month":"2019-09","access_date":"2019-10-06","data":{"chrome":{"4":0,"5":0,"6":0,"7":0,"8":0.007184,"9":0,"10":0,"11":0.007184,"12":0,"13":0,"14":0,"15":0,"16":0,"17":0,"18":0,"19":0,"20":0,"21":0,"22":0,"23":0,"24":0,"25":0,"26":0,"27":0,"28":0,"29":0.007184,"30":0,"31":0,"32":0.007184,"33":0.025144,"34":0,"35":0,"36":0.003592,"37":0,"38":0,"39":0,"40":0.021552,"41":0,"42":0,"43":0.010776,"44":0,"45":0.003592,"46":0.025144,"47":0,"48":0,"49":0.100576,"50":0,"51":0,"52":0.003592,"53":0,"54":0.01796,"55":0.032328,"56":0.014368,"57":0,"58":0,"59":0.003592,"60":0.007184,"61":0,"62":0.007184,"63":0.093392,"64":0,"65":0.007184,"66":0.007184,"67":0.010776,"68":0.010776,"69":0.14368,"70":0.021552,"71":0,"72":0.025144,"73":0.01796,"74":0.039512,"75":0.136496,"76":4.120024,"77":1.178176,"78":0.007184,"79":0.003592,"80":0},"firefox":{"2":0,"3":0,"3.5":0,"3.6":0,"4":0,"5":0.003592,"6":0,"7":0,"8":0,"9":0,"10":0,"11":0,"12":0,"13":0,"14":0,"15":0,"16":0,"17":0,"18":0,"19":0.003592,"20":0,"21":0,"22":0,"23":0,"24":0,"25":0,"26":0,"27":0,"28":0,"29":0.007184,"30":0,"31":0,"32":0,"33":0,"34":0,"35":0,"36":0,"37":0.003592,"38":0,"39":0,"40":0,"41":0,"42":0,"43":0.01796,"44":0,"45":0,"46":0,"47":0.014368,"48":0,"49":0.003592,"50":0,"51":0,"52":0,"53":0,"54":0,"55":0.010776,"56":0.007184,"57":0,"58":0.01796,"59":0.021552,"60":0.003592,"61":0.003592,"62":0,"63":0.007184,"64":0.010776,"65":0.007184,"66":0.021552,"67":0.014368,"68":0.183192,"69":0.581904,"70":0.028736,"71":0},"opera":{"9":0,"9.5-9.6":0,"10.0-10.1":0,"10.5":0,"10.6":0,"11":0,"11.1":0,"11.5":0,"11.6":0,"12":0,"12.1":0.064656,"15":0,"16":0.003592,"17":0.010776,"18":0,"19":0.014368,"20":0,"21":0,"22":0.003592,"23":0,"24":0,"25":0,"26":0,"27":0,"28":0,"29":0.032328,"30":0.007184,"31":0.003592,"32":0,"33":0.007184,"34":0,"35":0.003592,"36":0,"37":0.032328,"38":0.003592,"39":0,"40":0,"41":0,"42":0,"43":0,"44":0.007184,"45":0.007184,"46":0,"47":0,"48":0.003592,"49":0,"50":0,"51":0,"52":0,"53":0.05388,"54":0,"55":0,"56":0,"57":0,"58":0,"60":0.003592,"62":0.025144},"safari":{"3.1":0,"3.2":0,"4":0,"5":0,"5.1":0,"6":0,"6.1":0.003592,"7":0,"7.1":0,"8":0.01796,"9":0,"9.1":0,"10":0.010776,"10.1":0.003592,"11":0.021552,"11.1":0.599864,"12":0.003592,"12.1":0.03592,"13":0.007184,"13.1":0,"0":null},"ios_saf":{"3.2":0.0013509527622098,"4.0-4.1":0.00067547638110488,"4.2-4.3":0,"5.0-5.1":0.0023641673338671,"6.0-6.1":0,"7.0-7.1":0.0027019055244195,"8":0,"8.1-8.4":0.0050660728582866,"9.0-9.2":0.0057415492393915,"9.3":0.04154179743795,"10.0-10.2":0.019926553242594,"10.3":0.050322990392314,"11.0-11.2":0.054713586869496,"11.3-11.4":0.098957289831866,"12.0-12.1":0.1661671897518,"12.2-12.3":2.688733734988,"13.0-13.1":0.23641673338671},"android":{"2.1":0,"2.2":0.017211749253731,"2.3":0.0093882268656716,"3":0.010952931343284,"4":0.061023474626866,"4.1":0.13925869850746,"4.2-4.3":0.82303455522388,"4.4":0,"4.4.3-4.4.4":0.5116583641791,"76":null},"samsung":{"4":1.9931776271186,"5.0-5.4":0.12265708474576,"6.2-6.4":0.30664271186441,"7.2-7.4":0.66439254237288,"8.2":0.091992813559322,"9.2":2.0238418983051,"10.1":0.2248713220339},"edge":{"12":0.021552,"13":0.07184,"14":0.068248,"15":0.25144,"16":0.111352,"17":0.46696,"18":0.132904,"76":null},"op_mob":{"10":null,"11":null,"11.1":null,"11.5":null,"12":null,"12.1":null,"0":null},"ie":{"5.5":0,"6":0,"7":0,"8":0.03592,"9":0.010776,"10":0.014368,"11":1.515824},"ie_mob":{"10":0,"11":0.076896},"bb":{"7":0,"10":0},"and_chr":{"0":58.188968},"baidu":{"0":null},"and_ff":{"0":0.237096},"and_uc":{"0":4.863672},"and_qq":{"1.2":0.083304},"kaios":{"2.5":0},"op_mini":{"0":7.9958847835052}},"total":92.614564783505}