{"id":"SC","name":"Seychelles","month":"2019-07","access_date":"2019-08-05","data":{"chrome":{"4":0,"5":0,"6":0,"7":0,"8":0,"9":0,"10":0,"11":0,"12":0.018201,"13":0.006067,"14":0,"15":0,"16":0,"17":0,"18":0,"19":0,"20":0,"21":0,"22":0,"23":0,"24":0,"25":0,"26":0,"27":0.006067,"28":0,"29":0.054603,"30":0.018201,"31":0.006067,"32":0.006067,"33":0,"34":0.012134,"35":0,"36":0,"37":0,"38":0.024268,"39":0.006067,"40":0,"41":0.127407,"42":0,"43":0.012134,"44":0,"45":0,"46":0,"47":0.06067,"48":0.036402,"49":0.12134,"50":0.006067,"51":0.006067,"52":0,"53":0,"54":0,"55":0.012134,"56":0.030335,"57":0,"58":0.078871,"59":0.024268,"60":0.006067,"61":0.006067,"62":0.084938,"63":0.084938,"64":0.024268,"65":0.036402,"66":0.012134,"67":0.024268,"68":0.036402,"69":0.127407,"70":0.382221,"71":0.24268,"72":0.430757,"73":0.394355,"74":0.509628,"75":16.672116,"76":0.06067,"77":0.036402,"78":0,"79":0},"firefox":{"2":0,"3":0.006067,"3.5":0,"3.6":0,"4":0,"5":0,"6":0,"7":0,"8":0,"9":0,"10":0,"11":0,"12":0,"13":0,"14":0,"15":0,"16":0,"17":0,"18":0,"19":0,"20":0,"21":0,"22":0,"23":0,"24":0,"25":0,"26":0,"27":0,"28":0,"29":0.006067,"30":0,"31":0.006067,"32":0,"33":0,"34":0,"35":0,"36":0,"37":0,"38":0.018201,"39":0.006067,"40":0,"41":0,"42":0,"43":0,"44":0,"45":0.030335,"46":0,"47":0.024268,"48":0.024268,"49":0.012134,"50":0,"51":0,"52":0.103139,"53":0,"54":0,"55":0,"56":0.042469,"57":0.030335,"58":0.024268,"59":0,"60":1.710894,"61":0.048536,"62":0.006067,"63":0.042469,"64":0.30335,"65":0.133474,"66":0.169876,"67":2.341862,"68":3.312582,"69":0.151675,"70":0},"opera":{"9":0,"9.5-9.6":0,"10.0-10.1":0,"10.5":0,"10.6":0,"11":0,"11.1":0,"11.5":0,"11.6":0,"12":0,"12.1":0.006067,"15":0,"16":0,"17":0,"18":0,"19":0,"20":0,"21":0,"22":0,"23":0,"24":0,"25":0,"26":0,"27":0,"28":0,"29":0,"30":0,"31":0,"32":0,"33":0,"34":0,"35":0,"36":0,"37":0.012134,"38":0,"39":0,"40":0,"41":0,"42":0,"43":0,"44":0.006067,"45":0,"46":0,"47":0,"48":0,"49":0,"50":0,"51":0,"52":0,"53":0.024268,"54":0,"55":0,"56":0.066737,"57":0.048536,"58":0,"60":0.230546,"62":0.412556},"safari":{"3.1":0,"3.2":0,"4":0.012134,"5":0,"5.1":0.006067,"6":0,"6.1":0,"7":0,"7.1":0,"8":0,"9":0.066737,"9.1":0.024268,"10":0,"10.1":0.030335,"11":0.006067,"11.1":0.030335,"12":0.127407,"12.1":0.649169,"13":0.012134,"0":null},"ios_saf":{"3.2":0,"4.0-4.1":0,"4.2-4.3":0,"5.0-5.1":0.0070711351514542,"6.0-6.1":0.0028284540605817,"7.0-7.1":0.0098995892120358,"8":0,"8.1-8.4":0.014142270302908,"9.0-9.2":0.012020929757472,"9.3":0.11879507054443,"10.0-10.2":0.049497946060179,"10.3":0.13010888678676,"11.0-11.2":0.14354404357452,"11.3-11.4":0.27506715739157,"12.0-12.1":0.55932679048002,"12.2-12.3":5.7042847266781,"13":null},"android":{"2.1":0,"2.2":0,"2.3":0.0014597010816126,"3":0.0047440285152409,"4":0.022990292035398,"4.1":0.035762676499508,"4.2-4.3":0.14560518289086,"4.4":0,"4.4.3-4.4.4":0.16056711897738,"67":null},"ie":{"5.5":0,"6":0.01277991634981,"7":0.019169874524715,"8":0.17252887072243,"9":0.076679498098859,"10":0.21725857794677,"11":1.1821422623574},"edge":{"12":0.285149,"13":0.12134,"14":0.145608,"15":0.06067,"16":0.18201,"17":1.225534,"18":0.388288,"76":null},"op_mob":{"10":null,"11":null,"11.1":null,"11.5":null,"12":null,"12.1":null,"0":null},"samsung":{"4":0.41840646428571,"5.0-5.4":0.24492085714286,"6.2-6.4":0.081640285714286,"7.2-7.4":0.61230214285714,"8.2":0.17348560714286,"9.2":5.0412876428571},"ie_mob":{"10":0.010488,"11":0.05244},"bb":{"7":0,"10":0.318573},"kaios":{"2.5":0},"baidu":{"0":null},"and_ff":{"0":0.428697},"and_uc":{"0":2.603646},"and_qq":{"1.2":0.302841},"op_mini":{"0":0.71863748969072},"and_chr":{"0":39.948676}},"total":92.614106489691}