{"id":"SC","name":"Seychelles","month":"2019-03","access_date":"2019-04-14","data":{"chrome":{"4":0,"5":0,"6":0,"7":0,"8":0,"9":0,"10":0,"11":0,"12":0.020172,"13":0.080688,"14":0,"15":0,"16":0,"17":0,"18":0,"19":0,"20":0,"21":0,"22":0,"23":0.006724,"24":0,"25":0,"26":0,"27":0,"28":0,"29":0.020172,"30":0,"31":0.006724,"32":0,"33":0,"34":0.020172,"35":0,"36":0,"37":0,"38":0.03362,"39":0.006724,"40":0.410164,"41":0.03362,"42":0,"43":0.013448,"44":0.006724,"45":0,"46":0.006724,"47":0.006724,"48":0.080688,"49":0.416888,"50":0,"51":0.006724,"52":0.006724,"53":0,"54":0.006724,"55":0.06724,"56":0.040344,"57":0.020172,"58":0.161376,"59":0.026896,"60":0.154652,"61":0.484128,"62":1.062392,"63":1.418764,"64":0.968256,"65":0.712744,"66":0.161376,"67":0.047068,"68":0.03362,"69":0.349648,"70":0.094136,"71":0.248788,"72":13.932128,"73":4.484908,"74":0.020172,"75":0.006724,"76":0},"firefox":{"2":0,"3":0.013448,"3.5":0,"3.6":0.006724,"4":0.020172,"5":0.013448,"6":0.020172,"7":0,"8":0,"9":0,"10":0,"11":0,"12":0,"13":0.006724,"14":0,"15":0,"16":0,"17":0,"18":0,"19":0,"20":0.006724,"21":0,"22":0,"23":0,"24":0.03362,"25":0,"26":0,"27":0,"28":0,"29":0.006724,"30":0,"31":0.020172,"32":0,"33":0,"34":0,"35":0.20172,"36":0.013448,"37":0,"38":0.060516,"39":0,"40":0,"41":0,"42":0,"43":0.006724,"44":0,"45":0.121032,"46":0.020172,"47":0.060516,"48":0.020172,"49":0.013448,"50":0.020172,"51":0.006724,"52":0.591712,"53":0,"54":0.006724,"55":0,"56":0.161376,"57":0.463956,"58":0.060516,"59":0.121032,"60":3.778888,"61":0.020172,"62":0.047068,"63":0.040344,"64":0.060516,"65":3.859576,"66":1.116184,"67":0.114308,"68":0},"opera":{"9":0,"9.5-9.6":0,"10.0-10.1":0,"10.5":0,"10.6":0,"11":0,"11.1":0,"11.5":0,"11.6":0,"12":0,"12.1":0.013448,"15":0,"16":0,"17":0,"18":0,"19":0,"20":0,"21":0,"22":0,"23":0,"24":0,"25":0,"26":0,"27":0,"28":0,"29":0,"30":0,"31":0,"32":0,"33":0,"34":0,"35":0,"36":0,"37":0.006724,"38":0.006724,"39":0,"40":0,"41":0,"42":0,"43":0,"44":0,"45":0,"46":0,"47":0,"48":0,"49":0.03362,"50":0.141204,"51":0.121032,"52":0.006724,"53":0,"54":0,"55":0,"56":0.006724,"57":0.03362,"58":0.430336},"safari":{"3.1":0,"3.2":0,"4":0.013448,"5":0,"5.1":0.013448,"6":0,"6.1":0,"7":0,"7.1":0.03362,"8":0.060516,"9":0.006724,"9.1":0.006724,"10":0.020172,"10.1":0.154652,"11":0.107584,"11.1":0.073964,"12":0.457232,"12.1":0.053792,"0":null},"ios_saf":{"3.2":0.0030719391391391,"4.0-4.1":0.0015359695695696,"4.2-4.3":0.0015359695695696,"5.0-5.1":0.0084478326326326,"6.0-6.1":0.0038399239239239,"7.0-7.1":0.015359695695696,"8":0.10290996116116,"8.1-8.4":0.033023345745746,"9.0-9.2":0.020735589189189,"9.3":0.14975703303303,"10.0-10.2":0.082942356756757,"10.3":0.20044402882883,"11.0-11.2":0.25420296376376,"11.3-11.4":0.54603718198198,"12.0-12.1":6.1615419283283,"12.2":0.086782280680681},"android":{"2.1":0.0038306734486267,"2.2":0.0082997924720244,"2.3":0.00574601017294,"3":0.00063844557477111,"4":0.090659271617497,"4.1":0.049160309257375,"4.2-4.3":0.18323387995931,"4.4":0,"4.4.3-4.4.4":0.28602361749746,"67":null},"ie":{"5.5":0,"6":0.028582017910448,"7":0.057164035820896,"8":0.54305834029851,"9":0.22865614328358,"10":0.10718256716418,"11":1.4291008955224},"edge":{"12":0.295856,"13":0.329476,"14":0.215168,"15":0.073964,"16":0.194996,"17":0.833776,"18":0.094136},"op_mob":{"10":null,"11":null,"11.1":null,"11.5":null,"12":null,"12.1":null,"0":null},"samsung":{"4":0.61463305122494,"5.0-5.4":0.04097553674833,"6.2-6.4":0.54292586191537,"7.2-7.4":0.43024313585746,"8.2":2.489263857461,"9.2":0.48146255679287},"ie_mob":{"10":0,"11":0.03276},"bb":{"7":0.0013104,"10":0.0052416},"kaios":{"2.5":0},"baidu":{"0":null},"and_ff":{"0":0.799344},"and_uc":{"0":1.42506},"and_qq":{"1.2":0.0819},"op_mini":{"0":0.59859049484536},"and_chr":{"0":34.639372}},"total":93.536614494845}