{"id":"SC","name":"Seychelles","month":"2014-11","access_date":"2014-12-01","data":{"chrome":{"4":0.013464,"5":0.026928,"6":0.020196,"7":null,"8":null,"9":null,"10":null,"11":0.020196,"12":0.060588,"13":0.013464,"14":0.013464,"15":0.10098,"16":0.006732,"17":0.006732,"18":0.013464,"19":0.013464,"20":0.040392,"21":null,"22":0.026928,"23":null,"24":0.020196,"25":0.006732,"26":0.040392,"27":0.080784,"28":0.60588,"29":0.040392,"30":0.060588,"31":0.700128,"32":0.262548,"33":0.861696,"34":0.154836,"35":0.410652,"36":0.935748,"37":0.94248,"38":17.785944,"39":5.567364,"40":0.646272,"41":0.424116,"42":null},"firefox":{"2":null,"3":0.03366,"3.5":0.013464,"3.6":0.053856,"4":0.013464,"5":0.06732,"6":0.013464,"7":null,"8":0.020196,"9":0.047124,"10":0.026928,"11":0.121176,"12":0.161568,"13":0.074052,"14":0.255816,"15":0.026928,"16":0.053856,"17":0.020196,"18":0.107712,"19":0.080784,"20":0.020196,"21":0.040392,"22":0.154836,"23":0.074052,"24":0.107712,"25":0.013464,"26":0.074052,"27":1.366596,"28":0.080784,"29":0.228888,"30":0.30294,"31":0.693396,"32":1.662804,"33":10.966428,"34":1.292544,"35":null,"36":0.094248},"opera":{"9":null,"9.5-9.6":null,"10.0-10.1":0,"10.5":null,"10.6":null,"11":null,"11.1":null,"11.5":null,"11.6":null,"12":null,"12.1":0.13464,"15":0.006732,"16":0.013464,"17":null,"18":null,"19":null,"20":0.006732,"21":0.020196,"22":null,"23":null,"24":null,"25":0.552024,"26":0.228888,"27":null,"28":null},"android":{"2.1":0,"2.2":0.0148405106041,"2.3":0.207767148457,"3":0.0065957824907,"4":0.428725861896,"4.1":1.40160377927,"4.2-4.3":1.95729845412,"4.4":3.01509707106,"4.4.3-4.4.4":1.1707513921,"37":0},"safari":{"3.1":null,"3.2":null,"4":0.013464,"5":0.080784,"5.1":0.3366,"6":0.074052,"6.1":0.249084,"7":0.457776,"7.1":0.262548,"8":0.63954},"ios_saf":{"3.2":0,"4.0-4.1":0,"4.2-4.3":0,"5.0-5.1":0.0237963233377,"6.0-6.1":0.107266503661,"7.0-7.1":1.29525218413,"8":0.491668649885,"8.1":1.73237233898},"op_mob":{"10":0,"11":0,"11.1":0,"11.5":0,"12":0.00956927263531,"12.1":0.0478463631765,"0":null},"ie":{"5.5":null,"6":0.049871755102,"7":0.0641208279883,"8":3.40552841983,"9":1.21117119534,"10":2.40096878134,"11":7.53063502041},"bb":{"7":0.120916,"10":null},"ie_mob":{"10":0.88909208,"11":null},"and_chr":{"0":6.600964},"and_ff":{"0":0.35948},"and_uc":{"0":5.428148},"op_mini":{"5.0-8.0":2.64522036419}},"total":93.98172808}