{"id":"SD","name":"Sudan","month":"2022-01","access_date":"2022-02-02","data":{"firefox":{"2":null,"3":0.00321,"3.5":null,"3.6":null,"4":null,"5":null,"6":null,"7":null,"8":null,"9":null,"10":null,"11":null,"12":null,"13":null,"14":null,"15":null,"16":null,"17":null,"18":0.0016,"19":null,"20":null,"21":0.0016,"22":null,"23":null,"24":null,"25":0.00481,"26":null,"27":null,"28":null,"29":null,"30":0.01282,"31":null,"32":0.00321,"33":0.00481,"34":null,"35":0.00481,"36":0.00802,"37":0.00321,"38":0.00802,"39":0.00321,"40":0.00321,"41":0.00481,"42":0.00321,"43":0.01603,"44":0.01282,"45":0.00641,"46":null,"47":0.01924,"48":0.01924,"49":0.00962,"50":0.00321,"51":null,"52":0.04649,"53":null,"54":0.00321,"55":null,"56":0.00962,"57":0.0016,"58":null,"59":null,"60":0.0016,"61":0.00321,"62":0.0016,"63":0.0016,"64":0.0016,"65":0.0016,"66":0.00802,"67":null,"68":0.00641,"69":0.00641,"70":0.00481,"71":null,"72":0.01924,"73":null,"74":0.00321,"75":null,"76":0.0016,"77":null,"78":0.01443,"79":null,"80":0.00481,"81":0.00481,"82":null,"83":0.0016,"84":0.00802,"85":0.00641,"86":0.00321,"87":0.00481,"88":0.00962,"89":0.02725,"90":0.00802,"91":0.04008,"92":0.01122,"93":0.01603,"94":0.02885,"95":1.02752,"96":1.01791,"97":0.02244,"98":null},"chrome":{"4":null,"5":null,"6":null,"7":null,"8":null,"9":null,"10":null,"11":null,"12":null,"13":null,"14":null,"15":null,"16":null,"17":null,"18":null,"19":null,"20":null,"21":null,"22":0.0016,"23":0.0016,"24":null,"25":0.0016,"26":0.00481,"27":null,"28":null,"29":0.00481,"30":null,"31":null,"32":0.00481,"33":0.00802,"34":0.0016,"35":null,"36":null,"37":0.00481,"38":0.0016,"39":null,"40":0.01122,"41":null,"42":null,"43":0.07053,"44":null,"45":0.00641,"46":0.0016,"47":0.00321,"48":0.0016,"49":0.00481,"50":0.01122,"51":0.0016,"52":0.00481,"53":0.00802,"54":0.0016,"55":0.00802,"56":0.00641,"57":0.00802,"58":0.00962,"59":0.0016,"60":0.00321,"61":0.01603,"62":0.00321,"63":0.02244,"64":0.00641,"65":0.00321,"66":0.00641,"67":0.00802,"68":0.00641,"69":0.01443,"70":0.01603,"71":0.02084,"72":0.01443,"73":0.0016,"74":0.01122,"75":0.06733,"76":0.00802,"77":0.00641,"78":0.02885,"79":0.03527,"80":0.03046,"81":0.02405,"83":0.03527,"84":0.00962,"85":0.03046,"86":0.06091,"87":0.15389,"88":0.04168,"89":0.03687,"90":0.04649,"91":0.1042,"92":0.109,"93":0.07374,"94":0.13465,"95":0.03206,"96":2.23619,"97":5.1296,"98":0.00641,"99":0.00321,"100":0.00321,"101":null},"opera":{"9":null,"9.5-9.6":null,"10.0-10.1":0,"10.5":null,"10.6":0.0016,"11":null,"11.1":null,"11.5":0.00802,"11.6":null,"12":null,"12.1":0.00481,"15":null,"16":null,"17":null,"18":0.00481,"19":null,"20":null,"21":null,"22":0.0016,"23":null,"24":null,"25":null,"26":null,"27":null,"28":0.00481,"29":null,"30":null,"31":null,"32":null,"33":null,"34":null,"35":null,"36":0.0016,"37":null,"38":0.0016,"39":null,"40":null,"41":null,"42":0.00641,"43":null,"44":null,"45":null,"46":null,"47":null,"48":null,"49":null,"50":null,"51":null,"52":null,"53":null,"54":null,"55":null,"56":null,"57":null,"58":null,"60":null,"62":null,"63":null,"64":null,"65":0.00321,"66":null,"67":null,"68":null,"69":null,"70":0.00321,"71":0.00321,"72":0.00321,"73":0.00321,"74":0.00321,"75":0.00321,"76":0.00481,"77":0.00481,"78":0.00321,"79":0.02405,"80":0.01282,"81":0.00802,"82":0.75341,"83":0.04649},"edge":{"12":0.02885,"13":0.01282,"14":0.02885,"15":0.00641,"16":0.01924,"17":0.03206,"18":0.09458,"79":null,"80":null,"81":null,"83":0.00321,"84":0.02084,"85":0.00641,"86":0.00321,"87":0.00321,"88":null,"89":0.01603,"90":0.01122,"91":0.00321,"92":0.02084,"93":0.01763,"94":0.01282,"95":0.00962,"96":0.35587,"97":0.6412},"safari":{"3.1":null,"3.2":null,"4":0,"5":null,"5.1":0.00962,"6":null,"6.1":null,"7":null,"7.1":null,"8":null,"9":null,"9.1":0.00481,"10":null,"10.1":0.0016,"11":0.0016,"11.1":0.00321,"12":0.00321,"12.1":0.01122,"13":0.00962,"13.1":0.08015,"14":0.03046,"14.1":0.1619,"15":0.02565,"15.1":0.03366,"15.2-15.3":0.0529,"15.4":null,"0":null},"ios_saf":{"3.2":0,"4.0-4.1":0,"4.2-4.3":0.00243,"5.0-5.1":0.00121,"6.0-6.1":0.00425,"7.0-7.1":0.01274,"8":0,"8.1-8.4":0.00182,"9.0-9.2":0,"9.3":0.04306,"10.0-10.2":0.0097,"10.3":0.04063,"11.0-11.2":0.04124,"11.3-11.4":0.04184,"12.0-12.1":0.05397,"12.2-12.5":0.66466,"13.0-13.1":0.06974,"13.2":0.0188,"13.3":0.08248,"13.4-13.7":0.19467,"14.0-14.4":1.06189,"14.5-14.8":1.31477,"15.0-15.1":1.2141,"15.2-15.3":1.18863,"15.4":0},"samsung":{"4":1.00955,"5.0-5.4":0.08076,"6.2-6.4":0.09086,"7.2-7.4":0.42401,"8.2":0.03045,"9.2":0.10095,"10.1":0.04038,"11.1-11.2":0.30286,"12.0":0.10095,"13.0":0.26248,"14.0":0.53506,"15.0":0.35334,"16.0":1.14079},"android":{"2.1":0,"2.2":0,"2.3":0,"3":0,"4":0,"4.1":0.00557,"4.2-4.3":0.02704,"4.4":0,"4.4.3-4.4.4":0.11014,"0":0},"ie":{"5.5":null,"6":null,"7":null,"8":0.04297,"9":0.00716,"10":null,"11":0.28649},"op_mob":{"10":null,"11":null,"11.1":null,"11.5":null,"12":null,"12.1":null,"0":null},"bb":{"7":0,"10":0},"ie_mob":{"10":null,"11":0.12452},"and_qq":{"10.4":0.01679},"and_uc":{"0":1.88093},"op_mini":{"0":9.00705},"and_chr":{"0":62.69944},"kaios":{"2.5":0.01679},"baidu":{"0":null},"and_ff":{"0":0.17634}},"total":98.9627}