{"id":"SD","name":"Sudan","month":"2015-03","access_date":"2015-04-01","data":{"chrome":{"4":0.035464,"5":0.057288,"6":0.024552,"7":0.01364,"8":0.049104,"9":0.084568,"10":0.060016,"11":0.087296,"12":0.046376,"13":0.024552,"14":0.021824,"15":0.01364,"16":0.030008,"17":0.060016,"18":0.046376,"19":0.060016,"20":0.035464,"21":0.043648,"22":0.128216,"23":0.120032,"24":0.05456,"25":0.106392,"26":0.1364,"27":0.141856,"28":0.19096,"29":0.174592,"30":0.111848,"31":0.264616,"32":0.1364,"33":0.321904,"34":0.160952,"35":0.152768,"36":0.64108,"37":0.2046,"38":0.253704,"39":0.673816,"40":2.75528,"41":0.58652,"42":0.021824,"43":0.01364,"44":0},"firefox":{"2":0.005456,"3":0.038192,"3.5":0.016368,"3.6":0.117304,"4":0.035464,"5":0.02728,"6":0.016368,"7":0.019096,"8":0.038192,"9":0.043648,"10":0.060016,"11":0.0682,"12":0.090024,"13":0.038192,"14":0.065472,"15":0.049104,"16":0.087296,"17":0.060016,"18":0.073656,"19":0.065472,"20":0.062744,"21":0.04092,"22":0.032736,"23":0.12276,"24":0.043648,"25":0.05456,"26":0.062744,"27":0.057288,"28":0.049104,"29":0.114576,"30":0.199144,"31":0.128216,"32":0.166408,"33":0.237336,"34":0.319176,"35":2.654344,"36":6.045248,"37":0.540144,"38":0.010912,"39":0.010912},"opera":{"9":0,"9.5-9.6":0,"10.0-10.1":0.002728,"10.5":0.008184,"10.6":0.010912,"11":0.005456,"11.1":0.010912,"11.5":0.133672,"11.6":0.035464,"12":0.02728,"12.1":0.229152,"15":0.008184,"16":0.005456,"17":0.008184,"18":0.035464,"19":0.01364,"20":0.016368,"21":0.010912,"22":0.01364,"23":0.008184,"24":0.010912,"25":0.016368,"26":0.046376,"27":0.19096,"28":0.357368,"29":0.005456},"safari":{"3.1":0,"3.2":0,"4":0.005456,"5":0.016368,"5.1":0.049104,"6":0.010912,"6.1":0.005456,"7":0.02728,"7.1":0.032736,"8":0.065472},"android":{"2.1":0,"2.2":0,"2.3":0.209243740786,"3":0,"4":0.463801412697,"4.1":1.60331350424,"4.2-4.3":2.77881018814,"4.4":4.76196105622,"4.4.3-4.4.4":2.29635009792,"37":0},"ios_saf":{"3.2":0,"4.0-4.1":0,"4.2-4.3":0,"5.0-5.1":0.00908177697335,"6.0-6.1":0.0229108464555,"7.0-7.1":0.362239058824,"8":0.0726542157868,"8.1":1.58580210196},"op_mob":{"10":0,"11":0,"11.1":0,"11.5":0,"12":0.00817961924051,"12.1":0.032718476962,"0":0.204490481013},"ie":{"5.5":0,"6":0.0469669985007,"7":0.0580180569715,"8":0.917237853073,"9":0.447567868066,"10":0.417177457271,"11":1.75988106147,"0":null},"ie_mob":{"10":0.05998592,"11":0.15090208},"bb":{"7":0.00909,"10":null},"and_uc":{"0":5.74488},"op_mini":{"5.0-8.0":32.0641074228},"and_chr":{"0":7.708408},"and_ff":{"0":0.305424}},"total":85.6387632954}