{"id":"SD","name":"Sudan","month":"2015-04","access_date":"2015-05-02","data":{"chrome":{"4":0.025663,"5":0.062991,"6":0.018664,"7":0.013998,"8":0.027996,"9":0.081655,"10":0.060658,"11":0.09332,"12":0.055992,"13":0.02333,"14":0.018664,"15":0.013998,"16":0.027996,"17":0.048993,"18":0.055992,"19":0.067657,"20":0.037328,"21":0.030329,"22":0.109651,"23":0.121316,"24":0.053659,"25":0.111984,"26":0.130648,"27":0.128315,"28":0.146979,"29":0.156311,"30":0.125982,"31":0.237966,"32":0.107318,"33":0.27996,"34":0.135314,"35":0.135314,"36":0.538923,"37":0.132981,"38":0.207637,"39":0.492263,"40":0.923868,"41":0.940199,"42":0.205304,"43":0.030329,"44":0.006999,"45":0},"firefox":{"2":0.004666,"3":0.044327,"3.5":0.027996,"3.6":0.11665,"4":0.032662,"5":0.027996,"6":0.020997,"7":0.018664,"8":0.037328,"9":0.037328,"10":0.062991,"11":0.051326,"12":0.104985,"13":0.044327,"14":0.074656,"15":0.041994,"16":0.065324,"17":0.055992,"18":0.072323,"19":0.060658,"20":0.053659,"21":0.037328,"22":0.055992,"23":0.111984,"24":0.032662,"25":0.058325,"26":0.053659,"27":0.076989,"28":0.034995,"29":0.102652,"30":0.179641,"31":0.111984,"32":0.144646,"33":0.193639,"34":0.200638,"35":0.422273,"36":1.91306,"37":4.582012,"38":0.515593,"39":0.009332,"40":0.004666},"opera":{"9":0,"9.5-9.6":0.002333,"10.0-10.1":0.002333,"10.5":0.002333,"10.6":0.009332,"11":0.006999,"11.1":0.006999,"11.5":0.135314,"11.6":0.037328,"12":0.02333,"12.1":0.223968,"15":0.009332,"16":0.004666,"17":0.004666,"18":0.025663,"19":0.013998,"20":0.013998,"21":0.009332,"22":0.011665,"23":0.011665,"24":0.009332,"25":0.009332,"26":0.032662,"27":0.018664,"28":0.557587,"29":0.032662},"safari":{"3.1":0,"3.2":0,"4":0.002333,"5":0.006999,"5.1":0.032662,"6":0.004666,"6.1":0.004666,"7":0.011665,"7.1":0.016331,"8":0.048993},"android":{"2.1":0,"2.2":0,"2.3":0.22281826878,"3":0,"4":0.425742049276,"4.1":1.6048220549,"4.2-4.3":2.93244757305,"4.4":4.386071517,"4.4.3-4.4.4":1.97485953699,"40":null},"ios_saf":{"3.2":0,"4.0-4.1":0,"4.2-4.3":0,"5.0-5.1":0.00733252887996,"6.0-6.1":0.0186133425414,"7.0-7.1":0.278824110999,"8":0.0486955123054,"8.1-8.3":1.51820950527},"op_mob":{"10":0,"11":0,"11.1":0,"11.5":0,"12":0.0121699955626,"12.1":0.0486799822504,"0":0.243399911252},"ie":{"5.5":0,"6":0.0518693013699,"7":0.0589423879203,"8":0.983159030511,"9":0.447962148194,"10":0.410239019925,"11":1.79656398381,"0":null},"ie_mob":{"10":0.0573788387097,"11":0.16496416129},"bb":{"7":0.00575025,"10":null},"and_uc":{"0":6.355943},"op_mini":{"5.0-8.0":38.0920861109},"and_chr":{"0":8.37032},"and_ff":{"0":0.207009}},"total":88.1920441217}