{"id":"SD","name":"Sudan","month":"2017-07","access_date":"2017-08-04","data":{"chrome":{"4":0.015084,"5":0.003352,"6":0.005028,"7":0.001676,"8":0.003352,"9":0.00838,"10":0.005028,"11":0.035196,"12":0.003352,"13":0.001676,"14":0.003352,"15":0.001676,"16":0.003352,"17":0.001676,"18":0.003352,"19":0.018436,"20":0.00838,"21":0.010056,"22":0.020112,"23":0.00838,"24":0.005028,"25":0.006704,"26":0.02514,"27":0.026816,"28":0.01676,"29":0.105588,"30":0.030168,"31":0.043576,"32":0.02514,"33":0.088828,"34":0.006704,"35":0.005028,"36":0.036872,"37":0.003352,"38":0.026816,"39":0.011732,"40":0.021788,"41":0.005028,"42":0.00838,"43":0.49442,"44":0.011732,"45":0.045252,"46":0.021788,"47":0.010056,"48":0.023464,"49":0.068716,"50":0.038548,"51":0.0419,"52":0.011732,"53":0.021788,"54":0.011732,"55":0.20112,"56":0.060336,"57":0.090504,"58":0.206148,"59":3.031884,"60":0.065364,"61":0.021788,"62":0,"63":0},"firefox":{"2":0.001676,"3":0.090504,"3.5":0.001676,"3.6":0.011732,"4":0.006704,"5":0.00838,"6":0.011732,"7":0.003352,"8":0.00838,"9":0.006704,"10":0.005028,"11":0.018436,"12":0.018436,"13":0.003352,"14":0.006704,"15":0.010056,"16":0.020112,"17":0.015084,"18":0.006704,"19":0.010056,"20":0.00838,"21":0.006704,"22":0.015084,"23":0.010056,"24":0.005028,"25":0.00838,"26":0.015084,"27":0.005028,"28":0.006704,"29":0.013408,"30":0.030168,"31":0.010056,"32":0.013408,"33":0.021788,"34":0.01676,"35":0.020112,"36":0.021788,"37":0.018436,"38":0.026816,"39":0.028492,"40":0.035196,"41":0.0419,"42":0.040224,"43":0.164248,"44":0.05866,"45":0.065364,"46":0.026816,"47":0.286596,"48":0.112292,"49":0.090504,"50":0.055308,"51":0.07542,"52":0.467604,"53":0.25978,"54":4.320728,"55":0.288272,"56":0.001676,"57":0},"opera":{"9":0,"9.5-9.6":0,"10.0-10.1":0,"10.5":0,"10.6":0.003352,"11":0.001676,"11.1":0,"11.5":0.026816,"11.6":0.005028,"12":0.003352,"12.1":0.043576,"15":0.001676,"16":0.001676,"17":0,"18":0.003352,"19":0.001676,"20":0.00838,"21":0.001676,"22":0.001676,"23":0.003352,"24":0.001676,"25":0.001676,"26":0.001676,"27":0.001676,"28":0.003352,"29":0.001676,"30":0.001676,"31":0.001676,"32":0.001676,"33":0.006704,"34":0.005028,"35":0.010056,"36":0.02514,"37":0.00838,"38":0.005028,"39":0.003352,"40":0.011732,"41":0.005028,"42":0.023464,"43":0.020112,"44":0.011732,"45":0.164248,"46":0.685484,"47":0.003352,"48":0.003352},"safari":{"3.1":0,"3.2":0,"4":0,"5":0.001676,"5.1":0.011732,"6":0,"6.1":0,"7":0.003352,"7.1":0,"8":0.028492,"9":0.011732,"9.1":0.132404,"10":0.060336,"10.1":0.18436,"11":0,"0":null},"ios_saf":{"3.2":0,"4.0-4.1":0,"4.2-4.3":0,"5.0-5.1":0,"6.0-6.1":0,"7.0-7.1":0.012756702803,"8":0,"8.1-8.4":0.00977109150866,"9.0-9.2":0.00678548021434,"9.3":0.134081089035,"10.0-10.2":0.38242966488,"10.3":2.08802797156,"11":null},"android":{"2.1":0,"2.2":0,"2.3":0,"3":0,"4":0,"4.1":0.556890674253,"4.2-4.3":1.42123140825,"4.4":3.82282244097,"4.4.3-4.4.4":2.35518347653,"56":null},"op_mob":{"10":0,"11":0,"11.1":0,"11.5":0,"12":0,"12.1":0,"0":0.0995765578231},"ie":{"5.5":0,"6":0.00508476774194,"7":0.00169492258065,"8":0.242373929032,"9":0.0559324451613,"10":0.0593222903226,"11":0.686443645161},"edge":{"12":0.048604,"13":0.043576,"14":0.15084,"15":null,"16":null},"bb":{"7":0.006243,"10":null},"samsung":{"4":5.610376,"5":null},"ie_mob":{"10":0.0193748275862,"11":0.105485172414},"op_mini":{"0":29.1759314422},"and_chr":{"0":23.40782},"baidu":{"0":null},"and_ff":{"0":0.024972},"and_qq":{"1.2":null},"and_uc":{"0":14.325604}},"total":98.505227}