{"id":"SE","name":"Sweden","month":"2017-07","access_date":"2017-08-04","data":{"chrome":{"4":0,"5":0,"6":0,"7":0,"8":0,"9":0,"10":0,"11":0.005405,"12":0,"13":0,"14":0,"15":0,"16":0,"17":0,"18":0.01081,"19":0,"20":0,"21":0.005405,"22":0.01081,"23":0.005405,"24":0,"25":0.005405,"26":0.005405,"27":0,"28":0,"29":0.01081,"30":0,"31":0.01081,"32":0.005405,"33":0.005405,"34":0.016215,"35":0.005405,"36":0.01081,"37":0.005405,"38":0.03243,"39":0.091885,"40":0.01081,"41":0.01081,"42":0.005405,"43":0.016215,"44":0.027025,"45":0.02162,"46":0.016215,"47":0.016215,"48":0.027025,"49":0.654005,"50":0.09729,"51":0.08648,"52":0.02162,"53":0.027025,"54":0.06486,"55":0.11891,"56":0.210795,"57":0.167555,"58":1.324225,"59":20.73358,"60":0.297275,"61":0.02162,"62":0,"63":0},"firefox":{"2":0,"3":0,"3.5":0,"3.6":0.005405,"4":0,"5":0,"6":0,"7":0,"8":0,"9":0,"10":0,"11":0.005405,"12":0,"13":0,"14":0,"15":0,"16":0.005405,"17":0,"18":0.005405,"19":0,"20":0,"21":0.005405,"22":0,"23":0,"24":0.005405,"25":0,"26":0.005405,"27":0,"28":0.005405,"29":0.005405,"30":0,"31":0.005405,"32":0,"33":0.005405,"34":0.005405,"35":0.005405,"36":0.005405,"37":0.016215,"38":0.02162,"39":0.01081,"40":0.027025,"41":0.016215,"42":0.02162,"43":0.02162,"44":0.005405,"45":0.070265,"46":0.03243,"47":0.037835,"48":0.14053,"49":0.027025,"50":0.04324,"51":0.05405,"52":0.524285,"53":0.17296,"54":4.729375,"55":0.04324,"56":0.005405,"57":0},"opera":{"9":0,"9.5-9.6":0,"10.0-10.1":0,"10.5":0,"10.6":0,"11":0,"11.1":0,"11.5":0,"11.6":0,"12":0,"12.1":0.02162,"15":0,"16":0,"17":0,"18":0,"19":0,"20":0,"21":0,"22":0,"23":0,"24":0,"25":0,"26":0,"27":0,"28":0.005405,"29":0,"30":0,"31":0,"32":0,"33":0,"34":0,"35":0,"36":0.016215,"37":0.005405,"38":0,"39":0.005405,"40":0,"41":0,"42":0,"43":0.005405,"44":0,"45":0.037835,"46":0.48645,"47":0.005405,"48":0.005405},"safari":{"3.1":0,"3.2":0,"4":0.01081,"5":0.02162,"5.1":0.059455,"6":0.005405,"6.1":0.048645,"7":0.016215,"7.1":0.005405,"8":0.11891,"9":0.124315,"9.1":0.50807,"10":0.38916,"10.1":2.578185,"11":0.01081,"0":null},"ios_saf":{"3.2":0,"4.0-4.1":0,"4.2-4.3":0,"5.0-5.1":0,"6.0-6.1":0,"7.0-7.1":0.141145082955,"8":0,"8.1-8.4":0.10811112737,"9.0-9.2":0.0750771717848,"9.3":1.48352491447,"10.0-10.2":4.23134940179,"10.3":23.1027473016,"11":null},"android":{"2.1":0,"2.2":0,"2.3":0,"3":0,"4":0,"4.1":0.0667855476529,"4.2-4.3":0.170442283073,"4.4":0.458454957326,"4.4.3-4.4.4":0.282447211949,"56":null},"op_mob":{"10":0,"11":0,"11.1":0,"11.5":0,"12":0,"12.1":0,"0":0.000562653061224},"ie":{"5.5":0,"6":0.00542470829535,"7":0.00542470829535,"8":0.0759459161349,"9":0.130192999088,"10":0.130192999088,"11":5.6037236691},"edge":{"12":0.037835,"13":0.12972,"14":1.85932,"15":null,"16":null},"bb":{"7":0.0022975,"10":null},"samsung":{"4":5.307225,"5":null},"ie_mob":{"10":0.0156863793103,"11":0.0854036206897},"op_mini":{"0":0.164857346939},"and_chr":{"0":18.729805},"baidu":{"0":null},"and_ff":{"0":0.096495},"and_qq":{"1.2":null},"and_uc":{"0":0.096495}},"total":97.4048925}