{"id":"SG","name":"Singapore","month":"2015-07","access_date":"2015-08-02","data":{"chrome":{"4":0,"5":0,"6":0,"7":0,"8":0,"9":0,"10":0,"11":0.045792,"12":0.005724,"13":0,"14":0,"15":0,"16":0,"17":0,"18":0.005724,"19":0,"20":0.005724,"21":0.011448,"22":0.02862,"23":0.005724,"24":0.005724,"25":0.011448,"26":0.022896,"27":0.022896,"28":0.017172,"29":0.051516,"30":0.022896,"31":0.269028,"32":0.02862,"33":0.097308,"34":0.165996,"35":0.091584,"36":0.177444,"37":0.17172,"38":0.11448,"39":0.25758,"40":0.206064,"41":0.20034,"42":0.4293,"43":20.297304,"44":4.699404,"45":0.137376,"46":0.011448,"47":0},"firefox":{"2":0.005724,"3":0.005724,"3.5":0,"3.6":0.017172,"4":0.005724,"5":0.005724,"6":0.005724,"7":0,"8":0,"9":0.005724,"10":0.011448,"11":0.011448,"12":0.011448,"13":0.005724,"14":0.005724,"15":0.005724,"16":0.022896,"17":0.005724,"18":0.005724,"19":0.005724,"20":0.011448,"21":0.017172,"22":0.005724,"23":0.011448,"24":0.022896,"25":0.011448,"26":0.017172,"27":0.017172,"28":0.017172,"29":0.017172,"30":0.022896,"31":0.240408,"32":0.068688,"33":0.034344,"34":0.045792,"35":0.062964,"36":0.05724,"37":0.131652,"38":1.665684,"39":4.687956,"40":0.097308,"41":0.005724,"42":0.005724},"opera":{"9":0,"9.5-9.6":0,"10.0-10.1":0.005724,"10.5":0,"10.6":0,"11":0.034344,"11.1":0,"11.5":0,"11.6":0,"12":0.017172,"12.1":0.051516,"15":0,"16":0,"17":0,"18":0,"19":0,"20":0,"21":0,"22":0,"23":0,"24":0,"25":0,"26":0,"27":0,"28":0.005724,"29":0.011448,"30":0.31482,"31":0.005724,"32":0},"safari":{"3.1":0,"3.2":0,"4":0.022896,"5":0.08586,"5.1":0.25758,"6":0.05724,"6.1":0.177444,"7":0.217512,"7.1":0.469368,"8":2.094984,"9":0.017172},"android":{"2.1":0,"2.2":0,"2.3":0.06299716328,"3":0,"4":0.197991084594,"4.1":0.678242186482,"4.2-4.3":1.33439445857,"4.4":2.38162002998,"4.4.3-4.4.4":1.0218630771,"40":null},"ios_saf":{"3.2":0,"4.0-4.1":0,"4.2-4.3":0,"5.0-5.1":0.0584946758751,"6.0-6.1":0.240860430074,"7.0-7.1":1.67914128394,"8":0.237419566787,"8.1-8.4":19.7058240433,"9":null},"op_mob":{"10":0,"11":0,"11.1":0,"11.5":0,"12":0.00083439171284,"12.1":0.00250317513852,"0":0.025866143098},"ie":{"5.5":0,"6":0.0115853181818,"7":0.0405486136364,"8":0.932618113636,"9":0.926825454545,"10":0.747253022727,"11":6.51674147727},"bb":{"7":0.045967,"10":null},"ie_mob":{"10":0.0457570178571,"11":0.172318982143},"and_uc":{"0":2.454424},"op_mini":{"5.0-8.0":0.355636290051},"and_chr":{"0":19.775312},"edge":{"0":0.017172},"and_ff":{"0":0.282216}},"total":98.835559}