{"id":"SG","name":"Singapore","month":"2017-04","access_date":"2017-05-03","data":{"chrome":{"4":null,"5":null,"6":null,"7":null,"8":null,"9":null,"10":null,"11":0.012777,"12":null,"13":null,"14":null,"15":null,"16":null,"17":null,"18":0.012777,"19":null,"20":null,"21":null,"22":0.012777,"23":null,"24":null,"25":null,"26":0.008518,"27":0.008518,"28":0.004259,"29":0.021295,"30":0.008518,"31":0.046849,"32":0.017036,"33":0.012777,"34":0.04259,"35":0.017036,"36":0.046849,"37":0.017036,"38":0.029813,"39":0.029813,"40":0.008518,"41":0.038331,"42":0.017036,"43":0.097957,"44":0.072403,"45":0.144806,"46":0.051108,"47":0.055367,"48":0.046849,"49":0.72403,"50":0.140547,"51":0.183137,"52":0.059626,"53":0.123511,"54":0.136288,"55":0.357756,"56":4.327144,"57":18.922737,"58":1.724895,"59":0.051108,"60":0.012777,"61":null},"firefox":{"2":0.008518,"3":0.021295,"3.5":null,"3.6":0.004259,"4":null,"5":null,"6":null,"7":null,"8":null,"9":null,"10":null,"11":null,"12":null,"13":null,"14":null,"15":null,"16":0.012777,"17":0.008518,"18":null,"19":null,"20":null,"21":0.012777,"22":null,"23":null,"24":null,"25":0.008518,"26":null,"27":null,"28":null,"29":0.008518,"30":null,"31":0.008518,"32":null,"33":0.004259,"34":0.012777,"35":null,"36":0.004259,"37":0.017036,"38":0.021295,"39":0.008518,"40":0.012777,"41":0.017036,"42":0.012777,"43":0.051108,"44":0.046849,"45":0.080921,"46":0.012777,"47":0.106475,"48":0.157583,"49":0.046849,"50":0.097957,"51":0.153324,"52":2.870566,"53":0.762361,"54":0.012777,"55":null,"56":null},"opera":{"9":null,"9.5-9.6":null,"10.0-10.1":0,"10.5":null,"10.6":null,"11":null,"11.1":null,"11.5":null,"11.6":null,"12":null,"12.1":0.012777,"15":null,"16":null,"17":null,"18":null,"19":null,"20":null,"21":null,"22":null,"23":null,"24":null,"25":null,"26":null,"27":null,"28":0.025554,"29":null,"30":null,"31":null,"32":null,"33":null,"34":null,"35":null,"36":0.012777,"37":0.017036,"38":0.008518,"39":null,"40":null,"41":null,"42":0.008518,"43":0.272576,"44":0.161842,"45":0.008518,"46":0.008518},"safari":{"3.1":null,"3.2":null,"4":0.008518,"5":0.012777,"5.1":0.046849,"6":0.008518,"6.1":0.038331,"7":0.025554,"7.1":null,"8":0.157583,"9":0.149065,"9.1":0.451454,"10":0.983829,"10.1":1.039196,"0":null},"ios_saf":{"3.2":0,"4.0-4.1":0,"4.2-4.3":0,"5.0-5.1":0,"6.0-6.1":0,"7.0-7.1":0.203650699872,"8":0,"8.1-8.4":0.179799717004,"9.0-9.2":0.0678835666241,"9.3":1.09347582995,"10.0-10.2":9.15327334832,"10.3":6.40435583824},"android":{"2.1":0,"2.2":0,"2.3":0,"3":0,"4":0.0224669294725,"4.1":0.0802390338303,"4.2-4.3":0.211189137041,"4.4":0.51930702695,"4.4.3-4.4.4":0.286292872706,"56":null},"op_mob":{"10":0,"11":0,"11.1":0,"11.5":0,"12":0,"12.1":0,"0":0.00771407095344},"ie":{"5.5":null,"6":0.0043910973262,"7":0.00878219465241,"8":0.153688406417,"9":0.158079503743,"10":0.188817185027,"11":3.57874432086},"edge":{"12":0.029813,"13":0.093698,"14":1.418247,"15":null},"bb":{"7":0.987452,"10":null},"ie_mob":{"10":0.017223,"11":0.063151},"op_mini":{"0":1.73180892905},"and_chr":{"0":20.474594},"and_ff":{"0":0.063151},"and_qq":{"1.2":null},"samsung":{"0":5.68359},"and_uc":{"0":6.917905}},"total":95.510239708}