{"id":"SG","name":"Singapore","month":"2019-12","access_date":"2020-01-03","data":{"chrome":{"4":0,"5":0,"6":0,"7":0,"8":0,"9":0,"10":0,"11":0,"12":0,"13":0,"14":0,"15":0,"16":0,"17":0,"18":0,"19":0,"20":0,"21":0,"22":0,"23":0,"24":0,"25":0,"26":0.00408,"27":0,"28":0,"29":0,"30":0,"31":0,"32":0,"33":0,"34":0.02856,"35":0,"36":0,"37":0,"38":0.05712,"39":0,"40":0.00408,"41":0.00408,"42":0,"43":0.00408,"44":0,"45":0,"46":0,"47":0,"48":0.00408,"49":0.19176,"50":0,"51":0.00408,"52":0.00408,"53":0.05304,"54":0.00408,"55":0.01224,"56":0.00408,"57":0.00816,"58":0.00816,"59":0.00408,"60":0.00816,"61":0.01632,"62":0.01224,"63":0.10608,"64":0.00408,"65":0.02856,"66":0.02856,"67":0.03672,"68":0.0204,"69":0.05304,"70":0.07344,"71":0.08568,"72":0.04488,"73":0.0816,"74":0.0612,"75":0.09384,"76":0.09792,"77":0.19176,"78":5.67528,"79":4.39008,"80":0.01224,"81":0.00408},"firefox":{"2":0.00408,"3":0,"3.5":0,"3.6":0,"4":0,"5":0,"6":0,"7":0,"8":0,"9":0,"10":0,"11":0,"12":0,"13":0,"14":0,"15":0,"16":0,"17":0,"18":0,"19":0,"20":0,"21":0.0204,"22":0,"23":0,"24":0,"25":0,"26":0,"27":0,"28":0,"29":0,"30":0,"31":0.00408,"32":0,"33":0,"34":0.00408,"35":0,"36":0.00816,"37":0,"38":0,"39":0,"40":0,"41":0,"42":0,"43":0,"44":0.00408,"45":0,"46":0,"47":0,"48":0.00816,"49":0,"50":0,"51":0,"52":0.01224,"53":0,"54":0,"55":0,"56":0.01224,"57":0,"58":0.00408,"59":0,"60":0.00816,"61":0,"62":0.00408,"63":0.00816,"64":0.00816,"65":0.00408,"66":0.01224,"67":0.00816,"68":0.1428,"69":0.01224,"70":0.19176,"71":0.612,"72":0.00816,"73":0},"opera":{"9":0,"9.5-9.6":0,"10.0-10.1":0,"10.5":0,"10.6":0,"11":0,"11.1":0,"11.5":0,"11.6":0,"12":0,"12.1":0.04896,"15":0,"16":0,"17":0,"18":0,"19":0,"20":0,"21":0,"22":0,"23":0,"24":0,"25":0,"26":0,"27":0,"28":0,"29":0,"30":0,"31":0,"32":0,"33":0,"34":0,"35":0,"36":0.00408,"37":0.04896,"38":0,"39":0,"40":0.00408,"41":0,"42":0,"43":0,"44":0,"45":0.0408,"46":0.02856,"47":0,"48":0,"49":0,"50":0,"51":0,"52":0,"53":0,"54":0,"55":0.00816,"56":0,"57":0,"58":0.00408,"60":0,"62":0,"63":0,"64":0.00408},"safari":{"3.1":0,"3.2":0,"4":0,"5":0,"5.1":0.03672,"6":0,"6.1":0,"7":0,"7.1":0,"8":0.01224,"9":0.00408,"9.1":0.01224,"10":0.00816,"10.1":0.04488,"11":0.0204,"11.1":0.06936,"12":0.06528,"12.1":0.204,"13":1.13424,"0":null},"ios_saf":{"3.2":0.010536669666967,"4.0-4.1":0.0052683348334833,"4.2-4.3":0,"5.0-5.1":0.01580500450045,"6.0-6.1":0.0052683348334833,"7.0-7.1":0.018439171917192,"8":0.0026341674167417,"8.1-8.4":0.034244176417642,"9.0-9.2":0.0316100090009,"9.3":0.33453926192619,"10.0-10.2":0.11590336633663,"10.3":0.37405177317732,"11.0-11.2":0.316100090009,"11.3-11.4":0.56371182718272,"12.0-12.1":0.80605522952295,"12.2-12.4":5.7056066246625,"13.0-13.1":8.2844565256526,"13.2":3.7721277407741,"13.3":5.9426816921692},"android":{"2.1":0,"2.2":0.00038516431924883,"2.3":0.00038516431924883,"3":0.00057774647887324,"4":0.0025035680751174,"4.1":0.0044293896713615,"4.2-4.3":0.09686882629108,"4.4":0,"4.4.3-4.4.4":0.05893014084507,"76":null},"samsung":{"4":0.33506394557823,"5.0-5.4":0.031412244897959,"6.2-6.4":0.01047074829932,"7.2-7.4":0.031412244897959,"8.2":0.031412244897959,"9.2":0.17800272108844,"10.1":3.9998258503401},"edge":{"12":0,"13":0,"14":0.00816,"15":0.00408,"16":0.01632,"17":0.05712,"18":0.57936,"76":null},"op_mob":{"10":null,"11":null,"11.1":null,"11.5":null,"12":null,"12.1":null,"0":null},"ie":{"5.5":0,"6":0,"7":0,"8":0.0084375510204082,"9":0.016875102040816,"10":0.0084375510204082,"11":0.58640979591837},"ie_mob":{"10":0,"11":0},"bb":{"7":0,"10":0.00592},"baidu":{"0":null},"and_ff":{"0":0.40256},"and_uc":{"0":1.82336},"and_qq":{"1.2":0.1184},"kaios":{"2.5":0},"op_mini":{"0":1.1097253608247},"and_chr":{"0":39.94272}},"total":90.239565360825}