{"id":"SH","name":"Saint Helena","month":"2014-11","access_date":"2014-12-01","data":{"chrome":{"4":null,"5":null,"6":null,"7":null,"8":null,"9":null,"10":null,"11":null,"12":null,"13":null,"14":null,"15":null,"16":null,"17":null,"18":0.2346,"19":null,"20":null,"21":null,"22":null,"23":null,"24":null,"25":null,"26":null,"27":null,"28":null,"29":null,"30":null,"31":null,"32":6.304875,"33":0.205275,"34":2.336225,"35":0.41055,"36":0.205275,"37":4.349875,"38":19.989875,"39":7.5854,"40":0.05865,"41":null,"42":null},"firefox":{"2":null,"3":null,"3.5":null,"3.6":0.05865,"4":null,"5":null,"6":null,"7":null,"8":null,"9":null,"10":null,"11":null,"12":null,"13":null,"14":null,"15":null,"16":null,"17":null,"18":null,"19":null,"20":null,"21":null,"22":null,"23":null,"24":null,"25":null,"26":0.146625,"27":null,"28":null,"29":0.1173,"30":0.05865,"31":null,"32":0.68425,"33":11.251025,"34":0.56695,"35":null,"36":null},"opera":{"9":null,"9.5-9.6":null,"10.0-10.1":0,"10.5":null,"10.6":null,"11":null,"11.1":null,"11.5":null,"11.6":null,"12":null,"12.1":0.2346,"15":null,"16":null,"17":null,"18":null,"19":null,"20":null,"21":null,"22":null,"23":null,"24":null,"25":null,"26":null,"27":null,"28":null},"android":{"2.1":0,"2.2":0.00107142426375,"2.3":0.0149999396924,"3":0.000476188561664,"4":0.0309522565082,"4.1":0.101190069354,"4.2-4.3":0.141308955674,"4.4":0.217677696251,"4.4.3-4.4.4":0.0845234696954,"37":0},"safari":{"3.1":null,"3.2":null,"4":0,"5":0.205275,"5.1":0.05865,"6":0.05865,"6.1":null,"7":0.29325,"7.1":0.029325,"8":null},"ios_saf":{"3.2":0,"4.0-4.1":0,"4.2-4.3":0,"5.0-5.1":0.00308751629726,"6.0-6.1":0.013917573463,"7.0-7.1":0.168055887073,"8":0.0637928367265,"8.1":0.224771186441},"op_mob":{"10":0,"11":0,"11.1":0,"11.5":0,"12":0.000314681335357,"12.1":0.00157340667678,"0":null},"ie":{"5.5":null,"6":null,"7":0.654925,"8":12.404475,"9":11.28035,"10":6.6079,"11":11.339},"bb":{"7":0.01479375,"10":null},"ie_mob":{"10":0,"11":null},"and_chr":{"0":1.036125},"and_ff":{"0":null},"and_uc":{"0":null},"op_mini":{"5.0-8.0":0.0869869119879}},"total":99.93606875}