{"id":"SI","name":"Slovenia","month":"2018-07","access_date":"2018-08-03","data":{"chrome":{"4":0,"5":0,"6":0,"7":0,"8":0,"9":0,"10":0,"11":0.006603,"12":0,"13":0,"14":0,"15":0,"16":0,"17":0,"18":0.006603,"19":0,"20":0,"21":0,"22":0.006603,"23":0,"24":0,"25":0,"26":0,"27":0,"28":0,"29":1.657353,"30":0,"31":0.006603,"32":0.006603,"33":0,"34":0.006603,"35":0,"36":0.033015,"37":0.006603,"38":0.019809,"39":0,"40":0,"41":0.033015,"42":0,"43":0.006603,"44":0.006603,"45":0,"46":0.118854,"47":0.006603,"48":0.006603,"49":0.561255,"50":0.006603,"51":0.013206,"52":0.013206,"53":0.006603,"54":0.006603,"55":0.013206,"56":0.033015,"57":0.019809,"58":0.046221,"59":0.019809,"60":0.039618,"61":0.039618,"62":0.039618,"63":0.059427,"64":0.079236,"65":0.178281,"66":0.349959,"67":21.902151,"68":0.515034,"69":0.026412,"70":0,"71":0},"firefox":{"2":0,"3":0,"3.5":0,"3.6":0,"4":0,"5":0,"6":0,"7":0,"8":0,"9":0,"10":0,"11":0,"12":0,"13":0,"14":0,"15":0,"16":0,"17":0.006603,"18":0,"19":0,"20":0,"21":0,"22":0,"23":0,"24":0,"25":0,"26":0,"27":0,"28":0.013206,"29":0,"30":0,"31":0.013206,"32":0.006603,"33":0,"34":0,"35":0,"36":0,"37":0.006603,"38":0.006603,"39":0,"40":0.006603,"41":0.013206,"42":0,"43":0.026412,"44":0.006603,"45":0.026412,"46":0,"47":0.033015,"48":0.059427,"49":0.013206,"50":0.026412,"51":0.013206,"52":0.521637,"53":0.013206,"54":0.013206,"55":0.013206,"56":0.046221,"57":0.052824,"58":0.026412,"59":0.085839,"60":0.739536,"61":6.616206,"62":0.052824,"63":0},"opera":{"9":0,"9.5-9.6":0,"10.0-10.1":0,"10.5":0,"10.6":0,"11":0,"11.1":0,"11.5":0,"11.6":0,"12":0,"12.1":0.013206,"15":0,"16":0,"17":0,"18":0,"19":0,"20":0,"21":0,"22":0,"23":0,"24":0,"25":0,"26":0,"27":0,"28":0.006603,"29":0,"30":0,"31":0,"32":0,"33":0,"34":0,"35":0,"36":0.013206,"37":0,"38":0,"39":0,"40":0,"41":0,"42":0,"43":0,"44":0,"45":0,"46":0,"47":0.013206,"48":0,"49":0,"50":0,"51":0,"52":0,"53":0.224502},"safari":{"3.1":0,"3.2":0,"4":0,"5":0.006603,"5.1":0.013206,"6":0,"6.1":0.006603,"7":0,"7.1":0,"8":0.006603,"9":0.013206,"9.1":0.092442,"10":0.039618,"10.1":0.125457,"11":0.171678,"11.1":0.983847,"12":0.006603,"0":null},"ios_saf":{"3.2":0.00102823679472,"4.0-4.1":0,"4.2-4.3":0.00308471038415,"5.0-5.1":0.0185082623049,"6.0-6.1":0.00822589435774,"7.0-7.1":0.05449655012,"8":0.00822589435774,"8.1-8.4":0.0781459963986,"9.0-9.2":0.0411294717887,"9.3":0.30949927521,"10.0-10.2":0.333148721489,"10.3":0.61899855042,"11.0-11.2":1.32642546519,"11.3-11.4":7.40844610594,"12":0.0688918652461},"android":{"2.1":0,"2.2":0,"2.3":0,"3":0,"4":0,"4.1":0,"4.2-4.3":0.138806561955,"4.4":0.517054443281,"4.4.3-4.4.4":0.338340994764,"67":null},"op_mob":{"10":null,"11":null,"11.1":null,"11.5":null,"12":null,"12.1":null,"0":null},"ie":{"5.5":0,"6":0.00661398668885,"7":0,"8":0.0330699334443,"9":0.0396839201331,"10":0.0529118935108,"11":3.84272626622},"edge":{"12":0.006603,"13":0.019809,"14":0.059427,"15":0.105648,"16":0.237708,"17":1.25457,"18":null},"samsung":{"4":0.423336019763,"5":0.123903225296,"6.2":0.278782256917,"7.2":null},"bb":{"7":0.0047558,"10":0.0190232},"ie_mob":{"10":0.0121725833333,"11":0.133898416667},"op_mini":{"0":0.135074525773},"and_chr":{"0":40.915027},"baidu":{"0":null},"and_ff":{"0":0.176644},"and_qq":{"1.2":null},"and_uc":{"0":0.03397}},"total":95.2864160277}