{"id":"SK","name":"Slovakia (Slovak Republic)","month":"2022-02","access_date":"2022-03-03","data":{"firefox":{"2":null,"3":null,"3.5":null,"3.6":null,"4":null,"5":null,"6":null,"7":null,"8":null,"9":null,"10":null,"11":null,"12":null,"13":null,"14":null,"15":null,"16":null,"17":null,"18":null,"19":null,"20":null,"21":null,"22":null,"23":null,"24":null,"25":null,"26":null,"27":null,"28":null,"29":null,"30":null,"31":null,"32":null,"33":null,"34":null,"35":null,"36":null,"37":null,"38":null,"39":null,"40":null,"41":null,"42":null,"43":null,"44":null,"45":null,"46":null,"47":null,"48":null,"49":null,"50":null,"51":null,"52":0.14582,"53":null,"54":null,"55":null,"56":0.01042,"57":null,"58":null,"59":null,"60":null,"61":null,"62":null,"63":null,"64":null,"65":0.00521,"66":null,"67":null,"68":0.01042,"69":null,"70":null,"71":null,"72":0.01042,"73":null,"74":0.00521,"75":null,"76":null,"77":null,"78":0.05208,"79":null,"80":0.01042,"81":0.01042,"82":0.01042,"83":null,"84":0.00521,"85":null,"86":null,"87":0.03125,"88":0.02604,"89":0.01042,"90":0.01042,"91":0.10416,"92":0.02604,"93":0.01042,"94":0.02604,"95":0.07291,"96":2.32277,"97":3.81226,"98":0.02083,"99":null},"chrome":{"4":null,"5":null,"6":null,"7":null,"8":null,"9":null,"10":null,"11":null,"12":null,"13":null,"14":null,"15":null,"16":null,"17":null,"18":null,"19":null,"20":null,"21":null,"22":null,"23":null,"24":null,"25":null,"26":null,"27":null,"28":null,"29":null,"30":null,"31":null,"32":null,"33":null,"34":0.01042,"35":null,"36":null,"37":null,"38":0.10416,"39":null,"40":null,"41":null,"42":null,"43":0.01042,"44":null,"45":null,"46":null,"47":0.01562,"48":null,"49":0.11458,"50":null,"51":null,"52":null,"53":0.02604,"54":null,"55":null,"56":null,"57":null,"58":null,"59":null,"60":null,"61":null,"62":null,"63":0.09895,"64":null,"65":null,"66":null,"67":0.00521,"68":null,"69":null,"70":0.01042,"71":0.01042,"72":0.02083,"73":null,"74":0.00521,"75":0.00521,"76":null,"77":0.01042,"78":0.01562,"79":0.35414,"80":0.01562,"81":0.04166,"83":0.02604,"84":0.05208,"85":0.05208,"86":0.11458,"87":0.04687,"88":0.01562,"89":0.07291,"90":0.02083,"91":0.04166,"92":0.05208,"93":0.15624,"94":0.03646,"95":0.08854,"96":0.42706,"97":9.44731,"98":21.78506,"99":0.01562,"100":0.01042,"101":null},"opera":{"9":null,"9.5-9.6":null,"10.0-10.1":0,"10.5":null,"10.6":null,"11":null,"11.1":null,"11.5":null,"11.6":null,"12":null,"12.1":null,"15":null,"16":null,"17":null,"18":null,"19":null,"20":null,"21":null,"22":null,"23":null,"24":null,"25":null,"26":null,"27":null,"28":0.02604,"29":null,"30":null,"31":null,"32":null,"33":null,"34":null,"35":null,"36":0.01042,"37":null,"38":null,"39":null,"40":0.00521,"41":null,"42":null,"43":null,"44":null,"45":null,"46":0.01562,"47":null,"48":null,"49":null,"50":null,"51":null,"52":null,"53":null,"54":null,"55":null,"56":null,"57":null,"58":null,"60":null,"62":null,"63":null,"64":null,"65":null,"66":null,"67":null,"68":null,"69":0.01042,"70":null,"71":null,"72":null,"73":null,"74":null,"75":null,"76":null,"77":null,"78":0.01042,"79":0.01042,"80":0.01562,"81":0.00521,"82":0.55726,"83":2.70295},"edge":{"12":null,"13":null,"14":null,"15":null,"16":null,"17":0.01562,"18":0.01562,"79":null,"80":null,"81":null,"83":null,"84":null,"85":0.00521,"86":0.01042,"87":0.01042,"88":null,"89":null,"90":null,"91":0.02083,"92":0.01042,"93":0.00521,"94":0.01042,"95":0.01562,"96":0.03646,"97":0.9739,"98":3.41645},"safari":{"3.1":null,"3.2":null,"4":0,"5":null,"5.1":null,"6":null,"6.1":null,"7":null,"7.1":null,"8":null,"9":null,"9.1":null,"10":null,"10.1":null,"11":null,"11.1":0.01042,"12":0.01042,"12.1":0.03646,"13":0.02604,"13.1":0.1927,"14":0.17707,"14.1":0.44789,"15":0.08854,"15.1":0.30206,"15.2-15.3":0.64579,"15.4":0.00521,"0":null},"ios_saf":{"3.2":0,"4.0-4.1":0,"4.2-4.3":0,"5.0-5.1":0.01039,"6.0-6.1":0,"7.0-7.1":0,"8":0,"8.1-8.4":0,"9.0-9.2":0,"9.3":0.03117,"10.0-10.2":0,"10.3":0.08001,"11.0-11.2":0.00935,"11.3-11.4":0.01247,"12.0-12.1":0.00831,"12.2-12.5":0.23898,"13.0-13.1":0.00727,"13.2":0.01559,"13.3":0.02494,"13.4-13.7":0.1143,"14.0-14.4":0.35224,"14.5-14.8":1.65209,"15.0-15.1":1.67079,"15.2-15.3":6.08052,"15.4":0.07585},"samsung":{"4":0.49039,"5.0-5.4":0.01029,"6.2-6.4":0.07216,"7.2-7.4":0.07202,"8.2":0.03042,"9.2":0.03087,"10.1":0.01029,"11.1-11.2":0.04174,"12.0":0.0313,"13.0":0.05217,"14.0":0.07304,"15.0":0.07304,"16.0":2.00331},"android":{"2.1":0,"2.2":0,"2.3":0,"3":0,"4":0,"4.1":0.0029,"4.2-4.3":0.00639,"4.4":0,"4.4.3-4.4.4":0.04821,"0":0},"ie":{"5.5":null,"6":null,"7":null,"8":null,"9":0.00521,"10":null,"11":0.28123},"op_mob":{"10":null,"11":null,"11.1":null,"11.5":null,"12":null,"12.1":null,"0":null},"bb":{"7":0,"10":0},"ie_mob":{"10":0.04242,"11":0.03845},"baidu":{"0":null},"and_ff":{"0":0.27794},"and_qq":{"10.4":0},"and_uc":{"0":0.04792},"op_mini":{"0":0.3947},"and_chr":{"0":34.01666},"kaios":{"2.5":0}},"total":98.48215}