{"id":"SK","name":"Slovakia (Slovak Republic)","month":"2019-01","access_date":"2019-02-03","data":{"chrome":{"4":null,"5":null,"6":null,"7":null,"8":null,"9":null,"10":null,"11":0.03229,"12":null,"13":null,"14":null,"15":null,"16":null,"17":null,"18":null,"19":null,"20":null,"21":null,"22":0.019374,"23":null,"24":null,"25":null,"26":0.006458,"27":null,"28":null,"29":0.22603,"30":null,"31":null,"32":null,"33":null,"34":0.025832,"35":null,"36":0.006458,"37":0.012916,"38":0.090412,"39":0.019374,"40":null,"41":0.019374,"42":null,"43":0.03229,"44":0.006458,"45":null,"46":0.012916,"47":0.012916,"48":0.019374,"49":0.988074,"50":0.012916,"51":0.012916,"52":0.006458,"53":0.058122,"54":0.006458,"55":0.012916,"56":0.025832,"57":0.012916,"58":0.09687,"59":0.012916,"60":0.038748,"61":0.045206,"62":0.122702,"63":0.19374,"64":0.071038,"65":0.103328,"66":0.058122,"67":0.116244,"68":0.200198,"69":0.135618,"70":0.503724,"71":35.686908,"72":0.232488,"73":0.019374,"74":null,"75":null},"firefox":{"2":0.006458,"3":null,"3.5":null,"3.6":null,"4":null,"5":null,"6":null,"7":null,"8":null,"9":null,"10":null,"11":null,"12":null,"13":null,"14":null,"15":null,"16":null,"17":null,"18":null,"19":null,"20":null,"21":null,"22":null,"23":null,"24":null,"25":null,"26":null,"27":null,"28":null,"29":null,"30":null,"31":null,"32":null,"33":null,"34":0.006458,"35":null,"36":null,"37":null,"38":0.019374,"39":0.006458,"40":null,"41":null,"42":0.006458,"43":0.019374,"44":null,"45":0.025832,"46":null,"47":0.03229,"48":0.045206,"49":0.019374,"50":0.019374,"51":0.012916,"52":0.471434,"53":0.019374,"54":0.019374,"55":0.071038,"56":0.06458,"57":0.06458,"58":0.03229,"59":0.038748,"60":0.200198,"61":0.06458,"62":0.109786,"63":0.19374,"64":8.808712,"65":0.16145,"66":0.006458,"67":null},"opera":{"9":null,"9.5-9.6":null,"10.0-10.1":0,"10.5":null,"10.6":null,"11":null,"11.1":null,"11.5":null,"11.6":null,"12":null,"12.1":0.051664,"15":null,"16":null,"17":null,"18":null,"19":null,"20":null,"21":null,"22":null,"23":null,"24":null,"25":null,"26":null,"27":null,"28":null,"29":null,"30":null,"31":null,"32":null,"33":null,"34":null,"35":null,"36":0.077496,"37":null,"38":null,"39":null,"40":null,"41":null,"42":null,"43":null,"44":null,"45":0.006458,"46":null,"47":null,"48":0.019374,"49":0.006458,"50":null,"51":null,"52":null,"53":null,"54":null,"55":null,"56":0.051664,"57":3.45503},"safari":{"3.1":null,"3.2":null,"4":0,"5":null,"5.1":0.006458,"6":null,"6.1":null,"7":null,"7.1":null,"8":0.012916,"9":0.019374,"9.1":0.038748,"10":0.025832,"10.1":0.12916,"11":0.071038,"11.1":0.277694,"12":2.266758,"0":null},"ios_saf":{"3.2":0.0045088213034338,"4.0-4.1":0.0025764693162479,"4.2-4.3":0.0012882346581239,"5.0-5.1":0.0070852906196816,"6.0-6.1":0.0045088213034338,"7.0-7.1":0.014170581239363,"8":0.16875874021424,"8.1-8.4":0.030917631794974,"9.0-9.2":0.030917631794974,"9.3":0.14106169506457,"10.0-10.2":0.092752895384923,"10.3":0.19259108138953,"11.0-11.2":0.25829104895385,"11.3-11.4":0.63767615577135,"12.0-12.1":4.8469829011913},"android":{"2.1":0.0026067848722986,"2.2":0.0081927524557957,"2.3":0.0040963762278978,"3":0.0003723978388998,"4":0.049901310412574,"4.1":0.03723978388998,"4.2-4.3":0.096451040275049,"4.4":0,"4.4.3-4.4.4":0.1802405540275,"67":null},"op_mob":{"10":null,"11":null,"11.1":null,"11.5":null,"12":null,"12.1":null,"0":null},"ie":{"5.5":null,"6":null,"7":null,"8":0.17213742065491,"9":0.052965360201511,"10":0.039724020151133,"11":2.3635791989924},"edge":{"12":0.012916,"13":0.025832,"14":0.045206,"15":0.058122,"16":0.135618,"17":1.769492,"18":null},"samsung":{"4":0.38550080632411,"5.0-5.4":0.031256822134387,"6.2-6.4":0.052094703557312,"7.2-7.4":null,"8.2":null},"ie_mob":{"10":0,"11":0.063774},"bb":{"7":0.003543,"10":0.014172},"baidu":{"0":null},"and_ff":{"0":0.205494},"and_uc":{"0":0.063774},"and_qq":{"1.2":null},"op_mini":{"0":0.41257687113402},"and_chr":{"0":27.50619}},"total":96.60549720315}