{"id":"SK","name":"Slovakia (Slovak Republic)","month":"2019-12","access_date":"2020-01-03","data":{"chrome":{"4":null,"5":null,"6":null,"7":null,"8":null,"9":null,"10":null,"11":null,"12":null,"13":null,"14":null,"15":null,"16":null,"17":null,"18":null,"19":null,"20":null,"21":null,"22":null,"23":null,"24":null,"25":null,"26":0.006188,"27":null,"28":null,"29":null,"30":null,"31":null,"32":null,"33":0.006188,"34":0.024752,"35":null,"36":0.012376,"37":null,"38":0.086632,"39":null,"40":0.012376,"41":0.012376,"42":null,"43":0.012376,"44":null,"45":null,"46":null,"47":0.006188,"48":0.068068,"49":1.0829,"50":null,"51":null,"52":null,"53":0.111384,"54":null,"55":0.006188,"56":0.006188,"57":0.006188,"58":0.024752,"59":0.012376,"60":0.012376,"61":0.06188,"62":0.012376,"63":0.086632,"64":0.006188,"65":0.018564,"66":0.024752,"67":0.055692,"68":0.018564,"69":0.105196,"70":0.09282,"71":0.099008,"72":0.099008,"73":0.074256,"74":0.074256,"75":0.228956,"76":0.142324,"77":0.284648,"78":20.129564,"79":16.416764,"80":0.03094,"81":0.006188},"firefox":{"2":null,"3":null,"3.5":null,"3.6":null,"4":null,"5":null,"6":null,"7":null,"8":null,"9":null,"10":null,"11":null,"12":null,"13":null,"14":null,"15":null,"16":null,"17":null,"18":null,"19":null,"20":null,"21":null,"22":null,"23":null,"24":null,"25":null,"26":null,"27":null,"28":null,"29":null,"30":null,"31":null,"32":null,"33":null,"34":null,"35":null,"36":null,"37":null,"38":0.006188,"39":0.012376,"40":null,"41":null,"42":null,"43":0.006188,"44":null,"45":0.012376,"46":null,"47":0.018564,"48":0.024752,"49":0.012376,"50":0.024752,"51":0.006188,"52":0.321776,"53":0.012376,"54":0.006188,"55":0.006188,"56":0.037128,"57":0.03094,"58":0.018564,"59":0.006188,"60":0.049504,"61":0.018564,"62":0.012376,"63":0.006188,"64":0.018564,"65":0.018564,"66":0.049504,"67":0.018564,"68":0.241332,"69":0.099008,"70":1.955408,"71":6.268444,"72":0.043316,"73":null},"opera":{"9":null,"9.5-9.6":null,"10.0-10.1":0,"10.5":null,"10.6":null,"11":null,"11.1":null,"11.5":null,"11.6":null,"12":null,"12.1":0.012376,"15":null,"16":null,"17":null,"18":null,"19":null,"20":null,"21":null,"22":null,"23":null,"24":null,"25":null,"26":null,"27":null,"28":null,"29":null,"30":null,"31":null,"32":null,"33":null,"34":null,"35":null,"36":0.037128,"37":null,"38":null,"39":null,"40":null,"41":null,"42":null,"43":null,"44":null,"45":null,"46":null,"47":null,"48":null,"49":null,"50":null,"51":null,"52":null,"53":null,"54":null,"55":null,"56":null,"57":0.012376,"58":null,"60":null,"62":0.006188,"63":0.012376,"64":0.129948},"safari":{"3.1":null,"3.2":null,"4":0,"5":null,"5.1":0.426972,"6":null,"6.1":null,"7":null,"7.1":null,"8":0.012376,"9":0.006188,"9.1":0.012376,"10":null,"10.1":0.09282,"11":0.03094,"11.1":0.117572,"12":0.136136,"12.1":0.470288,"13":2.716532,"0":null},"ios_saf":{"3.2":0.0025131217121712,"4.0-4.1":0.0012565608560856,"4.2-4.3":0,"5.0-5.1":0.0037696825682568,"6.0-6.1":0.0012565608560856,"7.0-7.1":0.0043979629962996,"8":0.0006282804280428,"8.1-8.4":0.0081676455645565,"9.0-9.2":0.0075393651365137,"9.3":0.079791614361436,"10.0-10.2":0.027644338833883,"10.3":0.089215820782078,"11.0-11.2":0.075393651365137,"11.3-11.4":0.13445201160116,"12.0-12.1":0.1922538109811,"12.2-12.4":1.3608554071407,"13.0-13.1":1.9759419461946,"13.2":0.8996975729573,"13.3":1.4174006456646},"android":{"2.1":0,"2.2":0.00055479812206573,"2.3":0.00055479812206573,"3":0.00083219718309859,"4":0.0036061877934272,"4.1":0.0063801784037559,"4.2-4.3":0.13953172769953,"4.4":0,"4.4.3-4.4.4":0.084884112676056,"76":null},"samsung":{"4":0.52304186046512,"5.0-5.4":0.031412244897959,"6.2-6.4":0.01047074829932,"7.2-7.4":0.020921674418605,"8.2":0.031382511627907,"9.2":0.12553004651163,"10.1":1.9666373953488},"edge":{"12":0.006188,"13":0.006188,"14":0.024752,"15":0.024752,"16":0.049504,"17":0.167076,"18":2.221492,"76":null},"op_mob":{"10":null,"11":null,"11.1":null,"11.5":null,"12":null,"12.1":null,"0":null},"ie":{"5.5":null,"6":0.0062731559633028,"7":0.0062731559633028,"8":0.050185247706422,"9":0.012546311926606,"10":0.018819467889908,"11":1.2734506605505},"ie_mob":{"10":0,"11":0.03812},"bb":{"7":0,"10":0.064804},"baidu":{"0":null},"and_ff":{"0":0.26684},"and_uc":{"0":0.080052},"and_qq":{"1.2":0.007624},"kaios":{"2.5":0.007624},"op_mini":{"0":0.47277314776632},"and_chr":{"0":28.626348}},"total":95.833085629336}