{"id":"SK","name":"Slovakia (Slovak Republic)","month":"2019-07","access_date":"2019-08-05","data":{"chrome":{"4":null,"5":null,"6":null,"7":null,"8":null,"9":null,"10":null,"11":0.006339,"12":null,"13":null,"14":null,"15":null,"16":null,"17":null,"18":null,"19":null,"20":null,"21":null,"22":0.019017,"23":null,"24":null,"25":null,"26":0.012678,"27":null,"28":null,"29":null,"30":null,"31":null,"32":null,"33":null,"34":0.057051,"35":null,"36":null,"37":0.012678,"38":0.164814,"39":null,"40":0.050712,"41":0.057051,"42":null,"43":0.025356,"44":0.006339,"45":null,"46":0.012678,"47":0.006339,"48":null,"49":0.602205,"50":null,"51":0.006339,"52":0.012678,"53":0.145797,"54":0.006339,"55":0.012678,"56":0.012678,"57":0.006339,"58":0.038034,"59":0.06339,"60":0.031695,"61":3.264585,"62":0.012678,"63":0.095085,"64":0.06339,"65":0.044373,"66":0.038034,"67":0.076068,"68":0.038034,"69":0.031695,"70":0.095085,"71":0.139458,"72":0.12678,"73":0.221865,"74":0.652917,"75":33.672768,"76":0.133119,"77":0.038034,"78":null,"79":null},"firefox":{"2":null,"3":null,"3.5":null,"3.6":null,"4":null,"5":null,"6":null,"7":null,"8":null,"9":null,"10":null,"11":null,"12":null,"13":null,"14":null,"15":null,"16":null,"17":null,"18":null,"19":null,"20":null,"21":null,"22":null,"23":null,"24":null,"25":null,"26":null,"27":null,"28":null,"29":null,"30":null,"31":null,"32":null,"33":0.006339,"34":null,"35":null,"36":null,"37":null,"38":0.006339,"39":null,"40":null,"41":null,"42":0.057051,"43":0.012678,"44":null,"45":null,"46":null,"47":0.019017,"48":0.025356,"49":0.006339,"50":0.069729,"51":0.012678,"52":0.348645,"53":0.012678,"54":0.006339,"55":0.012678,"56":0.069729,"57":0.025356,"58":0.069729,"59":0.006339,"60":0.196509,"61":0.025356,"62":0.025356,"63":0.019017,"64":0.019017,"65":0.031695,"66":0.152136,"67":3.163161,"68":4.887369,"69":0.031695,"70":null},"opera":{"9":null,"9.5-9.6":null,"10.0-10.1":0,"10.5":null,"10.6":null,"11":null,"11.1":null,"11.5":null,"11.6":null,"12":null,"12.1":0.031695,"15":null,"16":null,"17":null,"18":null,"19":null,"20":null,"21":null,"22":null,"23":null,"24":null,"25":null,"26":null,"27":null,"28":null,"29":null,"30":null,"31":null,"32":0.006339,"33":null,"34":null,"35":null,"36":0.069729,"37":null,"38":null,"39":null,"40":null,"41":null,"42":null,"43":null,"44":null,"45":null,"46":null,"47":null,"48":null,"49":null,"50":null,"51":null,"52":null,"53":0.025356,"54":null,"55":null,"56":0.006339,"57":null,"58":0.044373,"60":1.166376,"62":2.313735},"safari":{"3.1":null,"3.2":null,"4":0,"5":null,"5.1":0.019017,"6":null,"6.1":null,"7":null,"7.1":null,"8":0.012678,"9":null,"9.1":0.025356,"10":0.006339,"10.1":0.082407,"11":0.019017,"11.1":0.152136,"12":0.431052,"12.1":1.889022,"13":0.050712,"0":null},"ios_saf":{"3.2":0,"4.0-4.1":0,"4.2-4.3":0,"5.0-5.1":0.0064842105263158,"6.0-6.1":0.0025936842105263,"7.0-7.1":0.0090778947368421,"8":0,"8.1-8.4":0.012968421052632,"9.0-9.2":0.011023157894737,"9.3":0.10893473684211,"10.0-10.2":0.045389473684211,"10.3":0.11930947368421,"11.0-11.2":0.13162947368421,"11.3-11.4":0.25223578947368,"12.0-12.1":0.51290105263158,"12.2-12.3":5.2308126315789,"13":null},"android":{"2.1":0,"2.2":0,"2.3":0.0020302890855457,"3":0.0065984395280236,"4":0.031977053097345,"4.1":0.04974208259587,"4.2-4.3":0.20252133628319,"4.4":0,"4.4.3-4.4.4":0.22333179941003,"67":null},"ie":{"5.5":null,"6":null,"7":null,"8":0.057647351916376,"9":0.012810522648084,"10":0.019215783972125,"11":1.7486363414634},"edge":{"12":0.019017,"13":0.012678,"14":0.044373,"15":0.044373,"16":0.069729,"17":1.464309,"18":0.722646,"76":null},"op_mob":{"10":null,"11":null,"11.1":null,"11.5":null,"12":null,"12.1":null,"0":null},"samsung":{"4":0.53655516040956,"5.0-5.4":0.010520689419795,"6.2-6.4":0.02104137883959,"7.2-7.4":0.084165515358362,"8.2":0.052603447098976,"9.2":2.3776758088737},"ie_mob":{"10":0,"11":0.065898},"bb":{"7":0,"10":0.014644},"kaios":{"2.5":null},"baidu":{"0":null},"and_ff":{"0":0.234304},"and_uc":{"0":0.058576},"and_qq":{"1.2":null},"op_mini":{"0":0.38125981099656},"and_chr":{"0":28.182159}},"total":98.977598810997}