{"id":"SK","name":"Slovakia (Slovak Republic)","month":"2021-07","access_date":"2021-08-04","data":{"firefox":{"2":null,"3":null,"3.5":null,"3.6":null,"4":null,"5":null,"6":null,"7":null,"8":null,"9":null,"10":null,"11":null,"12":null,"13":null,"14":null,"15":null,"16":null,"17":null,"18":null,"19":null,"20":null,"21":null,"22":null,"23":null,"24":null,"25":null,"26":null,"27":null,"28":null,"29":null,"30":null,"31":null,"32":null,"33":0.00494,"34":null,"35":null,"36":null,"37":null,"38":null,"39":null,"40":null,"41":null,"42":null,"43":null,"44":null,"45":null,"46":null,"47":null,"48":0.00494,"49":null,"50":null,"51":null,"52":0.17777,"53":null,"54":null,"55":null,"56":0.00988,"57":0.00494,"58":null,"59":null,"60":null,"61":null,"62":null,"63":null,"64":null,"65":null,"66":0.00494,"67":null,"68":0.03457,"69":null,"70":null,"71":null,"72":0.00494,"73":null,"74":null,"75":null,"76":null,"77":null,"78":0.19752,"79":0.00494,"80":0.00988,"81":0.01481,"82":0.00988,"83":0.00494,"84":0.01481,"85":0.03457,"86":0.02469,"87":0.02469,"88":0.10864,"89":3.82695,"90":2.24185,"91":0.01975,"92":null},"chrome":{"4":null,"5":null,"6":null,"7":null,"8":null,"9":null,"10":null,"11":null,"12":null,"13":null,"14":null,"15":null,"16":null,"17":null,"18":null,"19":null,"20":null,"21":null,"22":null,"23":null,"24":null,"25":null,"26":null,"27":null,"28":null,"29":null,"30":null,"31":null,"32":null,"33":null,"34":0.00988,"35":null,"36":null,"37":null,"38":0.0395,"39":null,"40":null,"41":null,"42":null,"43":0.00988,"44":null,"45":null,"46":null,"47":0.01481,"48":null,"49":0.33085,"50":null,"51":null,"52":null,"53":0.06419,"54":null,"55":null,"56":0.00494,"57":null,"58":0.00494,"59":0.03457,"60":null,"61":null,"62":null,"63":0.08395,"64":null,"65":0.00494,"66":null,"67":0.00988,"68":0.05432,"69":0.01481,"70":0.00988,"71":0.00988,"72":0.00494,"73":0.00494,"74":0.00494,"75":0.02469,"76":0.00988,"77":0.01481,"78":0.01481,"79":0.22221,"80":0.01481,"81":0.07407,"83":0.05432,"84":0.01975,"85":0.02469,"86":0.10864,"87":0.11357,"88":0.07407,"89":0.17777,"90":0.47899,"91":22.76912,"92":5.12071,"93":0.00988,"94":null,"95":null},"opera":{"9":null,"9.5-9.6":null,"10.0-10.1":0,"10.5":null,"10.6":null,"11":null,"11.1":null,"11.5":null,"11.6":null,"12":null,"12.1":0.02469,"15":null,"16":null,"17":null,"18":null,"19":null,"20":null,"21":null,"22":null,"23":null,"24":null,"25":null,"26":null,"27":null,"28":0.00494,"29":null,"30":null,"31":null,"32":null,"33":null,"34":null,"35":null,"36":0.01481,"37":null,"38":null,"39":null,"40":null,"41":null,"42":null,"43":null,"44":null,"45":null,"46":0.01481,"47":null,"48":null,"49":null,"50":null,"51":null,"52":null,"53":null,"54":null,"55":null,"56":null,"57":null,"58":null,"60":null,"62":null,"63":null,"64":0.00988,"65":0.00494,"66":null,"67":null,"68":null,"69":null,"70":null,"71":null,"72":null,"73":null,"74":null,"75":0.00988,"76":0.38516,"77":2.87392},"ios_saf":{"3.2":0,"4.0-4.1":0,"4.2-4.3":0,"5.0-5.1":0.01684,"6.0-6.1":0,"7.0-7.1":0.01052,"8":0,"8.1-8.4":0,"9.0-9.2":0,"9.3":0.16629,"10.0-10.2":0.01158,"10.3":0.09367,"11.0-11.2":0.02105,"11.3-11.4":0.04526,"12.0-12.1":0.02947,"12.2-12.4":0.06736,"13.0-13.1":0.01579,"13.2":0.02315,"13.3":0.07578,"13.4-13.7":0.22944,"14.0-14.4":1.40821,"14.5-14.7":7.99565},"safari":{"3.1":null,"3.2":null,"4":0,"5":null,"5.1":null,"6":null,"6.1":null,"7":null,"7.1":null,"8":null,"9":null,"9.1":null,"10":null,"10.1":0.00494,"11":null,"11.1":0.01975,"12":0.00494,"12.1":0.04444,"13":0.03457,"13.1":0.16789,"14":0.47899,"14.1":1.51597,"15":0.01975,"0":null},"edge":{"12":null,"13":null,"14":null,"15":0.02469,"16":0.00494,"17":0.00988,"18":0.10864,"79":null,"80":null,"81":null,"83":null,"84":0.00494,"85":0.00988,"86":0.00494,"87":null,"88":null,"89":0.02469,"90":0.01481,"91":2.8196,"92":0.75058},"samsung":{"4":0.34489,"5.0-5.4":0.04163,"6.2-6.4":0.03122,"7.2-7.4":0.07284,"8.2":0.01024,"9.2":0.02071,"10.1":0.08325,"11.1-11.2":0.07316,"12.0":0.0418,"13.0":0.13586,"14.0":2.47692},"android":{"2.1":0,"2.2":0,"2.3":0,"3":0,"4":0,"4.1":0.00335,"4.2-4.3":0.01072,"4.4":0,"4.4.3-4.4.4":0.07705,"0":0},"op_mob":{"10":null,"11":null,"11.1":null,"11.5":null,"12":null,"12.1":null,"0":null},"ie":{"5.5":null,"6":null,"7":null,"8":null,"9":null,"10":null,"11":0.46911},"bb":{"7":0,"10":0.00506},"ie_mob":{"10":0.01143,"11":0.01864},"and_chr":{"0":38.29689},"kaios":{"2.5":0},"baidu":{"0":null},"and_ff":{"0":0.31384},"and_qq":{"10.4":0},"and_uc":{"0":0.07087},"op_mini":{"0":0.55592}},"total":99.61499}