{"id":"SM","name":"San Marino","month":"2019-08","access_date":"2019-09-04","data":{"chrome":{"4":0,"5":0,"6":0,"7":0,"8":0,"9":0,"10":0,"11":0,"12":0,"13":0,"14":0,"15":0,"16":0,"17":0,"18":0,"19":0,"20":0,"21":0,"22":0,"23":0,"24":0,"25":0,"26":0,"27":0,"28":0,"29":0,"30":0,"31":0,"32":0,"33":0,"34":0,"35":0,"36":0.007792,"37":0,"38":0,"39":0,"40":0,"41":0,"42":0.023376,"43":0,"44":0,"45":0,"46":0,"47":0,"48":0.03896,"49":0.810368,"50":0,"51":0,"52":0,"53":0.015584,"54":0,"55":0.085712,"56":0,"57":0,"58":0,"59":0.015584,"60":0,"61":0,"62":0,"63":0,"64":0,"65":0,"66":0,"67":0.023376,"68":0,"69":0,"70":0,"71":0.070128,"72":0.031168,"73":0.054544,"74":0.046752,"75":12.81784,"76":21.879936,"77":0,"78":0,"79":0},"firefox":{"2":0,"3":0,"3.5":0,"3.6":0,"4":0,"5":0,"6":0,"7":0,"8":0,"9":0,"10":0,"11":0,"12":0,"13":0,"14":0,"15":0,"16":0,"17":0,"18":0,"19":0,"20":0,"21":0,"22":0,"23":0,"24":0,"25":0,"26":0,"27":0,"28":0,"29":0,"30":0,"31":0,"32":0,"33":0,"34":0,"35":0,"36":0,"37":0,"38":0,"39":0,"40":0,"41":0,"42":0,"43":0,"44":0,"45":0,"46":0,"47":0,"48":0.007792,"49":0,"50":0,"51":0.007792,"52":0.179216,"53":0,"54":0,"55":0,"56":0.015584,"57":0,"58":0,"59":0,"60":0.023376,"61":0,"62":0,"63":0,"64":0,"65":0,"66":0.023376,"67":0.093504,"68":4.464816,"69":0.054544,"70":0,"71":0},"opera":{"9":0,"9.5-9.6":0,"10.0-10.1":0,"10.5":0,"10.6":0,"11":0,"11.1":0,"11.5":0,"11.6":0,"12":0,"12.1":0,"15":0,"16":0,"17":0,"18":0,"19":0,"20":0,"21":0,"22":0,"23":0,"24":0,"25":0,"26":0,"27":0,"28":0,"29":0,"30":0,"31":0.007792,"32":0,"33":0,"34":0,"35":0,"36":0,"37":0,"38":0.007792,"39":0.007792,"40":0,"41":0,"42":0,"43":0,"44":0,"45":0,"46":0,"47":0,"48":0,"49":0,"50":0,"51":0,"52":0,"53":0.031168,"54":0,"55":0,"56":0,"57":0,"58":0,"60":0,"62":0.202592},"safari":{"3.1":0,"3.2":0,"4":0,"5":0,"5.1":0,"6":0,"6.1":0.007792,"7":0,"7.1":0,"8":0,"9":0,"9.1":0.062336,"10":0.046752,"10.1":0.062336,"11":0.054544,"11.1":0.335056,"12":0.989584,"12.1":4.176512,"13":0,"0":null},"ios_saf":{"3.2":0.0036220644386632,"4.0-4.1":0.0024147096257755,"4.2-4.3":0,"5.0-5.1":0.0096588385031019,"6.0-6.1":0.0036220644386632,"7.0-7.1":0.015695612567541,"8":0.0012073548128877,"8.1-8.4":0.018110322193316,"9.0-9.2":0.016902967380428,"9.3":0.17627380268161,"10.0-10.2":0.077270708024815,"10.3":0.20042089893936,"11.0-11.2":0.23301947888733,"11.3-11.4":0.40446386231739,"12.0-12.1":0.77512178987392,"12.2-12.3":10.004141979588,"13":0.12435754572744},"android":{"2.1":0,"2.2":0.0023627449541284,"2.3":0.0019689541284404,"3":0.00078758165137615,"4":0.017720587155963,"4.1":0.067732022018349,"4.2-4.3":0.19098855045872,"4.4":0,"4.4.3-4.4.4":0.14767155963303,"67":null},"edge":{"12":0,"13":0.007792,"14":0,"15":0.7792,"16":0.007792,"17":2.3376,"18":6.397232,"76":null},"op_mob":{"10":null,"11":null,"11.1":null,"11.5":null,"12":null,"12.1":null,"0":null},"ie":{"5.5":0,"6":0,"7":0,"8":0.062918579439252,"9":0,"10":0.062918579439252,"11":1.5572348411215},"samsung":{"4":0.15590634146341,"5.0-5.4":0,"6.2-6.4":0,"7.2-7.4":0,"8.2":0,"9.2":2.4009576585366},"ie_mob":{"10":0,"11":0},"bb":{"7":0,"10":0},"and_chr":{"0":23.286368},"baidu":{"0":null},"and_ff":{"0":0.07728},"and_uc":{"0":0.037536},"kaios":{"2.5":0},"and_qq":{"1.2":0},"op_mini":{"0":0.064802144329897}},"total":96.51424214433}