{"id":"SM","name":"San Marino","month":"2016-08","access_date":"2016-09-04","data":{"chrome":{"4":null,"5":null,"6":null,"7":null,"8":null,"9":null,"10":0.007633,"11":0.007633,"12":0.030532,"13":null,"14":null,"15":null,"16":null,"17":null,"18":null,"19":null,"20":null,"21":null,"22":0.015266,"23":null,"24":null,"25":null,"26":0.015266,"27":null,"28":null,"29":0.015266,"30":null,"31":null,"32":0.015266,"33":null,"34":0.022899,"35":null,"36":0.190825,"37":0.022899,"38":null,"39":0.015266,"40":0.015266,"41":null,"42":null,"43":0.145027,"44":0.030532,"45":0.030532,"46":0.030532,"47":0.183192,"48":0.137394,"49":3.831766,"50":0.145027,"51":9.037472,"52":26.570473,"53":0.145027,"54":null,"55":null},"firefox":{"2":null,"3":null,"3.5":null,"3.6":0.030532,"4":0.038165,"5":null,"6":null,"7":null,"8":0.007633,"9":null,"10":null,"11":null,"12":1.541866,"13":null,"14":null,"15":null,"16":null,"17":null,"18":0.015266,"19":null,"20":null,"21":0.038165,"22":null,"23":null,"24":0.198458,"25":null,"26":null,"27":null,"28":null,"29":0.007633,"30":0.022899,"31":null,"32":0.015266,"33":0.015266,"34":null,"35":0.022899,"36":null,"37":0.07633,"38":0.106862,"39":0.022899,"40":0.106862,"41":0.068697,"42":0.045798,"43":0.175559,"44":0.045798,"45":0.061064,"46":0.053431,"47":11.396069,"48":4.358443,"49":0.061064,"50":null,"51":0.038165},"opera":{"9":null,"9.5-9.6":null,"10.0-10.1":0,"10.5":null,"10.6":null,"11":null,"11.1":null,"11.5":null,"11.6":null,"12":null,"12.1":0.022899,"15":null,"16":null,"17":null,"18":null,"19":null,"20":null,"21":null,"22":null,"23":null,"24":0.007633,"25":null,"26":null,"27":null,"28":null,"29":null,"30":null,"31":null,"32":null,"33":null,"34":null,"35":null,"36":0.015266,"37":0.030532,"38":0.061064,"39":0.167926,"40":null,"41":null},"safari":{"3.1":null,"3.2":null,"4":0.022899,"5":0.038165,"5.1":0.274788,"6":0.022899,"6.1":0.15266,"7":0.030532,"7.1":null,"8":0.22899,"9":0.564842,"9.1":3.297456,"10":0.022899,"0":null},"ios_saf":{"3.2":0,"4.0-4.1":0,"4.2-4.3":0,"5.0-5.1":0,"6.0-6.1":0,"7.0-7.1":0.157266027838,"8":0,"8.1-8.4":0.365690884009,"9.0-9.2":0.506851354779,"9.3":8.15888573337},"android":{"2.1":0,"2.2":0,"2.3":0.00209941487333,"3":0,"4":0.01574561155,"4.1":0.0577339090166,"4.2-4.3":0.143547491964,"4.4":0.398101545355,"4.4.3-4.4.4":0.346141027241,"51":null},"op_mob":{"10":0,"11":0,"11.1":0,"11.5":0,"12":0,"12.1":1.66506206897e-5,"0":0.000649374206897},"ie":{"5.5":null,"6":null,"7":null,"8":0.816731,"9":0.877795,"10":0.221357,"11":7.075791},"edge":{"12":0.038165,"13":1.717425,"14":0.320586},"bb":{"7":0.002367,"10":null},"ie_mob":{"10":0.0746119565217,"11":0.268603043478},"and_ff":{"0":0.177525},"samsung":{"0":2.69838},"and_uc":{"0":0.042606},"op_mini":{"0":0.00880197517241},"and_chr":{"0":10.536612}},"total":99.223616}