{"id":"SN","name":"Senegal","month":"2021-05","access_date":"2021-06-04","data":{"firefox":{"2":null,"3":null,"3.5":null,"3.6":null,"4":null,"5":null,"6":null,"7":null,"8":null,"9":null,"10":null,"11":null,"12":null,"13":null,"14":null,"15":0.0051,"16":null,"17":null,"18":null,"19":null,"20":null,"21":null,"22":null,"23":null,"24":null,"25":null,"26":null,"27":null,"28":null,"29":null,"30":null,"31":null,"32":null,"33":null,"34":0.0051,"35":0.01275,"36":null,"37":null,"38":null,"39":null,"40":null,"41":0.0051,"42":0.0153,"43":0.00765,"44":null,"45":0.00765,"46":null,"47":0.0051,"48":0.0051,"49":null,"50":null,"51":0.00765,"52":0.01785,"53":0.0051,"54":null,"55":null,"56":0.00255,"57":null,"58":null,"59":null,"60":null,"61":null,"62":null,"63":null,"64":0.00765,"65":null,"66":0.00765,"67":0.0051,"68":0.0102,"69":null,"70":0.0153,"71":null,"72":0.0153,"73":null,"74":null,"75":0.0561,"76":null,"77":0.0051,"78":0.11475,"79":null,"80":0.0306,"81":0.01275,"82":0.0102,"83":0.00765,"84":0.03315,"85":0.0408,"86":0.02295,"87":0.0306,"88":2.1165,"89":0.01785,"90":null,"91":null},"chrome":{"4":null,"5":null,"6":null,"7":null,"8":null,"9":null,"10":null,"11":0.00255,"12":null,"13":null,"14":null,"15":null,"16":null,"17":null,"18":null,"19":null,"20":null,"21":null,"22":null,"23":null,"24":null,"25":null,"26":null,"27":null,"28":null,"29":null,"30":null,"31":null,"32":null,"33":null,"34":null,"35":null,"36":null,"37":null,"38":0.00765,"39":null,"40":null,"41":null,"42":null,"43":0.00765,"44":null,"45":null,"46":null,"47":null,"48":null,"49":0.102,"50":null,"51":null,"52":null,"53":0.0051,"54":null,"55":0.00765,"56":0.00765,"57":null,"58":0.00255,"59":0.0051,"60":0.00765,"61":null,"62":0.00255,"63":0.0153,"64":0.0153,"65":0.0306,"66":null,"67":0.07905,"68":0.0102,"69":0.0459,"70":0.03315,"71":0.00765,"72":0.0102,"73":0.0153,"74":0.0255,"75":0.0153,"76":0.0204,"77":0.00765,"78":0.0051,"79":0.0408,"80":0.03315,"81":0.0408,"83":0.02295,"84":0.0255,"85":0.07395,"86":0.03825,"87":0.14025,"88":0.32895,"89":0.2856,"90":11.4291,"91":0.47685,"92":0.0051,"93":null,"94":null},"opera":{"9":null,"9.5-9.6":null,"10.0-10.1":0,"10.5":null,"10.6":null,"11":null,"11.1":null,"11.5":null,"11.6":null,"12":null,"12.1":null,"15":null,"16":null,"17":null,"18":null,"19":null,"20":null,"21":null,"22":null,"23":null,"24":null,"25":null,"26":null,"27":null,"28":null,"29":null,"30":null,"31":null,"32":null,"33":null,"34":null,"35":null,"36":0.00255,"37":null,"38":null,"39":null,"40":null,"41":null,"42":null,"43":null,"44":null,"45":null,"46":null,"47":null,"48":null,"49":null,"50":null,"51":null,"52":null,"53":null,"54":null,"55":null,"56":null,"57":null,"58":null,"60":null,"62":null,"63":null,"64":null,"65":null,"66":null,"67":null,"68":null,"69":null,"70":0.0102,"71":null,"72":0.00765,"73":0.0051,"74":0.02295,"75":0.2091,"76":0.4641},"ios_saf":{"3.2":0,"4.0-4.1":0,"4.2-4.3":0,"5.0-5.1":0,"6.0-6.1":0.00259,"7.0-7.1":0.01943,"8":0.00389,"8.1-8.4":0.01036,"9.0-9.2":0.0013,"9.3":0.12692,"10.0-10.2":0.01684,"10.3":0.33026,"11.0-11.2":0.1321,"11.3-11.4":0.13081,"12.0-12.1":0.12304,"12.2-12.4":0.40667,"13.0-13.1":0.05699,"13.2":0.03367,"13.3":0.27457,"13.4-13.7":0.75636,"14.0-14.4":8.29663,"14.5-14.6":1.44925},"safari":{"3.1":null,"3.2":null,"4":0,"5":null,"5.1":0.0204,"6":null,"6.1":null,"7":null,"7.1":null,"8":null,"9":null,"9.1":0.00765,"10":0.0051,"10.1":0.0153,"11":0.00255,"11.1":0.03315,"12":0.00765,"12.1":0.0306,"13":0.02295,"13.1":0.09435,"14":0.34935,"14.1":0.1275,"0":null},"edge":{"12":0.02295,"13":0.00765,"14":0.0051,"15":0.0153,"16":0.0153,"17":0.02295,"18":0.0816,"79":null,"80":null,"81":null,"83":null,"84":0.00765,"85":0.0102,"86":0.0153,"87":0.00765,"88":0.0102,"89":0.0561,"90":1.51725,"91":0.0867},"samsung":{"4":0.47785,"5.0-5.4":0.02072,"6.2-6.4":0.0305,"7.2-7.4":0.47785,"8.2":0.01036,"9.2":0.16267,"10.1":0.05084,"11.1-11.2":0.51852,"12.0":0.21351,"13.0":0.70153,"14.0":1.76908},"android":{"2.1":0,"2.2":0,"2.3":0,"3":0,"4":0,"4.1":0.00454,"4.2-4.3":0.00738,"4.4":0,"4.4.3-4.4.4":0.08491,"0":0},"op_mob":{"10":null,"11":null,"11.1":null,"11.5":null,"12":null,"12.1":null,"0":null},"ie":{"5.5":null,"6":null,"7":null,"8":null,"9":null,"10":null,"11":0.34935},"bb":{"7":0,"10":0.0149},"ie_mob":{"10":null,"11":null},"kaios":{"2.5":0.02235},"baidu":{"0":null},"and_ff":{"0":0.19367},"and_qq":{"10.4":0},"and_uc":{"0":0.10429},"op_mini":{"0":0.43724},"and_chr":{"0":62.4297}},"total":99.67169}