{"id":"SR","name":"Suriname","month":"2021-08","access_date":"2021-09-04","data":{"firefox":{"2":0,"3":0,"3.5":0,"3.6":0,"4":0,"5":0,"6":0,"7":0,"8":0,"9":0,"10":0,"11":0,"12":0,"13":0,"14":0,"15":0,"16":0,"17":0,"18":0,"19":0,"20":0,"21":0,"22":0,"23":0,"24":0,"25":0,"26":0,"27":0,"28":0,"29":0,"30":0,"31":0,"32":0,"33":0,"34":0,"35":0,"36":0,"37":0,"38":0,"39":0,"40":0,"41":0,"42":0,"43":0,"44":0,"45":0,"46":0,"47":0,"48":0,"49":0,"50":0,"51":0,"52":0.00654,"53":0,"54":0,"55":0,"56":0,"57":0,"58":0,"59":0,"60":0,"61":0,"62":0,"63":0,"64":0,"65":0,"66":0,"67":0,"68":0,"69":0,"70":0,"71":0,"72":0,"73":0,"74":0,"75":0,"76":0,"77":0,"78":0.00327,"79":0,"80":0,"81":0,"82":0,"83":0,"84":0,"85":0,"86":0.00327,"87":0,"88":0.00654,"89":0.01961,"90":0.33671,"91":0.39882,"92":0.00327,"93":0},"chrome":{"4":0,"5":0,"6":0,"7":0,"8":0,"9":0,"10":0,"11":0,"12":0,"13":0,"14":0,"15":0,"16":0,"17":0,"18":0,"19":0,"20":0,"21":0,"22":0,"23":0,"24":0,"25":0,"26":0,"27":0,"28":0,"29":0,"30":0,"31":0,"32":0,"33":0,"34":0,"35":0,"36":0,"37":0.00327,"38":0.00654,"39":0.00327,"40":0,"41":0,"42":0,"43":0,"44":0,"45":0,"46":0,"47":0,"48":0,"49":0.07846,"50":0,"51":0,"52":0,"53":0.00654,"54":0,"55":0,"56":0,"57":0,"58":0,"59":0,"60":0,"61":0.00327,"62":0,"63":0.00654,"64":0,"65":0.01308,"66":0,"67":0,"68":0,"69":0,"70":0,"71":0,"72":0,"73":0,"74":0.00981,"75":0.00327,"76":0.01308,"77":0,"78":0.00654,"79":0.00981,"80":0.01961,"81":0.0523,"83":0.00981,"84":0.00327,"85":0.00327,"86":0.00327,"87":0.02615,"88":0.01308,"89":0.00981,"90":0.03923,"91":0.41843,"92":6.1686,"93":0.01961,"94":0,"95":0,"96":0},"opera":{"9":0,"9.5-9.6":0,"10.0-10.1":0,"10.5":0,"10.6":0,"11":0,"11.1":0,"11.5":0,"11.6":0,"12":0,"12.1":0,"15":0,"16":0,"17":0.00654,"18":0,"19":0,"20":0,"21":0,"22":0,"23":0,"24":0,"25":0,"26":0,"27":0,"28":0,"29":0,"30":0,"31":0,"32":0,"33":0,"34":0,"35":0,"36":0,"37":0,"38":0,"39":0,"40":0,"41":0,"42":0,"43":0,"44":0,"45":0,"46":0,"47":0,"48":0,"49":0,"50":0,"51":0,"52":0,"53":0,"54":0,"55":0,"56":0,"57":0,"58":0.01308,"60":0,"62":0,"63":0.00654,"64":0,"65":0,"66":0,"67":0,"68":0,"69":0,"70":0.00327,"71":0,"72":0,"73":0,"74":0,"75":0,"76":0,"77":0.10134,"78":0.06538},"ios_saf":{"3.2":0,"4.0-4.1":0,"4.2-4.3":0,"5.0-5.1":0.06126,"6.0-6.1":0.00146,"7.0-7.1":0.03209,"8":0,"8.1-8.4":0,"9.0-9.2":0.00146,"9.3":0.31653,"10.0-10.2":0,"10.3":0.35299,"11.0-11.2":0.08314,"11.3-11.4":0.03647,"12.0-12.1":0.04668,"12.2-12.4":0.15316,"13.0-13.1":0.82267,"13.2":0.00438,"13.3":0.13274,"13.4-13.7":0.26256,"14.0-14.4":1.86414,"14.5-14.7":9.08296},"safari":{"3.1":0,"3.2":0,"4":0,"5":0,"5.1":0.00327,"6":0,"6.1":0,"7":0,"7.1":0,"8":0,"9":0,"9.1":0,"10":0,"10.1":0,"11":0,"11.1":0.06211,"12":0,"12.1":0.00981,"13":0.00327,"13.1":0.01961,"14":0.07192,"14.1":0.26479,"15":0,"0":null},"edge":{"12":0.0425,"13":0,"14":0,"15":0,"16":0.00327,"17":0.00981,"18":0.03269,"79":0,"80":0,"81":0,"83":0,"84":0.00327,"85":0,"86":0,"87":0,"88":0,"89":0.00327,"90":0.00327,"91":0.02288,"92":1.17684,"93":0},"samsung":{"4":1.40496,"5.0-5.4":0.01041,"6.2-6.4":0.03122,"7.2-7.4":0.61402,"8.2":0.03122,"9.2":0.16651,"10.1":0.04163,"11.1-11.2":0.7389,"12.0":0.79094,"13.0":0.83257,"14.0":7.47228},"android":{"2.1":0,"2.2":0,"2.3":0,"3":0,"4":0,"4.1":0.00465,"4.2-4.3":0.09991,"4.4":0,"4.4.3-4.4.4":0.39964,"0":0},"op_mob":{"10":null,"11":null,"11.1":null,"11.5":null,"12":null,"12.1":null,"0":null},"ie":{"5.5":0,"6":0,"7":0,"8":0,"9":0,"10":0,"11":0.07519},"bb":{"7":0,"10":0.00673},"ie_mob":{"10":0,"11":0},"baidu":{"0":null},"and_ff":{"0":0.25578},"and_qq":{"10.4":0.02019},"and_uc":{"0":0.68656},"op_mini":{"0":0.20392},"and_chr":{"0":58.41666},"kaios":{"2.5":0}},"total":95.21526}