{"id":"SR","name":"Suriname","month":"2016-09","access_date":"2016-10-02","data":{"firefox":{"2":null,"3":null,"3.5":null,"3.6":0.010262,"4":null,"5":null,"6":null,"7":null,"8":null,"9":null,"10":0.010262,"11":null,"12":null,"13":null,"14":null,"15":null,"16":null,"17":0.010262,"18":null,"19":0.005131,"20":null,"21":null,"22":0.005131,"23":null,"24":null,"25":0.015393,"26":null,"27":null,"28":0.005131,"29":null,"30":0.005131,"31":null,"32":null,"33":0.020524,"34":0.015393,"35":0.010262,"36":0.020524,"37":0.020524,"38":0.025655,"39":0.092358,"40":0.015393,"41":0.020524,"42":0.010262,"43":0.035917,"44":0.015393,"45":0.056441,"46":0.025655,"47":0.887663,"48":3.601962,"49":1.441811,"50":0.071834,"51":null,"52":null},"chrome":{"4":0.005131,"5":null,"6":null,"7":null,"8":null,"9":null,"10":null,"11":0.035917,"12":null,"13":null,"14":null,"15":null,"16":null,"17":null,"18":0.061572,"19":null,"20":0.046179,"21":null,"22":0.164192,"23":null,"24":null,"25":null,"26":0.015393,"27":null,"28":0.046179,"29":0.010262,"30":null,"31":0.179585,"32":0.061572,"33":0.041048,"34":0.030786,"35":0.010262,"36":0.035917,"37":null,"38":0.015393,"39":0.025655,"40":0.015393,"41":0.005131,"42":0.010262,"43":0.076965,"44":0.066703,"45":0.061572,"46":0.159061,"47":0.112882,"48":0.030786,"49":1.159606,"50":0.230895,"51":0.805567,"52":13.581757,"53":13.279028,"54":0.092358,"55":0.087227,"56":null},"opera":{"9":null,"9.5-9.6":null,"10.0-10.1":0,"10.5":null,"10.6":null,"11":null,"11.1":0.005131,"11.5":null,"11.6":null,"12":null,"12.1":0.020524,"15":null,"16":null,"17":null,"18":null,"19":null,"20":null,"21":null,"22":null,"23":null,"24":null,"25":null,"26":null,"27":0.030786,"28":null,"29":0.097489,"30":0.005131,"31":0.005131,"32":null,"33":0.046179,"34":0.010262,"35":0.010262,"36":0.025655,"37":0.379694,"38":null,"39":0.456659,"40":0.107751,"41":null},"safari":{"3.1":null,"3.2":null,"4":0,"5":null,"5.1":0.015393,"6":null,"6.1":0.020524,"7":null,"7.1":0.010262,"8":0.087227,"9":0.035917,"9.1":0.5131,"10":0.107751,"0":null},"ios_saf":{"3.2":0,"4.0-4.1":0,"4.2-4.3":0,"5.0-5.1":0,"6.0-6.1":0,"7.0-7.1":0.0726698806244,"8":0,"8.1-8.4":0.15212228344,"9.0-9.2":0.182159167432,"9.3":3.01967577288,"10":1.32162289562},"android":{"2.1":0,"2.2":0,"2.3":0.0196872340426,"3":0,"4":0.142732446809,"4.1":0.511868085106,"4.2-4.3":1.27474840426,"4.4":3.01706861702,"4.4.3-4.4.4":3.36159521277,"52":null},"ie":{"5.5":null,"6":0.030786,"7":0.005131,"8":0.41048,"9":0.287336,"10":0.241157,"11":3.709713},"op_mob":{"10":0,"11":0,"11.1":0,"11.5":0,"12":0,"12.1":0.00261588571429,"0":0.1098672},"edge":{"12":0.282205,"13":1.647051,"14":0.431004},"ie_mob":{"10":0.0930469273743,"11":0.345253072626},"bb":{"7":0.4492575,"10":null},"samsung":{"0":8.40075},"and_uc":{"0":1.57788},"op_mini":{"0":1.56279691429},"and_chr":{"0":25.605334},"and_ff":{"0":0.03409}},"total":97.3075665}