{"id":"SR","name":"Suriname","month":"2022-01","access_date":"2022-02-02","data":{"firefox":{"2":null,"3":null,"3.5":null,"3.6":null,"4":null,"5":null,"6":null,"7":null,"8":null,"9":null,"10":null,"11":null,"12":null,"13":null,"14":null,"15":null,"16":null,"17":null,"18":null,"19":null,"20":null,"21":null,"22":null,"23":null,"24":null,"25":null,"26":0.00366,"27":null,"28":null,"29":null,"30":null,"31":null,"32":null,"33":null,"34":null,"35":null,"36":null,"37":null,"38":null,"39":null,"40":null,"41":null,"42":null,"43":null,"44":null,"45":null,"46":null,"47":null,"48":null,"49":null,"50":null,"51":null,"52":0.02197,"53":null,"54":null,"55":null,"56":null,"57":null,"58":null,"59":null,"60":null,"61":null,"62":null,"63":null,"64":null,"65":null,"66":null,"67":null,"68":null,"69":null,"70":null,"71":null,"72":null,"73":null,"74":null,"75":null,"76":null,"77":null,"78":0.0293,"79":null,"80":null,"81":null,"82":null,"83":null,"84":null,"85":null,"86":null,"87":null,"88":null,"89":null,"90":null,"91":0.00366,"92":null,"93":0.03662,"94":0.00732,"95":0.69578,"96":1.7248,"97":0.54564,"98":null},"chrome":{"4":null,"5":null,"6":null,"7":null,"8":null,"9":null,"10":null,"11":null,"12":null,"13":null,"14":null,"15":null,"16":null,"17":null,"18":null,"19":null,"20":null,"21":null,"22":null,"23":null,"24":null,"25":null,"26":null,"27":null,"28":null,"29":null,"30":null,"31":null,"32":null,"33":null,"34":null,"35":null,"36":null,"37":null,"38":null,"39":0.01465,"40":null,"41":null,"42":null,"43":null,"44":null,"45":null,"46":null,"47":null,"48":null,"49":0.10986,"50":null,"51":null,"52":null,"53":0.0293,"54":null,"55":null,"56":null,"57":null,"58":null,"59":null,"60":null,"61":0.00732,"62":null,"63":0.03296,"64":null,"65":0.01831,"66":null,"67":null,"68":null,"69":0.02197,"70":null,"71":null,"72":null,"73":0.00732,"74":0.01831,"75":0.01831,"76":0.01099,"77":0.0293,"78":null,"79":0.0293,"80":0.01099,"81":0.01831,"83":0.02197,"84":0.05127,"85":0.00732,"86":0.01099,"87":0.08056,"88":0.0769,"89":0.0293,"90":0.03662,"91":0.04394,"92":0.13916,"93":0.10254,"94":0.04394,"95":0.14648,"96":6.53301,"97":15.87477,"98":0.00732,"99":null,"100":null,"101":null},"opera":{"9":null,"9.5-9.6":null,"10.0-10.1":0,"10.5":null,"10.6":null,"11":null,"11.1":null,"11.5":null,"11.6":null,"12":null,"12.1":null,"15":null,"16":null,"17":null,"18":null,"19":null,"20":null,"21":null,"22":null,"23":null,"24":null,"25":null,"26":null,"27":null,"28":null,"29":null,"30":null,"31":null,"32":null,"33":null,"34":null,"35":null,"36":null,"37":null,"38":null,"39":null,"40":null,"41":null,"42":null,"43":null,"44":null,"45":null,"46":null,"47":null,"48":null,"49":null,"50":null,"51":null,"52":null,"53":null,"54":null,"55":null,"56":null,"57":null,"58":null,"60":null,"62":null,"63":0.00732,"64":null,"65":null,"66":0.01099,"67":null,"68":null,"69":null,"70":null,"71":null,"72":null,"73":null,"74":null,"75":null,"76":null,"77":0.00732,"78":null,"79":null,"80":null,"81":null,"82":0.67747,"83":0.00732},"edge":{"12":0.06225,"13":null,"14":null,"15":null,"16":0.00366,"17":0.00732,"18":0.03662,"79":null,"80":null,"81":null,"83":null,"84":0.00732,"85":null,"86":null,"87":null,"88":null,"89":0.00732,"90":null,"91":null,"92":0.00732,"93":null,"94":0.01099,"95":0.01099,"96":1.1755,"97":2.54509},"safari":{"3.1":null,"3.2":null,"4":0,"5":null,"5.1":0.00732,"6":null,"6.1":null,"7":null,"7.1":null,"8":null,"9":null,"9.1":0.00366,"10":null,"10.1":0.00366,"11":null,"11.1":0.0293,"12":0.01831,"12.1":0.02563,"13":0.01099,"13.1":0.08056,"14":0.2124,"14.1":0.77268,"15":0.06225,"15.1":0.38085,"15.2-15.3":0.39916,"15.4":null,"0":null},"ios_saf":{"3.2":0,"4.0-4.1":0,"4.2-4.3":0,"5.0-5.1":0.01696,"6.0-6.1":0,"7.0-7.1":0.02331,"8":0,"8.1-8.4":0.00212,"9.0-9.2":0,"9.3":0.12187,"10.0-10.2":0,"10.3":0.21724,"11.0-11.2":0.00318,"11.3-11.4":0.02013,"12.0-12.1":0.02861,"12.2-12.5":0.80856,"13.0-13.1":0.13034,"13.2":0.04981,"13.3":0.18015,"13.4-13.7":0.18333,"14.0-14.4":0.48853,"14.5-14.8":1.85768,"15.0-15.1":4.3035,"15.2-15.3":2.16182,"15.4":0},"samsung":{"4":0.74288,"5.0-5.4":0.08076,"6.2-6.4":0.01018,"7.2-7.4":0.692,"8.2":0.03045,"9.2":0.02035,"10.1":0.02035,"11.1-11.2":0.519,"12.0":0.06106,"13.0":0.28494,"14.0":0.25441,"15.0":0.49864,"16.0":6.67573},"android":{"2.1":0,"2.2":0,"2.3":0,"3":0,"4":0,"4.1":0,"4.2-4.3":0.00545,"4.4":0,"4.4.3-4.4.4":0.02624,"0":0},"ie":{"5.5":null,"6":null,"7":null,"8":null,"9":null,"10":null,"11":0.16845},"op_mob":{"10":null,"11":null,"11.1":null,"11.5":null,"12":null,"12.1":null,"0":null},"bb":{"7":0,"10":0},"ie_mob":{"10":null,"11":0.12452},"and_qq":{"10.4":0},"and_uc":{"0":0.64648},"op_mini":{"0":0.31802},"and_chr":{"0":43.42068},"kaios":{"2.5":0},"baidu":{"0":null},"and_ff":{"0":0.22817}},"total":98.66951}