{"id":"SR","name":"Suriname","month":"2019-05","access_date":"2019-06-04","data":{"chrome":{"4":0,"5":0,"6":0,"7":0,"8":0,"9":0,"10":0,"11":0,"12":0,"13":0,"14":0,"15":0,"16":0,"17":0,"18":0,"19":0,"20":0,"21":0,"22":0.004987,"23":0,"24":0,"25":0,"26":0.004987,"27":0,"28":0,"29":0,"30":0,"31":0,"32":0.004987,"33":0,"34":0,"35":0,"36":0.004987,"37":0.004987,"38":0.004987,"39":0,"40":0,"41":0.014961,"42":0,"43":0,"44":0,"45":0,"46":0.004987,"47":0,"48":0,"49":0.144623,"50":0,"51":0,"52":0.004987,"53":0.019948,"54":0.009974,"55":0.004987,"56":0.004987,"57":0.019948,"58":0.029922,"59":0,"60":0.054857,"61":0,"62":0.004987,"63":0.204467,"64":0,"65":0.234389,"66":0.144623,"67":0.004987,"68":0.009974,"69":0.279272,"70":0.139636,"71":0.239376,"72":0.19948,"73":2.967265,"74":12.088488,"75":0.069818,"76":0.009974,"77":0},"firefox":{"2":0,"3":0,"3.5":0,"3.6":0,"4":0,"5":0,"6":0,"7":0,"8":0,"9":0,"10":0,"11":0,"12":0,"13":0,"14":0,"15":0,"16":0,"17":0,"18":0,"19":0,"20":0,"21":0,"22":0,"23":0,"24":0,"25":0,"26":0,"27":0,"28":0,"29":0,"30":0,"31":0,"32":0,"33":0,"34":0,"35":0,"36":0,"37":0,"38":0,"39":0.004987,"40":0.004987,"41":0,"42":0,"43":0.004987,"44":0,"45":0,"46":0,"47":0.004987,"48":0,"49":0,"50":0,"51":0,"52":0.059844,"53":0,"54":0,"55":0.009974,"56":0,"57":0.004987,"58":0.004987,"59":0,"60":0.014961,"61":0,"62":0.009974,"63":0.009974,"64":0.124675,"65":0.014961,"66":1.710541,"67":0.473765,"68":0.039896,"69":0},"opera":{"9":0,"9.5-9.6":0,"10.0-10.1":0,"10.5":0,"10.6":0,"11":0,"11.1":0,"11.5":0,"11.6":0,"12":0,"12.1":0,"15":0,"16":0,"17":0.004987,"18":0,"19":0,"20":0,"21":0,"22":0,"23":0,"24":0,"25":0,"26":0,"27":0,"28":0,"29":0,"30":0,"31":0,"32":0,"33":0.004987,"34":0,"35":0,"36":0,"37":0,"38":0,"39":0,"40":0,"41":0,"42":0,"43":0.009974,"44":0,"45":0,"46":0,"47":0,"48":0,"49":0,"50":0,"51":0,"52":0.004987,"53":0,"54":0,"55":0,"56":0,"57":0.029922,"58":0.383999},"safari":{"3.1":0,"3.2":0,"4":0,"5":0,"5.1":0.014961,"6":0,"6.1":0,"7":0,"7.1":0,"8":0.004987,"9":0,"9.1":0.029922,"10":0.009974,"10.1":0.019948,"11":0,"11.1":0.019948,"12":0.109714,"12.1":0.468778,"0":null},"ios_saf":{"3.2":0.0088952715616548,"4.0-4.1":0.0066714536712411,"4.2-4.3":0.0011119089452069,"5.0-5.1":0.010007180506862,"6.0-6.1":0.0033357268356206,"7.0-7.1":0.015566725232896,"8":0.11007898557548,"8.1-8.4":0.036692995191826,"9.0-9.2":0.024461996794551,"9.3":0.17345779545227,"10.0-10.2":0.10451944084944,"10.3":0.2435080590003,"11.0-11.2":0.28353678102775,"11.3-11.4":0.57930456045277,"12.0-12.1":1.8135234896324,"12.2":7.6855146292698},"android":{"2.1":0.019280240963855,"2.2":0.032133734939759,"2.3":0.0080334337349398,"3":0,"4":0.31009054216867,"4.1":0.083547710843373,"4.2-4.3":0.53020662650602,"4.4":0,"4.4.3-4.4.4":0.61696771084337,"67":null},"edge":{"12":0.059844,"13":0.029922,"14":0.019948,"15":0.209454,"16":0.09974,"17":0.952517,"18":0.174545,"75":null},"op_mob":{"10":null,"11":null,"11.1":null,"11.5":null,"12":null,"12.1":null,"0":null},"ie":{"5.5":0,"6":0,"7":0,"8":0.09974,"9":0.019948,"10":0.029922,"11":0.503687},"samsung":{"4":1.4602500930714,"5.0-5.4":0.11473393588418,"6.2-6.4":0.23989822957601,"7.2-7.4":0.45893574353671,"8.2":0.56323932161324,"9.2":7.2490986763185},"ie_mob":{"10":0,"11":0.075195},"bb":{"7":0,"10":0.035091},"baidu":{"0":null},"and_ff":{"0":0.125325},"and_uc":{"0":1.017639},"and_qq":{"1.2":0.115299},"op_mini":{"0":0.49832837628866},"and_chr":{"0":45.983259},"kaios":{"2.5":0}},"total":93.392420376289}