{"id":"SR","name":"Suriname","month":"2021-01","access_date":"2021-02-05","data":{"firefox":{"2":0,"3":0,"3.5":0,"3.6":0,"4":0,"5":0,"6":0,"7":0,"8":0,"9":0,"10":0,"11":0,"12":0,"13":0,"14":0,"15":0,"16":0,"17":0,"18":0,"19":0,"20":0,"21":0,"22":0,"23":0,"24":0,"25":0,"26":0,"27":0,"28":0,"29":0,"30":0,"31":0,"32":0,"33":0,"34":0,"35":0,"36":0,"37":0,"38":0,"39":0,"40":0,"41":0,"42":0,"43":0,"44":0,"45":0,"46":0,"47":0,"48":0,"49":0,"50":0,"51":0,"52":0,"53":0,"54":0,"55":0,"56":0,"57":0,"58":0,"59":0,"60":0,"61":0,"62":0,"63":0,"64":0,"65":0,"66":0,"67":0,"68":0.00358,"69":0,"70":0,"71":0,"72":0.00358,"73":0,"74":0,"75":0,"76":0,"77":0,"78":0.01073,"79":0,"80":0.00358,"81":0,"82":0.00716,"83":0.01073,"84":0.48303,"85":0.08229,"86":0.00358,"87":0.00358},"chrome":{"4":0,"5":0,"6":0,"7":0,"8":0,"9":0,"10":0,"11":0,"12":0,"13":0,"14":0,"15":0,"16":0,"17":0,"18":0,"19":0,"20":0,"21":0,"22":0.00358,"23":0,"24":0,"25":0,"26":0.00358,"27":0,"28":0,"29":0,"30":0,"31":0,"32":0,"33":0,"34":0,"35":0,"36":0,"37":0,"38":0.01073,"39":0,"40":0.00358,"41":0,"42":0,"43":0,"44":0,"45":0,"46":0,"47":0,"48":0,"49":0.2433,"50":0,"51":0,"52":0,"53":0.01431,"54":0,"55":0,"56":0,"57":0,"58":0,"59":0,"60":0,"61":0,"62":0.00358,"63":0.0322,"64":0.00358,"65":0,"66":0,"67":0,"68":0.01073,"69":0,"70":0.00358,"71":0.00358,"72":0,"73":0.00358,"74":0,"75":0.02147,"76":0.01073,"77":0.00358,"78":0.01431,"79":0.03936,"80":0.01431,"81":0.06083,"83":0.02147,"84":0.02147,"85":0.05009,"86":0.15385,"87":6.82682,"88":1.13065,"89":0.01431,"90":0,"91":0},"opera":{"9":0,"9.5-9.6":0,"10.0-10.1":0,"10.5":0,"10.6":0,"11":0,"11.1":0,"11.5":0,"11.6":0,"12":0,"12.1":0,"15":0,"16":0,"17":0,"18":0,"19":0,"20":0,"21":0,"22":0,"23":0,"24":0,"25":0,"26":0,"27":0,"28":0,"29":0,"30":0,"31":0,"32":0,"33":0,"34":0,"35":0,"36":0,"37":0,"38":0,"39":0,"40":0,"41":0,"42":0,"43":0,"44":0,"45":0,"46":0,"47":0,"48":0,"49":0,"50":0,"51":0,"52":0,"53":0,"54":0,"55":0,"56":0,"57":0,"58":0,"60":0,"62":0,"63":0,"64":0,"65":0,"66":0,"67":0,"68":0,"69":0,"70":0.00358,"71":0,"72":0.03578},"ios_saf":{"3.2":0,"4.0-4.1":0,"4.2-4.3":0,"5.0-5.1":0.03363,"6.0-6.1":0.00292,"7.0-7.1":0.09359,"8":0,"8.1-8.4":0.07896,"9.0-9.2":0.01316,"9.3":0.23543,"10.0-10.2":0.00585,"10.3":0.34949,"11.0-11.2":0.03509,"11.3-11.4":0.17401,"12.0-12.1":0.08774,"12.2-12.4":1.87319,"13.0-13.1":0.02925,"13.2":0.04533,"13.3":0.3568,"13.4-13.7":0.82766,"14.0-14.4":10.03716},"safari":{"3.1":0,"3.2":0,"4":0,"5":0,"5.1":0.00358,"6":0,"6.1":0,"7":0,"7.1":0,"8":0,"9":0,"9.1":0,"10":0,"10.1":0.02505,"11":0,"11.1":0.00716,"12":0.00716,"12.1":0.01073,"13":0.00358,"13.1":0.10376,"14":0.31844,"0":null},"edge":{"12":0,"13":0,"14":0.00358,"15":0.01789,"16":0.01431,"17":0.01073,"18":0.05367,"79":0,"80":0,"81":0,"83":0,"84":0,"85":0.00358,"86":0.00358,"87":0.98753,"88":0.33633},"android":{"2.1":0,"2.2":0,"2.3":0,"3":0,"4":0,"4.1":0.03472,"4.2-4.3":0.07892,"4.4":0,"4.4.3-4.4.4":0.52086,"81":0},"samsung":{"4":0.51356,"5.0-5.4":0.02096,"6.2-6.4":0.02096,"7.2-7.4":0.61836,"8.2":0.02096,"9.2":0.28298,"10.1":0.10481,"11.1-11.2":0.52404,"12.0":0.71269,"13.0":7.4623},"op_mob":{"10":null,"11":null,"11.1":null,"11.5":null,"12":null,"12.1":null,"0":null},"ie":{"5.5":0,"6":0,"7":0,"8":0,"9":0,"10":0,"11":0.12523},"bb":{"7":0,"10":0},"ie_mob":{"10":0,"11":0},"and_chr":{"0":57.625},"kaios":{"2.5":0},"baidu":{"0":null},"and_ff":{"0":0.27615},"and_qq":{"10.4":0.10917},"and_uc":{"0":0.72569},"op_mini":{"0":0.2128}},"total":95.55444}