{"id":"ST","name":"Sao Tome and Principe","month":"2020-03","access_date":"2020-04-15","data":{"chrome":{"4":0,"5":0,"6":0,"7":0,"8":0,"9":0,"10":0,"11":0.052008,"12":0,"13":0,"14":0,"15":0,"16":0,"17":0,"18":0,"19":0,"20":0,"21":0,"22":0,"23":0.004728,"24":0,"25":0,"26":0.009456,"27":0,"28":0,"29":0,"30":0,"31":0.004728,"32":0,"33":0,"34":0,"35":0.02364,"36":0,"37":0,"38":0,"39":0,"40":0.004728,"41":0,"42":0,"43":0.37824,"44":0,"45":0,"46":0.018912,"47":0,"48":0,"49":0.080376,"50":0,"51":0,"52":0,"53":0.056736,"54":0.004728,"55":0.009456,"56":0,"57":0.018912,"58":0.04728,"59":0,"60":0,"61":0,"62":0,"63":0.037824,"64":0,"65":0.004728,"66":0,"67":0.004728,"68":0.108744,"69":0.808488,"70":0.198576,"71":0.018912,"72":0.004728,"73":0.099288,"74":0.075648,"75":0.04728,"76":0.231672,"77":0.018912,"78":0.04728,"79":0.226944,"80":14.146176,"81":0.009456,"83":0,"84":null,"85":null},"firefox":{"2":0,"3":0,"3.5":0,"3.6":0,"4":0,"5":0,"6":0,"7":0,"8":0,"9":0,"10":0,"11":0,"12":0,"13":0,"14":0,"15":0,"16":0,"17":0,"18":0,"19":0,"20":0,"21":0.009456,"22":0,"23":0,"24":0,"25":0,"26":0,"27":0,"28":0,"29":0,"30":0,"31":0,"32":0.014184,"33":0,"34":0,"35":0,"36":0,"37":0,"38":0,"39":0,"40":0.014184,"41":0,"42":0.009456,"43":0.009456,"44":0,"45":0,"46":0,"47":0.014184,"48":0,"49":0,"50":0,"51":0,"52":0.004728,"53":0,"54":0,"55":0,"56":0,"57":0.009456,"58":0,"59":0,"60":0,"61":0,"62":0,"63":0,"64":0,"65":0,"66":0,"67":0,"68":0.132384,"69":0.037824,"70":0.014184,"71":0,"72":0.004728,"73":0.73284,"74":0.534264,"75":0,"76":0,"77":0},"opera":{"9":0,"9.5-9.6":0,"10.0-10.1":0,"10.5":0,"10.6":0,"11":0,"11.1":0,"11.5":0,"11.6":0,"12":0,"12.1":0,"15":0,"16":0,"17":0,"18":0,"19":0,"20":0,"21":0,"22":0,"23":0,"24":0,"25":0,"26":0,"27":0,"28":0,"29":0,"30":0,"31":0,"32":0,"33":0,"34":0,"35":0,"36":0,"37":0,"38":0,"39":0,"40":0,"41":0,"42":0,"43":0,"44":0,"45":0,"46":0.004728,"47":0.004728,"48":0,"49":0,"50":0,"51":0,"52":0,"53":0,"54":0.009456,"55":0,"56":0,"57":0.009456,"58":0,"60":0,"62":0,"63":0,"64":0,"65":0.004728,"66":0.250584},"ios_saf":{"3.2":0.0023130571171351,"4.0-4.1":0.0011565285585676,"4.2-4.3":0,"5.0-5.1":0.0092522284685406,"6.0-6.1":0.0046261142342703,"7.0-7.1":0.020817514054216,"8":0,"8.1-8.4":0.017347928378514,"9.0-9.2":0.015034871261378,"9.3":0.14919218405522,"10.0-10.2":0.040478499549865,"10.3":0.14340954126238,"11.0-11.2":0.10755715594678,"11.3-11.4":0.16538358387516,"12.0-12.1":0.22089695468641,"12.2-12.4":1.3219121424427,"13.0-13.1":0.3388628676603,"13.2":0.15497482684805,"13.3":8.7225383887166,"13.4":0.12606161288387},"safari":{"3.1":0,"3.2":0,"4":0,"5":0,"5.1":0,"6":0,"6.1":0,"7":0,"7.1":0,"8":0,"9":0,"9.1":0,"10":0,"10.1":0.009456,"11":0.004728,"11.1":0.061464,"12":0,"12.1":0.009456,"13":0.278952,"13.1":0,"0":null},"android":{"2.1":0,"2.2":0.016185398280802,"2.3":0.0040463495702006,"3":0.0040463495702006,"4":0.040463495702006,"4.1":0.064741593123209,"4.2-4.3":0.18613208022923,"4.4":0,"4.4.3-4.4.4":1.0965607335244,"80":null},"edge":{"12":0.042552,"13":0.02364,"14":0.018912,"15":0.014184,"16":0.018912,"17":0.018912,"18":0.61464,"79":null,"80":null},"samsung":{"4":0.42318915662651,"5.0-5.4":0,"6.2-6.4":0.22707710843373,"7.2-7.4":0.041286746987952,"8.2":0.010321686746988,"9.2":0.15482530120482,"10.1":0.22707710843373,"11.1":0.62962289156627},"op_mob":{"10":null,"11":null,"11.1":null,"11.5":null,"12":null,"12.1":null,"0":null},"ie":{"5.5":0,"6":0,"7":0,"8":0,"9":0.014184,"10":0.004728,"11":0.430248},"ie_mob":{"10":0,"11":0.1318},"bb":{"7":0,"10":0},"baidu":{"0":null},"and_ff":{"0":0.100168},"and_uc":{"0":10.222408},"and_qq":{"1.2":0.031632},"kaios":{"2.5":0},"op_mini":{"0":0.50411008934708},"and_chr":{"0":47.45076}},"total":93.321558089347}