{"id":"ST","name":"Sao Tome and Principe","month":"2019-08","access_date":"2019-09-04","data":{"chrome":{"4":0,"5":0,"6":0,"7":0,"8":0,"9":0,"10":0,"11":0.015303,"12":0,"13":0,"14":0,"15":0,"16":0,"17":0,"18":0,"19":0,"20":0,"21":0,"22":0,"23":0,"24":0,"25":0,"26":0.020404,"27":0,"28":0,"29":0,"30":0,"31":0,"32":0,"33":0.081616,"34":0,"35":0,"36":0.045909,"37":0,"38":0.015303,"39":0,"40":0.076515,"41":0,"42":0,"43":0.994695,"44":0.015303,"45":0,"46":0.045909,"47":0,"48":0,"49":0.086717,"50":0,"51":0,"52":0.015303,"53":0.025505,"54":0.015303,"55":0.020404,"56":0,"57":0,"58":0.015303,"59":0,"60":0.010202,"61":0,"62":0,"63":0.086717,"64":0,"65":1.316058,"66":0,"67":0,"68":0.265252,"69":0.107121,"70":0.015303,"71":0.071414,"72":0.117323,"73":0.326464,"74":0.270353,"75":3.728831,"76":10.140788,"77":0.025505,"78":0,"79":0},"firefox":{"2":0,"3":0,"3.5":0,"3.6":0,"4":0,"5":0,"6":0,"7":0,"8":0,"9":0,"10":0,"11":0,"12":0,"13":0,"14":0,"15":0,"16":0,"17":0,"18":0,"19":0,"20":0,"21":0,"22":0,"23":0,"24":0,"25":0,"26":0,"27":0,"28":0,"29":0,"30":0,"31":0,"32":0,"33":0,"34":0,"35":0,"36":0,"37":0.020404,"38":0,"39":0,"40":0,"41":0,"42":0.076515,"43":0.005101,"44":0,"45":0,"46":0,"47":0.010202,"48":0,"49":0,"50":0,"51":0,"52":0.010202,"53":0,"54":0,"55":0,"56":0,"57":0,"58":0,"59":0,"60":0.020404,"61":0,"62":0,"63":0.005101,"64":0,"65":0.005101,"66":0,"67":0.010202,"68":1.193634,"69":0,"70":0,"71":0},"opera":{"9":0,"9.5-9.6":0,"10.0-10.1":0,"10.5":0,"10.6":0,"11":0,"11.1":0,"11.5":0,"11.6":0,"12":0,"12.1":0.05101,"15":0,"16":0,"17":0,"18":0,"19":0,"20":0,"21":0,"22":0,"23":0,"24":0,"25":0,"26":0,"27":0,"28":0,"29":0,"30":0,"31":0,"32":0,"33":0,"34":0,"35":0,"36":0,"37":0,"38":0,"39":0.005101,"40":0,"41":0,"42":0,"43":0,"44":0,"45":0,"46":0,"47":0,"48":0.005101,"49":0,"50":0,"51":0,"52":0,"53":0.107121,"54":0.025505,"55":0,"56":0,"57":0.005101,"58":0.015303,"60":0.020404,"62":1.188533},"safari":{"3.1":0,"3.2":0,"4":0,"5":0,"5.1":0.010202,"6":0,"6.1":0,"7":0.005101,"7.1":0,"8":0,"9":0,"9.1":0,"10":0,"10.1":0.030606,"11":0.005101,"11.1":0.035707,"12":0,"12.1":0.535605,"13":0,"0":null},"ios_saf":{"3.2":0.0017775966579948,"4.0-4.1":0.0011850644386632,"4.2-4.3":0,"5.0-5.1":0.0047402577546528,"6.0-6.1":0.0017775966579948,"7.0-7.1":0.0077029188513108,"8":0.0005925322193316,"8.1-8.4":0.008887983289974,"9.0-9.2":0.0082954510706424,"9.3":0.086509704022413,"10.0-10.2":0.037922062037222,"10.3":0.098360348409045,"11.0-11.2":0.114358718331,"11.3-11.4":0.19849829347609,"12.0-12.1":0.38040568481089,"12.2-12.3":4.9097219693816,"13":0.061030818591155},"android":{"2.1":0,"2.2":0.0075221009174312,"2.3":0.0062684174311927,"3":0.0025073669724771,"4":0.056415756880734,"4.1":0.21563355963303,"4.2-4.3":0.60803649082569,"4.4":0,"4.4.3-4.4.4":0.47013130733945,"67":null},"edge":{"12":0.015303,"13":0.040808,"14":0.015303,"15":0.015303,"16":0.010202,"17":0.652928,"18":0.367272,"76":null},"op_mob":{"10":null,"11":null,"11.1":null,"11.5":null,"12":null,"12.1":null,"0":null},"ie":{"5.5":0,"6":0,"7":0,"8":0.05101,"9":0,"10":0,"11":0.999796},"samsung":{"4":0.2508288,"5.0-5.4":0,"6.2-6.4":0.052256,"7.2-7.4":0.3553408,"8.2":0.0313536,"9.2":0.7211328},"ie_mob":{"10":0,"11":0.102879},"bb":{"7":0,"10":0.029394},"and_chr":{"0":48.844629},"baidu":{"0":null},"and_ff":{"0":0},"and_uc":{"0":9.763707},"kaios":{"2.5":0},"and_qq":{"1.2":0.024495},"op_mini":{"0":1.9897263247423}},"total":92.995139324742}