{"id":"SV","name":"El Salvador","month":"2018-08","access_date":"2018-09-04","data":{"chrome":{"4":0,"5":0,"6":0,"7":0,"8":0,"9":0,"10":0,"11":0.019128,"12":0,"13":0,"14":0,"15":0,"16":0,"17":0,"18":0,"19":0,"20":0,"21":0.006376,"22":0.019128,"23":0,"24":0,"25":0,"26":0,"27":0,"28":0,"29":0.312424,"30":0,"31":0,"32":0.012752,"33":0,"34":0.006376,"35":0.006376,"36":0,"37":0.006376,"38":0.057384,"39":0.006376,"40":0.012752,"41":0.012752,"42":0,"43":0.006376,"44":0,"45":0,"46":0.006376,"47":0.006376,"48":0.006376,"49":0.459072,"50":0,"51":0.012752,"52":0.006376,"53":0.006376,"54":0.025504,"55":0.082888,"56":0.038256,"57":0.012752,"58":0.057384,"59":0.019128,"60":0.038256,"61":0.051008,"62":0.06376,"63":0.1594,"64":0.076512,"65":0.146648,"66":0.229536,"67":5.29208,"68":23.616704,"69":0.03188,"70":0.012752,"71":0},"firefox":{"2":0,"3":0.006376,"3.5":0,"3.6":0,"4":0,"5":0,"6":0,"7":0,"8":0,"9":0,"10":0,"11":0,"12":0,"13":0,"14":0,"15":0,"16":0.006376,"17":0,"18":0,"19":0,"20":0,"21":0,"22":0,"23":0,"24":0,"25":0,"26":0,"27":0,"28":0.006376,"29":0,"30":0,"31":0,"32":0,"33":0,"34":0,"35":0.006376,"36":0,"37":0,"38":0.006376,"39":0,"40":0,"41":0,"42":0,"43":0.025504,"44":0.006376,"45":0.019128,"46":0.012752,"47":0.153024,"48":0.06376,"49":0.006376,"50":0.006376,"51":0.012752,"52":0.172152,"53":0.006376,"54":0.019128,"55":0.006376,"56":0.03188,"57":0.03188,"58":0.019128,"59":0.038256,"60":0.044632,"61":2.537648,"62":0.019128,"63":0.006376},"opera":{"9":0,"9.5-9.6":0,"10.0-10.1":0,"10.5":0,"10.6":0,"11":0,"11.1":0,"11.5":0,"11.6":0,"12":0,"12.1":0.012752,"15":0,"16":0,"17":0,"18":0,"19":0,"20":0,"21":0,"22":0,"23":0,"24":0,"25":0,"26":0,"27":0,"28":0,"29":0.012752,"30":0,"31":0,"32":0.006376,"33":0,"34":0,"35":0,"36":0.006376,"37":0.006376,"38":0,"39":0,"40":0.006376,"41":0,"42":0,"43":0,"44":0,"45":0,"46":0,"47":0.006376,"48":0,"49":0.006376,"50":0,"51":0,"52":0,"53":0.012752,"54":0.688608,"55":0.070136},"safari":{"3.1":0,"3.2":0,"4":0,"5":0.006376,"5.1":0.006376,"6":0,"6.1":0.006376,"7":0,"7.1":0,"8":0.06376,"9":0.165776,"9.1":0.082888,"10":0.09564,"10.1":0.22316,"11":0.274168,"11.1":1.122176,"12":0.006376,"0":null},"ios_saf":{"3.2":0.000459821910955,"4.0-4.1":0,"4.2-4.3":0.000459821910955,"5.0-5.1":0.00689732866433,"6.0-6.1":0.00367857528764,"7.0-7.1":0.0183928764382,"8":0.00367857528764,"8.1-8.4":0.0317277118559,"9.0-9.2":0.021151807904,"9.3":0.126451025513,"10.0-10.2":0.144843901951,"10.3":0.239567215608,"11.0-11.2":0.499826417209,"11.3-11.4":3.45924023612,"12":0.0395446843422},"android":{"2.1":0,"2.2":0,"2.3":0,"3":0,"4":0,"4.1":0,"4.2-4.3":0.305193869159,"4.4":1.03002930841,"4.4.3-4.4.4":0.70576082243,"67":null},"op_mob":{"10":null,"11":null,"11.1":null,"11.5":null,"12":null,"12.1":null,"0":null},"ie":{"5.5":0,"6":0,"7":0,"8":0.039304109589,"9":0.013101369863,"10":0.0196520547945,"11":0.406142465753},"edge":{"12":0.012752,"13":0.019128,"14":0.038256,"15":0.038256,"16":0.114768,"17":0.38256,"18":null},"samsung":{"4":0.801389690722,"5":0.102742268041,"6.2":0.226032989691,"7.2":null},"bb":{"7":0.0021744,"10":0.0086976},"ie_mob":{"10":0.011325,"11":0.079275},"baidu":{"0":null},"and_ff":{"0":0.112344},"and_qq":{"1.2":null},"and_uc":{"0":0.68856},"op_mini":{"0":0.734227381443},"and_chr":{"0":48.661224}},"total":96.2507603299}