{"id":"SV","name":"El Salvador","month":"2016-09","access_date":"2016-10-02","data":{"firefox":{"2":null,"3":0.054873,"3.5":0.006097,"3.6":0.018291,"4":0.006097,"5":null,"6":null,"7":null,"8":null,"9":null,"10":null,"11":null,"12":null,"13":null,"14":null,"15":null,"16":0.006097,"17":0.006097,"18":null,"19":null,"20":0.024388,"21":null,"22":0.012194,"23":null,"24":0.006097,"25":null,"26":0.006097,"27":0.012194,"28":0.018291,"29":0.012194,"30":0.018291,"31":0.036582,"32":null,"33":0.018291,"34":0.012194,"35":0.024388,"36":0.024388,"37":0.024388,"38":0.067067,"39":0.073164,"40":0.073164,"41":0.103649,"42":0.036582,"43":0.414596,"44":0.048776,"45":0.201201,"46":0.12194,"47":0.859677,"48":4.773951,"49":1.274273,"50":0.024388,"51":null,"52":null},"chrome":{"4":null,"5":null,"6":null,"7":null,"8":null,"9":null,"10":null,"11":0.018291,"12":null,"13":null,"14":null,"15":null,"16":null,"17":null,"18":0.012194,"19":null,"20":null,"21":0.024388,"22":0.042679,"23":null,"24":0.006097,"25":null,"26":0.006097,"27":0.012194,"28":0.012194,"29":0.012194,"30":null,"31":0.036582,"32":null,"33":0.024388,"34":0.030485,"35":0.030485,"36":0.036582,"37":0.048776,"38":0.036582,"39":0.06097,"40":0.054873,"41":0.024388,"42":0.030485,"43":0.134134,"44":0.067067,"45":0.06097,"46":0.073164,"47":0.335335,"48":0.091455,"49":2.335151,"50":0.152425,"51":0.762125,"52":18.376358,"53":17.730076,"54":0.054873,"55":0.030485,"56":null},"opera":{"9":null,"9.5-9.6":null,"10.0-10.1":0,"10.5":null,"10.6":null,"11":null,"11.1":null,"11.5":null,"11.6":null,"12":null,"12.1":0.012194,"15":null,"16":null,"17":null,"18":null,"19":null,"20":null,"21":null,"22":null,"23":null,"24":null,"25":null,"26":null,"27":null,"28":null,"29":0.012194,"30":null,"31":null,"32":null,"33":null,"34":null,"35":0.006097,"36":0.018291,"37":0.073164,"38":0.024388,"39":0.481663,"40":0.115843,"41":null},"safari":{"3.1":null,"3.2":null,"4":0.012194,"5":0.054873,"5.1":0.030485,"6":0.006097,"6.1":0.018291,"7":0.012194,"7.1":0.012194,"8":0.195104,"9":0.195104,"9.1":1.15843,"10":0.18291,"0":null},"ios_saf":{"3.2":0,"4.0-4.1":0,"4.2-4.3":0,"5.0-5.1":0,"6.0-6.1":0,"7.0-7.1":0.0403202479339,"8":0,"8.1-8.4":0.0844037190083,"9.0-9.2":0.101069421488,"9.3":1.67544070248,"10":0.733290909091},"android":{"2.1":0,"2.2":0,"2.3":0.0157965390071,"3":0,"4":0.114524907801,"4.1":0.410710014184,"4.2-4.3":1.02282590071,"4.4":2.42081960284,"4.4.3-4.4.4":2.69725903546,"52":null},"ie":{"5.5":null,"6":null,"7":0.00613861774744,"8":0.233267474403,"9":0.110495119454,"10":0.159604061433,"11":1.28910972696},"op_mob":{"10":0,"11":0,"11.1":0,"11.5":0,"12":0,"12.1":0.00351646036545,"0":0.147691335349},"edge":{"12":0.115843,"13":0.554827,"14":0.18291},"ie_mob":{"10":0.118485486034,"11":0.439643513966},"bb":{"7":0.0565935,"10":null},"samsung":{"0":2.06859},"and_uc":{"0":2.248128},"op_mini":{"0":2.10082320429},"and_chr":{"0":27.990197},"and_ff":{"0":0.019515}},"total":98.9680485}