{"id":"SV","name":"El Salvador","month":"2014-09","access_date":"2014-10-01","data":{"chrome":{"4":null,"5":null,"6":null,"7":null,"8":null,"9":0.007223,"10":null,"11":0.043338,"12":0.028892,"13":null,"14":null,"15":0.014446,"16":null,"17":null,"18":0.014446,"19":null,"20":0.014446,"21":0.043338,"22":0.057784,"23":0.028892,"24":0.043338,"25":0.036115,"26":0.086676,"27":0.07223,"28":0.057784,"29":0.108345,"30":0.079453,"31":0.36115,"32":0.281697,"33":0.498387,"34":0.534502,"35":1.37237,"36":6.42847,"37":30.083795,"38":0.101122,"39":0.065007,"40":null},"firefox":{"2":0.014446,"3":0.043338,"3.5":0.115568,"3.6":0.14446,"4":0.036115,"5":0.021669,"6":0.014446,"7":0.028892,"8":0.043338,"9":0.050561,"10":0.036115,"11":0.036115,"12":0.130014,"13":0.057784,"14":0.043338,"15":0.079453,"16":0.065007,"17":0.050561,"18":0.07223,"19":0.043338,"20":0.086676,"21":0.086676,"22":0.07223,"23":0.086676,"24":0.101122,"25":0.093899,"26":0.14446,"27":0.101122,"28":0.137237,"29":0.21669,"30":0.592286,"31":5.828961,"32":8.674823,"33":0.093899,"34":0.014446,"35":null},"opera":{"9":null,"9.5-9.6":null,"10.0-10.1":0,"10.5":null,"10.6":null,"11":null,"11.1":null,"11.5":null,"11.6":null,"12":0.007223,"12.1":0.065007,"15":null,"16":null,"17":0.007223,"18":0.014446,"19":0.014446,"20":0.028892,"21":0.021669,"22":0.014446,"23":0.057784,"24":0.534502,"25":0.014446,"26":null},"safari":{"3.1":null,"3.2":null,"4":0.043338,"5":0.158906,"5.1":0.296143,"6":0.202244,"6.1":0.231136,"7":0.823422,"7.1":0.079453,"8":0.014446},"android":{"2.1":0.0100205034965,"2.2":0.0701435244755,"2.3":1.1423373986,"3":0,"4":0.961968335664,"4.1":2.51514637762,"4.2-4.3":2.8758845035,"4.4":2.45502335664,"4.4.3":null},"op_mob":{"10":0,"11":0,"11.1":0,"11.5":0,"12":0.00624522992042,"12.1":0.0343487645623,"0":null},"ie":{"5.5":null,"6":0.0438372138229,"7":0.124205439165,"8":2.54986460403,"9":1.51969007919,"10":1.92883740821,"11":3.90881823254},"ios_saf":{"3.2":0,"4.0-4.1":0,"4.2-4.3":0,"5.0-5.1":0.0249149723064,"6.0-6.1":0.110581520922,"7.0-7.1":2.51026878512,"8":0.731066721649},"bb":{"7":0.30199875,"10":null},"and_chr":{"0":8.181042},"and_ff":{"0":0.230491},"ie_mob":{"10":0.51157894},"op_mini":{"5.0-7.0":2.06159500552},"and_uc":{"0":1.085807}},"total":96.446124667}