{"id":"SY","name":"Syrian Arab Republic","month":"2018-10","access_date":"2018-11-06","data":{"chrome":{"4":0,"5":0,"6":0,"7":0,"8":0,"9":0,"10":0,"11":0.002568,"12":0,"13":0,"14":0,"15":0,"16":0,"17":0,"18":0.002568,"19":0,"20":0,"21":0,"22":0,"23":0,"24":0,"25":0.002568,"26":0.002568,"27":0.002568,"28":0,"29":0.043656,"30":0.002568,"31":0.002568,"32":0.002568,"33":0.007704,"34":0,"35":0,"36":0.005136,"37":0,"38":0.005136,"39":0.002568,"40":0.005136,"41":0.002568,"42":0,"43":0.03852,"44":0.002568,"45":0,"46":0.002568,"47":0.002568,"48":0.005136,"49":0.041088,"50":0.002568,"51":0.01284,"52":0.002568,"53":0.005136,"54":0.002568,"55":0.010272,"56":0.005136,"57":0.005136,"58":0.015408,"59":0.005136,"60":0.028248,"61":0.005136,"62":0.010272,"63":0.023112,"64":0.017976,"65":0.035952,"66":0.028248,"67":0.082176,"68":0.1284,"69":3.279336,"70":0.582936,"71":0.005136,"72":0,"73":0},"firefox":{"2":0,"3":0,"3.5":0,"3.6":0.002568,"4":0,"5":0,"6":0,"7":0,"8":0,"9":0,"10":0,"11":0,"12":0,"13":0,"14":0,"15":0,"16":0,"17":0,"18":0,"19":0,"20":0,"21":0,"22":0,"23":0,"24":0,"25":0,"26":0,"27":0,"28":0,"29":0,"30":0,"31":0,"32":0,"33":0,"34":0,"35":0.002568,"36":0.005136,"37":0,"38":0.002568,"39":0.002568,"40":0,"41":0,"42":0,"43":0.01284,"44":0.002568,"45":0.002568,"46":0,"47":0.020544,"48":0.017976,"49":0.002568,"50":0.005136,"51":0,"52":0.082176,"53":0.005136,"54":0.005136,"55":0.005136,"56":0.010272,"57":0.010272,"58":0.010272,"59":0.015408,"60":0.020544,"61":0.028248,"62":0.842304,"63":0.161784,"64":0.002568,"65":0},"opera":{"9":0,"9.5-9.6":0,"10.0-10.1":0,"10.5":0,"10.6":0,"11":0,"11.1":0,"11.5":0,"11.6":0,"12":0,"12.1":0.005136,"15":0,"16":0,"17":0,"18":0,"19":0,"20":0,"21":0,"22":0,"23":0,"24":0,"25":0,"26":0,"27":0,"28":0.005136,"29":0,"30":0,"31":0,"32":0.002568,"33":0,"34":0,"35":0,"36":0.002568,"37":0.007704,"38":0,"39":0,"40":0,"41":0,"42":0,"43":0,"44":0,"45":0,"46":0,"47":0.002568,"48":0,"49":0,"50":0,"51":0,"52":0,"53":0.002568,"54":0.002568,"55":0.043656,"56":0.148944},"safari":{"3.1":0,"3.2":0,"4":0,"5":0,"5.1":0,"6":0,"6.1":0,"7":0,"7.1":0,"8":0,"9":0,"9.1":0.002568,"10":0.002568,"10.1":0.005136,"11":0.002568,"11.1":0.017976,"12":0.02568,"0":null},"ios_saf":{"3.2":0.00015039048483016,"4.0-4.1":0,"4.2-4.3":0.00045117145449047,"5.0-5.1":0.0016542953331317,"6.0-6.1":0.00060156193932063,"7.0-7.1":0.003759762120754,"8":0.018197248664449,"8.1-8.4":0.0096249910291301,"9.0-9.2":0.0045117145449047,"9.3":0.031281220844673,"10.0-10.2":0.053990184054027,"10.3":0.057749946174781,"11.0-11.2":0.11986121640964,"11.3-11.4":0.40199376595101,"12":0.78819653099486},"android":{"2.1":0,"2.2":0.019014080378251,"2.3":0.41830976832151,"3":0.019014080378251,"4":2.5288726903073,"4.1":0.72253505437352,"4.2-4.3":3.8218301560284,"4.4":0,"4.4.3-4.4.4":8.5563361702128,"67":null},"op_mob":{"10":null,"11":null,"11.1":null,"11.5":null,"12":null,"12.1":null,"0":null},"ie":{"5.5":0,"6":0,"7":0,"8":0.0236898,"9":0.0052644,"10":0.0026322,"11":0.0737016},"edge":{"12":0.002568,"13":0.002568,"14":0.010272,"15":0.007704,"16":0.020544,"17":0.048792,"18":null},"samsung":{"4":2.7225239378882,"5":0.35423173913043,"6.2":0.5161662484472,"7.2":null},"ie_mob":{"10":0,"11":0.022296},"bb":{"7":0,"10":0},"baidu":{"0":null},"and_ff":{"0":0.104048},"and_uc":{"0":1.501264},"and_qq":{"1.2":null},"op_mini":{"0":1.5268418281787},"and_chr":{"0":63.748448}},"total":94.308859753645}