{"id":"TC","name":"Turks and Caicos Islands","month":"2016-04","access_date":"2016-05-03","data":{"firefox":{"2":0,"3":0.006378,"3.5":0,"3.6":0,"4":0,"5":0,"6":0,"7":0,"8":0,"9":0,"10":0,"11":0,"12":0.070158,"13":0,"14":0,"15":0,"16":0,"17":0,"18":0.006378,"19":0,"20":0,"21":0,"22":0,"23":0.006378,"24":0,"25":0,"26":0,"27":0.006378,"28":0,"29":0,"30":0,"31":0,"32":0,"33":0,"34":0,"35":0.006378,"36":0.057402,"37":0,"38":0.006378,"39":0.006378,"40":0.006378,"41":0.038268,"42":0.038268,"43":0.108426,"44":0.146694,"45":4.139322,"46":0.25512,"47":0,"48":0,"49":0},"chrome":{"4":0,"5":0,"6":0,"7":0,"8":0,"9":0,"10":0.025512,"11":0.025512,"12":0,"13":0.006378,"14":0,"15":0,"16":0,"17":0,"18":0.006378,"19":0,"20":0,"21":0.03189,"22":0.019134,"23":0.012756,"24":0,"25":0.019134,"26":0,"27":0,"28":0.019134,"29":0,"30":0,"31":0.012756,"32":0.006378,"33":0.03189,"34":0.03189,"35":0.025512,"36":0.121182,"37":0,"38":0.012756,"39":0.038268,"40":0.006378,"41":0,"42":0.03189,"43":0.051024,"44":0.025512,"45":0.197718,"46":0.038268,"47":0.09567,"48":0.210474,"49":24.466008,"50":1.479696,"51":0.153072,"52":0.006378,"53":0},"opera":{"9":0,"9.5-9.6":0,"10.0-10.1":0,"10.5":0,"10.6":0,"11":0,"11.1":0,"11.5":0,"11.6":0,"12":0,"12.1":0,"15":0,"16":0,"17":0,"18":0,"19":0,"20":0,"21":0,"22":0,"23":0,"24":0,"25":0,"26":0,"27":0,"28":0,"29":0.019134,"30":0.006378,"31":0,"32":0,"33":0,"34":0,"35":0.03189,"36":0.325278,"37":0,"38":0},"safari":{"3.1":0,"3.2":0,"4":0.006378,"5":0.025512,"5.1":0.267876,"6":0.038268,"6.1":0.082914,"7":0.06378,"7.1":0.044646,"8":0.452838,"9":1.173552,"9.1":1.543476,"0":null},"android":{"2.1":0,"2.2":0,"2.3":0.021577062635,"3":0,"4":0.12946237581,"4.1":0.434238385529,"4.2-4.3":1.0100762446,"4.4":2.19142042387,"4.4.3-4.4.4":1.20831550756,"47":null},"ios_saf":{"3.2":0,"4.0-4.1":0,"4.2-4.3":0,"5.0-5.1":0,"6.0-6.1":0.0630593592529,"7.0-7.1":0.650163738504,"8":0,"8.1-8.4":1.64171780124,"9.0-9.2":5.30785848056,"9.3":13.7578126204},"ie":{"5.5":0,"6":0.0127648830084,"7":0.00638244150418,"8":0.280827426184,"9":0.255297660167,"10":0.555272410864,"11":8.04825873677},"op_mob":{"10":0,"11":0,"11.1":0,"11.5":0,"12":0,"12.1":3.47880669415e-5,"0":0.00118279427601},"ie_mob":{"10":0.224058604651,"11":0.257667395349},"edge":{"12":0.395436,"13":2.850966,"14":0},"bb":{"7":0.1892495,"10":null},"and_uc":{"0":0.242674},"op_mini":{"5.0-8.0":0.357360417657},"and_chr":{"0":19.005162},"and_ff":{"0":0.01811}},"total":95.3115570585}