{"id":"TC","name":"Turks and Caicos Islands","month":"2018-10","access_date":"2018-11-06","data":{"chrome":{"4":0,"5":0,"6":0,"7":0,"8":0,"9":0,"10":0,"11":0,"12":0,"13":0,"14":0,"15":0,"16":0,"17":0,"18":0,"19":0,"20":0,"21":0,"22":0,"23":0,"24":0,"25":0,"26":0,"27":0,"28":0,"29":0,"30":0,"31":0,"32":0,"33":0,"34":0,"35":0,"36":0,"37":0,"38":0.054576,"39":0,"40":0,"41":0.012128,"42":0,"43":0.006064,"44":0,"45":0.006064,"46":0,"47":0,"48":0,"49":0.1516,"50":0,"51":0,"52":0.006064,"53":0,"54":0,"55":0.012128,"56":0.006064,"57":0.012128,"58":0.036384,"59":0,"60":0,"61":0,"62":0.006064,"63":0.012128,"64":0.018192,"65":0.115216,"66":0.006064,"67":0.18192,"68":0.4548,"69":15.487456,"70":3.595952,"71":0.018192,"72":0,"73":0},"firefox":{"2":0,"3":0,"3.5":0,"3.6":0,"4":0,"5":0,"6":0,"7":0,"8":0,"9":0,"10":0,"11":0.194048,"12":0,"13":0,"14":0,"15":0,"16":0,"17":0,"18":0,"19":0,"20":0,"21":0,"22":0,"23":0,"24":0,"25":0,"26":0,"27":0,"28":0,"29":0,"30":0,"31":0,"32":0,"33":0,"34":0,"35":0,"36":0,"37":0,"38":0,"39":0,"40":0,"41":0,"42":0,"43":0,"44":0,"45":0,"46":0,"47":0,"48":0.006064,"49":0,"50":0.012128,"51":0,"52":0.018192,"53":0,"54":0,"55":0,"56":0,"57":0,"58":0,"59":0.006064,"60":0.006064,"61":0,"62":1.716112,"63":0.430544,"64":0,"65":0},"opera":{"9":0,"9.5-9.6":0,"10.0-10.1":0,"10.5":0,"10.6":0,"11":0,"11.1":0,"11.5":0,"11.6":0,"12":0,"12.1":0,"15":0,"16":0,"17":0,"18":0,"19":0,"20":0,"21":0,"22":0,"23":0,"24":0,"25":0,"26":0,"27":0,"28":0,"29":0,"30":0,"31":0,"32":0,"33":0,"34":0,"35":0,"36":0,"37":0,"38":0,"39":0,"40":0,"41":0,"42":0,"43":0,"44":0,"45":0,"46":0,"47":0,"48":0,"49":0,"50":0,"51":0,"52":0,"53":0,"54":0,"55":0.03032,"56":0.09096},"safari":{"3.1":0,"3.2":0,"4":0,"5":0,"5.1":0.006064,"6":0,"6.1":0.260752,"7":0,"7.1":0,"8":0.006064,"9":0.006064,"9.1":0.042448,"10":0.018192,"10.1":0.200112,"11":0.084896,"11.1":0.466928,"12":1.170352,"0":null},"ios_saf":{"3.2":0.0023824695091221,"4.0-4.1":0,"4.2-4.3":0.0071474085273662,"5.0-5.1":0.026207164600343,"6.0-6.1":0.0095298780364883,"7.0-7.1":0.059561737728052,"8":0.28827881060377,"8.1-8.4":0.15247804858381,"9.0-9.2":0.071474085273662,"9.3":0.49555365789739,"10.0-10.2":0.85530655377482,"10.3":0.91486829150287,"11.0-11.2":1.8988281987703,"11.3-11.4":6.3683409978833,"12":12.486522697309},"android":{"2.1":0,"2.2":0.0011902222222222,"2.3":0.026184888888889,"3":0.0011902222222222,"4":0.15829955555556,"4.1":0.045228444444444,"4.2-4.3":0.23923466666667,"4.4":0,"4.4.3-4.4.4":0.5356,"67":null},"op_mob":{"10":null,"11":null,"11.1":null,"11.5":null,"12":null,"12.1":null,"0":null},"ie":{"5.5":0,"6":0,"7":0,"8":0.006064,"9":0.006064,"10":0.133408,"11":1.928352},"edge":{"12":0.018192,"13":0.066704,"14":0.1516,"15":0.078832,"16":0.21224,"17":2.825824,"18":null},"samsung":{"4":0.32686690909091,"5":0.011271272727273,"6.2":0.27051054545455,"7.2":null},"ie_mob":{"10":0,"11":0.031488},"bb":{"7":0.003936,"10":0.015744},"baidu":{"0":null},"and_ff":{"0":0.031488},"and_uc":{"0":0.133824},"and_qq":{"1.2":null},"op_mini":{"0":0.26457088659794},"and_chr":{"0":36.412336}},"total":92.544275613871}