{"id":"TC","name":"Turks and Caicos Islands","month":"2022-02","access_date":"2022-03-03","data":{"firefox":{"2":null,"3":null,"3.5":null,"3.6":null,"4":null,"5":null,"6":null,"7":null,"8":null,"9":null,"10":null,"11":null,"12":null,"13":null,"14":null,"15":null,"16":null,"17":null,"18":null,"19":null,"20":null,"21":null,"22":null,"23":null,"24":null,"25":null,"26":null,"27":null,"28":null,"29":null,"30":null,"31":null,"32":null,"33":null,"34":null,"35":null,"36":null,"37":null,"38":null,"39":null,"40":null,"41":null,"42":null,"43":null,"44":null,"45":null,"46":null,"47":null,"48":null,"49":null,"50":null,"51":null,"52":null,"53":null,"54":null,"55":null,"56":0.04314,"57":null,"58":null,"59":null,"60":null,"61":null,"62":null,"63":null,"64":null,"65":null,"66":null,"67":null,"68":0.00539,"69":null,"70":null,"71":null,"72":null,"73":null,"74":null,"75":null,"76":null,"77":null,"78":null,"79":null,"80":null,"81":null,"82":null,"83":null,"84":null,"85":null,"86":null,"87":null,"88":null,"89":null,"90":null,"91":null,"92":0.01078,"93":0.02696,"94":null,"95":null,"96":0.674,"97":0.73331,"98":null,"99":null},"chrome":{"4":null,"5":null,"6":null,"7":null,"8":null,"9":null,"10":null,"11":null,"12":null,"13":null,"14":null,"15":null,"16":null,"17":null,"18":null,"19":null,"20":null,"21":null,"22":null,"23":0.00539,"24":null,"25":null,"26":null,"27":null,"28":null,"29":null,"30":null,"31":null,"32":null,"33":null,"34":null,"35":null,"36":null,"37":null,"38":null,"39":null,"40":null,"41":null,"42":0.16715,"43":null,"44":null,"45":null,"46":null,"47":null,"48":null,"49":0.01078,"50":null,"51":null,"52":null,"53":null,"54":null,"55":null,"56":null,"57":null,"58":null,"59":null,"60":null,"61":null,"62":null,"63":0.01618,"64":null,"65":null,"66":null,"67":null,"68":null,"69":null,"70":null,"71":null,"72":null,"73":null,"74":null,"75":null,"76":0.04314,"77":null,"78":0.00539,"79":0.02157,"80":null,"81":null,"83":0.03774,"84":0.00539,"85":null,"86":0.07549,"87":0.27499,"88":0.03774,"89":null,"90":null,"91":0.01618,"92":0.03235,"93":0.07549,"94":0.02157,"95":0.01078,"96":2.68522,"97":11.00507,"98":15.2324,"99":0.31274,"100":0.29656,"101":null},"opera":{"9":null,"9.5-9.6":null,"10.0-10.1":0,"10.5":null,"10.6":null,"11":null,"11.1":null,"11.5":null,"11.6":null,"12":null,"12.1":null,"15":null,"16":null,"17":null,"18":null,"19":null,"20":null,"21":null,"22":null,"23":null,"24":null,"25":null,"26":null,"27":null,"28":null,"29":null,"30":null,"31":null,"32":null,"33":null,"34":null,"35":null,"36":null,"37":null,"38":null,"39":null,"40":null,"41":null,"42":null,"43":null,"44":null,"45":null,"46":null,"47":null,"48":null,"49":null,"50":null,"51":null,"52":null,"53":null,"54":null,"55":null,"56":null,"57":null,"58":null,"60":null,"62":null,"63":null,"64":null,"65":null,"66":null,"67":null,"68":null,"69":null,"70":null,"71":null,"72":null,"73":null,"74":null,"75":null,"76":null,"77":null,"78":null,"79":0.01078,"80":0.01078,"81":null,"82":0.04853,"83":0.17794},"edge":{"12":null,"13":null,"14":0.01078,"15":null,"16":0.01618,"17":4.84202,"18":0.16176,"79":null,"80":0.00539,"81":null,"83":null,"84":null,"85":null,"86":null,"87":null,"88":null,"89":null,"90":null,"91":null,"92":null,"93":null,"94":null,"95":null,"96":0.03235,"97":1.42888,"98":4.62094},"safari":{"3.1":null,"3.2":null,"4":0,"5":null,"5.1":null,"6":null,"6.1":null,"7":null,"7.1":null,"8":null,"9":null,"9.1":0.01618,"10":null,"10.1":0.02696,"11":null,"11.1":0.01078,"12":null,"12.1":0.09706,"13":0.10245,"13.1":0.78184,"14":0.30195,"14.1":2.75531,"15":0.66861,"15.1":0.92203,"15.2-15.3":1.8225,"15.4":0.00539,"0":null},"ios_saf":{"3.2":0,"4.0-4.1":0,"4.2-4.3":0,"5.0-5.1":0.00443,"6.0-6.1":0,"7.0-7.1":0,"8":0,"8.1-8.4":0.03545,"9.0-9.2":0,"9.3":0.01329,"10.0-10.2":0,"10.3":0.04653,"11.0-11.2":0.01773,"11.3-11.4":0.00886,"12.0-12.1":0.03324,"12.2-12.5":0.91067,"13.0-13.1":0.0288,"13.2":0.00222,"13.3":0.03545,"13.4-13.7":0.10414,"14.0-14.4":0.72898,"14.5-14.8":4.0792,"15.0-15.1":3.38788,"15.2-15.3":12.69625,"15.4":0.01773},"samsung":{"4":0.15843,"5.0-5.4":0.0102,"6.2-6.4":0.01036,"7.2-7.4":0.04225,"8.2":0.02073,"9.2":0.19011,"10.1":0.0204,"11.1-11.2":0.04225,"12.0":0.06121,"13.0":0.39078,"14.0":0.05281,"15.0":0.02112,"16.0":2.47144},"android":{"2.1":0,"2.2":0,"2.3":0,"3":0,"4":0.00481,"4.1":0,"4.2-4.3":0,"4.4":0,"4.4.3-4.4.4":0.00441,"0":0},"ie":{"5.5":null,"6":null,"7":null,"8":null,"9":null,"10":null,"11":0.17794},"op_mob":{"10":null,"11":null,"11.1":null,"11.5":null,"12":null,"12.1":null,"0":null},"bb":{"7":0,"10":0},"ie_mob":{"10":0.04242,"11":0.03845},"baidu":{"0":null},"and_ff":{"0":0.04148},"and_qq":{"10.4":0},"and_uc":{"0":0.00461},"op_mini":{"0":0.17454},"and_chr":{"0":19.34237},"kaios":{"2.5":0}},"total":96.23425}