{"id":"TD","name":"Chad","month":"2021-12","access_date":"2022-01-03","data":{"firefox":{"2":null,"3":null,"3.5":null,"3.6":null,"4":null,"5":0.00416,"6":null,"7":null,"8":null,"9":null,"10":null,"11":null,"12":null,"13":null,"14":null,"15":0.00416,"16":null,"17":null,"18":null,"19":null,"20":null,"21":null,"22":null,"23":null,"24":null,"25":null,"26":null,"27":null,"28":null,"29":null,"30":0.00416,"31":null,"32":null,"33":null,"34":null,"35":null,"36":null,"37":null,"38":null,"39":null,"40":null,"41":null,"42":null,"43":0.00624,"44":null,"45":0.00416,"46":null,"47":null,"48":null,"49":null,"50":null,"51":null,"52":null,"53":null,"54":null,"55":null,"56":null,"57":0.00832,"58":null,"59":null,"60":null,"61":null,"62":null,"63":null,"64":null,"65":null,"66":null,"67":null,"68":null,"69":0.00416,"70":null,"71":null,"72":0.00208,"73":null,"74":null,"75":0.00832,"76":null,"77":null,"78":0.01457,"79":null,"80":null,"81":null,"82":null,"83":0.01249,"84":0.00624,"85":null,"86":null,"87":null,"88":0.00208,"89":0.00624,"90":0.00416,"91":0.00208,"92":null,"93":0.00624,"94":0.29758,"95":0.60765,"96":0.02081,"97":null},"chrome":{"4":null,"5":null,"6":null,"7":null,"8":null,"9":null,"10":null,"11":null,"12":null,"13":null,"14":null,"15":null,"16":null,"17":null,"18":null,"19":null,"20":null,"21":null,"22":null,"23":null,"24":0.01041,"25":0.00624,"26":null,"27":null,"28":null,"29":null,"30":null,"31":null,"32":null,"33":null,"34":null,"35":null,"36":null,"37":0.08948,"38":null,"39":null,"40":0.01457,"41":null,"42":null,"43":null,"44":null,"45":null,"46":null,"47":null,"48":null,"49":null,"50":null,"51":null,"52":null,"53":null,"54":null,"55":0.00832,"56":null,"57":null,"58":0.00208,"59":null,"60":0.00208,"61":null,"62":null,"63":0.00416,"64":0.00208,"65":0.00416,"66":null,"67":null,"68":0.01457,"69":null,"70":0.00832,"71":0.01249,"72":null,"73":null,"74":0.01041,"75":0.00832,"76":null,"77":0.00416,"78":null,"79":null,"80":0.0437,"81":0.00416,"83":null,"84":0.01457,"85":null,"86":0.33296,"87":0.13318,"88":0.02081,"89":0.01457,"90":0.00832,"91":0.03746,"92":0.08324,"93":0.03538,"94":0.34961,"95":0.07908,"96":4.69266,"97":null,"98":null,"99":null},"opera":{"9":null,"9.5-9.6":null,"10.0-10.1":0,"10.5":null,"10.6":null,"11":null,"11.1":null,"11.5":null,"11.6":null,"12":null,"12.1":null,"15":null,"16":null,"17":null,"18":null,"19":null,"20":null,"21":null,"22":null,"23":null,"24":null,"25":null,"26":null,"27":null,"28":null,"29":0.01665,"30":null,"31":null,"32":null,"33":null,"34":null,"35":null,"36":0.00624,"37":0.00624,"38":null,"39":null,"40":null,"41":null,"42":null,"43":null,"44":null,"45":0.04994,"46":null,"47":null,"48":null,"49":null,"50":null,"51":0.00624,"52":null,"53":null,"54":null,"55":null,"56":null,"57":null,"58":null,"60":null,"62":null,"63":null,"64":0.00624,"65":null,"66":null,"67":null,"68":null,"69":null,"70":null,"71":null,"72":null,"73":0.13735,"74":null,"75":null,"76":null,"77":null,"78":null,"79":0.01873,"80":0.03746,"81":0.0333,"82":0.06659},"safari":{"3.1":null,"3.2":null,"4":0,"5":null,"5.1":null,"6":null,"6.1":null,"7":null,"7.1":null,"8":null,"9":null,"9.1":null,"10":null,"10.1":null,"11":0.00208,"11.1":null,"12":null,"12.1":0.01249,"13":0.00624,"13.1":0.01873,"14":0.01249,"14.1":0.19145,"15":0.00416,"15.1":0.05411,"15.2":0.00416,"0":null},"edge":{"12":0.02497,"13":0.02289,"14":0.01873,"15":null,"16":0.02289,"17":0.02705,"18":0.04162,"79":null,"80":null,"81":null,"83":null,"84":0.00208,"85":null,"86":null,"87":null,"88":null,"89":null,"90":0.01665,"91":0.01041,"92":0.00624,"93":0.00416,"94":0.03746,"95":0.02497,"96":1.39843},"ios_saf":{"3.2":0,"4.0-4.1":0,"4.2-4.3":0,"5.0-5.1":0,"6.0-6.1":0.00375,"7.0-7.1":0.00656,"8":0.00094,"8.1-8.4":0.00094,"9.0-9.2":0,"9.3":0.01547,"10.0-10.2":0.00094,"10.3":0.00328,"11.0-11.2":0.01688,"11.3-11.4":0.10456,"12.0-12.1":0.21851,"12.2-12.5":0.82339,"13.0-13.1":0.00938,"13.2":0.00141,"13.3":0.08112,"13.4-13.7":0.05908,"14.0-14.4":1.13473,"14.5-14.8":0.76477,"15.0-15.1":1.24446,"15.2":0.19788},"samsung":{"4":0.33292,"5.0-5.4":0.06053,"6.2-6.4":0.02018,"7.2-7.4":0.33292,"8.2":0.01019,"9.2":0.08071,"10.1":0.02018,"11.1-11.2":0.37328,"12.0":0.02018,"13.0":0.16142,"14.0":0.52461,"15.0":1.20054},"android":{"2.1":0,"2.2":0,"2.3":0,"3":0,"4":0,"4.1":0.00112,"4.2-4.3":0.00374,"4.4":0,"4.4.3-4.4.4":0.07433,"0":0},"op_mob":{"10":null,"11":null,"11.1":null,"11.5":null,"12":null,"12.1":null,"0":null},"ie":{"5.5":null,"6":null,"7":null,"8":0.0172,"9":null,"10":null,"11":2.68393},"ie_mob":{"10":0.02705,"11":null},"bb":{"7":0,"10":0.03168},"and_uc":{"0":1.20369},"op_mini":{"0":3.70362},"and_chr":{"0":73.5905},"kaios":{"2.5":0.11879},"baidu":{"0":null},"and_ff":{"0":0.15838},"and_qq":{"10.4":0.08711}},"total":98.95374}