{"id":"TD","name":"Chad","month":"2016-09","access_date":"2016-10-02","data":{"firefox":{"2":0.000353,"3":0.6001,"3.5":0.002118,"3.6":0.004942,"4":0.001765,"5":null,"6":0.000353,"7":0.000353,"8":0.000353,"9":0.00353,"10":0.000706,"11":0.000706,"12":null,"13":0.001059,"14":0.002118,"15":0.002471,"16":0.001059,"17":0.004236,"18":0.01059,"19":0.000353,"20":0.003883,"21":0.001412,"22":0.009884,"23":0.002824,"24":0.000706,"25":0.001765,"26":0.003883,"27":null,"28":0.001412,"29":0.000706,"30":0.026475,"31":0.001412,"32":0.001059,"33":0.00706,"34":0.048714,"35":0.000353,"36":0.004589,"37":0.015885,"38":0.004236,"39":0.000353,"40":0.005295,"41":0.001059,"42":0.008119,"43":0.031064,"44":0.006354,"45":0.010943,"46":0.018356,"47":0.187443,"48":0.27887,"49":0.105194,"50":0.002824,"51":null,"52":null},"chrome":{"4":null,"5":0.002118,"6":null,"7":null,"8":null,"9":null,"10":null,"11":0.010237,"12":null,"13":0.000353,"14":null,"15":null,"16":0.000706,"17":null,"18":0.001412,"19":0.000706,"20":null,"21":0.001412,"22":null,"23":null,"24":null,"25":null,"26":0.002471,"27":null,"28":0.000706,"29":0.000353,"30":null,"31":0.001765,"32":null,"33":null,"34":null,"35":null,"36":0.000353,"37":0.000353,"38":0.004589,"39":null,"40":0.007413,"41":0.004589,"42":0.001059,"43":0.007413,"44":0.001765,"45":0.048361,"46":0.001765,"47":0.000706,"48":0.000706,"49":0.024004,"50":0.016591,"51":0.026122,"52":0.355118,"53":0.698234,"54":0.000706,"55":null,"56":null},"opera":{"9":null,"9.5-9.6":0.000353,"10.0-10.1":0,"10.5":0.000353,"10.6":null,"11":0.001059,"11.1":null,"11.5":0.000706,"11.6":null,"12":null,"12.1":0.000706,"15":null,"16":null,"17":null,"18":0.001765,"19":0.001765,"20":null,"21":0.000353,"22":null,"23":null,"24":null,"25":0.000706,"26":null,"27":null,"28":null,"29":0.004236,"30":0.002471,"31":null,"32":0.000353,"33":null,"34":0.002824,"35":0.000353,"36":null,"37":0.030711,"38":0.01059,"39":0.027534,"40":0.00353,"41":null},"safari":{"3.1":0.000353,"3.2":null,"4":0,"5":null,"5.1":0.004236,"6":0.003177,"6.1":null,"7":0.00353,"7.1":0.001765,"8":0.010237,"9":0.090721,"9.1":0.247806,"10":0.005295,"0":null},"ios_saf":{"3.2":0,"4.0-4.1":0,"4.2-4.3":0,"5.0-5.1":0,"6.0-6.1":0,"7.0-7.1":0.00457693602694,"8":0,"8.1-8.4":0.00958105274972,"9.0-9.2":0.0114728529742,"9.3":0.190186948373,"10":0.0832392098765},"android":{"2.1":0,"2.2":0,"2.3":0.00301041134752,"3":0,"4":0.0218254822695,"4.1":0.0782706950355,"4.2-4.3":0.194924134752,"4.4":0.461345539007,"4.4.3-4.4.4":0.514027737589,"52":null},"ie":{"5.5":null,"6":null,"7":0.000355674242424,"8":0.061175969697,"9":0.0231188257576,"10":0.0206291060606,"11":0.129465424242},"op_mob":{"10":0,"11":0,"11.1":0,"11.5":0,"12":0,"12.1":0.128581369568,"0":5.40041752186},"edge":{"12":0.004236,"13":0.012355,"14":0.003177},"ie_mob":{"10":0.0450552625698,"11":0.16717873743},"bb":{"7":0.01688225,"10":null},"samsung":{"0":0.810348},"and_uc":{"0":8.306067},"op_mini":{"0":76.8177931086},"and_chr":{"0":2.270953},"and_ff":{"0":null}},"total":98.89912125}