{"id":"TG","name":"Togo","month":"2020-08","access_date":"2020-09-15","data":{"firefox":{"2":0,"3":0.00615,"3.5":0,"3.6":0,"4":0,"5":0,"6":0,"7":0,"8":0,"9":0,"10":0,"11":0,"12":0,"13":0,"14":0,"15":0,"16":0,"17":0,"18":0,"19":0,"20":0,"21":0.00615,"22":0.00615,"23":0,"24":0,"25":0,"26":0,"27":0,"28":0,"29":0,"30":0.0123,"31":0,"32":0,"33":0.0123,"34":0.00615,"35":0.00615,"36":0,"37":0,"38":0,"39":0,"40":0.00615,"41":0.00615,"42":0.00615,"43":0.02459,"44":0,"45":0.01844,"46":0,"47":0.02459,"48":0.0123,"49":0.00615,"50":0.0123,"51":0,"52":0.07992,"53":0,"54":0,"55":0.03074,"56":0.01844,"57":0.00615,"58":0.03074,"59":0.00615,"60":0.0123,"61":0.00615,"62":0.00615,"63":0.02459,"64":0.00615,"65":0.00615,"66":0.00615,"67":0.01844,"68":0.22133,"69":0.0123,"70":0.0123,"71":0.01844,"72":0.12911,"73":0.0123,"74":0.0123,"75":0.03074,"76":0.01844,"77":0.07378,"78":0.49184,"79":6.47999,"80":1.13738,"81":0.09837,"82":0},"chrome":{"4":0,"5":0,"6":0,"7":0,"8":0,"9":0,"10":0,"11":0,"12":0,"13":0,"14":0,"15":0,"16":0,"17":0,"18":0,"19":0,"20":0,"21":0,"22":0,"23":0,"24":0,"25":0,"26":0.0123,"27":0,"28":0,"29":0.0123,"30":0,"31":0.02459,"32":0,"33":0.04304,"34":0,"35":0,"36":0,"37":0,"38":0,"39":0,"40":0.01844,"41":0,"42":0,"43":0.06148,"44":0,"45":0,"46":0,"47":0,"48":0.00615,"49":0.12296,"50":0.00615,"51":0,"52":0,"53":0,"54":0,"55":0.01844,"56":0,"57":0,"58":0.03074,"59":0,"60":0,"61":0,"62":0.0123,"63":0.20903,"64":0.00615,"65":0.00615,"66":0,"67":0.00615,"68":0.00615,"69":0.02459,"70":0.07992,"71":0.05533,"72":0.11066,"73":0.04304,"74":0.08607,"75":0.03689,"76":0.03074,"77":0.04304,"78":0.04918,"79":0.30125,"80":0.51643,"81":0.22133,"83":1.04516,"84":15.75732,"85":0.53488,"86":0.06148,"87":0,"88":0},"opera":{"9":0,"9.5-9.6":0,"10.0-10.1":0,"10.5":0,"10.6":0,"11":0,"11.1":0,"11.5":0,"11.6":0,"12":0,"12.1":0.02459,"15":0,"16":0,"17":0,"18":0,"19":0,"20":0,"21":0,"22":0,"23":0,"24":0,"25":0,"26":0.00615,"27":0.00615,"28":0.00615,"29":0,"30":0.00615,"31":0,"32":0.00615,"33":0.00615,"34":0,"35":0,"36":0,"37":0,"38":0,"39":0,"40":0,"41":0,"42":0.04304,"43":0,"44":0,"45":0,"46":0.00615,"47":0.0123,"48":0,"49":0,"50":0.35658,"51":0.11066,"52":0,"53":0,"54":0,"55":0,"56":0,"57":0.00615,"58":0.01844,"60":0.00615,"62":0,"63":0,"64":0,"65":0.00615,"66":0.00615,"67":0.01844,"68":0.09837,"69":1.2419,"70":1.59848},"ios_saf":{"3.2":0,"4.0-4.1":0,"4.2-4.3":0,"5.0-5.1":0.00405,"6.0-6.1":0.00135,"7.0-7.1":0.00541,"8":0,"8.1-8.4":0.01081,"9.0-9.2":0.00676,"9.3":0.07568,"10.0-10.2":0.02162,"10.3":0.10136,"11.0-11.2":0.07703,"11.3-11.4":0.10677,"12.0-12.1":0.17164,"12.2-12.4":0.97306,"13.0-13.1":0.16623,"13.2":0.08379,"13.3":0.74871,"13.4-13.7":1.0609,"14.0":null},"safari":{"3.1":0,"3.2":0,"4":0,"5":0,"5.1":0.166,"6":0,"6.1":0,"7":0,"7.1":0,"8":0,"9":0,"9.1":0,"10":0,"10.1":0,"11":0,"11.1":0.02459,"12":0.02459,"12.1":0.06148,"13":0.02459,"13.1":0.28281,"14":0,"0":null},"edge":{"12":0.03689,"13":0.02459,"14":0.0123,"15":0.04304,"16":0.00615,"17":0.06763,"18":0.51028,"79":0,"80":0,"81":0.04304,"83":0.00615,"84":1.79522,"85":0.12911},"android":{"2.1":0,"2.2":0,"2.3":0.00184,"3":0,"4":0.02396,"4.1":0.07187,"4.2-4.3":0.04423,"4.4":0,"4.4.3-4.4.4":0.26352,"81":null},"samsung":{"4":0.08226,"5.0-5.4":0.01028,"6.2-6.4":0,"7.2-7.4":0.02057,"8.2":0,"9.2":0.23651,"10.1":0.30849,"11.1-11.2":0.10283,"12.0":0.45245},"op_mob":{"10":null,"11":null,"11.1":null,"11.5":null,"12":null,"12.1":null,"0":null},"ie":{"5.5":0,"6":0.01121,"7":0,"8":0.12332,"9":0.01121,"10":0.02242,"11":0.21301},"bb":{"7":0,"10":0.01926},"ie_mob":{"10":0,"11":0.04237},"and_chr":{"0":50.17305},"kaios":{"2.5":0},"baidu":{"0":null},"and_ff":{"0":0.20801},"and_qq":{"10.4":0.01926},"and_uc":{"0":1.02848},"op_mini":{"0":3.13627}},"total":95.8696}