{"id":"TH","name":"Thailand","month":"2016-04","access_date":"2016-05-03","data":{"firefox":{"2":0,"3":0.004962,"3.5":0,"3.6":0.014886,"4":0.004962,"5":0.004962,"6":0.009924,"7":0.009924,"8":0.004962,"9":0.004962,"10":0.004962,"11":0.004962,"12":0.014886,"13":0.004962,"14":0.004962,"15":0.004962,"16":0.004962,"17":0.004962,"18":0.004962,"19":0.004962,"20":0.004962,"21":0.004962,"22":0.004962,"23":0.004962,"24":0.014886,"25":0.004962,"26":0.014886,"27":0.009924,"28":0.004962,"29":0.014886,"30":0.019848,"31":0.019848,"32":0.009924,"33":0.034734,"34":0.02481,"35":0.014886,"36":0.029772,"37":0.019848,"38":0.044658,"39":0.04962,"40":0.034734,"41":0.039696,"42":0.069468,"43":0.138936,"44":0.178632,"45":3.165756,"46":0.228252,"47":0.014886,"48":0,"49":0},"chrome":{"4":0,"5":0,"6":0,"7":0.004962,"8":0.004962,"9":0,"10":0.02481,"11":0.054582,"12":0.044658,"13":0.014886,"14":0,"15":0.009924,"16":0.004962,"17":0.004962,"18":0.004962,"19":0,"20":0.004962,"21":0.009924,"22":0.029772,"23":0.004962,"24":0.004962,"25":0.004962,"26":0.019848,"27":0.004962,"28":0.004962,"29":0.129012,"30":0.009924,"31":0.039696,"32":0.009924,"33":0.079392,"34":0.039696,"35":0.034734,"36":0.034734,"37":0.034734,"38":0.07443,"39":0.089316,"40":0.089316,"41":0.034734,"42":0.044658,"43":2.03442,"44":0.193518,"45":0.243138,"46":0.337416,"47":0.401922,"48":0.540858,"49":24.075624,"50":2.08404,"51":0.163746,"52":0.019848,"53":0},"opera":{"9":0,"9.5-9.6":0,"10.0-10.1":0,"10.5":0,"10.6":0,"11":0,"11.1":0,"11.5":0,"11.6":0,"12":0,"12.1":0.009924,"15":0,"16":0,"17":0,"18":0,"19":0,"20":0,"21":0,"22":0,"23":0,"24":0,"25":0,"26":0,"27":0,"28":0.004962,"29":0,"30":0,"31":0,"32":0,"33":0,"34":0.054582,"35":0.009924,"36":0.22329,"37":0,"38":0},"safari":{"3.1":0,"3.2":0,"4":0.004962,"5":0.014886,"5.1":0.04962,"6":0.014886,"6.1":0.02481,"7":0.034734,"7.1":0.019848,"8":0.119088,"9":0.352302,"9.1":0.486276,"0":null},"android":{"2.1":0,"2.2":0,"2.3":0.0251647688985,"3":0,"4":0.150988613391,"4.1":0.506440974082,"4.2-4.3":1.17802574406,"4.4":2.55579684125,"4.4.3-4.4.4":1.40922705832,"47":null},"ios_saf":{"3.2":0,"4.0-4.1":0,"4.2-4.3":0,"5.0-5.1":0,"6.0-6.1":0.0527245199472,"7.0-7.1":0.543607981525,"8":0,"8.1-8.4":1.37265560552,"9.0-9.2":4.43795011004,"9.3":11.503035783},"ie":{"5.5":0,"6":0.0101351489362,"7":0.0101351489362,"8":0.638514382979,"9":0.557433191489,"10":0.359797787234,"11":1.99662434043},"op_mob":{"10":0,"11":0,"11.1":0,"11.5":0,"12":0,"12.1":4.59444094106e-5,"0":0.00156210991996},"ie_mob":{"10":0.264787906977,"11":0.304506093023},"edge":{"12":0.059544,"13":0.267948,"14":0},"bb":{"7":0.002519,"10":null},"and_uc":{"0":0.735548},"op_mini":{"5.0-8.0":0.471963945671},"and_chr":{"0":28.265192},"and_ff":{"0":0.030228}},"total":94.579763}