{"id":"TH","name":"Thailand","month":"2019-03","access_date":"2019-04-14","data":{"chrome":{"4":0,"5":0,"6":0,"7":0,"8":0,"9":0,"10":0,"11":0.004165,"12":0,"13":0,"14":0,"15":0,"16":0,"17":0,"18":0,"19":0,"20":0,"21":0,"22":0.004165,"23":0,"24":0,"25":0.004165,"26":0,"27":0,"28":0,"29":0.012495,"30":0,"31":0.00833,"32":0,"33":0.004165,"34":0.004165,"35":0,"36":0,"37":0,"38":0.012495,"39":0.004165,"40":0.004165,"41":0.00833,"42":0,"43":0.054145,"44":0,"45":0,"46":0.004165,"47":0.004165,"48":0.004165,"49":0.179095,"50":0.004165,"51":0.00833,"52":0.004165,"53":0.01666,"54":0.004165,"55":0.004165,"56":0.00833,"57":0.00833,"58":0.04165,"59":0.012495,"60":0.012495,"61":0.04165,"62":0.01666,"63":0.029155,"64":0.01666,"65":0.029155,"66":0.02499,"67":0.06664,"68":0.054145,"69":0.05831,"70":0.079135,"71":0.137445,"72":9.42956,"73":3.06544,"74":0.029155,"75":0.004165,"76":0},"firefox":{"2":0,"3":0,"3.5":0,"3.6":0,"4":0,"5":0,"6":0,"7":0,"8":0,"9":0,"10":0,"11":0,"12":0,"13":0,"14":0,"15":0.004165,"16":0,"17":0,"18":0,"19":0,"20":0,"21":0,"22":0,"23":0,"24":0,"25":0,"26":0,"27":0,"28":0,"29":0,"30":0,"31":0,"32":0,"33":0,"34":0,"35":0,"36":0,"37":0,"38":0.004165,"39":0,"40":0,"41":0,"42":0,"43":0.004165,"44":0,"45":0,"46":0,"47":0.012495,"48":0.012495,"49":0.012495,"50":0.004165,"51":0,"52":0.029155,"53":0.004165,"54":0.00833,"55":0.05831,"56":0.19159,"57":0.00833,"58":0.012495,"59":0.004165,"60":0.00833,"61":0.00833,"62":0.004165,"63":0.012495,"64":0.01666,"65":0.620585,"66":0.162435,"67":0.004165,"68":0},"opera":{"9":0,"9.5-9.6":0,"10.0-10.1":0,"10.5":0,"10.6":0,"11":0,"11.1":0,"11.5":0,"11.6":0,"12":0,"12.1":0,"15":0,"16":0,"17":0,"18":0,"19":0,"20":0,"21":0,"22":0,"23":0,"24":0,"25":0,"26":0,"27":0,"28":0,"29":0,"30":0,"31":0,"32":0,"33":0,"34":0,"35":0,"36":0,"37":0.09996,"38":0,"39":0,"40":0,"41":0,"42":0,"43":0,"44":0,"45":0,"46":0,"47":0,"48":0,"49":0,"50":0,"51":0,"52":0,"53":0,"54":0,"55":0,"56":0,"57":0,"58":0.14994},"safari":{"3.1":0,"3.2":0,"4":0,"5":0,"5.1":0,"6":0,"6.1":0.004165,"7":0,"7.1":0,"8":0.00833,"9":0.00833,"9.1":0.01666,"10":0.01666,"10.1":0.05831,"11":0.037485,"11.1":0.104125,"12":0.537285,"12.1":0.020825,"0":null},"ios_saf":{"3.2":0.0069993353353353,"4.0-4.1":0.0034996676676677,"4.2-4.3":0.0034996676676677,"5.0-5.1":0.019248172172172,"6.0-6.1":0.0087491691691692,"7.0-7.1":0.034996676676677,"8":0.23447773373373,"8.1-8.4":0.075242854854855,"9.0-9.2":0.047245513513514,"9.3":0.3412175975976,"10.0-10.2":0.18898205405405,"10.3":0.45670663063063,"11.0-11.2":0.579194998999,"11.3-11.4":1.2441318558559,"12.0-12.1":14.038916848849,"12.2":0.19773122322322},"android":{"2.1":0.0017598982706002,"2.2":0.0038131129196338,"2.3":0.0026398474059003,"3":0.00029331637843337,"4":0.041650925737538,"4.1":0.022585361139369,"4.2-4.3":0.084181800610376,"4.4":0,"4.4.3-4.4.4":0.13140573753815,"67":null},"ie":{"5.5":0,"6":0,"7":0,"8":0.025291084337349,"9":0.016860722891566,"10":0.012645542168675,"11":0.29506265060241},"edge":{"12":0.004165,"13":0.004165,"14":0.00833,"15":0.00833,"16":0.01666,"17":0.19159,"18":0.087465},"op_mob":{"10":null,"11":null,"11.1":null,"11.5":null,"12":null,"12.1":null,"0":null},"samsung":{"4":0.51755650684931,"5.0-5.4":0.041404520547945,"6.2-6.4":0.062106780821918,"7.2-7.4":0.28983164383562,"8.2":1.8528522945205,"9.2":0.25877825342466},"ie_mob":{"10":0.013615,"11":0.02723},"bb":{"7":0,"10":0},"kaios":{"2.5":0},"baidu":{"0":null},"and_ff":{"0":0.099195},"and_uc":{"0":0.57183},"and_qq":{"1.2":0.005835},"op_mini":{"0":0.66290412371134},"and_chr":{"0":59.39019}},"total":98.026744123711}