{"id":"TJ","name":"Tajikistan","month":"2016-09","access_date":"2016-10-03","data":{"firefox":{"2":0.0045,"3":0.018,"3.5":0.027,"3.6":0.11925,"4":0.0045,"5":0.018,"6":0.0045,"7":null,"8":null,"9":0.0045,"10":null,"11":0.009,"12":0.0135,"13":0.018,"14":0.00225,"15":0.00225,"16":0.00225,"17":0.00675,"18":0.00225,"19":0.0045,"20":0.00225,"21":0.00675,"22":0.03375,"23":0.00225,"24":0.0045,"25":null,"26":0.0045,"27":null,"28":null,"29":null,"30":0.02925,"31":null,"32":0.00675,"33":0.009,"34":0.009,"35":0.02925,"36":0.00675,"37":0.00675,"38":0.00675,"39":0.018,"40":0.03825,"41":0.009,"42":0.0045,"43":0.0585,"44":0.01575,"45":0.0585,"46":0.0225,"47":0.35775,"48":0.9495,"49":0.19125,"50":0.0045,"51":null,"52":null},"chrome":{"4":null,"5":0.009,"6":null,"7":0.00675,"8":0.027,"9":null,"10":0.00675,"11":0.045,"12":0.072,"13":0.00225,"14":0.009,"15":0.02475,"16":0.135,"17":0.0405,"18":0.027,"19":0.03825,"20":0.01125,"21":0.0225,"22":0.009,"23":0.0585,"24":0.009,"25":0.01125,"26":0.00675,"27":0.02925,"28":0.01575,"29":0.00225,"30":0.009,"31":0.07425,"32":0.0945,"33":0.00675,"34":0.072,"35":0.03825,"36":0.0315,"37":0.01125,"38":0.0045,"39":0.22725,"40":0.06075,"41":0.072,"42":0.0135,"43":0.08325,"44":0.06975,"45":0.1395,"46":0.02025,"47":0.06075,"48":0.063,"49":1.44,"50":0.1395,"51":0.28575,"52":4.54725,"53":4.74975,"54":0.01125,"55":0.0225,"56":null},"opera":{"9":null,"9.5-9.6":0.12375,"10.0-10.1":0.00225,"10.5":0.0135,"10.6":0.0405,"11":0.04275,"11.1":0.009,"11.5":0.018,"11.6":0.04275,"12":0.02475,"12.1":0.4185,"15":null,"16":0.01125,"17":0.0045,"18":0.009,"19":0.00675,"20":0.018,"21":0.01575,"22":0.009,"23":0.00225,"24":0.00225,"25":0.0315,"26":0.0045,"27":0.009,"28":0.0045,"29":0.0135,"30":0.0495,"31":0.01125,"32":0.02475,"33":0.0225,"34":0.01125,"35":0.04725,"36":0.12825,"37":0.07875,"38":0.02025,"39":0.8415,"40":0.135,"41":0.00675},"safari":{"3.1":null,"3.2":null,"4":0.0045,"5":0.018,"5.1":0.01575,"6":null,"6.1":null,"7":0.00675,"7.1":null,"8":0.00675,"9":0.01575,"9.1":0.12375,"10":0.018,"0":null},"ios_saf":{"3.2":0,"4.0-4.1":0,"4.2-4.3":0,"5.0-5.1":0,"6.0-6.1":0,"7.0-7.1":0.0500535659627,"8":0,"8.1-8.4":0.104778798082,"9.0-9.2":0.125467605346,"9.3":2.07989251097,"10":0.910307519641},"android":{"2.1":0,"2.2":0,"2.3":0.0147671394799,"3":0,"4":0.107061761229,"4.1":0.383945626478,"4.2-4.3":0.956172281324,"4.4":2.2630641253,"4.4.3-4.4.4":2.52148906619,"52":null},"ie":{"5.5":null,"6":null,"7":0.0139082073434,"8":0.338433045356,"9":0.127491900648,"10":0.118219762419,"11":0.475197084233},"op_mob":{"10":0,"11":0,"11.1":0,"11.5":0,"12":0,"12.1":0.0682393936877,"0":2.86605453488},"edge":{"12":0.027,"13":0.279,"14":0.02925},"ie_mob":{"10":0.177687150838,"11":0.659312849162},"bb":{"7":0.0058125,"10":null},"samsung":{"0":3.15425},"and_uc":{"0":7.7965},"op_mini":{"0":40.7679560714},"and_chr":{"0":12.936},"and_ff":{"0":0.00775}},"total":96.9420625}