{"id":"TJ","name":"Tajikistan","month":"2018-07","access_date":"2018-08-03","data":{"chrome":{"4":0,"5":0,"6":0,"7":0,"8":0,"9":0,"10":0,"11":0.00674,"12":0.00674,"13":0,"14":0,"15":0,"16":0.01348,"17":0.00337,"18":0.00337,"19":0,"20":0,"21":0,"22":0,"23":0,"24":0,"25":0,"26":0,"27":0,"28":0.01011,"29":0.04044,"30":0.04044,"31":0.01685,"32":0.01011,"33":0.01348,"34":0,"35":0.01011,"36":0.05055,"37":0.08088,"38":0.02696,"39":0.00337,"40":0.03033,"41":0.00674,"42":0.00337,"43":0.00337,"44":0.02022,"45":0.00337,"46":0.00337,"47":0.00337,"48":0.00337,"49":0.23253,"50":0.00337,"51":0.00337,"52":0,"53":0.00337,"54":0.01011,"55":0.04044,"56":0.03707,"57":0.01348,"58":0.01348,"59":0.00674,"60":0.01348,"61":0.11795,"62":0.03033,"63":0.14828,"64":0.04044,"65":0.24938,"66":0.19883,"67":5.96153,"68":0.08088,"69":0.00674,"70":0,"71":0},"firefox":{"2":0,"3":0,"3.5":0.00337,"3.6":0.00674,"4":0,"5":0,"6":0,"7":0,"8":0,"9":0,"10":0,"11":0,"12":0,"13":0.00674,"14":0,"15":0,"16":0,"17":0,"18":0,"19":0,"20":0,"21":0,"22":0,"23":0,"24":0,"25":0,"26":0.00337,"27":0,"28":0,"29":0.01348,"30":0.00337,"31":0.01011,"32":0,"33":0,"34":0.02696,"35":0,"36":0,"37":0,"38":0.00337,"39":0,"40":0,"41":0,"42":0,"43":0.00337,"44":0,"45":0,"46":0,"47":0.03707,"48":0,"49":0.01011,"50":0,"51":0.00337,"52":0.0337,"53":0.00337,"54":0,"55":0.00337,"56":0.01348,"57":0.03033,"58":0.00337,"59":0.0337,"60":0.08088,"61":0.64367,"62":0,"63":0},"opera":{"9":0,"9.5-9.6":0,"10.0-10.1":0,"10.5":0,"10.6":0,"11":0.00337,"11.1":0.00337,"11.5":0.00337,"11.6":0.02696,"12":0.00674,"12.1":0.05729,"15":0,"16":0.00337,"17":0,"18":0.00674,"19":0.00674,"20":0.01011,"21":0.00674,"22":0.00337,"23":0,"24":0.00337,"25":0.00337,"26":0,"27":0,"28":0.01685,"29":0.00674,"30":0.02022,"31":0.00337,"32":0.00337,"33":0.00337,"34":0,"35":0.00674,"36":0.02359,"37":0.01011,"38":0,"39":0.00337,"40":0,"41":0,"42":0.00337,"43":0.00337,"44":0,"45":0.00337,"46":0.00674,"47":0.01011,"48":0,"49":0,"50":0,"51":0.01011,"52":0.00674,"53":0.21231},"safari":{"3.1":0,"3.2":0,"4":0,"5":0,"5.1":0.00337,"6":0,"6.1":0,"7":0,"7.1":0,"8":0,"9":0,"9.1":0.00337,"10":0,"10.1":0.00337,"11":0.01685,"11.1":0.04044,"12":0,"0":null},"ios_saf":{"3.2":0.000418870548219,"4.0-4.1":0,"4.2-4.3":0.00125661164466,"5.0-5.1":0.00753966986795,"6.0-6.1":0.00335096438575,"7.0-7.1":0.0222001390556,"8":0.00335096438575,"8.1-8.4":0.0318341616647,"9.0-9.2":0.0167548219288,"9.3":0.126080035014,"10.0-10.2":0.135714057623,"10.3":0.252160070028,"11.0-11.2":0.540343007203,"11.3-11.4":3.01796229992,"12":0.0280643267307},"android":{"2.1":0,"2.2":0,"2.3":0,"3":0,"4":0,"4.1":0,"4.2-4.3":0.789914136126,"4.4":2.94243015707,"4.4.3-4.4.4":1.92541570681,"67":null},"op_mob":{"10":null,"11":null,"11.1":null,"11.5":null,"12":null,"12.1":null,"0":null},"ie":{"5.5":0,"6":0,"7":0.00337,"8":0.02359,"9":0.01011,"10":0.02022,"11":0.27634},"edge":{"12":0,"13":0.00337,"14":0.00337,"15":0.01011,"16":0.00674,"17":0.02696,"18":null},"samsung":{"4":4.16088528169,"5":0.666151584507,"6.2":0.440684894366,"7.2":null},"bb":{"7":0.001326,"10":0.005304},"ie_mob":{"10":0.0359914285714,"11":0.215948571429},"op_mini":{"0":15.9997051031},"and_chr":{"0":38.57383},"baidu":{"0":null},"and_ff":{"0":0.04641},"and_qq":{"1.2":null},"and_uc":{"0":6.05982}},"total":85.6047968637}