{"id":"TL","name":"Timor-Leste","month":"2021-06","access_date":"2021-07-04","data":{"firefox":{"2":null,"3":null,"3.5":null,"3.6":null,"4":null,"5":0.00572,"6":null,"7":null,"8":null,"9":null,"10":null,"11":null,"12":null,"13":null,"14":null,"15":0.01429,"16":0.00572,"17":0.00572,"18":null,"19":0.00286,"20":0.00857,"21":0.04859,"22":null,"23":null,"24":0.00286,"25":null,"26":null,"27":null,"28":null,"29":0.0886,"30":null,"31":0.00572,"32":null,"33":0.00286,"34":null,"35":0.00572,"36":0.00286,"37":0.01429,"38":0.01143,"39":null,"40":0.00857,"41":0.07717,"42":null,"43":0.02286,"44":0.00572,"45":0.00286,"46":0.01429,"47":0.12289,"48":0.03715,"49":0.00572,"50":null,"51":0.00286,"52":0.00572,"53":null,"54":null,"55":0.00857,"56":0.00857,"57":0.04001,"58":0.00857,"59":null,"60":null,"61":0.00286,"62":null,"63":null,"64":null,"65":0.00857,"66":0.00857,"67":0.03144,"68":0.07717,"69":0.01429,"70":0.00572,"71":null,"72":0.03144,"73":0.00572,"74":null,"75":0.00857,"76":null,"77":0.02001,"78":0.23436,"79":0.24865,"80":0.00572,"81":0.01715,"82":null,"83":null,"84":0.0343,"85":0.03715,"86":0.0543,"87":0.0343,"88":0.8231,"89":3.43246,"90":0.50015,"91":null},"chrome":{"4":null,"5":null,"6":null,"7":null,"8":null,"9":null,"10":null,"11":0.00572,"12":null,"13":null,"14":null,"15":null,"16":null,"17":null,"18":null,"19":null,"20":null,"21":null,"22":null,"23":null,"24":0.00572,"25":0.00572,"26":null,"27":null,"28":null,"29":null,"30":null,"31":0.00572,"32":0.01429,"33":null,"34":null,"35":null,"36":null,"37":0.00286,"38":0.00286,"39":null,"40":0.01143,"41":null,"42":null,"43":0.04573,"44":null,"45":null,"46":null,"47":null,"48":null,"49":0.04859,"50":null,"51":null,"52":null,"53":null,"54":null,"55":0.00286,"56":null,"57":null,"58":0.01143,"59":null,"60":0.00286,"61":null,"62":0.04001,"63":0.0343,"64":0.00572,"65":0.04287,"66":0.00572,"67":0.01429,"68":null,"69":0.00857,"70":0.00572,"71":null,"72":null,"73":0.00572,"74":0.00286,"75":0.00286,"76":0.01143,"77":null,"78":0.00572,"79":0.01429,"80":0.03144,"81":0.00286,"83":0.00572,"84":0.3201,"85":0.02858,"86":0.06573,"87":0.47729,"88":0.04859,"89":0.16005,"90":1.7491,"91":12.45516,"92":0.00857,"93":null,"94":null},"opera":{"9":null,"9.5-9.6":null,"10.0-10.1":0,"10.5":null,"10.6":null,"11":null,"11.1":null,"11.5":null,"11.6":null,"12":null,"12.1":null,"15":null,"16":null,"17":null,"18":null,"19":null,"20":null,"21":null,"22":null,"23":null,"24":null,"25":null,"26":null,"27":null,"28":null,"29":null,"30":null,"31":null,"32":null,"33":null,"34":null,"35":null,"36":null,"37":0.00572,"38":null,"39":null,"40":null,"41":null,"42":null,"43":null,"44":null,"45":null,"46":null,"47":null,"48":null,"49":null,"50":0.00572,"51":null,"52":null,"53":null,"54":null,"55":0.00572,"56":0.02001,"57":null,"58":null,"60":null,"62":null,"63":null,"64":null,"65":null,"66":null,"67":null,"68":null,"69":null,"70":null,"71":0.00286,"72":0.01715,"73":0.00286,"74":null,"75":0.13433,"76":0.36011,"77":0.17148},"safari":{"3.1":null,"3.2":null,"4":0,"5":null,"5.1":null,"6":null,"6.1":0.00857,"7":null,"7.1":null,"8":0.01715,"9":null,"9.1":0.01715,"10":null,"10.1":0.02572,"11":0.00286,"11.1":0.00572,"12":0.01715,"12.1":0.01143,"13":0.00286,"13.1":0.16005,"14":0.11718,"14.1":0.07145,"15":null,"0":null},"ios_saf":{"3.2":0,"4.0-4.1":0,"4.2-4.3":0.00029,"5.0-5.1":0.00029,"6.0-6.1":0.00852,"7.0-7.1":0.00617,"8":0.00029,"8.1-8.4":0.00529,"9.0-9.2":0.00323,"9.3":0.03351,"10.0-10.2":0.03292,"10.3":0.09642,"11.0-11.2":0.05056,"11.3-11.4":0.06173,"12.0-12.1":0.09789,"12.2-12.4":0.29249,"13.0-13.1":0.12728,"13.2":0.02322,"13.3":0.1899,"13.4-13.7":0.33276,"14.0-14.4":0.93832,"14.5-14.7":0.38391},"edge":{"12":0.02858,"13":0.01429,"14":null,"15":0.00857,"16":0.02572,"17":0.02572,"18":0.09717,"79":0.00857,"80":null,"81":null,"83":null,"84":0.00572,"85":0.00857,"86":0.01429,"87":null,"88":0.00857,"89":0.08574,"90":0.18863,"91":1.44043},"samsung":{"4":1.35033,"5.0-5.4":0.03046,"6.2-6.4":0.05076,"7.2-7.4":0.3655,"8.2":0.02031,"9.2":0.13199,"10.1":0.08122,"11.1-11.2":0.29443,"12.0":0.08122,"13.0":0.20306,"14.0":0.37566},"android":{"2.1":0,"2.2":0,"2.3":0,"3":0,"4":0.00163,"4.1":0.00813,"4.2-4.3":0.00813,"4.4":0,"4.4.3-4.4.4":0.08209,"0":0},"op_mob":{"10":null,"11":null,"11.1":null,"11.5":null,"12":null,"12.1":null,"0":null},"ie":{"5.5":null,"6":null,"7":null,"8":null,"9":null,"10":null,"11":0.59732},"ie_mob":{"10":0.42578,"11":0.03849},"bb":{"7":0,"10":0},"and_uc":{"0":0.4356},"op_mini":{"0":3.48173},"and_chr":{"0":64.03339},"kaios":{"2.5":0},"baidu":{"0":null},"and_ff":{"0":0.02142},"and_qq":{"10.4":0.09283}},"total":99.99269}