{"id":"TL","name":"Timor-Leste","month":"2019-05","access_date":"2019-06-04","data":{"chrome":{"4":0.004255,"5":0.00851,"6":0,"7":0,"8":0,"9":0,"10":0,"11":0.004255,"12":0,"13":0.004255,"14":0,"15":0.004255,"16":0,"17":0,"18":0.004255,"19":0.004255,"20":0.004255,"21":0,"22":0,"23":0,"24":0,"25":0,"26":0.01702,"27":0,"28":0.004255,"29":0,"30":0.004255,"31":0.00851,"32":0,"33":0.00851,"34":0,"35":0.004255,"36":0,"37":0,"38":0,"39":0,"40":0.62123,"41":0,"42":0.097865,"43":0.182965,"44":0.004255,"45":0,"46":0,"47":0.004255,"48":0.072335,"49":0.07659,"50":0,"51":0.01702,"52":0,"53":0,"54":0.00851,"55":0.012765,"56":0.01702,"57":0,"58":0.03404,"59":0.004255,"60":0.004255,"61":0.004255,"62":0.012765,"63":0.148925,"64":0.004255,"65":0.021275,"66":0.021275,"67":0.012765,"68":0.004255,"69":0.038295,"70":0.029785,"71":0.02553,"72":0.05957,"73":0.931845,"74":3.229545,"75":0.012765,"76":0.012765,"77":0},"firefox":{"2":0,"3":0,"3.5":0,"3.6":0.04255,"4":0.0851,"5":0.004255,"6":0.00851,"7":0.00851,"8":0.004255,"9":0.004255,"10":0.02553,"11":0.004255,"12":0.012765,"13":0.012765,"14":0.004255,"15":0.00851,"16":0.00851,"17":0.00851,"18":0.01702,"19":0.00851,"20":0.00851,"21":0.012765,"22":0,"23":0.004255,"24":0.00851,"25":0.004255,"26":0.00851,"27":0.00851,"28":0,"29":0.012765,"30":0.021275,"31":0.00851,"32":0.00851,"33":0.004255,"34":0.012765,"35":0.01702,"36":0.004255,"37":0.004255,"38":0.01702,"39":0,"40":0.01702,"41":0.00851,"42":0.01702,"43":0.072335,"44":0.03404,"45":0.012765,"46":0.004255,"47":0.080845,"48":0.021275,"49":0.01702,"50":0.01702,"51":0,"52":0.03404,"53":0.004255,"54":0.004255,"55":0.00851,"56":0.04255,"57":0.03404,"58":0.004255,"59":0.00851,"60":0.046805,"61":0.021275,"62":0.012765,"63":0.02553,"64":0.00851,"65":0.063825,"66":2.038145,"67":0.39146,"68":0,"69":0},"opera":{"9":0,"9.5-9.6":0,"10.0-10.1":0,"10.5":0,"10.6":0,"11":0,"11.1":0,"11.5":0,"11.6":0,"12":0,"12.1":0.029785,"15":0,"16":0,"17":0,"18":0,"19":0,"20":0.004255,"21":0,"22":0,"23":0,"24":0,"25":0,"26":0,"27":0.004255,"28":0.00851,"29":0,"30":0.00851,"31":0,"32":0,"33":0,"34":0.004255,"35":0,"36":0.004255,"37":0.14467,"38":0,"39":0,"40":0,"41":0,"42":0,"43":0,"44":0,"45":0.00851,"46":0,"47":0,"48":0,"49":0,"50":0,"51":0,"52":0.11063,"53":0,"54":0.004255,"55":0,"56":0.00851,"57":0.004255,"58":0.225515},"safari":{"3.1":0,"3.2":0,"4":0,"5":0,"5.1":5.739995,"6":0.004255,"6.1":0,"7":0,"7.1":0,"8":0,"9":0,"9.1":0.03404,"10":0.01702,"10.1":0.01702,"11":0,"11.1":0.26381,"12":0.080845,"12.1":0.157435,"0":null},"ios_saf":{"3.2":0.0021696724431534,"4.0-4.1":0.001627254332365,"4.2-4.3":0.00027120905539417,"5.0-5.1":0.0024408814985475,"6.0-6.1":0.00081362716618251,"7.0-7.1":0.0037969267755184,"8":0.026849696484023,"8.1-8.4":0.0089498988280076,"9.0-9.2":0.0059665992186717,"9.3":0.042308612641491,"10.0-10.2":0.025493651207052,"10.3":0.059394783131323,"11.0-11.2":0.069158309125513,"11.3-11.4":0.14129991786036,"12.0-12.1":0.44234196934789,"12.2":1.8745969908845},"android":{"2.1":0.043322771084337,"2.2":0.072204618473896,"2.3":0.018051154618474,"3":0,"4":0.69677456827309,"4.1":0.18773200803213,"4.2-4.3":1.1913762048193,"4.4":0,"4.4.3-4.4.4":1.3863286746988,"67":null},"edge":{"12":0.072335,"13":0.02553,"14":0.046805,"15":0.029785,"16":0.02553,"17":0.2553,"18":0.038295,"75":null},"op_mob":{"10":null,"11":null,"11.1":null,"11.5":null,"12":null,"12.1":null,"0":null},"ie":{"5.5":0,"6":0,"7":0,"8":0.106375,"9":0.004255,"10":0.021275,"11":0.276575},"samsung":{"4":4.0417372986248,"5.0-5.4":0.060474872298625,"6.2-6.4":0.12094974459725,"7.2-7.4":0.40316581532417,"8.2":0.17134547151277,"9.2":0.33261179764244},"ie_mob":{"10":0,"11":0.02298},"bb":{"7":0,"10":0},"baidu":{"0":null},"and_ff":{"0":0.12639},"and_uc":{"0":1.660305},"and_qq":{"1.2":0},"op_mini":{"0":5.5151407731959},"and_chr":{"0":58.25772},"kaios":{"2.5":0}},"total":94.099915773196}