{"id":"TL","name":"Timor-Leste","month":"2015-04","access_date":"2015-05-02","data":{"chrome":{"4":0.010263,"5":0.003421,"6":0.030789,"7":0.047894,"8":0,"9":0.003421,"10":0,"11":0.047894,"12":0.010263,"13":0,"14":0.013684,"15":0.006842,"16":0.006842,"17":0.013684,"18":0.003421,"19":0,"20":0,"21":0,"22":0,"23":0.010263,"24":0.023947,"25":0.006842,"26":0.003421,"27":0.06842,"28":0.054736,"29":0,"30":0.044473,"31":0.064999,"32":0.017105,"33":0.061578,"34":0.051315,"35":0.078683,"36":0.266838,"37":0.058157,"38":0.092367,"39":0.605517,"40":0.359205,"41":5.169131,"42":3.749416,"43":0.064999,"44":0.020526,"45":0},"firefox":{"2":0,"3":0.088946,"3.5":0.078683,"3.6":0.208681,"4":0.259996,"5":0.215523,"6":0.061578,"7":0.071841,"8":0.088946,"9":0.051315,"10":0.314732,"11":0.318153,"12":0.266838,"13":0.037631,"14":0.092367,"15":0.10263,"16":0.379731,"17":0.058157,"18":0.13684,"19":0.071841,"20":0.06842,"21":0.133419,"22":0.023947,"23":0.047894,"24":0.092367,"25":0.037631,"26":0.095788,"27":0.10263,"28":0.742357,"29":0.164208,"30":0.23947,"31":0.129998,"32":0.167629,"33":0.249733,"34":0.147103,"35":0.629464,"36":1.874708,"37":4.758611,"38":0.636306,"39":0.010263,"40":0.003421},"opera":{"9":0,"9.5-9.6":0,"10.0-10.1":0.03421,"10.5":0,"10.6":0.013684,"11":0,"11.1":0.003421,"11.5":0,"11.6":0.006842,"12":0.013684,"12.1":0.037631,"15":0.003421,"16":0,"17":0.003421,"18":0.003421,"19":0.071841,"20":0.010263,"21":0.003421,"22":0,"23":0,"24":0,"25":0.027368,"26":0.006842,"27":0.003421,"28":0.400257,"29":0.027368},"safari":{"3.1":0,"3.2":0.003421,"4":0.037631,"5":0.054736,"5.1":0.177892,"6":0.071841,"6.1":0.075262,"7":0.03421,"7.1":0.147103,"8":0.345521},"android":{"2.1":0,"2.2":0,"2.3":0.127361290145,"3":0,"4":0.243351036527,"4.1":0.917304530209,"4.2-4.3":1.67616555065,"4.4":2.50704634827,"4.4.3-4.4.4":1.1288152442,"40":null},"ios_saf":{"3.2":0,"4.0-4.1":0,"4.2-4.3":0,"5.0-5.1":0.012333343546,"6.0-6.1":0.031307718232,"7.0-7.1":0.468983294324,"8":0.0819060507283,"8.1-8.3":2.55363459317},"op_mob":{"10":0,"11":0,"11.1":0,"11.5":0,"12":0.011850541046,"12.1":0.0474021641838,"0":0.237010820919},"ie":{"5.5":0,"6":0.027368,"7":0.328416,"8":1.655764,"9":0.99209,"10":0.598675,"11":2.350227,"0":null},"ie_mob":{"10":0.261462193548,"11":0.751703806452},"bb":{"7":0.072369,"10":null},"and_uc":{"0":5.703993},"op_mini":{"5.0-8.0":37.0921934739},"and_chr":{"0":5.288454},"and_ff":{"0":0.236844}},"total":91.352317}