{"id":"TM","name":"Turkmenistan","month":"2014-08","access_date":"2014-09-01","data":{"chrome":{"4":0.052547,"5":0.398739,"6":null,"7":0.009273,"8":0.315282,"9":0.058729,"10":0.012364,"11":0.503833,"12":0.151459,"13":0.052547,"14":0.021637,"15":0.09273,"16":0.114367,"17":0.120549,"18":0.064911,"19":0.012364,"20":0.049456,"21":0.259644,"22":0.021637,"23":0.037092,"24":0.021637,"25":0.006182,"26":0.049456,"27":0.021637,"28":0.173096,"29":0.024728,"30":0.046365,"31":0.055638,"32":0.3091,"33":0.108185,"34":0.284372,"35":0.349283,"36":10.521764,"37":0.182369,"38":0.027819,"39":null,"40":null},"firefox":{"2":0.077275,"3":0.027819,"3.5":0.012364,"3.6":0.173096,"4":0.327646,"5":0.03091,"6":0.003091,"7":0.009273,"8":0.012364,"9":0.046365,"10":0.018546,"11":0.034001,"12":0.049456,"13":0.105094,"14":0.046365,"15":0.074184,"16":0.024728,"17":0.040183,"18":0.003091,"19":0.021637,"20":0.018546,"21":0.018546,"22":0.108185,"23":0.077275,"24":0.06182,"25":0.024728,"26":0.03091,"27":0.021637,"28":0.380193,"29":0.136004,"30":0.380193,"31":2.577894,"32":0.024728,"33":0.003091,"34":0.006182},"opera":{"9":null,"9.5-9.6":0.03091,"10.0-10.1":0.024728,"10.5":0.018546,"10.6":0.015455,"11":0.182369,"11.1":0.049456,"11.5":0.027819,"11.6":0.129822,"12":0.497651,"12.1":1.183853,"15":0.256553,"16":0.006182,"17":0.018546,"18":0.052547,"19":0.027819,"20":0.037092,"21":0.083457,"22":0.136004,"23":0.207097,"24":0.015455,"25":null},"safari":{"3.1":null,"3.2":null,"4":0.046365,"5":0.012364,"5.1":0.077275,"6":0.040183,"6.1":0.012364,"7":0.117458,"8":null},"android":{"2.1":0.0243506013986,"2.2":0.17045420979,"2.3":3.31168179021,"3":0,"4":2.58116374825,"4.1":6.45290937063,"4.2-4.3":6.74511658741,"4.4":5.08927569231,"4.4.3":null},"op_mob":{"10":0,"11":0,"11.1":0,"11.5":0,"12":0.00626468490028,"12.1":0.0344557669516,"0":null},"ie":{"5.5":null,"6":0.0434570197368,"7":0.0334284767206,"8":3.04533422925,"9":0.899226023785,"10":0.805626288968,"11":1.75833787551},"ios_saf":{"3.2":0,"4.0-4.1":0,"4.2-4.3":0,"5.0-5.1":0.103283694915,"6.0-6.1":0.520634135593,"7.0-7.1":9.82249016949,"8":0},"bb":{"7":0.013818,"10":null},"and_ff":{"0":0.172725},"ie_mob":{"10":0.27815634},"op_mini":{"5.0-7.0":2.31524854815},"and_chr":{"0":18.460848}},"total":85.533867254}