{"id":"TM","name":"Turkmenistan","month":"2017-04","access_date":"2017-05-03","data":{"chrome":{"4":null,"5":null,"6":0.008876,"7":null,"8":0.033285,"9":0.008876,"10":0.004438,"11":0.028847,"12":0.015533,"13":0.004438,"14":0.006657,"15":null,"16":0.170863,"17":0.008876,"18":0.006657,"19":null,"20":0.019971,"21":0.004438,"22":0.033285,"23":0.017752,"24":0.006657,"25":0.004438,"26":null,"27":0.004438,"28":0.011095,"29":0.002219,"30":0.013314,"31":0.026628,"32":0.004438,"33":0.017752,"34":null,"35":0.004438,"36":null,"37":null,"38":0.053256,"39":0.031066,"40":0.037723,"41":0.004438,"42":0.02219,"43":0.013314,"44":0.037723,"45":0.166425,"46":0.004438,"47":0.059913,"48":0.008876,"49":0.485961,"50":0.002219,"51":0.013314,"52":0.04438,"53":0.268499,"54":0.042161,"55":0.068789,"56":0.951951,"57":8.629691,"58":0.852096,"59":0.033285,"60":0.004438,"61":null},"firefox":{"2":0.017752,"3":0.019971,"3.5":0.006657,"3.6":0.02219,"4":0.004438,"5":0.006657,"6":null,"7":0.002219,"8":0.002219,"9":null,"10":null,"11":null,"12":null,"13":null,"14":0.006657,"15":null,"16":0.035504,"17":0.13314,"18":0.002219,"19":0.004438,"20":null,"21":null,"22":0.004438,"23":0.004438,"24":0.011095,"25":0.002219,"26":0.04438,"27":0.013314,"28":null,"29":0.015533,"30":0.002219,"31":null,"32":0.002219,"33":0.028847,"34":null,"35":0.004438,"36":0.090979,"37":0.004438,"38":0.019971,"39":null,"40":0.008876,"41":0.002219,"42":0.008876,"43":0.015533,"44":0.008876,"45":0.008876,"46":0.008876,"47":0.033285,"48":0.017752,"49":0.026628,"50":0.137578,"51":0.153111,"52":0.694547,"53":0.232995,"54":0.002219,"55":null,"56":null},"opera":{"9":null,"9.5-9.6":null,"10.0-10.1":0,"10.5":null,"10.6":0.004438,"11":0.011095,"11.1":0.006657,"11.5":0.093198,"11.6":0.006657,"12":0.006657,"12.1":0.164206,"15":null,"16":0.017752,"17":null,"18":0.002219,"19":null,"20":null,"21":null,"22":null,"23":0.004438,"24":null,"25":null,"26":null,"27":null,"28":0.006657,"29":null,"30":0.004438,"31":0.217462,"32":null,"33":0.002219,"34":0.004438,"35":0.008876,"36":0.011095,"37":0.008876,"38":null,"39":0.024409,"40":0.02219,"41":0.004438,"42":0.144235,"43":0.08876,"44":0.228557,"45":null,"46":0.035504},"safari":{"3.1":0.004438,"3.2":null,"4":0.004438,"5":0.008876,"5.1":0.008876,"6":null,"6.1":null,"7":0.024409,"7.1":null,"8":0.002219,"9":0.006657,"9.1":0.099855,"10":0.079884,"10.1":0.071008,"0":null},"ios_saf":{"3.2":0,"4.0-4.1":0,"4.2-4.3":0,"5.0-5.1":0,"6.0-6.1":0,"7.0-7.1":0.14526249933,"8":0,"8.1-8.4":0.128249774183,"9.0-9.2":0.0484208331098,"9.3":0.779968014418,"10.0-10.2":6.52896044284,"10.3":4.56817843612},"android":{"2.1":0,"2.2":0,"2.3":0,"3":0,"4":0.243727236239,"4.1":0.870454415138,"4.2-4.3":2.29103602064,"4.4":5.63358097477,"4.4.3-4.4.4":3.10578135321,"56":null},"op_mob":{"10":0,"11":0,"11.1":0,"11.5":0,"12":0,"12.1":0,"0":0.00231157427938},"ie":{"5.5":null,"6":0.00929822957601,"7":0.018596459152,"8":0.562542889349,"9":0.258025870734,"10":0.123201541882,"11":1.27618200931},"edge":{"12":0.031066,"13":0.011095,"14":0.099855,"15":null},"bb":{"7":0.013615,"10":null},"ie_mob":{"10":0.03501,"11":0.12837},"op_mini":{"0":0.518948425721},"and_chr":{"0":35.599374},"and_ff":{"0":0.00778},"and_qq":{"1.2":null},"samsung":{"0":15.15544},"and_uc":{"0":1.18256}},"total":94.994214}