{"id":"TN","name":"Tunisia","month":"2018-06","access_date":"2018-07-05","data":{"chrome":{"4":0,"5":0,"6":0,"7":0,"8":0,"9":0,"10":0,"11":0.012988,"12":0,"13":0,"14":0.006494,"15":0,"16":0,"17":0,"18":0,"19":0,"20":0,"21":0,"22":0,"23":0,"24":0,"25":0,"26":0,"27":0,"28":0,"29":0.48705,"30":0.012988,"31":0.012988,"32":0.006494,"33":0.006494,"34":0.012988,"35":0.006494,"36":0.012988,"37":0,"38":0.012988,"39":0.012988,"40":0.019482,"41":0.012988,"42":0.006494,"43":0.09741,"44":0.006494,"45":0.006494,"46":0.012988,"47":0.006494,"48":0.006494,"49":1.435174,"50":0.019482,"51":0.03247,"52":0.038964,"53":0.019482,"54":0.038964,"55":0.03247,"56":0.110398,"57":0.06494,"58":0.207808,"59":0.025976,"60":0.175338,"61":0.071434,"62":0.188326,"63":0.285736,"64":0.240278,"65":0.448086,"66":9.741,"67":20.22881,"68":0.12988,"69":0.019482,"70":0},"firefox":{"2":0,"3":0.006494,"3.5":0,"3.6":0,"4":0,"5":0,"6":0,"7":0,"8":0,"9":0,"10":0,"11":0,"12":0,"13":0,"14":0,"15":0,"16":0,"17":0,"18":0,"19":0,"20":0,"21":0,"22":0,"23":0,"24":0,"25":0,"26":0,"27":0,"28":0,"29":0,"30":0,"31":0,"32":0.012988,"33":0,"34":0,"35":0,"36":0,"37":0,"38":0.006494,"39":0,"40":0.006494,"41":0,"42":0,"43":0.012988,"44":0.006494,"45":0.006494,"46":0,"47":0.019482,"48":0.220796,"49":0.006494,"50":0.006494,"51":0.006494,"52":0.175338,"53":0.006494,"54":0.012988,"55":0.012988,"56":0.058446,"57":0.071434,"58":0.03247,"59":0.071434,"60":2.149514,"61":0.123386,"62":0.006494},"opera":{"9":0,"9.5-9.6":0,"10.0-10.1":0,"10.5":0,"10.6":0,"11":0,"11.1":0,"11.5":0,"11.6":0,"12":0,"12.1":0,"15":0,"16":0,"17":0,"18":0.006494,"19":0,"20":0,"21":0,"22":0.006494,"23":0,"24":0,"25":0,"26":0,"27":0,"28":0,"29":0,"30":0,"31":0,"32":0,"33":0,"34":0,"35":0.006494,"36":0.019482,"37":0.006494,"38":0,"39":0,"40":0,"41":0,"42":0.006494,"43":0,"44":0,"45":0.006494,"46":0,"47":0.006494,"48":0.019482,"49":0.025976,"50":0.006494,"51":0.019482,"52":0.025976,"53":1.318282},"safari":{"3.1":0,"3.2":0,"4":0,"5":0.006494,"5.1":0.012988,"6":0,"6.1":0.019482,"7":0.006494,"7.1":0,"8":0.025976,"9":0.012988,"9.1":0.084422,"10":0.038964,"10.1":0.090916,"11":0.136374,"11.1":0.337688,"12":0,"0":null},"ios_saf":{"3.2":0.000311424281854,"4.0-4.1":0,"4.2-4.3":0.000622848563707,"5.0-5.1":0.00467136422781,"6.0-6.1":0.00249139425483,"7.0-7.1":0.0130798198379,"8":0.00373709138224,"8.1-8.4":0.0196197297568,"9.0-9.2":0.014948365529,"9.3":0.089378768892,"10.0-10.2":0.0980986487839,"10.3":0.224848331498,"11.0-11.2":0.504818760885,"11.3-11.4":2.12547072365,"12":0.00934272845561},"android":{"2.1":0,"2.2":0,"2.3":0,"3":0,"4":0,"4.1":0.141981112782,"4.2-4.3":0.324008180451,"4.4":1.20137864662,"4.4.3-4.4.4":0.75359206015,"67":null},"ie":{"5.5":0,"6":0,"7":0.0135217534247,"8":0.0946522739726,"9":0.0135217534247,"10":0.0676087671233,"11":0.304239452055},"op_mob":{"10":null,"11":null,"11.1":null,"11.5":null,"12":null,"12.1":null,"0":null},"edge":{"12":0.012988,"13":0.019482,"14":0.058446,"15":0.03247,"16":0.142868,"17":0.272748,"18":null},"samsung":{"4":0.938184243655,"5":0.091778893401,"6.2":0.713835837563,"7.2":null},"bb":{"7":0.0021036,"10":0.0084144},"ie_mob":{"10":0.0449936666667,"11":0.224968333333},"and_ff":{"0":0.08765},"and_qq":{"1.2":null},"and_uc":{"0":0.592514},"op_mini":{"0":0.770066996564},"and_chr":{"0":46.805502},"baidu":{"0":null}},"total":96.4713459712}