{"id":"TR","name":"Turkey","month":"2014-12","access_date":"2015-01-01","data":{"chrome":{"4":0.03475,"5":0.00695,"6":0.0139,"7":0.00695,"8":0.0139,"9":0.00695,"10":0.0278,"11":0.11815,"12":0.0695,"13":0.06255,"14":0.03475,"15":0.09035,"16":0.0278,"17":0.02085,"18":0.0556,"19":0.00695,"20":0.00695,"21":0.02085,"22":0.21545,"23":0.04865,"24":0.0278,"25":0.04865,"26":0.10425,"27":0.0695,"28":0.07645,"29":0.0695,"30":0.09035,"31":0.3336,"32":0.21545,"33":0.3336,"34":0.4587,"35":1.1815,"36":0.85485,"37":1.14675,"38":1.85565,"39":38.8227,"40":0.03475,"41":0.06255,"42":0},"firefox":{"2":0,"3":0.00695,"3.5":0.00695,"3.6":0.02085,"4":0.00695,"5":0.00695,"6":0.00695,"7":0,"8":0.00695,"9":0.00695,"10":0.00695,"11":0.00695,"12":0.02085,"13":0.00695,"14":0.00695,"15":0.0139,"16":0.0139,"17":0.0139,"18":0.0139,"19":0.0139,"20":0.0139,"21":0.0139,"22":0.0139,"23":0.0139,"24":0.0139,"25":0.0139,"26":0.0278,"27":0.0278,"28":0.0278,"29":0.04865,"30":0.0834,"31":0.1529,"32":0.17375,"33":1.06335,"34":2.73135,"35":0.0417,"36":0.00695,"37":0},"opera":{"9":0,"9.5-9.6":0,"10.0-10.1":0,"10.5":0,"10.6":0,"11":0,"11.1":0,"11.5":0,"11.6":0.00695,"12":0.00695,"12.1":0.0417,"15":0,"16":0,"17":0,"18":0,"19":0,"20":0.00695,"21":0.00695,"22":0,"23":0.00695,"24":0.00695,"25":0.0139,"26":0.5004,"27":0.00695,"28":0},"android":{"2.1":0,"2.2":0.00962813430537,"2.3":0.270791277339,"3":0,"4":0.558431789711,"4.1":1.71140087278,"4.2-4.3":2.72596552521,"4.4":4.57456731184,"4.4.3-4.4.4":1.87026508882,"37":0},"safari":{"3.1":0,"3.2":0,"4":0.00695,"5":0.02085,"5.1":0.04865,"6":0.0139,"6.1":0.0278,"7":0.06255,"7.1":0.06255,"8":0.14595},"ios_saf":{"3.2":0,"4.0-4.1":0,"4.2-4.3":0,"5.0-5.1":0.0336173321962,"6.0-6.1":0.139027611117,"7.0-7.1":1.64667949232,"8":0.466654153707,"8.1":3.39307141066},"op_mob":{"10":0,"11":0,"11.1":0,"11.5":0,"12":0.00148119943366,"12.1":0.00740599716828,"0":null},"ie":{"5.5":0,"6":0.0278674757282,"7":0.0975361650485,"8":2.38266917476,"9":1.26797014563,"10":1.56057864078,"11":6.13781152913,"0":null},"bb":{"7":0.01525,"10":null},"ie_mob":{"10":0.602802,"11":null},"op_mini":{"5.0-8.0":1.0372628034},"and_chr":{"0":13.5139},"and_ff":{"0":0.06405},"and_uc":{"0":0.0976}},"total":96.5408351311}