{"id":"TR","name":"Turkey","month":"2014-11","access_date":"2014-12-01","data":{"chrome":{"4":0.033705,"5":0.006741,"6":0.013482,"7":0.006741,"8":0.013482,"9":0.006741,"10":0.026964,"11":0.13482,"12":0.074151,"13":0.074151,"14":0.040446,"15":0.107856,"16":0.033705,"17":0.020223,"18":0.053928,"19":0.006741,"20":0.006741,"21":0.020223,"22":0.235935,"23":0.053928,"24":0.026964,"25":0.053928,"26":0.107856,"27":0.074151,"28":0.087633,"29":0.080892,"30":0.094374,"31":0.390978,"32":0.256158,"33":0.417942,"34":0.579726,"35":1.503243,"36":1.065078,"37":1.88748,"38":29.518839,"39":9.862083,"40":0.033705,"41":0.013482,"42":null},"firefox":{"2":null,"3":0.006741,"3.5":null,"3.6":0.026964,"4":0.006741,"5":0.006741,"6":0.006741,"7":null,"8":null,"9":0.006741,"10":0.013482,"11":0.013482,"12":0.020223,"13":0.006741,"14":0.013482,"15":0.013482,"16":0.020223,"17":0.020223,"18":0.013482,"19":0.013482,"20":0.020223,"21":0.020223,"22":0.013482,"23":0.020223,"24":0.020223,"25":0.033705,"26":0.033705,"27":0.033705,"28":0.033705,"29":0.060669,"30":0.141561,"31":0.155043,"32":0.559503,"33":3.269385,"34":0.053928,"35":0.006741,"36":null},"opera":{"9":null,"9.5-9.6":null,"10.0-10.1":0,"10.5":null,"10.6":null,"11":null,"11.1":null,"11.5":null,"11.6":null,"12":0.006741,"12.1":0.033705,"15":null,"16":null,"17":null,"18":null,"19":null,"20":0.006741,"21":null,"22":null,"23":null,"24":0.006741,"25":0.350532,"26":0.121338,"27":null,"28":null},"android":{"2.1":0,"2.2":0.0220697422857,"2.3":0.308976391999,"3":0.00980877434918,"4":0.637570332697,"4.1":2.0843645492,"4.2-4.3":2.91075378812,"4.4":4.48383597437,"4.4.3-4.4.4":1.74105744698,"37":0},"safari":{"3.1":null,"3.2":null,"4":0,"5":0.020223,"5.1":0.047187,"6":0.013482,"6.1":0.033705,"7":0.060669,"7.1":0.060669,"8":0.101115},"ios_saf":{"3.2":0,"4.0-4.1":0,"4.2-4.3":0,"5.0-5.1":0.0286384093872,"6.0-6.1":0.129093137699,"7.0-7.1":1.55881065249,"8":0.591713597031,"8.1":2.08487620339},"op_mob":{"10":0,"11":0,"11.1":0,"11.5":0,"12":0.00315020182094,"12.1":0.0157510091047,"0":null},"ie":{"5.5":null,"6":0.0270230991781,"7":0.0945808471233,"8":2.72933301699,"9":1.43222425644,"10":1.91188426685,"11":6.12073196384},"bb":{"7":0.01710975,"10":null},"ie_mob":{"10":0.6957965,"11":null},"and_chr":{"0":13.143942},"and_ff":{"0":0.071698},"and_uc":{"0":0.074957},"op_mini":{"5.0-8.0":0.870805789074}},"total":96.3736157004}