{"id":"TT","name":"Trinidad and Tobago","month":"2017-07","access_date":"2017-08-04","data":{"chrome":{"4":0,"5":0,"6":0,"7":0,"8":0,"9":0,"10":0,"11":0.018303,"12":0.006101,"13":0,"14":0,"15":0,"16":0,"17":0,"18":0.006101,"19":0,"20":0.006101,"21":0,"22":0.085414,"23":0,"24":0,"25":0,"26":0.006101,"27":0.006101,"28":0.006101,"29":0.006101,"30":0,"31":0.018303,"32":0.018303,"33":0.006101,"34":0.06101,"35":0.006101,"36":0.323353,"37":0.012202,"38":0.054909,"39":0.036606,"40":0.012202,"41":0.024404,"42":0.006101,"43":0.042707,"44":0.036606,"45":0.042707,"46":0.012202,"47":0.012202,"48":0.006101,"49":1.049372,"50":0.030505,"51":0.134222,"52":0.018303,"53":0.109818,"54":0.213535,"55":0.402666,"56":0.256242,"57":0.158626,"58":1.580159,"59":29.937607,"60":0.359959,"61":0.128121,"62":0.006101,"63":0},"firefox":{"2":0,"3":0,"3.5":0,"3.6":0.030505,"4":0,"5":0,"6":0,"7":0,"8":0,"9":0,"10":0,"11":0,"12":0,"13":0,"14":0,"15":0,"16":0,"17":0,"18":0,"19":0,"20":0,"21":0.012202,"22":0.006101,"23":0.006101,"24":0,"25":0.006101,"26":0,"27":0,"28":0,"29":0,"30":0,"31":0,"32":0,"33":0.006101,"34":0.006101,"35":0,"36":0.006101,"37":0.006101,"38":0.006101,"39":0,"40":0.006101,"41":0.006101,"42":0.006101,"43":0.024404,"44":0.006101,"45":0.024404,"46":0.006101,"47":0.097616,"48":0.103717,"49":0.012202,"50":0.018303,"51":0.042707,"52":0.286747,"53":0.152525,"54":3.72161,"55":0.164727,"56":0,"57":0},"opera":{"9":0,"9.5-9.6":0,"10.0-10.1":0,"10.5":0,"10.6":0,"11":0,"11.1":0,"11.5":0,"11.6":0,"12":0,"12.1":0.030505,"15":0,"16":0,"17":0,"18":0,"19":0,"20":0,"21":0,"22":0,"23":0,"24":0,"25":0,"26":0,"27":0.006101,"28":0.018303,"29":0.006101,"30":0,"31":0,"32":0,"33":0.006101,"34":0,"35":0,"36":0.006101,"37":0.012202,"38":0.006101,"39":0,"40":0,"41":0,"42":0.006101,"43":0.006101,"44":0,"45":0.036606,"46":0.622302,"47":0.006101,"48":0},"safari":{"3.1":0,"3.2":0,"4":0,"5":0.024404,"5.1":0.042707,"6":0.006101,"6.1":0.018303,"7":0.012202,"7.1":0.006101,"8":0.036606,"9":0.030505,"9.1":0.213535,"10":0.274545,"10.1":1.622866,"11":0.006101,"0":null},"ios_saf":{"3.2":0,"4.0-4.1":0,"4.2-4.3":0,"5.0-5.1":0,"6.0-6.1":0,"7.0-7.1":0.0471273417148,"8":0,"8.1-8.4":0.0360975383347,"9.0-9.2":0.0250677349547,"9.3":0.495338442704,"10.0-10.2":1.41281754204,"10.3":7.71384340025,"11":null},"android":{"2.1":0,"2.2":0,"2.3":0,"3":0,"4":0,"4.1":0.215726543385,"4.2-4.3":0.550552115932,"4.4":1.48087283428,"4.4.3-4.4.4":0.912343506401,"56":null},"op_mob":{"10":0,"11":0,"11.1":0,"11.5":0,"12":0,"12.1":0,"0":0.00342157142857},"ie":{"5.5":0,"6":0.00611195332136,"7":0.0366717199282,"8":0.067231486535,"9":0.103903206463,"10":0.13446297307,"11":3.05597666068},"edge":{"12":0.073212,"13":0.274545,"14":1.732684,"15":null,"16":null},"bb":{"7":0.02241925,"10":null},"samsung":{"4":4.468254,"5":null},"ie_mob":{"10":0.0435612413793,"11":0.237166758621},"op_mini":{"0":1.00252042857},"and_chr":{"0":29.725392},"baidu":{"0":null},"and_ff":{"0":0.019495},"and_qq":{"1.2":null},"and_uc":{"0":0.319718}},"total":97.31399825}