{"id":"TT","name":"Trinidad and Tobago","month":"2015-05","access_date":"2015-06-03","data":{"chrome":{"4":0.007732,"5":0,"6":0.023196,"7":0,"8":0.015464,"9":0,"10":0.007732,"11":0.061856,"12":0.015464,"13":0,"14":0.007732,"15":0.007732,"16":0.007732,"17":0.015464,"18":0.046392,"19":0.015464,"20":0.015464,"21":0.015464,"22":0.208764,"23":0,"24":0.023196,"25":0.007732,"26":0.046392,"27":0.030928,"28":0.023196,"29":0.030928,"30":0.03866,"31":0.185568,"32":0.108248,"33":0.139176,"34":0.11598,"35":0.185568,"36":0.780932,"37":0.247424,"38":0.224228,"39":0.943304,"40":0.3866,"41":0.525776,"42":26.938288,"43":10.136652,"44":0.440724,"45":0.030928,"46":0},"firefox":{"2":0,"3":0.007732,"3.5":0.007732,"3.6":0.015464,"4":0.007732,"5":0.007732,"6":0,"7":0,"8":0.015464,"9":0.007732,"10":0.015464,"11":0.030928,"12":0.023196,"13":0.007732,"14":0.007732,"15":0.007732,"16":0.023196,"17":0.015464,"18":0.007732,"19":0.007732,"20":0.007732,"21":0.015464,"22":0.007732,"23":0.007732,"24":0.007732,"25":0.007732,"26":0.015464,"27":0.007732,"28":0.007732,"29":0.015464,"30":0.046392,"31":0.092784,"32":0.054124,"33":0.054124,"34":0.061856,"35":0.085052,"36":0.131444,"37":5.06446,"38":3.657236,"39":0.015464,"40":0,"41":0},"opera":{"9":0,"9.5-9.6":0,"10.0-10.1":0,"10.5":0,"10.6":0,"11":0,"11.1":0,"11.5":0,"11.6":0,"12":0.007732,"12.1":0.146908,"15":0,"16":0,"17":0,"18":0,"19":0,"20":0,"21":0,"22":0,"23":0,"24":0,"25":0,"26":0,"27":0.007732,"28":0.023196,"29":0.587632,"30":0.015464,"31":0},"safari":{"3.1":0,"3.2":0,"4":0.023196,"5":0.069588,"5.1":0.1933,"6":0.030928,"6.1":0.15464,"7":0.131444,"7.1":0.34794,"8":1.097944},"android":{"2.1":0,"2.2":0,"2.3":0.129914411454,"3":0,"4":0.330052829098,"4.1":1.12358409906,"4.2-4.3":2.17928499213,"4.4":3.74059872978,"4.4.3-4.4.4":1.57067693848,"40":null},"ios_saf":{"3.2":0,"4.0-4.1":0,"4.2-4.3":0,"5.0-5.1":0.0324831060149,"6.0-6.1":0.069838677932,"7.0-7.1":1.14990195293,"8":0.176220850131,"8.1-8.3":6.645231413},"op_mob":{"10":0,"11":0,"11.1":0,"11.5":0,"12":4.8111757858e-5,"12.1":0.000192447031432,"0":0.00105845867288},"ie":{"5.5":0,"6":0.0154963514644,"7":0.0464890543933,"8":1.03050737238,"9":0.906536560669,"10":0.875543857741,"11":8.22081445188,"0":null},"ie_mob":{"10":0.281970418605,"11":0.820277581395},"bb":{"7":0.112833,"10":null},"and_uc":{"0":0.195048},"op_mini":{"5.0-8.0":0.184676982538},"and_chr":{"0":13.106944},"and_ff":{"0":0.13608}},"total":97.5619766485}