{"id":"TT","name":"Trinidad and Tobago","month":"2019-10","access_date":"2019-11-04","data":{"chrome":{"4":0,"5":0,"6":0,"7":0,"8":0,"9":0,"10":0,"11":0,"12":0,"13":0,"14":0,"15":0,"16":0,"17":0,"18":0,"19":0,"20":0,"21":0,"22":0,"23":0,"24":0,"25":0,"26":0,"27":0,"28":0,"29":0,"30":0,"31":0.01029,"32":0,"33":0,"34":0.01029,"35":0,"36":0.005145,"37":0.015435,"38":0.015435,"39":0,"40":0,"41":0,"42":0,"43":0.005145,"44":0,"45":0,"46":0.005145,"47":0,"48":0,"49":0.210945,"50":0.01029,"51":0,"52":0,"53":0.005145,"54":0.01029,"55":0.01029,"56":0.005145,"57":0.005145,"58":0.015435,"59":0,"60":0.005145,"61":0.07203,"62":0.04116,"63":0.015435,"64":0.01029,"65":0.097755,"66":0.025725,"67":0.036015,"68":0.005145,"69":0.046305,"70":0.02058,"71":0.046305,"72":0.025725,"73":0.06174,"74":0.07203,"75":0.128625,"76":0.447615,"77":13.629105,"78":1.198785,"79":0.036015,"80":0,"81":null},"firefox":{"2":0,"3":0,"3.5":0,"3.6":0,"4":0,"5":0,"6":0,"7":0,"8":0,"9":0,"10":0,"11":0,"12":0,"13":0,"14":0,"15":0,"16":0,"17":0,"18":0,"19":0,"20":0,"21":0,"22":0,"23":0,"24":0,"25":0,"26":0,"27":0,"28":0,"29":0,"30":0,"31":0,"32":0,"33":0,"34":0.005145,"35":0,"36":0,"37":0,"38":0,"39":0,"40":0,"41":0,"42":0,"43":0,"44":0,"45":0.005145,"46":0,"47":0,"48":0.025725,"49":0,"50":0,"51":0,"52":0.036015,"53":0,"54":0.005145,"55":0.01029,"56":0.01029,"57":0.005145,"58":0,"59":0,"60":0.005145,"61":0.005145,"62":0,"63":0,"64":0,"65":0.01029,"66":0.01029,"67":0.005145,"68":0.13377,"69":0.992985,"70":0.2058,"71":0.005145,"72":0},"opera":{"9":0,"9.5-9.6":0,"10.0-10.1":0,"10.5":0,"10.6":0,"11":0,"11.1":0,"11.5":0,"11.6":0,"12":0,"12.1":0.005145,"15":0,"16":0,"17":0.01029,"18":0,"19":0,"20":0,"21":0,"22":0,"23":0,"24":0,"25":0,"26":0,"27":0,"28":0,"29":0,"30":0,"31":0,"32":0,"33":0,"34":0,"35":0,"36":0,"37":0.005145,"38":0,"39":0,"40":0,"41":0,"42":0,"43":0,"44":0,"45":0,"46":0,"47":0,"48":0,"49":0,"50":0,"51":0,"52":0.005145,"53":0.01029,"54":0.03087,"55":0,"56":0,"57":0,"58":0,"60":0,"62":0.005145,"63":0.39102,"64":0.056595},"safari":{"3.1":0,"3.2":0,"4":0,"5":0,"5.1":0.282975,"6":0,"6.1":0,"7":0,"7.1":0,"8":0.005145,"9":0.005145,"9.1":0.02058,"10":0.005145,"10.1":0.12348,"11":0.02058,"11.1":0.190365,"12":0.12348,"12.1":0.694575,"13":1.188495,"0":null},"ios_saf":{"3.2":0,"4.0-4.1":0.003438308956121,"4.2-4.3":0,"5.0-5.1":0.0091688238829894,"6.0-6.1":0,"7.0-7.1":0.006876617912242,"8":0,"8.1-8.4":0.013753235824484,"9.0-9.2":0.014899338809858,"9.3":0.15013949108395,"10.0-10.2":0.063035664195552,"10.3":0.1696232418353,"11.0-11.2":0.17879206571829,"11.3-11.4":0.30830170306552,"12.0-12.1":0.43781134041274,"12.2-12.4":4.5534671608896,"13.0-13.2":5.5310930074133},"android":{"2.1":0,"2.2":0.013773996138996,"2.3":0.0025043629343629,"3":0.0037565444015444,"4":0.045078532818533,"4.1":0.11394851351351,"4.2-4.3":0.72125652509653,"4.4":0,"4.4.3-4.4.4":0.39694152509653,"76":null},"samsung":{"4":0.20312166336634,"5.0-5.4":0.021381227722772,"6.2-6.4":0.064143683168317,"7.2-7.4":0.16035920792079,"8.2":0.042762455445545,"9.2":0.42762455445545,"10.1":4.4793672079208},"edge":{"12":0.005145,"13":0.01029,"14":0.015435,"15":0.025725,"16":0.036015,"17":0.37044,"18":1.147335,"76":null},"op_mob":{"10":null,"11":null,"11.1":null,"11.5":null,"12":null,"12.1":null,"0":null},"ie":{"5.5":0,"6":0,"7":0,"8":0.01029,"9":0.005145,"10":0.015435,"11":0.612255},"ie_mob":{"10":0,"11":0.043695},"bb":{"7":0,"10":0.02913},"baidu":{"0":null},"and_ff":{"0":0.14565},"and_uc":{"0":0.150505},"and_qq":{"1.2":0.014565},"kaios":{"2.5":0},"op_mini":{"0":0.34932642611684},"and_chr":{"0":54.46061}},"total":96.600736426117}