{"id":"TT","name":"Trinidad and Tobago","month":"2021-11","access_date":"2021-12-03","data":{"firefox":{"2":null,"3":null,"3.5":null,"3.6":null,"4":null,"5":null,"6":null,"7":null,"8":null,"9":null,"10":null,"11":null,"12":null,"13":null,"14":null,"15":null,"16":null,"17":null,"18":null,"19":null,"20":null,"21":null,"22":null,"23":null,"24":null,"25":null,"26":null,"27":null,"28":null,"29":null,"30":null,"31":null,"32":null,"33":null,"34":null,"35":null,"36":null,"37":null,"38":null,"39":null,"40":null,"41":null,"42":null,"43":null,"44":null,"45":null,"46":null,"47":null,"48":null,"49":null,"50":null,"51":null,"52":0.01396,"53":null,"54":null,"55":null,"56":null,"57":null,"58":null,"59":null,"60":null,"61":null,"62":null,"63":null,"64":null,"65":null,"66":null,"67":null,"68":0.00931,"69":null,"70":null,"71":null,"72":null,"73":null,"74":null,"75":null,"76":null,"77":null,"78":0.02792,"79":null,"80":null,"81":null,"82":null,"83":null,"84":null,"85":null,"86":0.02327,"87":null,"88":0.00465,"89":0.04654,"90":null,"91":0.01396,"92":0.01396,"93":0.34905,"94":1.29847,"95":null,"96":null},"chrome":{"4":null,"5":null,"6":null,"7":null,"8":null,"9":null,"10":null,"11":null,"12":null,"13":null,"14":null,"15":null,"16":null,"17":null,"18":null,"19":null,"20":null,"21":null,"22":null,"23":null,"24":null,"25":null,"26":null,"27":null,"28":null,"29":null,"30":null,"31":null,"32":null,"33":null,"34":null,"35":null,"36":null,"37":null,"38":0.01396,"39":null,"40":null,"41":0.02327,"42":null,"43":null,"44":null,"45":null,"46":null,"47":0.00931,"48":null,"49":0.12566,"50":0.00931,"51":null,"52":null,"53":0.00931,"54":null,"55":0.02327,"56":0.00931,"57":null,"58":null,"59":null,"60":null,"61":null,"62":null,"63":0.00931,"64":null,"65":0.00931,"66":null,"67":0.00931,"68":0.00931,"69":0.00931,"70":null,"71":null,"72":0.00465,"73":0.04189,"74":0.02792,"75":0.03258,"76":0.03723,"77":null,"78":0.00465,"79":0.08843,"80":0.03723,"81":0.04189,"83":0.01862,"84":0.01862,"85":0.03723,"86":0.02327,"87":0.18616,"88":0.03258,"89":0.03723,"90":0.05585,"91":0.09773,"92":0.20943,"93":0.31647,"94":2.19669,"95":16.54497,"96":10.28999,"97":0.01862,"98":0.00465,"99":null},"opera":{"9":null,"9.5-9.6":null,"10.0-10.1":0,"10.5":null,"10.6":null,"11":null,"11.1":null,"11.5":null,"11.6":null,"12":null,"12.1":null,"15":null,"16":null,"17":null,"18":null,"19":null,"20":null,"21":null,"22":null,"23":null,"24":null,"25":null,"26":null,"27":null,"28":null,"29":null,"30":null,"31":null,"32":null,"33":null,"34":null,"35":null,"36":null,"37":null,"38":null,"39":null,"40":null,"41":null,"42":null,"43":null,"44":null,"45":null,"46":null,"47":null,"48":null,"49":null,"50":null,"51":null,"52":null,"53":null,"54":null,"55":null,"56":null,"57":null,"58":null,"60":null,"62":null,"63":null,"64":null,"65":null,"66":null,"67":null,"68":null,"69":null,"70":null,"71":null,"72":null,"73":null,"74":null,"75":null,"76":null,"77":null,"78":null,"79":0.01862,"80":1.12627,"81":0.34905},"edge":{"12":0.01396,"13":null,"14":null,"15":null,"16":0.00465,"17":0.00465,"18":0.04654,"79":null,"80":null,"81":null,"83":null,"84":0.00931,"85":0.00931,"86":null,"87":null,"88":null,"89":0.01862,"90":0.00931,"91":null,"92":0.03723,"93":0.01396,"94":0.14427,"95":4.64935,"96":1.79644},"safari":{"3.1":null,"3.2":null,"4":0,"5":null,"5.1":null,"6":null,"6.1":null,"7":null,"7.1":null,"8":null,"9":null,"9.1":null,"10":null,"10.1":0.02792,"11":null,"11.1":0.1117,"12":null,"12.1":0.04189,"13":0.02327,"13.1":0.26062,"14":0.28389,"14.1":0.85168,"15":0.37232,"15.1":0.6981,"0":null},"ios_saf":{"3.2":0,"4.0-4.1":0,"4.2-4.3":0,"5.0-5.1":0.04836,"6.0-6.1":0.00093,"7.0-7.1":0.05115,"8":0,"8.1-8.4":0,"9.0-9.2":0,"9.3":0.16553,"10.0-10.2":0,"10.3":0.11439,"11.0-11.2":0.0093,"11.3-11.4":0.02325,"12.0-12.1":0.01395,"12.2-12.5":0.50497,"13.0-13.1":0.00279,"13.2":0.00186,"13.3":0.04092,"13.4-13.7":0.10602,"14.0-14.4":0.42127,"14.5-14.8":3.61568,"15.0-15.1":4.17273},"samsung":{"4":0.40101,"5.0-5.4":0.01099,"6.2-6.4":0.02054,"7.2-7.4":0.23844,"8.2":0.01023,"9.2":0.04335,"10.1":0.01084,"11.1-11.2":0.2276,"12.0":0.05419,"13.0":0.16257,"14.0":0.23844,"15.0":4.27017},"android":{"2.1":0,"2.2":0,"2.3":0,"3":0,"4":0.00084,"4.1":0.00209,"4.2-4.3":0.00167,"4.4":0,"4.4.3-4.4.4":0.04887,"0":0},"op_mob":{"10":null,"11":null,"11.1":null,"11.5":null,"12":null,"12.1":null,"0":null},"ie":{"5.5":null,"6":null,"7":null,"8":null,"9":null,"10":0.00496,"11":0.14396},"bb":{"7":0,"10":0},"ie_mob":{"10":0.02658,"11":0.22582},"and_chr":{"0":39.86997},"kaios":{"2.5":0},"baidu":{"0":null},"and_ff":{"0":0.12833},"and_qq":{"10.4":0.00535},"and_uc":{"0":0.10159},"op_mini":{"0":0.27336}},"total":99.21341}