{"id":"TW","name":"Taiwan","month":"2015-04","access_date":"2015-05-02","data":{"chrome":{"4":0,"5":0,"6":0,"7":0,"8":0.00537,"9":0,"10":0.00537,"11":0.34368,"12":0.00537,"13":0,"14":0,"15":0,"16":0,"17":0.00537,"18":0.01074,"19":0,"20":0.00537,"21":0.01074,"22":0.01074,"23":0.01074,"24":0.01074,"25":0.01074,"26":0.01611,"27":0.0537,"28":0.02685,"29":0.04296,"30":0.04296,"31":0.26313,"32":0.03759,"33":0.17721,"34":0.08055,"35":0.11814,"36":0.47256,"37":0.61218,"38":0.30072,"39":0.56922,"40":0.77865,"41":11.67975,"42":8.73699,"43":0.0537,"44":0.04833,"45":0},"firefox":{"2":0,"3":0.01611,"3.5":0,"3.6":0.01074,"4":0,"5":0.00537,"6":0,"7":0,"8":0,"9":0,"10":0,"11":0.00537,"12":0.01611,"13":0,"14":0.00537,"15":0,"16":0.00537,"17":0.01074,"18":0.00537,"19":0.00537,"20":0.00537,"21":0.01074,"22":0.00537,"23":0.00537,"24":0.00537,"25":0.00537,"26":0.01074,"27":0.01074,"28":0.01611,"29":0.01074,"30":0.01611,"31":0.37053,"32":0.25239,"33":0.03222,"34":0.06981,"35":0.09666,"36":0.80013,"37":2.66889,"38":0.03222,"39":0.00537,"40":0},"opera":{"9":0,"9.5-9.6":0,"10.0-10.1":0,"10.5":0,"10.6":0,"11":0,"11.1":0,"11.5":0,"11.6":0,"12":0.00537,"12.1":0.03222,"15":0,"16":0,"17":0,"18":0,"19":0,"20":0,"21":0,"22":0.00537,"23":0,"24":0,"25":0.00537,"26":0.00537,"27":0.00537,"28":0.13425,"29":0.01074},"safari":{"3.1":0,"3.2":0,"4":0.03222,"5":0.13425,"5.1":0.06444,"6":0.01611,"6.1":0.04833,"7":0.29535,"7.1":0.16647,"8":0.66588},"android":{"2.1":0,"2.2":0,"2.3":0.303639641626,"3":0,"4":0.580168600965,"4.1":2.18692837124,"4.2-4.3":3.99611456926,"4.4":5.97700175511,"4.4.3-4.4.4":2.6911870618,"40":null},"ios_saf":{"3.2":0,"4.0-4.1":0,"4.2-4.3":0,"5.0-5.1":0.0395870175791,"6.0-6.1":0.100490121547,"7.0-7.1":1.50532171974,"8":0.262898398795,"8.1-8.3":8.19654274234},"op_mob":{"10":0,"11":0,"11.1":0,"11.5":0,"12":2.34801901743e-5,"12.1":9.39207606973e-5,"0":0.000469603803487},"ie":{"5.5":0,"6":0.126117433333,"7":0.0932172333333,"8":4.0960749,"9":1.35439156667,"10":1.0528064,"11":8.0769991,"0":null},"ie_mob":{"10":0.0501832258065,"11":0.144276774194},"bb":{"7":0.002315,"10":null},"and_uc":{"0":0.17131},"op_mini":{"5.0-8.0":0.0734929952456},"and_chr":{"0":27.52563},"and_ff":{"0":0.1389}},"total":99.4357316333}