{"id":"TZ","name":"Tanzania","month":"2014-12","access_date":"2015-01-01","data":{"chrome":{"4":0.00896,"5":0.001792,"6":0.003584,"7":0.003584,"8":0.001792,"9":0.01792,"10":0.014336,"11":0.034048,"12":0.00896,"13":0.00896,"14":0.005376,"15":0.005376,"16":0.01792,"17":null,"18":0.010752,"19":0.003584,"20":0.007168,"21":0.051968,"22":0.003584,"23":0.005376,"24":0.001792,"25":0.01792,"26":0.016128,"27":0.005376,"28":0.016128,"29":0.010752,"30":0.00896,"31":0.051968,"32":0.012544,"33":0.082432,"34":0.021504,"35":0.059136,"36":0.308224,"37":0.066304,"38":0.118272,"39":3.908352,"40":0.02688,"41":0.08064,"42":null},"firefox":{"2":0.005376,"3":0.021504,"3.5":0.012544,"3.6":0.057344,"4":0.06272,"5":0.032256,"6":0.021504,"7":0.02688,"8":0.048384,"9":0.03584,"10":0.041216,"11":0.105728,"12":0.127232,"13":0.094976,"14":0.08064,"15":0.060928,"16":0.093184,"17":0.048384,"18":0.039424,"19":0.0448,"20":0.048384,"21":0.055552,"22":0.028672,"23":0.050176,"24":0.030464,"25":0.03584,"26":0.03584,"27":0.03584,"28":0.08064,"29":0.17024,"30":0.252672,"31":0.186368,"32":0.224,"33":2.003456,"34":3.164672,"35":0.50176,"36":0.012544,"37":0.00896},"opera":{"9":null,"9.5-9.6":0.001792,"10.0-10.1":0.007168,"10.5":null,"10.6":0.007168,"11":0.00896,"11.1":0.003584,"11.5":0.010752,"11.6":0.028672,"12":0.010752,"12.1":0.094976,"15":0.014336,"16":0.00896,"17":0.007168,"18":0.00896,"19":0.007168,"20":0.010752,"21":0.025088,"22":0.010752,"23":0.005376,"24":0.00896,"25":0.051968,"26":0.507136,"27":0.005376,"28":null},"android":{"2.1":0,"2.2":0.00900107197864,"2.3":0.253155149399,"3":0,"4":0.522062174761,"4.1":1.5999405442,"4.2-4.3":2.54842850395,"4.4":4.27663432385,"4.4.3-4.4.4":1.74845823185,"37":0},"safari":{"3.1":null,"3.2":null,"4":0.012544,"5":0.032256,"5.1":0.102144,"6":0.039424,"6.1":0.039424,"7":0.07168,"7.1":0.07168,"8":0.114688},"ios_saf":{"3.2":0,"4.0-4.1":0,"4.2-4.3":0,"5.0-5.1":0.00544180435437,"6.0-6.1":0.0225050891943,"7.0-7.1":0.266556179392,"8":0.0755396231564,"8.1":0.549253303903},"op_mob":{"10":0,"11":0,"11.1":0,"11.5":0,"12":0.0732842912621,"12.1":0.366421456311,"0":null},"ie":{"5.5":null,"6":0.0198886308244,"7":0.0198886308244,"8":0.781080774194,"9":0.29471334767,"10":0.415853189964,"11":1.48079896774,"0":null},"bb":{"7":0.04104,"10":null},"ie_mob":{"10":0.58580496,"11":null},"op_mini":{"5.0-8.0":51.3199422524},"and_chr":{"0":3.53448},"and_ff":{"0":0.279072},"and_uc":{"0":6.090336}},"total":91.5245405012}