{"id":"TZ","name":"Tanzania","month":"2020-06","access_date":"2020-07-05","data":{"firefox":{"2":null,"3":null,"3.5":null,"3.6":null,"4":null,"5":null,"6":0.00684,"7":null,"8":null,"9":null,"10":null,"11":null,"12":null,"13":null,"14":null,"15":0.00342,"16":0.00342,"17":null,"18":0.00342,"19":null,"20":null,"21":0.00684,"22":null,"23":0.01711,"24":null,"25":null,"26":0.00342,"27":null,"28":0.00342,"29":0.01027,"30":0.01369,"31":0.00342,"32":0.01027,"33":0.00342,"34":0.01027,"35":0.00684,"36":0.01369,"37":0.00342,"38":0.01027,"39":0.00342,"40":0.01711,"41":0.01027,"42":0.01027,"43":0.04449,"44":0.02053,"45":0.01369,"46":0.00684,"47":0.07186,"48":0.04791,"49":0.02053,"50":null,"51":0.00342,"52":0.05133,"53":null,"54":null,"55":0.01027,"56":0.02053,"57":0.02053,"58":0.00684,"59":0.01711,"60":0.01369,"61":0.00684,"62":null,"63":0.00342,"64":0.02053,"65":0.00684,"66":0.03422,"67":0.01369,"68":0.06844,"69":0.02738,"70":0.01027,"71":0.0616,"72":0.06502,"73":0.02053,"74":0.05475,"75":0.0616,"76":0.67756,"77":3.63416,"78":0.33878,"79":0.00342,"80":null},"chrome":{"4":null,"5":null,"6":null,"7":null,"8":null,"9":null,"10":null,"11":0.00342,"12":null,"13":null,"14":null,"15":null,"16":null,"17":null,"18":null,"19":null,"20":null,"21":0.01027,"22":null,"23":null,"24":null,"25":null,"26":null,"27":null,"28":0.00684,"29":0.00684,"30":null,"31":0.00342,"32":0.00684,"33":0.00684,"34":null,"35":null,"36":null,"37":0.00342,"38":0.00684,"39":null,"40":0.00684,"41":0.00684,"42":0.00684,"43":0.0308,"44":null,"45":null,"46":0.00342,"47":null,"48":null,"49":0.11293,"50":0.0308,"51":null,"52":null,"53":0.00684,"54":null,"55":0.01711,"56":null,"57":0.01027,"58":0.01711,"59":null,"60":0.02053,"61":0.00684,"62":0.01027,"63":0.1711,"64":0.01369,"65":0.03764,"66":0.00342,"67":0.02738,"68":0.00684,"69":0.05133,"70":0.0308,"71":0.02738,"72":0.04449,"73":0.05475,"74":0.18821,"75":0.05133,"76":0.0308,"77":0.04791,"78":0.06502,"79":0.08897,"80":0.3114,"81":0.65702,"83":15.01574,"84":0.0616,"85":0.02738,"86":null},"opera":{"9":null,"9.5-9.6":null,"10.0-10.1":0,"10.5":null,"10.6":null,"11":null,"11.1":null,"11.5":null,"11.6":null,"12":null,"12.1":null,"15":null,"16":null,"17":null,"18":null,"19":null,"20":null,"21":null,"22":null,"23":null,"24":null,"25":null,"26":null,"27":null,"28":null,"29":null,"30":null,"31":null,"32":null,"33":null,"34":null,"35":null,"36":null,"37":null,"38":null,"39":null,"40":null,"41":null,"42":0.01027,"43":null,"44":null,"45":null,"46":null,"47":null,"48":null,"49":null,"50":null,"51":null,"52":null,"53":null,"54":null,"55":null,"56":null,"57":0.00684,"58":0.00684,"60":null,"62":null,"63":0.00684,"64":0.00684,"65":0.03764,"66":0.01711,"67":0.0308,"68":2.61099,"69":0.0616},"ios_saf":{"3.2":0.00132,"4.0-4.1":0.00066,"4.2-4.3":0,"5.0-5.1":0.00331,"6.0-6.1":0.00066,"7.0-7.1":0.00463,"8":0,"8.1-8.4":0.00596,"9.0-9.2":0.00596,"9.3":0.06155,"10.0-10.2":0.01721,"10.3":0.06485,"11.0-11.2":0.04235,"11.3-11.4":0.06949,"12.0-12.1":0.09794,"12.2-12.4":0.58105,"13.0-13.1":0.12243,"13.2":0.0589,"13.3":0.84973,"13.4-13.5":2.49162,"14.0":null},"safari":{"3.1":null,"3.2":null,"4":0,"5":null,"5.1":null,"6":null,"6.1":null,"7":null,"7.1":null,"8":null,"9":0.07528,"9.1":0.01369,"10":0.01027,"10.1":0.07871,"11":0.04449,"11.1":0.1095,"12":0.05475,"12.1":0.28745,"13":0.32851,"13.1":0.83497,"14":null,"0":null},"edge":{"12":0.07528,"13":0.07186,"14":0.03422,"15":0.02738,"16":0.12661,"17":0.41406,"18":1.01976,"79":null,"80":null,"81":null,"83":null},"android":{"2.1":0,"2.2":0,"2.3":0.0007,"3":0,"4":0.00846,"4.1":0.01691,"4.2-4.3":0.0289,"4.4":0,"4.4.3-4.4.4":0.1621,"81":null},"samsung":{"4":0.45355,"5.0-5.4":0.04123,"6.2-6.4":0.02062,"7.2-7.4":0.18554,"8.2":0.02062,"9.2":0.34017,"10.1":0.3814,"11.1-11.2":1.16481,"12.0":0.08246},"ie":{"5.5":null,"6":null,"7":null,"8":0.15819,"9":null,"10":0.00565,"11":0.43501},"op_mob":{"10":null,"11":null,"11.1":null,"11.5":null,"12":null,"12.1":null,"0":null},"bb":{"7":0,"10":0.01316},"ie_mob":{"10":0,"11":0.01502},"and_ff":{"0":0.24996},"and_qq":{"10.4":0.01316},"and_uc":{"0":2.80881},"op_mini":{"0":9.37258},"and_chr":{"0":47.41257},"kaios":{"2.5":0.18418},"baidu":{"0":null}},"total":97.46745}