{"id":"TZ","name":"Tanzania","month":"2021-10","access_date":"2021-11-04","data":{"firefox":{"2":null,"3":null,"3.5":null,"3.6":null,"4":null,"5":null,"6":null,"7":null,"8":null,"9":null,"10":null,"11":null,"12":null,"13":null,"14":null,"15":null,"16":null,"17":null,"18":null,"19":null,"20":null,"21":null,"22":null,"23":0.00176,"24":null,"25":null,"26":null,"27":null,"28":null,"29":null,"30":0.00528,"31":null,"32":null,"33":null,"34":0.00528,"35":null,"36":null,"37":null,"38":0.00176,"39":null,"40":null,"41":0.00352,"42":0.00176,"43":0.00881,"44":0.00352,"45":0.00352,"46":null,"47":0.00528,"48":0.00704,"49":0.00528,"50":null,"51":null,"52":0.04755,"53":null,"54":null,"55":null,"56":0.00352,"57":null,"58":0.00352,"59":null,"60":null,"61":null,"62":null,"63":null,"64":null,"65":0.00352,"66":0.00176,"67":null,"68":0.00176,"69":null,"70":null,"71":null,"72":0.00528,"73":null,"74":null,"75":null,"76":null,"77":null,"78":0.03346,"79":0.00352,"80":null,"81":null,"82":null,"83":null,"84":0.00176,"85":null,"86":0.00528,"87":0.01409,"88":0.01409,"89":0.02465,"90":0.00881,"91":0.02289,"92":0.43497,"93":1.00553,"94":0.08453,"95":null},"chrome":{"4":null,"5":null,"6":null,"7":null,"8":null,"9":null,"10":null,"11":0.00704,"12":null,"13":null,"14":null,"15":null,"16":null,"17":null,"18":null,"19":null,"20":null,"21":0.00176,"22":null,"23":null,"24":null,"25":null,"26":null,"27":null,"28":null,"29":null,"30":null,"31":0.00352,"32":null,"33":0.00352,"34":null,"35":null,"36":null,"37":0.00352,"38":0.00352,"39":0.02289,"40":null,"41":null,"42":null,"43":0.00352,"44":null,"45":null,"46":null,"47":null,"48":null,"49":0.02289,"50":0.00352,"51":null,"52":null,"53":null,"54":null,"55":0.00352,"56":0.00352,"57":0.03346,"58":0.00352,"59":null,"60":0.00704,"61":null,"62":null,"63":0.00881,"64":0.00528,"65":0.00528,"66":0.00352,"67":0.00352,"68":0.00528,"69":0.00528,"70":0.00881,"71":0.00352,"72":0.00352,"73":0.00352,"74":0.00704,"75":0.00352,"76":0.00352,"77":0.00352,"78":0.00352,"79":0.02465,"80":0.01937,"81":0.01233,"83":0.00704,"84":0.02289,"85":0.01057,"86":0.01761,"87":0.04579,"88":0.0317,"89":0.01585,"90":0.0317,"91":0.07044,"92":0.18138,"93":0.31698,"94":5.38338,"95":1.48276,"96":0.01409,"97":0.00352,"98":null},"opera":{"9":null,"9.5-9.6":null,"10.0-10.1":0,"10.5":null,"10.6":null,"11":null,"11.1":null,"11.5":null,"11.6":null,"12":null,"12.1":null,"15":null,"16":null,"17":null,"18":null,"19":null,"20":null,"21":null,"22":null,"23":null,"24":null,"25":null,"26":null,"27":null,"28":null,"29":null,"30":null,"31":null,"32":null,"33":null,"34":null,"35":null,"36":0.00176,"37":null,"38":null,"39":null,"40":null,"41":null,"42":null,"43":null,"44":null,"45":null,"46":null,"47":null,"48":null,"49":null,"50":null,"51":null,"52":null,"53":null,"54":null,"55":null,"56":null,"57":null,"58":null,"60":null,"62":null,"63":null,"64":0.00176,"65":0.02113,"66":null,"67":null,"68":null,"69":null,"70":null,"71":null,"72":0.00528,"73":0.00176,"74":null,"75":null,"76":0.00352,"77":0.00528,"78":0.01585,"79":0.46314,"80":0.25006},"ios_saf":{"3.2":0,"4.0-4.1":0,"4.2-4.3":0,"5.0-5.1":0.00275,"6.0-6.1":0.00157,"7.0-7.1":0.03934,"8":0,"8.1-8.4":0,"9.0-9.2":0.00079,"9.3":0.02675,"10.0-10.2":0.00511,"10.3":0.04996,"11.0-11.2":0.03265,"11.3-11.4":0.05546,"12.0-12.1":0.0358,"12.2-12.5":0.70882,"13.0-13.1":0.0531,"13.2":0.01062,"13.3":0.09637,"13.4-13.7":0.18645,"14.0-14.4":0.68562,"14.5-14.8":1.26817,"15":0.67067},"edge":{"12":0.01937,"13":0.00881,"14":0.00704,"15":0.00704,"16":0.02465,"17":0.00704,"18":0.05283,"79":null,"80":null,"81":null,"83":null,"84":0.00881,"85":0.00528,"86":0.00352,"87":0.00176,"88":null,"89":0.01585,"90":0.00704,"91":0.01057,"92":0.02818,"93":0.0634,"94":0.68151,"95":0.22189},"safari":{"3.1":null,"3.2":null,"4":0,"5":null,"5.1":null,"6":null,"6.1":null,"7":null,"7.1":0.00176,"8":0.00176,"9":null,"9.1":0.00176,"10":0.00352,"10.1":0.00352,"11":0.00176,"11.1":0.00528,"12":0.00176,"12.1":0.00881,"13":0.00528,"13.1":0.08453,"14":0.06692,"14.1":0.11447,"15":0.0722,"0":null},"samsung":{"4":0.34381,"5.0-5.4":0.03126,"6.2-6.4":0.01042,"7.2-7.4":0.12502,"8.2":0.0402,"9.2":0.14586,"10.1":0.07035,"11.1-11.2":0.12502,"12.0":0.05209,"13.0":0.12502,"14.0":0.25005,"15.0":0.76056},"android":{"2.1":0,"2.2":0,"2.3":0,"3":0,"4":0,"4.1":0.00438,"4.2-4.3":0.00974,"4.4":0,"4.4.3-4.4.4":0.08474,"0":0},"op_mob":{"10":null,"11":null,"11.1":null,"11.5":null,"12":null,"12.1":null,"0":null},"ie":{"5.5":null,"6":null,"7":null,"8":0.00714,"9":null,"10":null,"11":0.24996},"bb":{"7":0,"10":0.01648},"ie_mob":{"10":null,"11":0.01381},"baidu":{"0":null},"and_ff":{"0":0.13182},"and_qq":{"10.4":0.00824},"and_uc":{"0":1.21113},"op_mini":{"0":29.67958},"and_chr":{"0":48.16442},"kaios":{"2.5":0.31308}},"total":97.89121}