{"id":"UA","name":"Ukraine","month":"2018-04","access_date":"2018-05-06","data":{"chrome":{"4":0,"5":0.008149,"6":0,"7":0,"8":0,"9":0,"10":0.008149,"11":0.016298,"12":0.008149,"13":0.008149,"14":0.008149,"15":0.008149,"16":0.008149,"17":0.008149,"18":0.032596,"19":0.008149,"20":0.008149,"21":0.016298,"22":0.016298,"23":0.008149,"24":0.008149,"25":0.008149,"26":0.008149,"27":0.032596,"28":0.008149,"29":0.277066,"30":0.008149,"31":0.016298,"32":0.008149,"33":0.008149,"34":0.016298,"35":0.008149,"36":0.008149,"37":0.008149,"38":0.839347,"39":0.122235,"40":0.048894,"41":0.008149,"42":0.008149,"43":0.016298,"44":0.008149,"45":0.024447,"46":0.024447,"47":0.024447,"48":0.032596,"49":1.458671,"50":0.024447,"51":0.097788,"52":0.024447,"53":0.040745,"54":0.048894,"55":0.089639,"56":0.293364,"57":0.065192,"58":0.24447,"59":0.545983,"60":0.32596,"61":0.399301,"62":0.187427,"63":0.480791,"64":0.798602,"65":31.316607,"66":4.392311,"67":0.08149,"68":0.016298,"69":0},"firefox":{"2":0,"3":0.016298,"3.5":0.024447,"3.6":0.048894,"4":0.008149,"5":0,"6":0,"7":0,"8":0,"9":0,"10":0,"11":0,"12":0.032596,"13":0,"14":0,"15":0,"16":0.040745,"17":0,"18":0,"19":0,"20":0,"21":0.008149,"22":0.008149,"23":0.008149,"24":0.008149,"25":0.008149,"26":0.048894,"27":0,"28":0.008149,"29":0,"30":0,"31":0,"32":0,"33":0.008149,"34":0.008149,"35":0.008149,"36":0.008149,"37":0.008149,"38":0.024447,"39":0.008149,"40":0.114086,"41":0.040745,"42":0.008149,"43":0.032596,"44":0.008149,"45":0.089639,"46":0.016298,"47":0.040745,"48":0.211874,"49":0.032596,"50":0.040745,"51":0.024447,"52":0.953433,"53":0.065192,"54":0.089639,"55":0.08149,"56":0.146682,"57":0.236321,"58":0.187427,"59":3.960414,"60":0.048894,"61":0},"opera":{"9":0,"9.5-9.6":0,"10.0-10.1":0,"10.5":0.008149,"10.6":0.008149,"11":0,"11.1":0.008149,"11.5":0.008149,"11.6":0.08149,"12":0.024447,"12.1":1.124562,"15":0,"16":0,"17":0,"18":0.008149,"19":0,"20":0.016298,"21":0,"22":0.008149,"23":0,"24":0,"25":0,"26":0,"27":0.008149,"28":0.008149,"29":0,"30":0.008149,"31":0,"32":0.008149,"33":0.016298,"34":0.008149,"35":0.008149,"36":0.350407,"37":0.016298,"38":0.008149,"39":0.016298,"40":0.008149,"41":0.016298,"42":0.024447,"43":0.016298,"44":0.008149,"45":0.048894,"46":0.024447,"47":0.032596,"48":0.032596,"49":0.024447,"50":0.024447,"51":0.309662,"52":4.873102},"safari":{"3.1":0,"3.2":0,"4":0.008149,"5":0.024447,"5.1":0.008149,"6":0.016298,"6.1":0.008149,"7":0.008149,"7.1":0,"8":0.008149,"9":0.016298,"9.1":0.073341,"10":0.065192,"10.1":0.130384,"11":0.660069,"11.1":0.880092,"0":null},"ios_saf":{"3.2":0.000680412342216,"4.0-4.1":0,"4.2-4.3":0.00136082468443,"5.0-5.1":0.015649483871,"6.0-6.1":0.0102061851332,"7.0-7.1":0.0381030911641,"8":0.0102061851332,"8.1-8.4":0.0619175231417,"9.0-9.2":0.0387835035063,"9.3":0.280329884993,"10.0-10.2":0.252432978962,"10.3":0.563381419355,"11.0-11.2":3.03872152034,"11.3":2.48010298738},"android":{"2.1":0,"2.2":0,"2.3":0,"3":0,"4":0,"4.1":0.0719370938722,"4.2-4.3":0.222503104302,"4.4":0.610628820078,"4.4.3-4.4.4":0.378087981747,"62":null},"op_mob":{"10":null,"11":null,"11.1":null,"11.5":null,"12":null,"12.1":null,"0":null},"ie":{"5.5":0,"6":0.00834368600683,"7":0.0166873720137,"8":0.225279522184,"9":0.0834368600683,"10":0.116811604096,"11":1.99414095563},"edge":{"12":0.016298,"13":0.016298,"14":0.048894,"15":0.073341,"16":0.423748,"17":0.008149,"18":null},"samsung":{"4":0.192896636364,"5":0.0507622727273,"6.2":0.406098181818},"bb":{"7":0.0022212,"10":0.0088848},"ie_mob":{"10":0.0270246,"11":0.1080984},"baidu":{"0":null},"and_ff":{"0":0.096252},"and_qq":{"1.2":null},"and_uc":{"0":0.690423},"op_mini":{"0":1.06546358763},"and_chr":{"0":21.342719}},"total":93.6560186785}