{"id":"UA","name":"Ukraine","month":"2021-09","access_date":"2021-10-03","data":{"firefox":{"2":null,"3":null,"3.5":null,"3.6":0.01178,"4":0.00589,"5":null,"6":null,"7":null,"8":null,"9":null,"10":null,"11":null,"12":null,"13":null,"14":null,"15":0.00589,"16":null,"17":0.01178,"18":null,"19":null,"20":0.1001,"21":0.00589,"22":null,"23":null,"24":null,"25":null,"26":null,"27":null,"28":null,"29":null,"30":null,"31":null,"32":null,"33":null,"34":null,"35":null,"36":null,"37":null,"38":null,"39":null,"40":null,"41":null,"42":null,"43":null,"44":null,"45":0.01178,"46":null,"47":null,"48":0.00589,"49":null,"50":0.00589,"51":null,"52":0.20019,"53":null,"54":null,"55":0.02944,"56":0.01178,"57":null,"58":0.02944,"59":null,"60":0.15898,"61":null,"62":null,"63":null,"64":null,"65":null,"66":0.01178,"67":null,"68":0.23552,"69":null,"70":0.00589,"71":0.00589,"72":0.01178,"73":null,"74":null,"75":null,"76":null,"77":0.01178,"78":0.18253,"79":0.03533,"80":0.03533,"81":0.06477,"82":0.01178,"83":0.01766,"84":0.06477,"85":0.01178,"86":0.02355,"87":0.02355,"88":0.05888,"89":0.13542,"90":0.03533,"91":0.71245,"92":1.84294,"93":0.01766,"94":null},"chrome":{"4":null,"5":null,"6":null,"7":null,"8":null,"9":null,"10":null,"11":0.00589,"12":null,"13":null,"14":null,"15":null,"16":null,"17":null,"18":null,"19":null,"20":null,"21":null,"22":0.00589,"23":null,"24":0.01178,"25":0.02944,"26":null,"27":null,"28":0.00589,"29":null,"30":null,"31":null,"32":null,"33":null,"34":null,"35":null,"36":null,"37":null,"38":null,"39":null,"40":0.00589,"41":0.01178,"42":0.01178,"43":0.02944,"44":0.00589,"45":0.01178,"46":0.01178,"47":0.01178,"48":0.02355,"49":0.56525,"50":0.01178,"51":0.00589,"52":null,"53":0.01178,"54":null,"55":0.00589,"56":0.01178,"57":0.08243,"58":0.01178,"59":0.01766,"60":null,"61":0.23552,"62":0.00589,"63":0.03533,"64":0.01766,"65":0.02944,"66":0.01178,"67":0.01766,"68":0.01178,"69":0.01178,"70":0.02355,"71":0.02944,"72":0.01766,"73":0.09421,"74":0.38861,"75":0.01766,"76":0.02355,"77":0.01766,"78":0.21197,"79":0.32973,"80":0.22963,"81":0.20019,"83":0.30029,"84":0.37094,"85":0.20608,"86":0.4416,"87":1.73107,"88":0.3415,"89":0.15898,"90":0.27085,"91":0.59469,"92":6.0823,"93":20.47846,"94":3.52102,"95":0.02355,"96":0.01178,"97":null},"opera":{"9":null,"9.5-9.6":null,"10.0-10.1":0,"10.5":null,"10.6":null,"11":null,"11.1":null,"11.5":null,"11.6":null,"12":0.01178,"12.1":0.0471,"15":null,"16":null,"17":null,"18":null,"19":null,"20":null,"21":null,"22":null,"23":null,"24":null,"25":null,"26":null,"27":null,"28":null,"29":null,"30":null,"31":null,"32":null,"33":null,"34":0.01178,"35":0.01178,"36":0.12954,"37":0.00589,"38":null,"39":null,"40":null,"41":null,"42":null,"43":null,"44":null,"45":null,"46":null,"47":null,"48":null,"49":null,"50":null,"51":null,"52":null,"53":null,"54":null,"55":null,"56":null,"57":null,"58":0.01178,"60":null,"62":null,"63":null,"64":null,"65":null,"66":null,"67":0.00589,"68":0.01178,"69":0.02355,"70":0.02355,"71":0.01178,"72":0.01766,"73":0.01766,"74":0.01766,"75":0.01766,"76":0.02355,"77":0.16486,"78":6.94195,"79":2.06669},"ios_saf":{"3.2":0.00154,"4.0-4.1":0,"4.2-4.3":0.00051,"5.0-5.1":0.03038,"6.0-6.1":0.00721,"7.0-7.1":0.02214,"8":0.00051,"8.1-8.4":0.04634,"9.0-9.2":0.00669,"9.3":0.04222,"10.0-10.2":0.00772,"10.3":0.05973,"11.0-11.2":0.02214,"11.3-11.4":0.01751,"12.0-12.1":0.02163,"12.2-12.5":0.26158,"13.0-13.1":0.0206,"13.2":0.01133,"13.3":0.04634,"13.4-13.7":0.20597,"14.0-14.4":0.53037,"14.5-14.8":3.47111,"15":0.31462},"safari":{"3.1":null,"3.2":null,"4":0,"5":null,"5.1":0.16486,"6":null,"6.1":null,"7":null,"7.1":null,"8":null,"9":null,"9.1":null,"10":null,"10.1":null,"11":null,"11.1":0.01178,"12":0.01178,"12.1":0.02944,"13":0.08243,"13.1":0.16486,"14":0.30618,"14.1":1.04806,"15":0.14131,"0":null},"edge":{"12":null,"13":null,"14":null,"15":null,"16":null,"17":0.01178,"18":0.0471,"79":null,"80":null,"81":null,"83":0.00589,"84":0.01178,"85":null,"86":0.01178,"87":null,"88":null,"89":0.01178,"90":null,"91":null,"92":0.12954,"93":0.62413,"94":0.13542},"samsung":{"4":0.09267,"5.0-5.4":0.0103,"6.2-6.4":0.05149,"7.2-7.4":0.27802,"8.2":0.03089,"9.2":0.18535,"10.1":0.06178,"11.1-11.2":0.56635,"12.0":0.11327,"13.0":0.381,"14.0":1.07091,"15.0":3.27452},"android":{"2.1":0,"2.2":0,"2.3":0,"3":0,"4":0.00036,"4.1":0.00216,"4.2-4.3":0.009,"4.4":0,"4.4.3-4.4.4":0.04605,"0":0},"op_mob":{"10":null,"11":null,"11.1":null,"11.5":null,"12":null,"12.1":null,"0":null},"ie":{"5.5":null,"6":null,"7":null,"8":0.04309,"9":0.02462,"10":0.01231,"11":0.32625},"bb":{"7":0,"10":0.00411},"ie_mob":{"10":0.0242,"11":0.15172},"and_chr":{"0":27.29667},"kaios":{"2.5":0},"baidu":{"0":null},"and_ff":{"0":0.11514},"and_qq":{"10.4":0},"and_uc":{"0":0.28373},"op_mini":{"0":2.90027}},"total":96.57991}