{"id":"UG","name":"Uganda","month":"2014-10","access_date":"2014-11-01","data":{"chrome":{"4":null,"5":0.022105,"6":null,"7":0.008842,"8":0.008842,"9":0.004421,"10":0.008842,"11":0.070736,"12":0.008842,"13":0.017684,"14":0.008842,"15":null,"16":null,"17":null,"18":null,"19":0.004421,"20":0.008842,"21":0.039789,"22":0.008842,"23":0.008842,"24":0.008842,"25":0.035368,"26":0.039789,"27":0.017684,"28":0.048631,"29":0.039789,"30":0.030947,"31":0.097262,"32":0.04421,"33":0.327154,"34":0.123788,"35":0.198945,"36":0.362522,"37":6.251294,"38":4.469631,"39":0.097262,"40":0.097262,"41":null},"firefox":{"2":0.017684,"3":0.04421,"3.5":0.035368,"3.6":0.216629,"4":0.159156,"5":0.079578,"6":0.079578,"7":0.114946,"8":0.123788,"9":0.17684,"10":0.181261,"11":0.190103,"12":0.366943,"13":0.296207,"14":0.247576,"15":0.260839,"16":0.296207,"17":0.243155,"18":0.13263,"19":0.225471,"20":0.287365,"21":0.278523,"22":0.092841,"23":0.150314,"24":0.274102,"25":0.154735,"26":0.194524,"27":0.167998,"28":0.260839,"29":0.658729,"30":1.299774,"31":1.034514,"32":11.932279,"33":3.077016,"34":0.689676,"35":0.026526,"36":0.013263},"opera":{"9":null,"9.5-9.6":null,"10.0-10.1":0.013263,"10.5":null,"10.6":null,"11":0.008842,"11.1":null,"11.5":0.008842,"11.6":0.048631,"12":0.008842,"12.1":0.066315,"15":0.013263,"16":0.017684,"17":0.04421,"18":0.013263,"19":0.004421,"20":0.026526,"21":0.008842,"22":0.008842,"23":0.008842,"24":0.287365,"25":0.216629,"26":null,"27":null},"safari":{"3.1":null,"3.2":null,"4":0.013263,"5":0.039789,"5.1":0.159156,"6":0.123788,"6.1":0.114946,"7":0.243155,"7.1":0.114946,"8":0.035368},"android":{"2.1":0,"2.2":0.00768842226255,"2.3":0.176833712039,"3":0.00576631669691,"4":0.390187429825,"4.1":1.14813772454,"4.2-4.3":1.72028448125,"4.4":2.19055964297,"4.4.3-4.4.4":0.715023270417,"37":0},"ios_saf":{"3.2":0,"4.0-4.1":0,"4.2-4.3":0,"5.0-5.1":0.0083685,"6.0-6.1":0.0375387,"7.0-7.1":0.51920565,"8":0.45632235,"8.1":0.1668918},"op_mob":{"10":0,"11":0,"11.1":0,"11.5":0,"12":0.0998197215909,"12.1":0.449188747159,"0":null},"ie":{"5.5":null,"6":0.053441451876,"7":0.017813817292,"8":1.48745374388,"9":0.636843968189,"10":0.970853042414,"11":2.26680825041},"bb":{"7":0.044632,"10":null},"and_ff":{"0":0.16737},"ie_mob":{"10":0.70105714},"and_uc":{"0":3.107503},"op_mini":{"5.0-8.0":34.5875335312},"and_chr":{"0":2.722233}},"total":93.1058514141}