{"id":"UG","name":"Uganda","month":"2020-08","access_date":"2020-09-15","data":{"firefox":{"2":0,"3":0,"3.5":0,"3.6":0,"4":0,"5":0.00434,"6":0.00434,"7":0,"8":0,"9":0,"10":0,"11":0,"12":0,"13":0.00434,"14":0,"15":0,"16":0.00434,"17":0,"18":0,"19":0,"20":0,"21":0.00434,"22":0.00434,"23":0.00434,"24":0,"25":0,"26":0,"27":0.00434,"28":0.00434,"29":0,"30":0.00434,"31":0,"32":0.00434,"33":0.00434,"34":0,"35":0,"36":0,"37":0,"38":0.00868,"39":0.00434,"40":0.00434,"41":0.00434,"42":0.00434,"43":0.00868,"44":0.00434,"45":0.00434,"46":0.00434,"47":0.0217,"48":0.0217,"49":0.01302,"50":0.00868,"51":0,"52":0.07376,"53":0,"54":0.00434,"55":0.00868,"56":0.01302,"57":0.00434,"58":0.00868,"59":0.00434,"60":0.00434,"61":0.01302,"62":0.00434,"63":0.00434,"64":0.00868,"65":0.00434,"66":0.00868,"67":0.00868,"68":0.10848,"69":0.00868,"70":0.00868,"71":0.00868,"72":0.08244,"73":0.00868,"74":0.00868,"75":0.00868,"76":0.0217,"77":0.03905,"78":0.22997,"79":2.21723,"80":0.57275,"81":0.04339,"82":0},"chrome":{"4":0,"5":0,"6":0,"7":0,"8":0,"9":0,"10":0,"11":0,"12":0,"13":0,"14":0,"15":0,"16":0,"17":0,"18":0,"19":0.00868,"20":0,"21":0,"22":0,"23":0,"24":0,"25":0,"26":0,"27":0,"28":0,"29":0,"30":0,"31":0,"32":0,"33":0.00868,"34":0,"35":0,"36":0,"37":0,"38":0.00434,"39":0,"40":0.00868,"41":0,"42":0,"43":0.00434,"44":0,"45":0,"46":0,"47":0.00868,"48":0,"49":0.04339,"50":0.00434,"51":0,"52":0,"53":0,"54":0,"55":0.00434,"56":0.00868,"57":0.00434,"58":0.00434,"59":0,"60":0,"61":0,"62":0.00868,"63":0.03905,"64":0.02603,"65":0.01736,"66":0,"67":0.00434,"68":0.00434,"69":0.00868,"70":0.03471,"71":0.01736,"72":0.0217,"73":0.00868,"74":0.06075,"75":0.03037,"76":0.04339,"77":0.0217,"78":0.06942,"79":0.11281,"80":0.1779,"81":0.09112,"83":0.26034,"84":9.30282,"85":0.30373,"86":0.01302,"87":0,"88":0},"opera":{"9":0,"9.5-9.6":0,"10.0-10.1":0,"10.5":0,"10.6":0,"11":0,"11.1":0,"11.5":0,"11.6":0,"12":0,"12.1":0.07376,"15":0,"16":0.00434,"17":0,"18":0,"19":0,"20":0.01302,"21":0,"22":0,"23":0.00868,"24":0.01302,"25":0,"26":0.00868,"27":0.00868,"28":0.00868,"29":0,"30":0.00868,"31":0.00434,"32":0.0217,"33":0.00868,"34":0,"35":0,"36":0,"37":0.00434,"38":0.02603,"39":0,"40":0,"41":0,"42":0.01302,"43":0.00434,"44":0.00434,"45":0.01302,"46":0.06509,"47":0.08244,"48":0,"49":0,"50":0.58143,"51":0.14753,"52":0,"53":0.01302,"54":0.01302,"55":0,"56":0.01302,"57":0.01736,"58":0,"60":0.03471,"62":0,"63":0.00434,"64":0.00434,"65":0,"66":0,"67":0.00868,"68":0.05641,"69":0.42956,"70":0.48163},"ios_saf":{"3.2":0,"4.0-4.1":0,"4.2-4.3":0,"5.0-5.1":0.00502,"6.0-6.1":0.00167,"7.0-7.1":0.0067,"8":0,"8.1-8.4":0.0134,"9.0-9.2":0.00837,"9.3":0.09378,"10.0-10.2":0.02679,"10.3":0.12559,"11.0-11.2":0.09545,"11.3-11.4":0.13229,"12.0-12.1":0.21267,"12.2-12.4":1.20569,"13.0-13.1":0.20597,"13.2":0.10382,"13.3":0.92771,"13.4-13.7":1.31454,"14.0":null},"safari":{"3.1":0,"3.2":0,"4":0,"5":0,"5.1":0.00868,"6":0,"6.1":0,"7":0,"7.1":0,"8":0.00434,"9":0,"9.1":0.01302,"10":0.00868,"10.1":0.00434,"11":0.03037,"11.1":0.0217,"12":0.03471,"12.1":0.0781,"13":0.04773,"13.1":0.32109,"14":0.00434,"0":null},"edge":{"12":0.03037,"13":0.01736,"14":0.01302,"15":0.02603,"16":0.03471,"17":0.03037,"18":0.21261,"79":0,"80":0,"81":0.01302,"83":0.01736,"84":0.46427,"85":0.0217},"android":{"2.1":0,"2.2":0,"2.3":0.00201,"3":0,"4":0.02616,"4.1":0.07847,"4.2-4.3":0.04829,"4.4":0,"4.4.3-4.4.4":0.28772,"81":null},"samsung":{"4":0.19247,"5.0-5.4":0.04052,"6.2-6.4":0.01013,"7.2-7.4":0.11143,"8.2":0.01013,"9.2":0.17221,"10.1":0.19247,"11.1-11.2":0.22286,"12.0":0.58755},"op_mob":{"10":null,"11":null,"11.1":null,"11.5":null,"12":null,"12.1":null,"0":null},"ie":{"5.5":0,"6":0,"7":0,"8":0.02603,"9":0,"10":0,"11":0.18224},"bb":{"7":0,"10":0.04529},"ie_mob":{"10":0,"11":0},"and_chr":{"0":52.64172},"kaios":{"2.5":0.16983},"baidu":{"0":null},"and_ff":{"0":0.18115},"and_qq":{"10.4":0.11322},"and_uc":{"0":1.34732},"op_mini":{"0":13.16822}},"total":92.49147}