{"id":"UG","name":"Uganda","month":"2016-03","access_date":"2016-04-02","data":{"firefox":{"2":0.002619,"3":0.057618,"3.5":0.010476,"3.6":0.05238,"4":0.039285,"5":0.018333,"6":0.023571,"7":0.044523,"8":0.054999,"9":0.070713,"10":0.089046,"11":0.049761,"12":0.086427,"13":0.068094,"14":0.065475,"15":0.068094,"16":0.07857,"17":0.099522,"18":0.065475,"19":0.05238,"20":0.091665,"21":0.086427,"22":0.039285,"23":0.044523,"24":0.07857,"25":0.049761,"26":0.083808,"27":0.031428,"28":0.039285,"29":0.117855,"30":0.154521,"31":0.13095,"32":0.065475,"33":0.128331,"34":0.081189,"35":0.13095,"36":0.089046,"37":0.151902,"38":0.212139,"39":0.167616,"40":0.175473,"41":0.264519,"42":0.225234,"43":1.246644,"44":4.05945,"45":2.438289,"46":0.615465,"47":0.007857,"48":0.005238},"chrome":{"4":0,"5":0.007857,"6":0,"7":0.005238,"8":0.002619,"9":0.002619,"10":0.005238,"11":0.057618,"12":0.002619,"13":0.002619,"14":0,"15":0,"16":0.002619,"17":0,"18":0.002619,"19":0.002619,"20":0.005238,"21":0.005238,"22":0.002619,"23":0.002619,"24":0.005238,"25":0.005238,"26":0.007857,"27":0.002619,"28":0.013095,"29":0.007857,"30":0.007857,"31":0.047142,"32":0.005238,"33":0.023571,"34":0.007857,"35":0.013095,"36":0.020952,"37":0.007857,"38":0.010476,"39":0.020952,"40":0.028809,"41":0.020952,"42":0.036666,"43":0.120474,"44":0.086427,"45":0.151902,"46":0.065475,"47":0.13095,"48":3.643029,"49":4.258494,"50":0.049761,"51":0.036666,"52":0},"opera":{"9":0,"9.5-9.6":0.002619,"10.0-10.1":0.013095,"10.5":0,"10.6":0.002619,"11":0.010476,"11.1":0.002619,"11.5":0.002619,"11.6":0.013095,"12":0.002619,"12.1":0.057618,"15":0,"16":0.005238,"17":0.005238,"18":0.002619,"19":0,"20":0.005238,"21":0.002619,"22":0.002619,"23":0,"24":0.002619,"25":0,"26":0,"27":0,"28":0.005238,"29":0.010476,"30":0.023571,"31":0.002619,"32":0.010476,"33":0.023571,"34":0.094284,"35":0.390231,"36":0.20952,"37":0,"38":0},"safari":{"3.1":0,"3.2":0,"4":0.002619,"5":0.010476,"5.1":0.02619,"6":0.005238,"6.1":0.013095,"7":0.013095,"7.1":0.010476,"8":0.065475,"9":0.178092,"9.1":0.010476,"0":null},"android":{"2.1":0,"2.2":0,"2.3":0.0225260057609,"3":0,"4":0.128398232837,"4.1":0.435878211474,"4.2-4.3":0.982133851176,"4.4":2.03409832021,"4.4.3-4.4.4":1.08913237854,"47":null},"ios_saf":{"3.2":0,"4.0-4.1":0,"4.2-4.3":0,"5.0-5.1":0,"6.0-6.1":0.00301552646493,"7.0-7.1":0.0364096899099,"8":0.00234540947273,"8.1-8.4":0.0975020223662,"9.0-9.2":0.771974775023,"9.3":0.192323576763},"op_mob":{"10":0,"11":0,"11.1":0,"11.5":0,"12":0,"12.1":0.00411079856815,"0":0.15621034559},"ie":{"5.5":0,"6":0.0131689830508,"7":0.00263379661017,"8":0.294985220339,"9":0.242309288136,"10":0.226506508475,"11":1.08249040678},"ie_mob":{"10":0.2080519375,"11":1.0024320625},"edge":{"12":0.115236,"13":0.099522,"14":0},"bb":{"7":0.05720275,"10":null},"and_uc":{"0":6.945521},"op_mini":{"5.0-8.0":52.6654958558},"and_chr":{"0":6.187405},"and_ff":{"0":0.059048}},"total":97.4536149534}