{"id":"UG","name":"Uganda","month":"2019-01","access_date":"2019-02-03","data":{"chrome":{"4":0,"5":0.004492,"6":0,"7":0,"8":0,"9":0,"10":0,"11":0.008984,"12":0,"13":0.004492,"14":0.004492,"15":0,"16":0,"17":0,"18":0,"19":0.031444,"20":0,"21":0,"22":0,"23":0,"24":0,"25":0.004492,"26":0.008984,"27":0,"28":0.004492,"29":0.004492,"30":0,"31":0.008984,"32":0,"33":0.004492,"34":0,"35":0,"36":0,"37":0.004492,"38":0.004492,"39":0.004492,"40":0.008984,"41":0,"42":0.004492,"43":0.017968,"44":0,"45":0,"46":0.004492,"47":0.004492,"48":0.004492,"49":0.121284,"50":0.013476,"51":0.004492,"52":0.004492,"53":0.004492,"54":0.004492,"55":0.004492,"56":0.017968,"57":0.004492,"58":0.053904,"59":0.008984,"60":0.04492,"61":0.004492,"62":0.026952,"63":0.040428,"64":0.02246,"65":0.06738,"66":0.049412,"67":0.17968,"68":0.08984,"69":0.071872,"70":0.274012,"71":8.382072,"72":0.06738,"73":0.008984,"74":0,"75":0},"firefox":{"2":0,"3":0.004492,"3.5":0,"3.6":0.004492,"4":0.004492,"5":0.008984,"6":0.004492,"7":0,"8":0,"9":0,"10":0,"11":0.035936,"12":0,"13":0.004492,"14":0.008984,"15":0.013476,"16":0,"17":0.004492,"18":0,"19":0.004492,"20":0.004492,"21":0.004492,"22":0.004492,"23":0.004492,"24":0.008984,"25":0.004492,"26":0.004492,"27":0.004492,"28":0.004492,"29":0.004492,"30":0.004492,"31":0.004492,"32":0.004492,"33":0,"34":0.004492,"35":0.008984,"36":0.004492,"37":0.031444,"38":0.013476,"39":0.008984,"40":0.013476,"41":0.008984,"42":0.004492,"43":0.04492,"44":0.035936,"45":0.02246,"46":0.008984,"47":0.076364,"48":0.071872,"49":0.035936,"50":0.049412,"51":0.013476,"52":0.152728,"53":0.004492,"54":0.035936,"55":0.02246,"56":0.035936,"57":0.1123,"58":0.026952,"59":0.02246,"60":0.107808,"61":0.049412,"62":0.085348,"63":0.139252,"64":2.982688,"65":0.548024,"66":0.02246,"67":0},"opera":{"9":0,"9.5-9.6":0,"10.0-10.1":0,"10.5":0,"10.6":0,"11":0,"11.1":0,"11.5":0,"11.6":0,"12":0.004492,"12.1":0.15722,"15":0.004492,"16":0.013476,"17":0,"18":0.004492,"19":0.008984,"20":0.04492,"21":0.004492,"22":0.004492,"23":0.06738,"24":0.004492,"25":0,"26":0,"27":0,"28":0.017968,"29":0.004492,"30":0.017968,"31":0,"32":0.013476,"33":0.008984,"34":0.004492,"35":0.004492,"36":0.004492,"37":0.008984,"38":0.24706,"39":0,"40":0,"41":0,"42":0.004492,"43":0,"44":0,"45":0.013476,"46":0,"47":0.004492,"48":0.004492,"49":0.049412,"50":0.004492,"51":0,"52":0,"53":0,"54":0.004492,"55":0,"56":0.02246,"57":0.714228},"safari":{"3.1":0,"3.2":0,"4":0,"5":0.004492,"5.1":0,"6":0,"6.1":0,"7":0,"7.1":0,"8":0.004492,"9":0.004492,"9.1":0.017968,"10":0.026952,"10.1":0.040428,"11":0.031444,"11.1":0.062888,"12":0.197648,"0":null},"ios_saf":{"3.2":0.0024110245269797,"4.0-4.1":0.0013777283011312,"4.2-4.3":0.00068886415056562,"5.0-5.1":0.0037887528281109,"6.0-6.1":0.0024110245269797,"7.0-7.1":0.0075775056562218,"8":0.090241203724096,"8.1-8.4":0.016532739613575,"9.0-9.2":0.016532739613575,"9.3":0.075430624486936,"10.0-10.2":0.049598218840725,"10.3":0.10298519050956,"11.0-11.2":0.13811726218841,"11.3-11.4":0.34098775452998,"12.0-12.1":2.5918513665032},"android":{"2.1":0.015775964636542,"2.2":0.049581603143418,"2.3":0.024790801571709,"3":0.0022537092337917,"4":0.30199703732809,"4.1":0.22537092337917,"4.2-4.3":0.58371069155206,"4.4":0,"4.4.3-4.4.4":1.0907952691552,"67":null},"op_mob":{"10":null,"11":null,"11.1":null,"11.5":null,"12":null,"12.1":null,"0":null},"ie":{"5.5":0,"6":0,"7":0.0045875744680851,"8":0.050463319148936,"9":0.013762723404255,"10":0.027525446808511,"11":0.33489293617021},"edge":{"12":0.080856,"13":0.049412,"14":0.080856,"15":0.035936,"16":0.071872,"17":0.440216,"18":null},"samsung":{"4":0.55139438848921,"5.0-5.4":0.050126762589928,"6.2-6.4":0.060152115107914,"7.2-7.4":null,"8.2":null},"ie_mob":{"10":0.07038,"11":0.56304},"bb":{"7":0.016524,"10":0.066096},"baidu":{"0":null},"and_ff":{"0":0.236844},"and_uc":{"0":4.450464},"and_qq":{"1.2":null},"op_mini":{"0":21.207853670103},"and_chr":{"0":33.253344}},"total":84.00442693629}