{"id":"US","name":"United States","month":"2019-12","access_date":"2020-01-03","data":{"chrome":{"4":0,"5":0,"6":0,"7":0,"8":0,"9":0,"10":0,"11":0,"12":0,"13":0,"14":0,"15":0,"16":0,"17":0,"18":0,"19":0,"20":0,"21":0,"22":0,"23":0,"24":0,"25":0,"26":0,"27":0,"28":0,"29":0,"30":0,"31":0,"32":0,"33":0,"34":0,"35":0.004352,"36":0,"37":0.004352,"38":0.004352,"39":0,"40":0.008704,"41":0.004352,"42":0,"43":0.004352,"44":0,"45":0,"46":0,"47":0.004352,"48":0.026112,"49":0.182784,"50":0.004352,"51":0.004352,"52":0,"53":0.004352,"54":0.004352,"55":0.004352,"56":0.026112,"57":0.095744,"58":0.008704,"59":0.008704,"60":0.02176,"61":0.013056,"62":0.008704,"63":0.04352,"64":0.008704,"65":0.034816,"66":0.017408,"67":0.034816,"68":0.069632,"69":0.034816,"70":0.052224,"71":0.069632,"72":0.091392,"73":0.06528,"74":0.134912,"75":0.208896,"76":0.204544,"77":0.28288,"78":5.531392,"79":3.52512,"80":0.017408,"81":0.013056},"firefox":{"2":0,"3":0,"3.5":0,"3.6":0,"4":0,"5":0,"6":0,"7":0,"8":0,"9":0,"10":0,"11":0.004352,"12":0,"13":0,"14":0,"15":0,"16":0,"17":0,"18":0,"19":0,"20":0,"21":0.030464,"22":0,"23":0,"24":0,"25":0,"26":0,"27":0,"28":0,"29":0,"30":0.004352,"31":0.004352,"32":0.004352,"33":0,"34":0,"35":0,"36":0,"37":0,"38":0.004352,"39":0,"40":0,"41":0,"42":0,"43":0.004352,"44":0.008704,"45":0.008704,"46":0,"47":0.008704,"48":0.013056,"49":0,"50":0.004352,"51":0.004352,"52":0.039168,"53":0.004352,"54":0.013056,"55":0.004352,"56":0.004352,"57":0.008704,"58":0.004352,"59":0.004352,"60":0.017408,"61":0.008704,"62":0.004352,"63":0.008704,"64":0.008704,"65":0.013056,"66":0.013056,"67":0.013056,"68":0.169728,"69":0.034816,"70":0.295936,"71":0.905216,"72":0.004352,"73":0},"opera":{"9":0,"9.5-9.6":0,"10.0-10.1":0,"10.5":0,"10.6":0,"11":0,"11.1":0,"11.5":0,"11.6":0,"12":0,"12.1":0.004352,"15":0,"16":0,"17":0,"18":0,"19":0,"20":0,"21":0,"22":0,"23":0,"24":0,"25":0,"26":0,"27":0,"28":0,"29":0,"30":0,"31":0,"32":0,"33":0,"34":0,"35":0,"36":0,"37":0,"38":0,"39":0,"40":0,"41":0,"42":0,"43":0,"44":0,"45":0.004352,"46":0.004352,"47":0,"48":0,"49":0,"50":0,"51":0,"52":0,"53":0,"54":0,"55":0.004352,"56":0.004352,"57":0.004352,"58":0.004352,"60":0,"62":0,"63":0,"64":0.008704},"safari":{"3.1":0,"3.2":0,"4":0,"5":0,"5.1":0.082688,"6":0,"6.1":0,"7":0,"7.1":0,"8":0.026112,"9":0.008704,"9.1":0.039168,"10":0.008704,"10.1":0.060928,"11":0.02176,"11.1":0.126208,"12":0.06528,"12.1":0.248064,"13":1.788672,"0":null},"ios_saf":{"3.2":0.017545677767777,"4.0-4.1":0.0087728388838884,"4.2-4.3":0,"5.0-5.1":0.026318516651665,"6.0-6.1":0.0087728388838884,"7.0-7.1":0.030704936093609,"8":0.0043864194419442,"8.1-8.4":0.057023452745275,"9.0-9.2":0.05263703330333,"9.3":0.55707526912691,"10.0-10.2":0.19300245544554,"10.3":0.62287156075608,"11.0-11.2":0.5263703330333,"11.3-11.4":0.93869376057606,"12.0-12.1":1.3422443492349,"12.2-12.4":9.5009845112511,"13.0-13.1":13.795289144914,"13.2":6.2813526408641,"13.3":9.8957622610261},"android":{"2.1":0,"2.2":0.0011804694835681,"2.3":0.0011804694835681,"3":0.0017707042253521,"4":0.0076730516431925,"4.1":0.013575399061033,"4.2-4.3":0.29688807511737,"4.4":0,"4.4.3-4.4.4":0.18061183098592,"76":null},"samsung":{"4":0.053029453376206,"5.0-5.4":0.021211781350482,"6.2-6.4":0.010605890675241,"7.2-7.4":0.053029453376206,"8.2":0.021211781350482,"9.2":0.24393548553055,"10.1":2.7787433569132},"edge":{"12":0.004352,"13":0.004352,"14":0.013056,"15":0.013056,"16":0.026112,"17":0.078336,"18":1.45792,"76":null},"op_mob":{"10":null,"11":null,"11.1":null,"11.5":null,"12":null,"12.1":null,"0":null},"ie":{"5.5":0,"6":0.0044073220338983,"7":0.0044073220338983,"8":0.048480542372881,"9":0.039665898305085,"10":0.013221966101695,"11":0.92994494915254},"ie_mob":{"10":0,"11":0.016944},"bb":{"7":0,"10":0.005648},"and_chr":{"0":31.788048},"baidu":{"0":null},"and_ff":{"0":0.39536},"and_uc":{"0":0.208976},"kaios":{"2.5":0.005648},"and_qq":{"1.2":0.022592},"op_mini":{"0":0.12298471477663}},"total":97.836351917349}