{"id":"US","name":"United States","month":"2019-07","access_date":"2019-08-05","data":{"chrome":{"4":0,"5":0,"6":0,"7":0,"8":0,"9":0,"10":0,"11":0,"12":0,"13":0,"14":0,"15":0,"16":0,"17":0,"18":0,"19":0,"20":0,"21":0,"22":0,"23":0,"24":0,"25":0,"26":0,"27":0,"28":0,"29":0.020784,"30":0,"31":0.020784,"32":0.020784,"33":0.005196,"34":0.005196,"35":0.005196,"36":0,"37":0.005196,"38":0.005196,"39":0,"40":0.041568,"41":0.05196,"42":0,"43":0.005196,"44":0,"45":0.005196,"46":0.005196,"47":0.005196,"48":0.031176,"49":0.145488,"50":0.015588,"51":0.005196,"52":0.083136,"53":0.005196,"54":0.010392,"55":0.015588,"56":0.046764,"57":0.057156,"58":0.02598,"59":0.020784,"60":0.062352,"61":0.332544,"62":0.020784,"63":0.072744,"64":0.02598,"65":0.072744,"66":0.041568,"67":0.062352,"68":0.072744,"69":0.114312,"70":0.228624,"71":0.3897,"72":0.202644,"73":0.348132,"74":0.717048,"75":10.994736,"76":0.046764,"77":0.02598,"78":0,"79":0},"firefox":{"2":0,"3":0,"3.5":0,"3.6":0,"4":0,"5":0,"6":0,"7":0,"8":0,"9":0,"10":0,"11":0.005196,"12":0,"13":0,"14":0,"15":0,"16":0,"17":0.020784,"18":0,"19":0,"20":0,"21":0,"22":0,"23":0,"24":0,"25":0,"26":0,"27":0.005196,"28":0,"29":0,"30":0,"31":0.005196,"32":0.005196,"33":0,"34":0,"35":0,"36":0,"37":0,"38":0.005196,"39":0,"40":0,"41":0,"42":0,"43":0.005196,"44":0.010392,"45":0.005196,"46":0,"47":0.005196,"48":0.031176,"49":0,"50":0.010392,"51":0.005196,"52":0.067548,"53":0.005196,"54":0.015588,"55":0.010392,"56":0.015588,"57":0.005196,"58":0.010392,"59":0.005196,"60":0.114312,"61":0.010392,"62":0.005196,"63":0.010392,"64":0.015588,"65":0.020784,"66":0.05196,"67":0.717048,"68":0.98724,"69":0.010392,"70":0},"opera":{"9":0,"9.5-9.6":0,"10.0-10.1":0,"10.5":0,"10.6":0,"11":0,"11.1":0,"11.5":0,"11.6":0,"12":0,"12.1":0.005196,"15":0,"16":0,"17":0,"18":0,"19":0,"20":0,"21":0,"22":0,"23":0,"24":0,"25":0,"26":0,"27":0,"28":0,"29":0,"30":0,"31":0,"32":0,"33":0,"34":0,"35":0,"36":0,"37":0,"38":0,"39":0,"40":0,"41":0,"42":0,"43":0,"44":0,"45":0,"46":0,"47":0,"48":0,"49":0,"50":0,"51":0,"52":0,"53":0.015588,"54":0,"55":0,"56":0.005196,"57":0.005196,"58":0.005196,"60":0.067548,"62":0.109116},"safari":{"3.1":0,"3.2":0,"4":0,"5":0.005196,"5.1":0.05196,"6":0,"6.1":0.005196,"7":0.005196,"7.1":0,"8":0.020784,"9":0.015588,"9.1":0.036372,"10":0.020784,"10.1":0.10392,"11":0.031176,"11.1":0.192252,"12":0.187056,"12.1":1.335372,"13":0.020784,"0":null},"ios_saf":{"3.2":0,"4.0-4.1":0,"4.2-4.3":0,"5.0-5.1":0.041260996276542,"6.0-6.1":0.016504398510617,"7.0-7.1":0.057765394787159,"8":0,"8.1-8.4":0.082521992553084,"9.0-9.2":0.070143693670122,"9.3":0.69318473744591,"10.0-10.2":0.2888269739358,"10.3":0.75920233148838,"11.0-11.2":0.83759822441381,"11.3-11.4":1.6050527551575,"12.0-12.1":3.2637448054745,"12.2-12.3":33.285245696287,"13":null},"android":{"2.1":0,"2.2":0,"2.3":0.0029849203539823,"3":0.0097009911504425,"4":0.047012495575221,"4.1":0.073130548672566,"4.2-4.3":0.29774580530973,"4.4":0,"4.4.3-4.4.4":0.32834123893805,"67":null},"ie":{"5.5":0,"6":0.010457358490566,"7":0,"8":0.094116226415094,"9":0.58038339622642,"10":0.026143396226415,"11":1.7829796226415},"edge":{"12":0.005196,"13":0.010392,"14":0.02598,"15":0.02598,"16":0.057156,"17":0.815772,"18":1.387332,"76":null},"op_mob":{"10":null,"11":null,"11.1":null,"11.5":null,"12":null,"12.1":null,"0":null},"samsung":{"4":0.13099939784946,"5.0-5.4":0.032749849462366,"6.2-6.4":0.032749849462366,"7.2-7.4":0.10916616487455,"8.2":0.065499698924731,"9.2":2.6745710394265},"ie_mob":{"10":0,"11":0.019216},"bb":{"7":0,"10":0.019216},"kaios":{"2.5":0.004804},"baidu":{"0":null},"and_ff":{"0":0.259416},"and_uc":{"0":0.331476},"and_qq":{"1.2":0.019216},"op_mini":{"0":0.1500878556701},"and_chr":{"0":28.401044}},"total":97.77148785567}