{"id":"US","name":"United States of America","month":"2014-07","access_date":"2014-08-01","data":{"chrome":{"4":null,"5":null,"6":null,"7":null,"8":null,"9":null,"10":0.015138,"11":0.098397,"12":0.015138,"13":0.007569,"14":0.015138,"15":null,"16":0.007569,"17":0.007569,"18":0.045414,"19":0.022707,"20":0.015138,"21":0.22707,"22":0.181656,"23":0.030276,"24":0.060552,"25":0.030276,"26":0.113535,"27":1.407834,"28":0.143811,"29":0.242208,"30":0.105966,"31":0.469278,"32":0.363312,"33":0.461709,"34":0.52983,"35":14.290272,"36":7.319223,"37":0.07569,"38":0.045414,"39":null},"firefox":{"2":0.007569,"3":0.143811,"3.5":0.007569,"3.6":0.121104,"4":0.015138,"5":0.007569,"6":0.045414,"7":0.007569,"8":0.007569,"9":0.015138,"10":0.030276,"11":0.022707,"12":0.052983,"13":0.022707,"14":0.022707,"15":0.037845,"16":0.083259,"17":0.052983,"18":0.045414,"19":0.052983,"20":0.045414,"21":0.696348,"22":0.136242,"23":0.068121,"24":0.211932,"25":0.068121,"26":0.105966,"27":0.128673,"28":0.136242,"29":0.280053,"30":8.272917,"31":0.855297,"32":0.022707,"33":0.007569,"34":null},"opera":{"9":null,"9.5-9.6":0.022707,"10.0-10.1":0.037845,"10.5":null,"10.6":null,"11":null,"11.1":0.007569,"11.5":0.015138,"11.6":0.007569,"12":0.015138,"12.1":0.219501,"15":null,"16":null,"17":null,"18":null,"19":null,"20":null,"21":null,"22":0.128673,"23":0.037845,"24":null},"safari":{"3.1":null,"3.2":null,"4":0.272484,"5":0.325467,"5.1":1.203471,"6":0.597951,"6.1":1.067229,"7":3.035169,"8":0.015138},"android":{"2.1":0.0129063559322,"2.2":0.0301148305085,"2.3":0.580786016949,"3":0,"4":0.490441525424,"4.1":1.19598898305,"4.2-4.3":1.23470805085,"4.4":0.770079237288,"4.4.3":null},"op_mob":{"10":0,"11":0,"11.1":0,"11.5":0,"12":0.000539705263158,"12.1":0.00242867368421,"0":null},"ie":{"5.5":null,"6":0.805707,"7":0.2055375,"8":8.073513,"9":4.9246785,"10":5.0891085,"11":10.457748},"ios_saf":{"3.2":0.0121987142857,"4.0-4.1":0.0243974285714,"4.2-4.3":0.0731922857143,"5.0-5.1":0.341564,"6.0-6.1":1.34185857143,"7.0-7.1":10.417702,"8":0},"bb":{"7":0.07839975,"10":null},"and_ff":{"0":0.109395},"ie_mob":{"10":0.27878708},"op_mini":{"5.0-7.0":0.208528621053},"and_chr":{"0":6.104241}},"total":98.05904933}