{"id":"US","name":"United States","month":"2019-09","access_date":"2019-10-06","data":{"chrome":{"4":0,"5":0,"6":0,"7":0,"8":0,"9":0,"10":0,"11":0,"12":0,"13":0,"14":0,"15":0,"16":0,"17":0,"18":0,"19":0,"20":0,"21":0,"22":0,"23":0,"24":0,"25":0,"26":0,"27":0,"28":0,"29":0,"30":0,"31":0,"32":0,"33":0.005158,"34":0.005158,"35":0.005158,"36":0,"37":0.005158,"38":0.005158,"39":0,"40":0.036106,"41":0.030948,"42":0,"43":0.005158,"44":0,"45":0,"46":0.005158,"47":0.005158,"48":0.030948,"49":0.170214,"50":0.005158,"51":0.005158,"52":0.005158,"53":0.005158,"54":0.010316,"55":0.010316,"56":0.02579,"57":0.098002,"58":0.015474,"59":0.015474,"60":0.046422,"61":0.134108,"62":0.02579,"63":0.061896,"64":0.030948,"65":0.061896,"66":0.041264,"67":0.061896,"68":0.087686,"69":0.082528,"70":0.113476,"71":0.144424,"72":0.304322,"73":0.319796,"74":0.531274,"75":0.804648,"76":9.470088,"77":2.615106,"78":0.020632,"79":0.015474,"80":0},"firefox":{"2":0,"3":0,"3.5":0,"3.6":0,"4":0,"5":0,"6":0,"7":0,"8":0,"9":0,"10":0,"11":0.005158,"12":0,"13":0,"14":0,"15":0,"16":0.005158,"17":0.020632,"18":0,"19":0.02579,"20":0,"21":0.005158,"22":0.005158,"23":0,"24":0,"25":0.005158,"26":0.005158,"27":0,"28":0.005158,"29":0.005158,"30":0.005158,"31":0.010316,"32":0.005158,"33":0,"34":0,"35":0,"36":0,"37":0,"38":0.005158,"39":0,"40":0,"41":0,"42":0,"43":0.005158,"44":0.010316,"45":0.020632,"46":0,"47":0.010316,"48":0.020632,"49":0,"50":0.010316,"51":0.005158,"52":0.05158,"53":0.005158,"54":0.015474,"55":0.010316,"56":0.015474,"57":0.005158,"58":0.005158,"59":0.005158,"60":0.082528,"61":0.010316,"62":0.005158,"63":0.010316,"64":0.010316,"65":0.015474,"66":0.02579,"67":0.030948,"68":0.495168,"69":1.176024,"70":0.010316,"71":0},"opera":{"9":0,"9.5-9.6":0,"10.0-10.1":0,"10.5":0,"10.6":0,"11":0,"11.1":0,"11.5":0,"11.6":0,"12":0,"12.1":0.005158,"15":0,"16":0,"17":0,"18":0,"19":0,"20":0,"21":0,"22":0,"23":0,"24":0,"25":0,"26":0,"27":0,"28":0,"29":0,"30":0,"31":0,"32":0,"33":0,"34":0,"35":0,"36":0,"37":0,"38":0,"39":0,"40":0,"41":0,"42":0,"43":0,"44":0,"45":0,"46":0,"47":0,"48":0,"49":0,"50":0,"51":0,"52":0,"53":0.015474,"54":0,"55":0,"56":0.005158,"57":0.005158,"58":0.005158,"60":0.005158,"62":0.030948},"safari":{"3.1":0,"3.2":0,"4":0,"5":0.005158,"5.1":0.175372,"6":0,"6.1":0.005158,"7":0,"7.1":0,"8":0.020632,"9":0.015474,"9.1":0.030948,"10":0.015474,"10.1":0.092844,"11":0.030948,"11.1":0.201162,"12":0.144424,"12.1":1.284342,"13":0.278532,"13.1":0,"0":null},"ios_saf":{"3.2":0.01649681184948,"4.0-4.1":0.0082484059247398,"4.2-4.3":0,"5.0-5.1":0.028869420736589,"6.0-6.1":0,"7.0-7.1":0.032993623698959,"8":0,"8.1-8.4":0.061863044435548,"9.0-9.2":0.070111450360288,"9.3":0.5072769643715,"10.0-10.2":0.24332797477982,"10.3":0.61450624139311,"11.0-11.2":0.66812087990392,"11.3-11.4":1.2083914679744,"12.0-12.1":2.029107857486,"12.2-12.3":32.832779783427,"13.0-13.1":2.8869420736589},"android":{"2.1":0,"2.2":0.0070096597014925,"2.3":0.0038234507462687,"3":0.0044606925373134,"4":0.024852429850746,"4.1":0.056714519402985,"4.2-4.3":0.33518918208955,"4.4":0,"4.4.3-4.4.4":0.20837806567164,"76":null},"samsung":{"4":0.098329846153846,"5.0-5.4":0.032776615384615,"6.2-6.4":0.021851076923077,"7.2-7.4":0.065553230769231,"8.2":0.032776615384615,"9.2":1.3001390769231,"10.1":1.0051495384615},"edge":{"12":0.005158,"13":0.010316,"14":0.020632,"15":0.020632,"16":0.05158,"17":0.33527,"18":1.655718,"76":null},"op_mob":{"10":null,"11":null,"11.1":null,"11.5":null,"12":null,"12.1":null,"0":null},"ie":{"5.5":0,"6":0.010403920454545,"7":0,"8":0.078029403409091,"9":0.0572215625,"10":0.020807840909091,"11":1.6646272727273},"ie_mob":{"10":0,"11":0.019368},"bb":{"7":0,"10":0.009684},"and_chr":{"0":28.815978},"baidu":{"0":null},"and_ff":{"0":0.29052},"and_uc":{"0":0.309888},"and_qq":{"1.2":0.014526},"kaios":{"2.5":0.004842},"op_mini":{"0":0.14210687628866}},"total":97.977020876289}