{"id":"UY","name":"Uruguay","month":"2019-09","access_date":"2019-10-06","data":{"chrome":{"4":0,"5":0.050368,"6":0,"7":0,"8":0,"9":0,"10":0,"11":0,"12":0,"13":0,"14":0,"15":0,"16":0,"17":0,"18":0,"19":0,"20":0,"21":0,"22":0,"23":0,"24":0,"25":0,"26":0,"27":0,"28":0,"29":0,"30":0,"31":0,"32":0,"33":0,"34":0,"35":0,"36":0.012592,"37":0,"38":0.006296,"39":0,"40":0,"41":0.006296,"42":0,"43":0.012592,"44":0,"45":0,"46":0.012592,"47":0,"48":0.03148,"49":0.396648,"50":0,"51":0,"52":0,"53":0.006296,"54":0.006296,"55":0.012592,"56":0.012592,"57":0.018888,"58":0.025184,"59":0.012592,"60":0.006296,"61":0.509976,"62":0.044072,"63":0.025184,"64":0.012592,"65":0.03148,"66":0.018888,"67":0.050368,"68":0.03148,"69":0.06296,"70":0.081848,"71":0.163696,"72":0.163696,"73":1.309568,"74":0.151104,"75":0.352576,"76":19.92684,"77":6.787088,"78":0.03148,"79":0.006296,"80":0},"firefox":{"2":0,"3":0,"3.5":0,"3.6":0,"4":0,"5":0,"6":0,"7":0,"8":0,"9":0,"10":0,"11":0,"12":0,"13":0,"14":0,"15":0,"16":0,"17":0,"18":0,"19":0,"20":0,"21":0,"22":0,"23":0,"24":0,"25":0.018888,"26":0,"27":0,"28":0,"29":0,"30":0,"31":0,"32":0,"33":0.006296,"34":0,"35":0,"36":0,"37":0,"38":0,"39":0,"40":0.006296,"41":0,"42":0,"43":0.006296,"44":0,"45":0.012592,"46":0,"47":0.006296,"48":0.012592,"49":0.006296,"50":0.006296,"51":0.006296,"52":0.1574,"53":0.018888,"54":0.012592,"55":0.006296,"56":0.006296,"57":0.03148,"58":0,"59":0.012592,"60":0.113328,"61":0.018888,"62":0.012592,"63":0.018888,"64":0.018888,"65":0.03148,"66":0.044072,"67":0.03148,"68":0.522568,"69":1.737696,"70":0.025184,"71":0},"opera":{"9":0,"9.5-9.6":0,"10.0-10.1":0,"10.5":0,"10.6":0,"11":0,"11.1":0,"11.5":0,"11.6":0,"12":0,"12.1":0,"15":0,"16":0,"17":0,"18":0,"19":0,"20":0,"21":0,"22":0,"23":0,"24":0,"25":0,"26":0,"27":0,"28":0,"29":0,"30":0,"31":0,"32":0,"33":0,"34":0,"35":0,"36":0.006296,"37":0,"38":0,"39":0,"40":0,"41":0,"42":0,"43":0,"44":0,"45":0,"46":0,"47":0.006296,"48":0,"49":0,"50":0,"51":0,"52":0,"53":0.025184,"54":0.006296,"55":0,"56":0.012592,"57":0,"58":0,"60":0.006296,"62":0.679968},"safari":{"3.1":0,"3.2":0,"4":0,"5":0,"5.1":1.076616,"6":0,"6.1":0,"7":0,"7.1":0,"8":0.012592,"9":0,"9.1":0.006296,"10":0.012592,"10.1":0.06296,"11":0.018888,"11.1":0.12592,"12":0.151104,"12.1":0.793296,"13":0.138512,"13.1":0,"0":null},"ios_saf":{"3.2":0.003584582866293,"4.0-4.1":0.0017922914331465,"4.2-4.3":0,"5.0-5.1":0.0062730200160128,"6.0-6.1":0,"7.0-7.1":0.0071691657325861,"8":0,"8.1-8.4":0.013442185748599,"9.0-9.2":0.015234477181745,"9.3":0.11022592313851,"10.0-10.2":0.052872597277822,"10.3":0.13352571176942,"11.0-11.2":0.14517560608487,"11.3-11.4":0.26257069495596,"12.0-12.1":0.44090369255404,"12.2-12.3":7.1342160496397,"13.0-13.1":0.62730200160128},"android":{"2.1":0,"2.2":0.0022619940298507,"2.3":0.0012338149253731,"3":0.0014394507462687,"4":0.0080197970149254,"4.1":0.018301588059701,"4.2-4.3":0.10816444179104,"4.4":0,"4.4.3-4.4.4":0.067242913432836,"76":null},"samsung":{"4":0.18228408510638,"5.0-5.4":0.010126893617021,"6.2-6.4":0.040507574468085,"7.2-7.4":0.08101514893617,"8.2":0.040507574468085,"9.2":0.89116663829787,"10.1":0.65824808510638},"edge":{"12":0.018888,"13":0.006296,"14":0.006296,"15":0.037776,"16":0.018888,"17":0.327392,"18":0.358872,"76":null},"op_mob":{"10":null,"11":null,"11.1":null,"11.5":null,"12":null,"12.1":null,"0":null},"ie":{"5.5":0,"6":0,"7":0,"8":0.018888,"9":0.006296,"10":0.006296,"11":0.37776},"ie_mob":{"10":0,"11":0.16668},"bb":{"7":0,"10":0.003704},"and_chr":{"0":48.48184},"baidu":{"0":null},"and_ff":{"0":0.137048},"and_uc":{"0":0.029632},"and_qq":{"1.2":0},"kaios":{"2.5":0},"op_mini":{"0":0.13676160824742}},"total":97.645369608247}