{"id":"UY","name":"Uruguay","month":"2021-06","access_date":"2021-07-04","data":{"firefox":{"2":null,"3":null,"3.5":null,"3.6":null,"4":null,"5":null,"6":null,"7":null,"8":null,"9":null,"10":null,"11":null,"12":null,"13":null,"14":null,"15":null,"16":null,"17":null,"18":null,"19":null,"20":null,"21":null,"22":null,"23":null,"24":null,"25":null,"26":null,"27":null,"28":null,"29":null,"30":null,"31":null,"32":null,"33":null,"34":null,"35":null,"36":null,"37":null,"38":null,"39":null,"40":null,"41":null,"42":null,"43":null,"44":null,"45":0.0103,"46":null,"47":null,"48":null,"49":null,"50":0.0103,"51":0.0103,"52":0.09274,"53":null,"54":null,"55":0.0103,"56":null,"57":0.01546,"58":null,"59":null,"60":0.00515,"61":0.0103,"62":0.0103,"63":0.00515,"64":null,"65":null,"66":0.03606,"67":null,"68":0.0103,"69":0.00515,"70":null,"71":null,"72":null,"73":0.04637,"74":null,"75":null,"76":null,"77":null,"78":0.08758,"79":0.0103,"80":null,"81":0.00515,"82":null,"83":0.00515,"84":0.02576,"85":0.00515,"86":0.02061,"87":0.01546,"88":0.39155,"89":2.08141,"90":0.02061,"91":null},"chrome":{"4":null,"5":null,"6":null,"7":null,"8":null,"9":null,"10":null,"11":null,"12":null,"13":null,"14":null,"15":null,"16":null,"17":null,"18":null,"19":null,"20":null,"21":null,"22":null,"23":null,"24":null,"25":null,"26":null,"27":null,"28":null,"29":null,"30":null,"31":null,"32":null,"33":null,"34":null,"35":null,"36":0.03606,"37":null,"38":0.00515,"39":null,"40":null,"41":null,"42":null,"43":0.00515,"44":null,"45":null,"46":null,"47":0.01546,"48":0.01546,"49":0.23184,"50":null,"51":null,"52":null,"53":0.01546,"54":null,"55":0.00515,"56":null,"57":0.01546,"58":null,"59":null,"60":0.0103,"61":null,"62":0.03606,"63":0.01546,"64":null,"65":0.03091,"66":0.0103,"67":0.00515,"68":0.00515,"69":0.0103,"70":0.01546,"71":0.04122,"72":0.01546,"73":0.0103,"74":0.02576,"75":0.03606,"76":0.02576,"77":0.03091,"78":0.01546,"79":0.06698,"80":0.30397,"81":0.06698,"83":0.06182,"84":0.04122,"85":0.05667,"86":1.82381,"87":0.15971,"88":0.13395,"89":0.3864,"90":4.47709,"91":31.24173,"92":0.01546,"93":0.0103,"94":null},"opera":{"9":null,"9.5-9.6":null,"10.0-10.1":0,"10.5":null,"10.6":null,"11":null,"11.1":null,"11.5":null,"11.6":null,"12":null,"12.1":null,"15":null,"16":null,"17":null,"18":null,"19":null,"20":null,"21":null,"22":null,"23":null,"24":null,"25":null,"26":null,"27":null,"28":null,"29":null,"30":null,"31":null,"32":null,"33":null,"34":null,"35":null,"36":null,"37":null,"38":null,"39":null,"40":null,"41":null,"42":null,"43":null,"44":null,"45":null,"46":null,"47":null,"48":null,"49":null,"50":null,"51":null,"52":null,"53":null,"54":null,"55":null,"56":null,"57":null,"58":null,"60":null,"62":null,"63":null,"64":null,"65":null,"66":null,"67":null,"68":null,"69":null,"70":null,"71":0.00515,"72":null,"73":0.00515,"74":0.0103,"75":1.26739,"76":0.74704,"77":0.2473},"safari":{"3.1":null,"3.2":null,"4":0,"5":null,"5.1":0.15456,"6":null,"6.1":null,"7":null,"7.1":null,"8":null,"9":null,"9.1":null,"10":null,"10.1":0.00515,"11":null,"11.1":0.02576,"12":0.0103,"12.1":0.08243,"13":0.02576,"13.1":0.21638,"14":0.36064,"14.1":0.6337,"15":null,"0":null},"ios_saf":{"3.2":0.00261,"4.0-4.1":0,"4.2-4.3":0,"5.0-5.1":0.01889,"6.0-6.1":0.00195,"7.0-7.1":0.02215,"8":0,"8.1-8.4":0,"9.0-9.2":0,"9.3":0.03908,"10.0-10.2":0.00456,"10.3":0.04299,"11.0-11.2":0.01042,"11.3-11.4":0.02475,"12.0-12.1":0.02084,"12.2-12.4":0.07882,"13.0-13.1":0.01303,"13.2":0.00586,"13.3":0.0697,"13.4-13.7":0.25404,"14.0-14.4":2.12611,"14.5-14.7":3.25756},"edge":{"12":0.0103,"13":0.00515,"14":0.0103,"15":0.0103,"16":null,"17":0.00515,"18":0.03606,"79":null,"80":0.0103,"81":null,"83":null,"84":0.0103,"85":0.0103,"86":null,"87":null,"88":null,"89":0.02061,"90":0.06698,"91":2.40598},"samsung":{"4":0.12319,"5.0-5.4":0.01045,"6.2-6.4":0.03135,"7.2-7.4":0.16426,"8.2":0.01027,"9.2":0.07186,"10.1":0.04106,"11.1-11.2":0.19506,"12.0":0.15399,"13.0":0.27718,"14.0":1.41672},"android":{"2.1":0,"2.2":0,"2.3":0,"3":0,"4":0,"4.1":0.00667,"4.2-4.3":0.01557,"4.4":0,"4.4.3-4.4.4":0.16686,"0":0},"op_mob":{"10":null,"11":null,"11.1":null,"11.5":null,"12":null,"12.1":null,"0":null},"ie":{"5.5":null,"6":null,"7":null,"8":null,"9":null,"10":null,"11":0.2679},"ie_mob":{"10":0.42578,"11":0.03849},"bb":{"7":0,"10":0},"and_uc":{"0":0.0097},"op_mini":{"0":0.15608},"and_chr":{"0":41.37134},"kaios":{"2.5":0},"baidu":{"0":null},"and_ff":{"0":0.19396},"and_qq":{"10.4":0}},"total":100.01805}