{"id":"UZ","name":"Uzbekistan","month":"2019-12","access_date":"2020-01-03","data":{"chrome":{"4":0,"5":0,"6":0,"7":0,"8":0,"9":0,"10":0,"11":0,"12":0,"13":0,"14":0,"15":0,"16":0,"17":0,"18":0,"19":0,"20":0,"21":0,"22":0,"23":0,"24":0,"25":0,"26":0,"27":0.005578,"28":0,"29":0,"30":0,"31":0.005578,"32":0,"33":0,"34":0,"35":0.005578,"36":0.016734,"37":0,"38":0.005578,"39":0.011156,"40":0.016734,"41":0.022312,"42":0,"43":0,"44":0,"45":0,"46":0.011156,"47":0.005578,"48":0.156184,"49":0.2789,"50":0,"51":0,"52":0,"53":0.005578,"54":0,"55":0.005578,"56":0.02789,"57":0.011156,"58":0.011156,"59":0.005578,"60":0.011156,"61":0.005578,"62":0.005578,"63":0.128294,"64":0.016734,"65":0.066936,"66":0.02789,"67":0.02789,"68":0.016734,"69":0.08367,"70":0.078092,"71":0.105982,"72":0.094826,"73":0.02789,"74":0.568956,"75":0.050202,"76":0.145028,"77":0.273322,"78":10.916146,"79":10.269098,"80":0.105982,"81":0.05578},"firefox":{"2":0,"3":0,"3.5":0,"3.6":0,"4":0,"5":0,"6":0,"7":0,"8":0,"9":0,"10":0,"11":0,"12":0,"13":0,"14":0,"15":0,"16":0,"17":0,"18":0,"19":0,"20":0,"21":0,"22":0,"23":0,"24":0,"25":0,"26":0,"27":0,"28":0,"29":0,"30":0,"31":0.005578,"32":0,"33":0,"34":0,"35":0,"36":0,"37":0,"38":0,"39":0,"40":0,"41":0,"42":0,"43":0,"44":0,"45":0,"46":0,"47":0.005578,"48":0,"49":0,"50":0.005578,"51":0,"52":0.061358,"53":0,"54":0.011156,"55":0.005578,"56":0.005578,"57":0.005578,"58":0,"59":0,"60":0.005578,"61":0.005578,"62":0.005578,"63":0.011156,"64":0.005578,"65":0.005578,"66":0.02789,"67":0.022312,"68":0.078092,"69":0.039046,"70":0.267744,"71":0.814388,"72":0.022312,"73":0},"opera":{"9":0,"9.5-9.6":0,"10.0-10.1":0,"10.5":0,"10.6":0,"11":0,"11.1":0,"11.5":0,"11.6":0,"12":0,"12.1":0.105982,"15":0,"16":0,"17":0,"18":0,"19":0,"20":0,"21":0,"22":0,"23":0,"24":0,"25":0,"26":0,"27":0,"28":0,"29":0,"30":0.005578,"31":0,"32":0,"33":0,"34":0,"35":0.005578,"36":0.016734,"37":0.005578,"38":0.005578,"39":0,"40":0.005578,"41":0,"42":0.02789,"43":0.005578,"44":0.005578,"45":0.011156,"46":0.005578,"47":0.011156,"48":0.005578,"49":0.005578,"50":0.005578,"51":0.016734,"52":0.011156,"53":0.16734,"54":0.061358,"55":0.089248,"56":0.033468,"57":0.206386,"58":0.08367,"60":0.184074,"62":0.290056,"63":0.094826,"64":0.050202},"safari":{"3.1":0,"3.2":0,"4":0,"5":0,"5.1":0,"6":0,"6.1":0,"7":0,"7.1":0,"8":0,"9":0,"9.1":0.005578,"10":0,"10.1":0.005578,"11":0.005578,"11.1":0.016734,"12":0.02789,"12.1":0.05578,"13":0.312368,"0":null},"ios_saf":{"3.2":0.0024075183518352,"4.0-4.1":0.0012037591759176,"4.2-4.3":0,"5.0-5.1":0.0036112775277528,"6.0-6.1":0.0012037591759176,"7.0-7.1":0.0042131571157116,"8":0.0006018795879588,"8.1-8.4":0.0078244346434643,"9.0-9.2":0.0072225550555056,"9.3":0.076438707670767,"10.0-10.2":0.026482701870187,"10.3":0.085466901490149,"11.0-11.2":0.072225550555055,"11.3-11.4":0.12880223182318,"12.0-12.1":0.18417515391539,"12.2-12.4":1.3036711875188,"13.0-13.1":1.8929113041304,"13.2":0.861891569957,"13.3":1.357840350435},"android":{"2.1":0,"2.2":0.0022447746478873,"2.3":0.0022447746478873,"3":0.003367161971831,"4":0.014591035211268,"4.1":0.025814908450704,"4.2-4.3":0.56456082394366,"4.4":0,"4.4.3-4.4.4":0.34345052112676,"76":null},"samsung":{"4":2.2218610526316,"5.0-5.4":0.24238484210526,"6.2-6.4":0.37367663157895,"7.2-7.4":0.62616084210526,"8.2":0.14139115789474,"9.2":0.96953936842105,"10.1":1.7572901052632},"edge":{"12":0.005578,"13":0,"14":0.005578,"15":0.016734,"16":0.016734,"17":0.033468,"18":0.284478,"76":null},"op_mob":{"10":null,"11":null,"11.1":null,"11.5":null,"12":null,"12.1":null,"0":null},"ie":{"5.5":0,"6":0,"7":0,"8":0.02409696,"9":0.01204848,"10":0.00602424,"11":0.10843632},"ie_mob":{"10":0.010318,"11":0.020636},"bb":{"7":0,"10":0.013266},"baidu":{"0":null},"and_ff":{"0":0.039798},"and_uc":{"0":5.35062},"and_qq":{"1.2":0.092862},"kaios":{"2.5":0},"op_mini":{"0":0.40190053608247},"and_chr":{"0":42.321792}},"total":89.130018536082}