{"id":"VA","name":"Holy See (Vatican City State)","month":"2015-03","access_date":"2015-04-01","data":{"chrome":{"4":0,"5":0,"6":0,"7":0,"8":0,"9":0,"10":0,"11":0,"12":0,"13":0,"14":0,"15":0,"16":0,"17":0,"18":0.237425,"19":0,"20":0,"21":0,"22":0.028491,"23":0,"24":0,"25":0,"26":0.37988,"27":0,"28":0,"29":0.018994,"30":0,"31":0.009497,"32":0.09497,"33":0.047485,"34":0,"35":0.123461,"36":0.712275,"37":0.066479,"38":0.009497,"39":0.389377,"40":12.308112,"41":19.56382,"42":0.018994,"43":0.018994,"44":0},"firefox":{"2":0,"3":0,"3.5":0.009497,"3.6":0.056982,"4":0,"5":0.427365,"6":0,"7":0,"8":0,"9":0,"10":0,"11":0,"12":0.009497,"13":0.009497,"14":0,"15":0.408371,"16":0.123461,"17":0,"18":0,"19":0.066479,"20":0,"21":0,"22":0,"23":0,"24":0.075976,"25":0,"26":0.018994,"27":0,"28":0,"29":0,"30":0.389377,"31":0,"32":0.028491,"33":0.075976,"34":0.028491,"35":3.456908,"36":16.667235,"37":0.009497,"38":0,"39":0},"opera":{"9":0,"9.5-9.6":0,"10.0-10.1":0,"10.5":0,"10.6":0,"11":0,"11.1":0,"11.5":0,"11.6":0,"12":0,"12.1":0.037988,"15":0,"16":0,"17":0,"18":0,"19":0,"20":0,"21":0,"22":0,"23":0,"24":0,"25":0,"26":0,"27":0.142455,"28":0.170946,"29":0},"safari":{"3.1":0,"3.2":0,"4":0.123461,"5":0.275413,"5.1":0.398874,"6":0.655293,"6.1":0.066479,"7":2.459723,"7.1":0.541329,"8":2.136825},"android":{"2.1":0,"2.2":0,"2.3":0.0407645171086,"3":0,"4":0.090357018814,"4.1":0.312354866762,"4.2-4.3":0.541363173066,"4.4":0.927717322478,"4.4.3-4.4.4":0.447371101771,"37":0},"ios_saf":{"3.2":0,"4.0-4.1":0,"4.2-4.3":0,"5.0-5.1":0.0167377681247,"6.0-6.1":0.0422248241327,"7.0-7.1":0.667608705882,"8":0.133902144997,"8.1":2.92264255686},"op_mob":{"10":0,"11":0,"11.1":0,"11.5":0,"12":0,"12.1":0,"0":0},"ie":{"5.5":0,"6":0,"7":0.066479,"8":5.061901,"9":1.728454,"10":0.835736,"11":20.019676,"0":null},"ie_mob":{"10":0.0127337244444,"11":0.0320332755556},"bb":{"7":0.00163475,"10":null},"and_uc":{"0":0},"op_mini":{"5.0-8.0":0},"and_chr":{"0":1.755073},"and_ff":{"0":0.022635}},"total":98.57803075}