{"id":"VA","name":"Holy See (Vatican City State)","month":"2021-03","access_date":"2021-04-04","data":{"firefox":{"2":0,"3":0,"3.5":0,"3.6":0,"4":0,"5":0,"6":0,"7":0,"8":0,"9":0,"10":0,"11":0,"12":0,"13":0,"14":0,"15":0,"16":0,"17":0,"18":0,"19":0,"20":0,"21":0,"22":0,"23":0,"24":0,"25":0,"26":0,"27":0,"28":0,"29":0,"30":0.01944,"31":0,"32":0,"33":0,"34":0,"35":0,"36":0,"37":0,"38":0,"39":0,"40":0,"41":0,"42":0,"43":0,"44":0,"45":0,"46":0,"47":0,"48":0,"49":0,"50":0,"51":0,"52":0.00972,"53":0,"54":0,"55":0.01944,"56":0,"57":0,"58":0,"59":0,"60":0,"61":0,"62":0,"63":0,"64":0,"65":0,"66":0,"67":0,"68":0,"69":0.01944,"70":0.00972,"71":0,"72":0,"73":0,"74":0,"75":0,"76":0,"77":0,"78":0.02917,"79":0,"80":0,"81":0.01944,"82":0,"83":0.01944,"84":0.00972,"85":0.27222,"86":11.89973,"87":1.74996,"88":0,"89":0},"chrome":{"4":0,"5":0,"6":0,"7":0,"8":0,"9":0,"10":0,"11":0,"12":0,"13":0,"14":0,"15":0,"16":0,"17":0,"18":0,"19":0,"20":0,"21":0,"22":0,"23":0,"24":0,"25":0,"26":0,"27":0,"28":0,"29":0,"30":0,"31":0,"32":0,"33":0,"34":0,"35":0,"36":0,"37":0,"38":0,"39":0,"40":0,"41":0,"42":0,"43":0,"44":0,"45":0,"46":0,"47":0,"48":0,"49":0,"50":0,"51":0,"52":0,"53":0,"54":0,"55":0,"56":0,"57":0,"58":0,"59":0,"60":0,"61":0,"62":0,"63":0,"64":0,"65":0.01944,"66":0,"67":0.42777,"68":0,"69":0,"70":0,"71":0,"72":0,"73":0,"74":0,"75":0,"76":0,"77":0.10694,"78":0,"79":0.02917,"80":0,"81":0.00972,"83":0.02917,"84":1.04998,"85":0,"86":0.37916,"87":0.04861,"88":20.26065,"89":36.23389,"90":0,"91":0,"92":0},"opera":{"9":0,"9.5-9.6":0,"10.0-10.1":0,"10.5":0,"10.6":0,"11":0,"11.1":0,"11.5":0,"11.6":0,"12":0,"12.1":0,"15":0,"16":0,"17":0,"18":0,"19":0,"20":0,"21":0,"22":0,"23":0,"24":0,"25":0,"26":0,"27":0,"28":0,"29":0,"30":0,"31":0,"32":0,"33":0,"34":0,"35":0,"36":0,"37":0,"38":0,"39":0,"40":0,"41":0,"42":0,"43":0,"44":0,"45":0,"46":0,"47":0,"48":0,"49":0,"50":0,"51":0,"52":0,"53":0,"54":0,"55":0,"56":0,"57":0,"58":0,"60":0,"62":0,"63":0,"64":0,"65":0,"66":0,"67":0,"68":0,"69":0,"70":0,"71":0,"72":0,"73":0},"ios_saf":{"3.2":0,"4.0-4.1":0,"4.2-4.3":0,"5.0-5.1":0,"6.0-6.1":0,"7.0-7.1":0,"8":0,"8.1-8.4":2.69957,"9.0-9.2":0,"9.3":0.00781,"10.0-10.2":0.0475,"10.3":0.00781,"11.0-11.2":0,"11.3-11.4":0,"12.0-12.1":0,"12.2-12.4":0.1991,"13.0-13.1":0,"13.2":0,"13.3":0,"13.4-13.7":0.06311,"14.0-14.5":2.00662},"safari":{"3.1":0,"3.2":0,"4":0,"5":0,"5.1":0,"6":0,"6.1":0,"7":0,"7.1":0,"8":0,"9":0.0875,"9.1":0,"10":0,"10.1":0.33055,"11":0,"11.1":0.21388,"12":0,"12.1":0.04861,"13":0.00972,"13.1":0.175,"14":1.7694,"0":null},"edge":{"12":0,"13":0,"14":0,"15":0.00972,"16":0,"17":0.04861,"18":0.72915,"79":0,"80":0,"81":0,"83":0,"84":0,"85":0,"86":0,"87":0.02917,"88":1.77913,"89":9.45951},"samsung":{"4":0,"5.0-5.4":0,"6.2-6.4":0,"7.2-7.4":0,"8.2":0,"9.2":0,"10.1":0,"11.1-11.2":0,"12.0":0,"13.0":0.59853},"android":{"2.1":0,"2.2":0,"2.3":0,"3":0,"4":0,"4.1":0,"4.2-4.3":0,"4.4":0,"4.4.3-4.4.4":0.00972,"0":0},"ie":{"5.5":0,"6":0,"7":0,"8":0,"9":0,"10":0,"11":3.69436},"op_mob":{"10":null,"11":null,"11.1":null,"11.5":null,"12":null,"12.1":null,"0":null},"bb":{"7":0,"10":0},"ie_mob":{"10":0,"11":0},"and_qq":{"10.4":0},"and_uc":{"0":0.01918},"op_mini":{"0":0},"and_chr":{"0":2.17174},"kaios":{"2.5":0},"baidu":{"0":null},"and_ff":{"0":0.02419}},"total":98.91113}