{"id":"VA","name":"Holy See (Vatican City State)","month":"2014-09","access_date":"2014-10-01","data":{"chrome":{"4":null,"5":null,"6":null,"7":null,"8":null,"9":null,"10":null,"11":null,"12":null,"13":null,"14":null,"15":null,"16":null,"17":null,"18":0.039096,"19":null,"20":null,"21":null,"22":0.078192,"23":null,"24":null,"25":null,"26":0.772146,"27":0.019548,"28":0.127062,"29":null,"30":0.019548,"31":0.53757,"32":0.117288,"33":0.420282,"34":0.029322,"35":0.24435,"36":4.261464,"37":24.33726,"38":null,"39":null,"40":null},"firefox":{"2":null,"3":null,"3.5":0.039096,"3.6":0.019548,"4":0.029322,"5":0.557118,"6":0.019548,"7":null,"8":null,"9":null,"10":null,"11":null,"12":null,"13":0.019548,"14":null,"15":0.43983,"16":0.029322,"17":0.019548,"18":null,"19":0.068418,"20":null,"21":null,"22":0.009774,"23":null,"24":0.029322,"25":null,"26":0.14661,"27":null,"28":null,"29":0.019548,"30":0.498474,"31":5.923044,"32":10.858914,"33":0.019548,"34":null,"35":null},"opera":{"9":null,"9.5-9.6":null,"10.0-10.1":0,"10.5":null,"10.6":null,"11":null,"11.1":null,"11.5":null,"11.6":null,"12":null,"12.1":0.24435,"15":null,"16":null,"17":null,"18":null,"19":null,"20":null,"21":null,"22":null,"23":0.029322,"24":0.205254,"25":null,"26":null},"safari":{"3.1":null,"3.2":null,"4":0.107514,"5":0.19548,"5.1":0.821016,"6":0.459378,"6.1":0.14661,"7":2.15028,"7.1":0.24435,"8":null},"android":{"2.1":0.000736475524476,"2.2":0.00515532867133,"2.3":0.0839582097902,"3":0,"4":0.0707016503497,"4.1":0.184855356643,"4.2-4.3":0.211368475524,"4.4":0.180436503497,"4.4.3":null},"op_mob":{"10":0,"11":0,"11.1":0,"11.5":0,"12":0,"12.1":0,"0":null},"ie":{"5.5":null,"6":0.009774,"7":0.029322,"8":12.149082,"9":7.125246,"10":3.95847,"11":18.238284},"ios_saf":{"3.2":0,"4.0-4.1":0,"4.2-4.3":0,"5.0-5.1":0.00577946917324,"6.0-6.1":0.0256513426319,"7.0-7.1":0.582301311906,"8":0.169583876289},"bb":{"7":0.003277,"10":null},"and_chr":{"0":0.656304},"and_ff":{"0":0.041584},"ie_mob":{"10":0.01061522},"op_mini":{"5.0-7.0":0},"and_uc":{"0":null}},"total":98.09570022}