{"id":"VC","name":"Saint Vincent and the Grenadines","month":"2018-11","access_date":"2018-12-14","data":{"chrome":{"4":0,"5":0,"6":0,"7":0,"8":0,"9":0,"10":0,"11":0.006794,"12":0,"13":0,"14":0,"15":0,"16":0,"17":0,"18":0,"19":0,"20":0,"21":0,"22":0.040764,"23":0,"24":0,"25":0,"26":0,"27":0,"28":0,"29":0.013588,"30":0,"31":0.006794,"32":0,"33":0.006794,"34":0.061146,"35":0,"36":0,"37":0.006794,"38":0.006794,"39":0,"40":0.006794,"41":0,"42":0.006794,"43":0.006794,"44":0.006794,"45":0.006794,"46":0.020382,"47":0.006794,"48":0,"49":0.217408,"50":0.020382,"51":0.006794,"52":0.006794,"53":0.020382,"54":0.006794,"55":0.088322,"56":0.006794,"57":0.027176,"58":0.176644,"59":0.006794,"60":0.006794,"61":0.013588,"62":0.020382,"63":0.06794,"64":0.006794,"65":0.20382,"66":0.047558,"67":0.095116,"68":0.197026,"69":1.195744,"70":24.723366,"71":0.040764,"72":0.054352,"73":0},"firefox":{"2":0,"3":0,"3.5":0,"3.6":0,"4":0,"5":0,"6":0,"7":0,"8":0,"9":0,"10":0,"11":0,"12":0,"13":0,"14":0.006794,"15":0,"16":0.006794,"17":0,"18":0,"19":0,"20":0,"21":0,"22":0,"23":0.006794,"24":0,"25":0,"26":0,"27":0,"28":0,"29":0,"30":0,"31":0,"32":0,"33":0,"34":0.006794,"35":0,"36":0,"37":0,"38":0.006794,"39":0,"40":0,"41":0,"42":0,"43":0,"44":0,"45":0,"46":0,"47":0,"48":0.006794,"49":0,"50":0.006794,"51":0,"52":0.03397,"53":0.006794,"54":0.013588,"55":0,"56":0.006794,"57":0.006794,"58":0,"59":0.006794,"60":0.006794,"61":0.03397,"62":0.088322,"63":1.786822,"64":0.006794,"65":0},"opera":{"9":0,"9.5-9.6":0,"10.0-10.1":0,"10.5":0,"10.6":0,"11":0.006794,"11.1":0.006794,"11.5":0,"11.6":0,"12":0,"12.1":0.006794,"15":0,"16":0,"17":0.074734,"18":0,"19":0.006794,"20":0,"21":0,"22":0,"23":0,"24":0,"25":0,"26":0,"27":0.013588,"28":0,"29":0,"30":0,"31":0,"32":0.006794,"33":0.013588,"34":0,"35":0,"36":0.006794,"37":0.006794,"38":0,"39":0,"40":0,"41":0,"42":0,"43":0,"44":0,"45":0.013588,"46":0,"47":0,"48":0,"49":0,"50":0,"51":0,"52":0,"53":0,"54":0,"55":0,"56":0.78131,"57":0},"safari":{"3.1":0,"3.2":0,"4":0,"5":0,"5.1":0.006794,"6":0,"6.1":0,"7":0,"7.1":0,"8":0.013588,"9":0.006794,"9.1":0.013588,"10":0,"10.1":0.122292,"11":0.03397,"11.1":0.156262,"12":0.74734,"0":null},"ios_saf":{"3.2":0.0009536373461423,"4.0-4.1":0,"4.2-4.3":0.0009536373461423,"5.0-5.1":0.011443648153708,"6.0-6.1":0.0057218240768538,"7.0-7.1":0.021933658961273,"8":0.15448925007505,"8.1-8.4":0.053403691383969,"9.0-9.2":0.030516395076554,"9.3":0.22029022695887,"10.0-10.2":0.25843572080456,"10.3":0.3337730711498,"11.0-11.2":0.60269880276193,"11.3-11.4":1.6040180162113,"12.0-12.1":6.2310664196938},"android":{"2.1":0,"2.2":0.003400568946797,"2.3":0.095215930510315,"3":0.003400568946797,"4":0.42507111834962,"4.1":0.16662787839305,"4.2-4.3":0.80593484039088,"4.4":0,"4.4.3-4.4.4":1.6322730944625,"67":null},"edge":{"12":0.16985,"13":0.040764,"14":0.040764,"15":0.081528,"16":0.516344,"17":2.432252,"18":null},"op_mob":{"10":null,"11":null,"11.1":null,"11.5":null,"12":null,"12.1":null,"0":null},"ie":{"5.5":0,"6":0,"7":0,"8":0.040764,"9":0.03397,"10":0.040764,"11":0.71337},"samsung":{"4":0.36332181395349,"5":0.022019503875969,"6.2":0.09908776744186,"7.2":null},"ie_mob":{"10":0.012720580645161,"11":0.38161741935484},"bb":{"7":0.0083356,"10":0.0333424},"baidu":{"0":null},"and_ff":{"0":0.102592},"and_uc":{"0":0.11221},"and_qq":{"1.2":null},"op_mini":{"0":1.0350146838488},"and_chr":{"0":43.286484}},"total":93.78686776912}