{"id":"VC","name":"Saint Vincent and the Grenadines","month":"2018-06","access_date":"2018-07-05","data":{"chrome":{"4":0,"5":0,"6":0,"7":0,"8":0,"9":0,"10":0,"11":0,"12":0,"13":0,"14":0,"15":0,"16":0,"17":0,"18":0,"19":0,"20":0,"21":0,"22":0.02933,"23":0,"24":0,"25":0,"26":0,"27":0,"28":0,"29":0,"30":0,"31":0,"32":0.005866,"33":0,"34":0.046928,"35":0.005866,"36":0.011732,"37":0,"38":0.011732,"39":0,"40":0,"41":0.005866,"42":0,"43":0.017598,"44":0,"45":0.005866,"46":0,"47":0.005866,"48":0,"49":0.20531,"50":0,"51":0.011732,"52":0.005866,"53":0.017598,"54":0.046928,"55":0.02933,"56":0.017598,"57":0.005866,"58":0.046928,"59":0.011732,"60":0.246372,"61":0.017598,"62":0.052794,"63":0.023464,"64":0.064526,"65":0.23464,"66":7.50848,"67":13.133974,"68":0.05866,"69":0.046928,"70":0},"firefox":{"2":0,"3":0,"3.5":0,"3.6":0,"4":0,"5":0,"6":0,"7":0,"8":0,"9":0,"10":0,"11":0,"12":0,"13":0,"14":0.005866,"15":0,"16":0.023464,"17":0,"18":0,"19":0,"20":0,"21":0.005866,"22":0,"23":0,"24":0,"25":0,"26":0,"27":0,"28":0,"29":0,"30":0,"31":0,"32":0,"33":0,"34":0,"35":0,"36":0,"37":0,"38":0.023464,"39":0,"40":0,"41":0,"42":0,"43":0.017598,"44":0,"45":0.005866,"46":0,"47":0.011732,"48":0.02933,"49":0,"50":0.005866,"51":0.005866,"52":0.046928,"53":0,"54":0.011732,"55":0.005866,"56":0.005866,"57":0.023464,"58":0.005866,"59":0.035196,"60":1.924048,"61":0.076258,"62":0},"opera":{"9":0,"9.5-9.6":0,"10.0-10.1":0,"10.5":0,"10.6":0,"11":0,"11.1":0,"11.5":0,"11.6":0,"12":0.005866,"12.1":0.023464,"15":0,"16":0,"17":0.011732,"18":0,"19":0,"20":0,"21":0,"22":0,"23":0,"24":0,"25":0,"26":0,"27":0.005866,"28":0.005866,"29":0,"30":0,"31":0,"32":0,"33":0.005866,"34":0,"35":0.017598,"36":0,"37":0.005866,"38":0,"39":0,"40":0,"41":0,"42":0,"43":0.017598,"44":0,"45":0,"46":0,"47":0,"48":0,"49":0,"50":0,"51":0,"52":0.023464,"53":0.61593},"safari":{"3.1":0,"3.2":0,"4":0,"5":0,"5.1":0,"6":0,"6.1":0.005866,"7":0,"7.1":0,"8":0.005866,"9":0.041062,"9.1":0.02933,"10":0.005866,"10.1":0.187712,"11":0.093856,"11.1":0.727384,"12":0,"0":null},"ios_saf":{"3.2":0.000810597737964,"4.0-4.1":0,"4.2-4.3":0.00162119547593,"5.0-5.1":0.0121589660695,"6.0-6.1":0.00648478190371,"7.0-7.1":0.0340451049945,"8":0.00972717285557,"8.1-8.4":0.0510676574917,"9.0-9.2":0.0389086914223,"9.3":0.232641550796,"10.0-10.2":0.255338287459,"10.3":0.58525156681,"11.0-11.2":1.31397893324,"11.3-11.4":5.53232956161,"12":0.0243179321389},"android":{"2.1":0,"2.2":0,"2.3":0,"3":0,"4":0,"4.1":0.202324962406,"4.2-4.3":0.46171593985,"4.4":1.71198045113,"4.4.3-4.4.4":1.07387864662,"67":null},"ie":{"5.5":0,"6":0,"7":0,"8":0.134918,"9":0.011732,"10":0.046928,"11":1.05588},"op_mob":{"10":null,"11":null,"11.1":null,"11.5":null,"12":null,"12.1":null,"0":null},"edge":{"12":0.187712,"13":0.082124,"14":0.064526,"15":0.170114,"16":0.64526,"17":1.073478,"18":null},"samsung":{"4":0.410529761658,"5":0.0665723937824,"6.2":1.26487548187,"7.2":null},"bb":{"7":0.0140556,"10":0.0562224},"ie_mob":{"10":0.039962,"11":0.679354},"and_ff":{"0":0.06201},"and_qq":{"1.2":null},"and_uc":{"0":0.603564},"op_mini":{"0":0.79058843299},"and_chr":{"0":51.407162},"baidu":{"0":null}},"total":96.4553240703}