{"id":"VC","name":"Saint Vincent and the Grenadines","month":"2018-04","access_date":"2018-05-06","data":{"chrome":{"4":0,"5":0,"6":0,"7":0,"8":0,"9":0,"10":0,"11":0,"12":0,"13":0,"14":0,"15":0,"16":0,"17":0,"18":0,"19":0,"20":0,"21":0,"22":0.011024,"23":0,"24":0,"25":0,"26":0,"27":0,"28":0,"29":0,"30":0,"31":0.011024,"32":0,"33":0,"34":0.022048,"35":0,"36":0.011024,"37":0,"38":0.011024,"39":0.011024,"40":0,"41":0,"42":0,"43":0.011024,"44":0.005512,"45":0,"46":0,"47":0.011024,"48":0,"49":0.341744,"50":0.005512,"51":0.011024,"52":0.005512,"53":0.099216,"54":0.005512,"55":0.11024,"56":0.011024,"57":0.005512,"58":0.154336,"59":0.060632,"60":0.435448,"61":0.060632,"62":0.05512,"63":0.231504,"64":0.402376,"65":15.097368,"66":2.144168,"67":0.077168,"68":0.005512,"69":0},"firefox":{"2":0,"3":0,"3.5":0,"3.6":0,"4":0,"5":0,"6":0,"7":0,"8":0,"9":0,"10":0,"11":0,"12":0,"13":0,"14":0.005512,"15":0,"16":0.005512,"17":0,"18":0,"19":0,"20":0,"21":0,"22":0,"23":0,"24":0,"25":0,"26":0,"27":0,"28":0,"29":0.005512,"30":0,"31":0,"32":0,"33":0,"34":0,"35":0,"36":0,"37":0,"38":0,"39":0.011024,"40":0,"41":0,"42":0,"43":0.005512,"44":0,"45":0.022048,"46":0,"47":0.005512,"48":0.016536,"49":0,"50":0.005512,"51":0,"52":0.049608,"53":0.005512,"54":0.016536,"55":0.016536,"56":0.011024,"57":0.038584,"58":0.060632,"59":1.532336,"60":0.049608,"61":0},"opera":{"9":0,"9.5-9.6":0,"10.0-10.1":0,"10.5":0,"10.6":0,"11":0,"11.1":0,"11.5":0,"11.6":0,"12":0,"12.1":0,"15":0,"16":0,"17":0.011024,"18":0,"19":0,"20":0,"21":0,"22":0.005512,"23":0,"24":0,"25":0,"26":0,"27":0,"28":0,"29":0.005512,"30":0.005512,"31":0,"32":0,"33":0.016536,"34":0,"35":0,"36":0.005512,"37":0.033072,"38":0,"39":0,"40":0,"41":0,"42":0,"43":0.005512,"44":0,"45":0.005512,"46":0,"47":0.121264,"48":0,"49":0.011024,"50":0,"51":0.049608,"52":0.529152},"safari":{"3.1":0,"3.2":0,"4":0.005512,"5":0.005512,"5.1":0.005512,"6":0,"6.1":0,"7":0,"7.1":0,"8":0.011024,"9":0.016536,"9.1":0.126776,"10":0.011024,"10.1":0.104728,"11":0.22048,"11.1":0.35828,"0":null},"ios_saf":{"3.2":0.000934502905229,"4.0-4.1":0,"4.2-4.3":0.00186900581046,"5.0-5.1":0.0214935668203,"6.0-6.1":0.0140175435784,"7.0-7.1":0.0523321626928,"8":0.0140175435784,"8.1-8.4":0.0850397643759,"9.0-9.2":0.0532666655981,"9.3":0.385015196955,"10.0-10.2":0.34670057784,"10.3":0.77376840553,"11.0-11.2":4.17348997475,"11.3":3.40626308956},"android":{"2.1":0,"2.2":0,"2.3":0,"3":0,"4":0,"4.1":0.222194847458,"4.2-4.3":0.687253830508,"4.4":1.88607254237,"4.4.3-4.4.4":1.16781477966,"62":null},"op_mob":{"10":null,"11":null,"11.1":null,"11.5":null,"12":null,"12.1":null,"0":null},"ie":{"5.5":0,"6":0,"7":0,"8":0.093704,"9":0.011024,"10":0.049608,"11":0.953576},"edge":{"12":0.11024,"13":0.033072,"14":0.1378,"15":0.148824,"16":1.510288,"17":0.016536,"18":null},"samsung":{"4":0.48447025,"5":0.05633375,"6.2":1.35201},"bb":{"7":0.0098736,"10":0.0394944},"ie_mob":{"10":0.0231246101695,"11":0.659051389831},"baidu":{"0":null},"and_ff":{"0":0.1122},"and_qq":{"1.2":null},"and_uc":{"0":0.753984},"op_mini":{"0":0.556612247423},"and_chr":{"0":53.413656}},"total":96.7745062474}