{"id":"VE","name":"Venezuela","month":"2014-12","access_date":"2015-01-01","data":{"chrome":{"4":0.024951,"5":0.016634,"6":0.299412,"7":null,"8":0.033268,"9":0.016634,"10":0.016634,"11":0.116438,"12":0.024951,"13":0.074853,"14":0.008317,"15":0.016634,"16":null,"17":null,"18":0.091487,"19":null,"20":0.141389,"21":0.024951,"22":0.033268,"23":0.033268,"24":0.058219,"25":0.033268,"26":0.058219,"27":0.091487,"28":0.041585,"29":0.058219,"30":0.058219,"31":0.340997,"32":0.199608,"33":0.365948,"34":0.540605,"35":1.156063,"36":1.280818,"37":1.621815,"38":2.145786,"39":43.963662,"40":0.158023,"41":0.08317,"42":null},"firefox":{"2":0.066536,"3":0.08317,"3.5":0.033268,"3.6":1.106161,"4":0.033268,"5":0.024951,"6":0.024951,"7":0.016634,"8":2.004397,"9":0.024951,"10":0.033268,"11":0.041585,"12":0.099804,"13":0.033268,"14":0.074853,"15":0.033268,"16":0.049902,"17":0.033268,"18":0.033268,"19":0.033268,"20":0.049902,"21":0.041585,"22":0.041585,"23":0.141389,"24":0.041585,"25":0.058219,"26":0.091487,"27":0.074853,"28":0.066536,"29":0.124755,"30":0.232876,"31":0.299412,"32":0.349314,"33":4.308206,"34":9.963766,"35":0.116438,"36":0.016634,"37":null},"opera":{"9":null,"9.5-9.6":null,"10.0-10.1":0,"10.5":null,"10.6":null,"11":null,"11.1":null,"11.5":null,"11.6":null,"12":null,"12.1":0.066536,"15":null,"16":null,"17":null,"18":null,"19":0.008317,"20":0.008317,"21":null,"22":null,"23":null,"24":0.008317,"25":0.016634,"26":0.673677,"27":0.016634,"28":null},"android":{"2.1":0,"2.2":0.00492025628915,"2.3":0.138382208132,"3":0,"4":0.285374864771,"4.1":0.874575555396,"4.2-4.3":1.39304756186,"4.4":2.33773676938,"4.4.3-4.4.4":0.955759784167,"37":0},"safari":{"3.1":null,"3.2":null,"4":0.041585,"5":0.074853,"5.1":0.141389,"6":0.041585,"6.1":0.091487,"7":0.108121,"7.1":0.133072,"8":0.224559},"ios_saf":{"3.2":0,"4.0-4.1":0,"4.2-4.3":0,"5.0-5.1":0.0108093955052,"6.0-6.1":0.0447032627671,"7.0-7.1":0.52947716966,"8":0.150049066419,"8.1":1.09101610565},"op_mob":{"10":0,"11":0,"11.1":0,"11.5":0,"12":0.00194681978155,"12.1":0.00973409890777,"0":null},"ie":{"5.5":null,"6":0.0599065072464,"7":0.102696869565,"8":1.74584678261,"9":0.761668449275,"10":0.693203869565,"11":3.72276152174,"0":null},"bb":{"7":0.32019075,"10":null},"ie_mob":{"10":0.22072545,"11":null},"op_mini":{"5.0-8.0":1.36333008131},"and_chr":{"0":5.793461},"and_ff":{"0":0.173349},"and_uc":{"0":0.164934}},"total":97.7360712}