{"id":"VG","name":"British Virgin Islands","month":"2015-09","access_date":"2015-10-02","data":{"firefox":{"2":0.026172,"3":0,"3.5":0,"3.6":0.006543,"4":0.006543,"5":0.006543,"6":0,"7":0,"8":0,"9":0,"10":0,"11":0.06543,"12":0.006543,"13":0.013086,"14":0,"15":0,"16":0.006543,"17":0,"18":0,"19":0.006543,"20":0,"21":0.006543,"22":0,"23":0.006543,"24":0,"25":0.006543,"26":0.019629,"27":0,"28":0.006543,"29":0.032715,"30":0,"31":0.013086,"32":0,"33":0.006543,"34":0.353322,"35":0.137403,"36":0.078516,"37":0.026172,"38":0.314064,"39":0.268263,"40":4.455783,"41":0.444924,"42":0,"43":0,"44":0},"chrome":{"4":0,"5":0,"6":0,"7":0,"8":0,"9":0,"10":0,"11":0.032715,"12":0.013086,"13":0,"14":0,"15":0,"16":0,"17":0,"18":0.006543,"19":0,"20":0,"21":1.059966,"22":0.006543,"23":0,"24":0,"25":0.06543,"26":0.013086,"27":0,"28":0.013086,"29":0,"30":0,"31":0.150489,"32":0.019629,"33":0.019629,"34":0.006543,"35":0.039258,"36":0.026172,"37":0.039258,"38":0.032715,"39":0.052344,"40":0.045801,"41":0.032715,"42":0.222462,"43":0.706644,"44":3.415446,"45":19.112103,"46":0.013086,"47":0.091602,"48":0},"opera":{"9":0,"9.5-9.6":0,"10.0-10.1":0,"10.5":0,"10.6":0,"11":0,"11.1":0,"11.5":0.019629,"11.6":0,"12":0,"12.1":0,"15":0,"16":0,"17":0,"18":0,"19":0,"20":0,"21":0,"22":0,"23":0.006543,"24":0,"25":0,"26":0,"27":0.157032,"28":0,"29":0.019629,"30":0.150489,"31":0.124317,"32":0.058887,"33":0,"34":0},"safari":{"3.1":0,"3.2":0,"4":0,"5":0.157032,"5.1":0.248634,"6":0.255177,"6.1":0.209376,"7":0.098145,"7.1":0.752445,"8":1.498347,"9":0.026172},"android":{"2.1":0,"2.2":0,"2.3":0.10827443501,"3":0,"4":0.328206881123,"4.1":1.14195693174,"4.2-4.3":2.41925690725,"4.4":4.29375806336,"4.4.3-4.4.4":2.06905678152,"44":null},"ios_saf":{"3.2":0,"4.0-4.1":0,"4.2-4.3":0,"5.0-5.1":0.0298036647819,"6.0-6.1":0.0270942407108,"7.0-7.1":0.865660990711,"8":0.120569371163,"8.1-8.4":8.48456147859,"9":3.88937825404},"op_mob":{"10":0,"11":0,"11.1":0,"11.5":0,"12":0.00310823821643,"12.1":0.00621647643286,"0":0.108788337575},"ie":{"5.5":0,"6":0,"7":0.0458713548387,"8":1.90693775115,"9":2.51637146544,"10":1.04193505991,"11":11.546475318},"bb":{"7":0.0535835,"10":null},"ie_mob":{"10":0.0889476756757,"11":0.381204324324},"and_uc":{"0":0.477066},"op_mini":{"5.0-8.0":1.20937494778},"and_chr":{"0":17.401322},"and_ff":{"0":0.082968},"edge":{"12":1.001079,"13":null}},"total":96.9875704493}