{"id":"VG","name":"Virgin Islands, British","month":"2020-05","access_date":"2020-06-05","data":{"chrome":{"4":null,"5":null,"6":null,"7":null,"8":null,"9":null,"10":null,"11":null,"12":null,"13":null,"14":null,"15":null,"16":null,"17":null,"18":null,"19":null,"20":null,"21":null,"22":null,"23":null,"24":null,"25":null,"26":null,"27":null,"28":null,"29":null,"30":null,"31":null,"32":null,"33":null,"34":null,"35":null,"36":null,"37":null,"38":null,"39":null,"40":null,"41":null,"42":null,"43":null,"44":null,"45":null,"46":null,"47":null,"48":null,"49":0.09325,"50":0.11656,"51":null,"52":null,"53":0.01166,"54":null,"55":0.01166,"56":null,"57":0.04662,"58":0.02331,"59":null,"60":null,"61":null,"62":null,"63":0.09325,"64":null,"65":null,"66":null,"67":0.02914,"68":null,"69":null,"70":0.915,"71":1.7892,"72":0.6877,"73":2.82658,"74":null,"75":0.02914,"76":0.01166,"77":null,"78":1.20057,"79":0.08159,"80":0.59446,"81":22.40866,"83":3.95721,"84":0.00583,"85":null,"86":null},"firefox":{"2":null,"3":null,"3.5":null,"3.6":null,"4":null,"5":null,"6":null,"7":null,"8":null,"9":null,"10":null,"11":null,"12":null,"13":null,"14":null,"15":null,"16":null,"17":null,"18":null,"19":null,"20":null,"21":null,"22":null,"23":null,"24":null,"25":null,"26":null,"27":null,"28":null,"29":null,"30":null,"31":null,"32":null,"33":null,"34":null,"35":null,"36":null,"37":null,"38":null,"39":null,"40":null,"41":null,"42":null,"43":null,"44":null,"45":null,"46":null,"47":null,"48":null,"49":null,"50":null,"51":null,"52":null,"53":null,"54":null,"55":null,"56":null,"57":null,"58":null,"59":null,"60":null,"61":null,"62":null,"63":0.00583,"64":0.02331,"65":0.02331,"66":0.01748,"67":null,"68":null,"69":null,"70":null,"71":null,"72":null,"73":null,"74":0.0408,"75":0.77512,"76":2.01649,"77":null,"78":null},"opera":{"9":null,"9.5-9.6":null,"10.0-10.1":0,"10.5":null,"10.6":null,"11":null,"11.1":null,"11.5":null,"11.6":null,"12":null,"12.1":null,"15":null,"16":null,"17":null,"18":null,"19":null,"20":null,"21":null,"22":null,"23":null,"24":null,"25":null,"26":null,"27":null,"28":null,"29":null,"30":null,"31":null,"32":null,"33":null,"34":null,"35":null,"36":null,"37":null,"38":null,"39":null,"40":null,"41":null,"42":null,"43":null,"44":null,"45":null,"46":null,"47":null,"48":null,"49":null,"50":null,"51":null,"52":null,"53":null,"54":null,"55":null,"56":null,"57":null,"58":null,"60":null,"62":null,"63":null,"64":null,"65":null,"66":null,"67":0.05828,"68":0.30306},"ios_saf":{"3.2":0.00116,"4.0-4.1":0,"4.2-4.3":0.00116,"5.0-5.1":0.00815,"6.0-6.1":0.00233,"7.0-7.1":0.00815,"8":0,"8.1-8.4":0.01513,"9.0-9.2":0.01164,"9.3":0.11637,"10.0-10.2":0.02909,"10.3":0.12335,"11.0-11.2":0.08728,"11.3-11.4":0.12568,"12.0-12.1":0.18736,"12.2-12.4":1.18234,"13.0-13.1":0.25253,"13.2":0.12452,"13.3":4.18126,"13.4-13.5":4.92371},"safari":{"3.1":null,"3.2":null,"4":0,"5":null,"5.1":0.23312,"6":null,"6.1":null,"7":null,"7.1":null,"8":0.01166,"9":null,"9.1":null,"10":null,"10.1":0.03497,"11":0.00583,"11.1":0.06411,"12":0.28557,"12.1":0.42544,"13":1.89993,"13.1":7.10433,"0":null},"edge":{"12":0.0408,"13":null,"14":null,"15":0.02914,"16":0.01166,"17":0.17484,"18":3.96887,"79":null,"80":null,"81":null,"83":null},"android":{"2.1":0,"2.2":0,"2.3":0.00019,"3":0,"4":0.00223,"4.1":0.00446,"4.2-4.3":0.00763,"4.4":0,"4.4.3-4.4.4":0.0439,"81":null},"samsung":{"4":0.01072,"5.0-5.4":0.03215,"6.2-6.4":0,"7.2-7.4":0.13933,"8.2":0.02144,"9.2":0.11789,"10.1":0.23579,"11.1":3.79407},"ie":{"5.5":null,"6":null,"7":null,"8":0.02929,"9":null,"10":null,"11":4.45244},"op_mob":{"10":null,"11":null,"11.1":null,"11.5":null,"12":null,"12.1":null,"0":null},"bb":{"7":0,"10":0.00834},"ie_mob":{"10":0,"11":0},"and_ff":{"0":0.08344},"and_qq":{"10.4":0.00417},"and_uc":{"0":0.04589},"op_mini":{"0":0.26069},"and_chr":{"0":25.85213},"kaios":{"2.5":0},"baidu":{"0":null}},"total":99.0144}