{"id":"VI","name":"Virgin Island, U.S.","month":"2019-06","access_date":"2019-07-08","data":{"chrome":{"4":null,"5":null,"6":null,"7":null,"8":null,"9":null,"10":null,"11":null,"12":null,"13":null,"14":null,"15":null,"16":null,"17":null,"18":null,"19":null,"20":null,"21":null,"22":null,"23":null,"24":null,"25":null,"26":null,"27":null,"28":null,"29":null,"30":null,"31":null,"32":null,"33":null,"34":0.04583,"35":null,"36":null,"37":null,"38":0.004583,"39":null,"40":null,"41":null,"42":null,"43":null,"44":null,"45":null,"46":null,"47":null,"48":null,"49":0.123741,"50":0.077911,"51":null,"52":null,"53":0.215401,"54":null,"55":0.018332,"56":null,"57":null,"58":0.050413,"59":0.013749,"60":0.009166,"61":null,"62":null,"63":0.009166,"64":0.013749,"65":0.027498,"66":0.068745,"67":0.027498,"68":0.022915,"69":0.174154,"70":0.032081,"71":0.032081,"72":0.160405,"73":0.316227,"74":15.664694,"75":8.693951,"76":0.004583,"77":0.013749,"78":null},"firefox":{"2":null,"3":null,"3.5":null,"3.6":null,"4":null,"5":null,"6":null,"7":null,"8":null,"9":null,"10":null,"11":null,"12":null,"13":null,"14":null,"15":null,"16":null,"17":null,"18":null,"19":null,"20":null,"21":null,"22":null,"23":null,"24":null,"25":null,"26":null,"27":null,"28":null,"29":null,"30":null,"31":null,"32":null,"33":null,"34":null,"35":null,"36":null,"37":null,"38":null,"39":null,"40":null,"41":null,"42":null,"43":0.004583,"44":null,"45":null,"46":null,"47":null,"48":0.013749,"49":null,"50":null,"51":null,"52":0.013749,"53":null,"54":null,"55":null,"56":0.013749,"57":0.009166,"58":null,"59":null,"60":0.022915,"61":0.013749,"62":0.018332,"63":null,"64":0.004583,"65":0.009166,"66":0.210818,"67":2.956035,"68":0.027498,"69":null},"opera":{"9":null,"9.5-9.6":null,"10.0-10.1":0,"10.5":null,"10.6":null,"11":null,"11.1":null,"11.5":null,"11.6":null,"12":null,"12.1":null,"15":null,"16":null,"17":null,"18":null,"19":null,"20":null,"21":null,"22":null,"23":null,"24":null,"25":null,"26":null,"27":null,"28":null,"29":null,"30":null,"31":null,"32":null,"33":null,"34":null,"35":null,"36":null,"37":null,"38":null,"39":null,"40":null,"41":null,"42":null,"43":null,"44":null,"45":null,"46":null,"47":null,"48":null,"49":null,"50":null,"51":null,"52":null,"53":null,"54":null,"55":null,"56":null,"57":null,"58":null,"60":0.233733,"62":null},"safari":{"3.1":null,"3.2":null,"4":0,"5":null,"5.1":0.009166,"6":null,"6.1":0.009166,"7":null,"7.1":null,"8":null,"9":null,"9.1":0.027498,"10":0.027498,"10.1":0.100826,"11":0.022915,"11.1":0.467466,"12":0.59579,"12.1":2.025686,"13":0.082494,"0":null},"ios_saf":{"3.2":0.020598069179868,"4.0-4.1":0.025175417886505,"4.2-4.3":0.0022886743533186,"5.0-5.1":0.025175417886505,"6.0-6.1":0.0068660230599559,"7.0-7.1":0.032041440946461,"8":0.0022886743533186,"8.1-8.4":0.061794207539603,"9.0-9.2":0.036618789653098,"9.3":0.37991994265089,"10.0-10.2":0.17393925085222,"10.3":0.46002354501704,"11.0-11.2":0.52410642690997,"11.3-11.4":1.0505015281733,"12.0-12.1":2.5106757655905,"12.2-12.3":17.515224825947,"13":null},"android":{"2.1":0.0014680216802168,"2.2":0.0035477190605239,"2.3":0.00048934056007227,"3":0.0015903568202349,"4":0.021408649503162,"4.1":0.0090528003613369,"4.2-4.3":0.047710704607046,"4.4":0,"4.4.3-4.4.4":0.050157407407407,"67":null},"edge":{"12":0.013749,"13":0.022915,"14":0.119158,"15":0.160405,"16":0.13749,"17":4.90381,"18":1.274074,"76":null},"op_mob":{"10":null,"11":null,"11.1":null,"11.5":null,"12":null,"12.1":null,"0":null},"ie":{"5.5":null,"6":null,"7":null,"8":0.013749,"9":null,"10":0.013749,"11":3.148521},"samsung":{"4":0.25185562660944,"5.0-5.4":0.020524474576271,"6.2-6.4":0.032850733905579,"7.2-7.4":0.1533034248927,"8.2":0.13140293562232,"9.2":7.08480827897},"ie_mob":{"10":0.012084,"11":0.027085},"bb":{"7":0,"10":0},"and_chr":{"0":25.767467},"kaios":{"2.5":null},"baidu":{"0":null},"and_ff":{"0":0.151676},"and_uc":{"0":0.124591},"and_qq":{"1.2":null},"op_mini":{"0":0.17949629725086}},"total":99.448379771827}