{"id":"VN","name":"Vietnam","month":"2018-03","access_date":"2018-04-03","data":{"chrome":{"4":0,"5":0,"6":0,"7":0,"8":0,"9":0,"10":0,"11":0.007351,"12":0,"13":0,"14":0,"15":0,"16":0,"17":0.007351,"18":0.036755,"19":0,"20":0,"21":0.007351,"22":0.007351,"23":0.007351,"24":0,"25":0,"26":0.007351,"27":0,"28":0,"29":0.382252,"30":0,"31":0.007351,"32":0,"33":0,"34":0.029404,"35":0.007351,"36":0.014702,"37":0,"38":0.014702,"39":0.088212,"40":0.007351,"41":0.896822,"42":0,"43":0.029404,"44":0.014702,"45":0.022053,"46":0.066159,"47":0.058808,"48":0.07351,"49":1.190862,"50":0.036755,"51":0.117616,"52":0.036755,"53":0.051457,"54":0.095563,"55":0.102914,"56":0.176424,"57":0.080861,"58":0.22053,"59":0.154371,"60":0.198477,"61":0.198477,"62":0.161722,"63":0.786557,"64":14.819616,"65":11.313189,"66":0.102914,"67":0.014702,"68":0},"firefox":{"2":0,"3":0.007351,"3.5":0,"3.6":0.007351,"4":0,"5":0,"6":0,"7":0.007351,"8":0,"9":0,"10":0,"11":0,"12":0,"13":0,"14":0,"15":0,"16":0,"17":0,"18":0,"19":0,"20":0.007351,"21":0,"22":0,"23":0,"24":0,"25":0,"26":0,"27":0,"28":0,"29":0.007351,"30":0,"31":0,"32":0,"33":0,"34":0,"35":0,"36":0.007351,"37":0,"38":0.007351,"39":0.014702,"40":0.014702,"41":0.022053,"42":0.014702,"43":0.029404,"44":0.022053,"45":0.014702,"46":0.014702,"47":0.051457,"48":0.088212,"49":0.022053,"50":0.07351,"51":0.022053,"52":0.271987,"53":0.029404,"54":0.051457,"55":0.058808,"56":0.066159,"57":0.058808,"58":1.10265,"59":1.065895,"60":0.036755,"61":0},"opera":{"9":0,"9.5-9.6":0,"10.0-10.1":0,"10.5":0,"10.6":0,"11":0,"11.1":0,"11.5":0,"11.6":0,"12":0,"12.1":0.007351,"15":0,"16":0,"17":0,"18":0,"19":0,"20":0,"21":0,"22":0.014702,"23":0,"24":0,"25":0,"26":0,"27":0,"28":0,"29":0,"30":0,"31":0,"32":0.007351,"33":0,"34":0,"35":0,"36":0.007351,"37":0.110265,"38":0,"39":0,"40":0,"41":0,"42":0.007351,"43":0.022053,"44":0,"45":0.014702,"46":0.007351,"47":0.007351,"48":0.007351,"49":0.007351,"50":0.044106,"51":0.396954,"52":0.014702},"safari":{"3.1":0,"3.2":0,"4":0.007351,"5":0,"5.1":0.007351,"6":0,"6.1":0,"7":0.014702,"7.1":0.007351,"8":0.022053,"9":0.036755,"9.1":0.080861,"10":0.07351,"10.1":0.205828,"11":0.771855,"11.1":0.014702,"0":null},"ios_saf":{"3.2":0.00169382677875,"4.0-4.1":0,"4.2-4.3":0.00169382677875,"5.0-5.1":0.0304888820174,"6.0-6.1":0.0237135749024,"7.0-7.1":0.0829975121585,"8":0.0237135749024,"8.1-8.4":0.125343181627,"9.0-9.2":0.0948542996097,"9.3":0.679224538277,"10.0-10.2":0.677530711498,"10.3":1.5701774239,"11.0-11.2":13.6149796476,"11.3":null},"android":{"2.1":0,"2.2":0,"2.3":0,"3":0,"4":0,"4.1":0.0709941334951,"4.2-4.3":0.216069101942,"4.4":0.609623537621,"4.4.3-4.4.4":0.375034226942,"62":null},"ie":{"5.5":0,"6":0.0161722,"7":0.0323444,"8":0.2506691,"9":0.080861,"10":0.1698081,"11":0.5013382},"op_mob":{"10":null,"11":null,"11.1":null,"11.5":null,"12":null,"12.1":null,"0":null},"edge":{"12":0.036755,"13":0.014702,"14":0.088212,"15":0.07351,"16":0.338146,"17":0},"samsung":{"4":0.35476378626,"5":0.0939080610687,"6.2":0.907777923664},"bb":{"7":0.0254304,"10":0.1017216},"ie_mob":{"10":0.0765320181818,"11":0.524790981818},"and_ff":{"0":0.087417},"and_qq":{"1.2":null},"and_uc":{"0":1.864896},"op_mini":{"0":0.428851252577},"and_chr":{"0":21.95044},"baidu":{"0":null}},"total":82.9868810236}