{"id":"VU","name":"Vanuatu","month":"2014-06","access_date":"2014-07-29","data":{"chrome":{"4":0.016952,"5":null,"6":null,"7":null,"8":null,"9":null,"10":0.025428,"11":0.135616,"12":0.110188,"13":null,"14":0.033904,"15":0.008476,"16":null,"17":null,"18":null,"19":null,"20":0.04238,"21":0.59332,"22":null,"23":null,"24":0.355992,"25":0.135616,"26":0.016952,"27":0.194948,"28":0.398372,"29":0.46618,"30":0.152568,"31":0.177996,"32":0.415324,"33":0.745888,"34":1.127308,"35":28.657356,"36":0.050856,"37":0.177996,"38":null,"39":null},"firefox":{"2":null,"3":0.144092,"3.5":0.2119,"3.6":0.584844,"4":0.059332,"5":0.076284,"6":0.25428,"7":0.12714,"8":0.016952,"9":null,"10":0.33904,"11":0.110188,"12":0.322088,"13":0.118664,"14":0.46618,"15":0.076284,"16":0.118664,"17":0.228852,"18":0.16952,"19":0.076284,"20":0.12714,"21":0.313612,"22":0.101712,"23":0.04238,"24":0.16952,"25":0.4238,"26":0.228852,"27":0.110188,"28":0.389896,"29":8.8998,"30":6.026436,"31":0.46618,"32":0.016952,"33":null,"34":null},"opera":{"9":null,"9.5-9.6":null,"10.0-10.1":0,"10.5":null,"10.6":null,"11":null,"11.1":null,"11.5":null,"11.6":null,"12":null,"12.1":0.059332,"15":null,"16":null,"17":null,"18":null,"19":null,"20":0.008476,"21":0.059332,"22":0.050856,"23":null,"24":null},"safari":{"3.1":null,"3.2":null,"4":0.04238,"5":0.330564,"5.1":1.118832,"6":0.728936,"6.1":0.601796,"7":1.381588,"8":null},"android":{"2.1":0.0414209552239,"2.2":0.140831247761,"2.3":2.17874224478,"3":0.00828419104478,"4":1.64026982687,"4.1":3.0900032597,"4.2-4.3":1.22606027463,"4.4":null,"4.4.3":null},"op_mob":{"10":0,"11":0.000374037615046,"11.1":0,"11.5":0.000374037615046,"12":0.00187018807523,"12.1":0.00523652661064,"0":null},"ie":{"5.5":null,"6":0.374332336028,"7":0.156697256942,"8":8.5487059065,"9":2.95983707557,"10":3.63015311916,"11":9.0971463058},"ios_saf":{"3.2":0.002955036,"4.0-4.1":0.005910072,"4.2-4.3":0.020685252,"5.0-5.1":0.209807556,"6.0-6.1":0.854005404,"7.0-7.1":1.86167268,"8":null},"bb":{"7":0.004953,"10":null},"and_ff":{"0":0.027432},"ie_mob":{"10":0.48062388},"op_mini":{"5.0-7.0":0.235985210084},"and_chr":{"0":2.1717}},"total":98.21483288}