{"id":"VU","name":"Vanuatu","month":"2015-09","access_date":"2015-10-02","data":{"firefox":{"2":0,"3":0.0142,"3.5":0.0142,"3.6":0.0071,"4":0.0213,"5":0.0213,"6":0.0284,"7":0,"8":0.0213,"9":0,"10":0.0497,"11":0.0142,"12":0.0568,"13":0.0071,"14":0.0852,"15":0.0568,"16":0.071,"17":0.0071,"18":0.1207,"19":0.0071,"20":0.0142,"21":0.0568,"22":0.0355,"23":0.0071,"24":0.0071,"25":0.0071,"26":0.0781,"27":0.0142,"28":0.0213,"29":0.071,"30":0.0426,"31":0,"32":1.1147,"33":0.1988,"34":0.5254,"35":0.2343,"36":0.071,"37":0.1988,"38":0.639,"39":0.9372,"40":10.4299,"41":1.7821,"42":0.1846,"43":0,"44":0},"chrome":{"4":0,"5":0,"6":0,"7":0,"8":0,"9":0,"10":0,"11":0.0071,"12":0.0568,"13":0,"14":0.0142,"15":0.0071,"16":0,"17":0.0284,"18":0,"19":0,"20":0.0142,"21":0,"22":0,"23":0.0071,"24":0.0071,"25":0.0284,"26":0.0213,"27":0.0426,"28":0.0071,"29":0.0142,"30":0,"31":0.2201,"32":0.0994,"33":0.0852,"34":0.0284,"35":0.0426,"36":1.3064,"37":0.0071,"38":0.0497,"39":0.1207,"40":0.1917,"41":0.0213,"42":0.5467,"43":0.2769,"44":4.6576,"45":21.5272,"46":0.0852,"47":0.1136,"48":0},"opera":{"9":0,"9.5-9.6":0,"10.0-10.1":0.0071,"10.5":0,"10.6":0,"11":0,"11.1":0,"11.5":0,"11.6":0,"12":0.0071,"12.1":0.0071,"15":0,"16":0,"17":0,"18":0,"19":0,"20":0,"21":0,"22":0,"23":0,"24":0,"25":0,"26":0,"27":0,"28":0,"29":0,"30":0.0071,"31":0.2485,"32":0.2698,"33":0,"34":0},"safari":{"3.1":0,"3.2":0,"4":0.0142,"5":0.0639,"5.1":0.284,"6":0.1278,"6.1":0.3195,"7":0.0923,"7.1":0.5609,"8":1.0792,"9":0},"android":{"2.1":0,"2.2":0,"2.3":0.143207838014,"3":0,"4":0.434098758981,"4.1":1.51039516656,"4.2-4.3":3.19980013063,"4.4":5.67908582626,"4.4.3-4.4.4":2.73661227956,"44":null},"ios_saf":{"3.2":0,"4.0-4.1":0,"4.2-4.3":0,"5.0-5.1":0.017509592084,"6.0-6.1":0.0159178109855,"7.0-7.1":0.508574060985,"8":0.0708342588853,"8.1-8.4":4.9846625101,"9":2.28500176696},"op_mob":{"10":0,"11":0,"11.1":0,"11.5":0,"12":0.00178581899623,"12.1":0.00357163799247,"0":0.0625036648682},"ie":{"5.5":0,"6":0.100240473506,"7":0.0501202367531,"8":2.15517018038,"9":1.8329686584,"10":1.28164605411,"11":7.28175439684},"bb":{"7":0,"10":null},"ie_mob":{"10":0.252927027027,"11":1.08397297297},"and_uc":{"0":2.2069},"op_mini":{"5.0-8.0":0.694838878143},"and_chr":{"0":5.9397},"and_ff":{"0":4.3529},"edge":{"12":0.2556,"13":null}},"total":99.1405}