{"id":"VU","name":"Vanuatu","month":"2015-12","access_date":"2016-01-02","data":{"firefox":{"2":0,"3":0.006911,"3.5":0,"3.6":0.006911,"4":0,"5":0.020733,"6":0.179686,"7":0.082932,"8":0.041466,"9":0,"10":0.034555,"11":0,"12":0.013822,"13":0,"14":0.041466,"15":0.006911,"16":0.055288,"17":0.027644,"18":0.020733,"19":0,"20":0,"21":0.089843,"22":0,"23":0.006911,"24":0,"25":0,"26":0.013822,"27":0,"28":0.013822,"29":0.856964,"30":0.020733,"31":0.006911,"32":0.317906,"33":0.041466,"34":0.511414,"35":0.283351,"36":0.103665,"37":0.082932,"38":0.988273,"39":0.179686,"40":0.400838,"41":0.297173,"42":7.090686,"43":3.351835,"44":0.124398,"45":0,"46":0},"chrome":{"4":0.006911,"5":0,"6":0,"7":0,"8":0,"9":0,"10":0,"11":0.006911,"12":0.034555,"13":0,"14":0.006911,"15":0,"16":0,"17":0,"18":0,"19":0,"20":0,"21":0,"22":0,"23":0,"24":0,"25":0,"26":0,"27":0.013822,"28":0,"29":0.06911,"30":0.013822,"31":0.110576,"32":0.124398,"33":0.034555,"34":0.048377,"35":0.013822,"36":0.131309,"37":0.027644,"38":0.020733,"39":0.034555,"40":0.628901,"41":0.013822,"42":0.442304,"43":2.170054,"44":0.677278,"45":0.179686,"46":4.830789,"47":16.413625,"48":0.214241,"49":0.020733,"50":0},"opera":{"9":0,"9.5-9.6":0,"10.0-10.1":0,"10.5":0,"10.6":0,"11":0,"11.1":0,"11.5":0,"11.6":0,"12":0.006911,"12.1":0.048377,"15":0,"16":0,"17":0,"18":0,"19":0,"20":0,"21":0,"22":0,"23":0,"24":0,"25":0,"26":0,"27":0,"28":0,"29":0,"30":0,"31":0,"32":0.055288,"33":0.110576,"34":0.117487,"35":0,"36":0},"safari":{"3.1":0.006911,"3.2":0,"4":0.006911,"5":0.020733,"5.1":0.13822,"6":0.027644,"6.1":0.27644,"7":0.013822,"7.1":0.545969,"8":0.767121,"9":0.939896},"android":{"2.1":0,"2.2":0,"2.3":0.0958175397797,"3":0,"4":0.27680622603,"4.1":1.30950637699,"4.2-4.3":2.87984939004,"4.4":5.5946796838,"4.4.3-4.4.4":2.89049578335,"46":null},"ios_saf":{"3.2":0,"4.0-4.1":0,"4.2-4.3":0,"5.0-5.1":0,"6.0-6.1":0,"7.0-7.1":0.35190412971,"8":0.0468616052126,"8.1-8.4":1.16711922416,"9.0-9.2":7.18662504091},"op_mob":{"10":0,"11":0,"11.1":0,"11.5":0,"12":0,"12.1":4.84929356358e-5,"0":0.00113958398744},"ie":{"5.5":0,"6":0.00694449975763,"7":0.0138889995153,"8":1.46528944886,"9":3.18752538875,"10":1.3611219525,"11":8.29173271062},"bb":{"7":0.006178,"10":null},"ie_mob":{"10":0.176765859813,"11":0.793180140187},"edge":{"12":null,"13":null,"14":null},"and_uc":{"0":1.742196},"op_mini":{"5.0-8.0":0.354046923077},"and_chr":{"0":10.863861},"and_ff":{"0":3.607952}},"total":98.364973}