{"id":"WF","name":"Wallis and Futuna","month":"2017-04","access_date":"2017-05-03","data":{"chrome":{"4":null,"5":null,"6":null,"7":null,"8":null,"9":null,"10":null,"11":null,"12":null,"13":null,"14":null,"15":null,"16":null,"17":null,"18":null,"19":null,"20":null,"21":null,"22":null,"23":null,"24":null,"25":0.543696,"26":null,"27":0.142672,"28":null,"29":null,"30":null,"31":0.084832,"32":null,"33":null,"34":null,"35":null,"36":null,"37":null,"38":null,"39":null,"40":null,"41":null,"42":null,"43":null,"44":null,"45":null,"46":null,"47":null,"48":null,"49":0.431872,"50":null,"51":null,"52":null,"53":0.11568,"54":0.458864,"55":0.026992,"56":2.58352,"57":11.429184,"58":0.717216,"59":null,"60":null,"61":null},"firefox":{"2":null,"3":null,"3.5":null,"3.6":null,"4":null,"5":null,"6":null,"7":null,"8":null,"9":null,"10":null,"11":null,"12":null,"13":null,"14":null,"15":null,"16":null,"17":0.05784,"18":null,"19":null,"20":null,"21":null,"22":null,"23":null,"24":null,"25":null,"26":null,"27":null,"28":null,"29":null,"30":null,"31":0.05784,"32":null,"33":null,"34":null,"35":0.05784,"36":null,"37":null,"38":0.026992,"39":null,"40":null,"41":0.026992,"42":null,"43":null,"44":null,"45":1.206928,"46":null,"47":null,"48":0.200512,"49":null,"50":0.142672,"51":0.601536,"52":9.246688,"53":2.984544,"54":null,"55":null,"56":null},"opera":{"9":null,"9.5-9.6":null,"10.0-10.1":0,"10.5":null,"10.6":null,"11":null,"11.1":null,"11.5":null,"11.6":null,"12":null,"12.1":null,"15":null,"16":null,"17":null,"18":null,"19":null,"20":null,"21":null,"22":null,"23":null,"24":null,"25":null,"26":null,"27":null,"28":null,"29":null,"30":null,"31":null,"32":null,"33":null,"34":null,"35":null,"36":null,"37":null,"38":null,"39":null,"40":null,"41":null,"42":null,"43":0.11568,"44":null,"45":null,"46":null},"safari":{"3.1":null,"3.2":null,"4":0,"5":0.05784,"5.1":null,"6":null,"6.1":0.026992,"7":null,"7.1":null,"8":0.316192,"9":0.05784,"9.1":0.11568,"10":0.343184,"10.1":0.17352,"0":null},"ios_saf":{"3.2":0,"4.0-4.1":0,"4.2-4.3":0,"5.0-5.1":0,"6.0-6.1":0,"7.0-7.1":0.0505541847517,"8":0,"8.1-8.4":0.0446334243754,"9.0-9.2":0.0168513949172,"9.3":0.271444091099,"10.0-10.2":2.27220565519,"10.3":1.58981524966},"android":{"2.1":0,"2.2":0,"2.3":0,"3":0,"4":0.019728440367,"4.1":0.0704587155963,"4.2-4.3":0.18544733945,"4.4":0.456008807339,"4.4.3-4.4.4":0.251396697248,"56":null},"op_mob":{"10":0,"11":0,"11.1":0,"11.5":0,"12":0,"12.1":0,"0":0},"ie":{"5.5":null,"6":null,"7":null,"8":null,"9":0.084832,"10":0.026992,"11":2.209488},"edge":{"12":1.52312,"13":1.781472,"14":0.200512,"15":null},"bb":{"7":0.648192,"10":null},"ie_mob":{"10":0.009216,"11":0.033792},"op_mini":{"0":0},"and_chr":{"0":50.189584},"and_ff":{"0":null},"and_qq":{"1.2":null},"samsung":{"0":3.5328},"and_uc":{"0":null}},"total":97.820384}