{"id":"WF","name":"Wallis and Futuna","month":"2019-08","access_date":"2019-09-04","data":{"chrome":{"4":0,"5":0,"6":0,"7":0,"8":0,"9":0,"10":0,"11":0,"12":0,"13":0,"14":0,"15":0,"16":0,"17":0,"18":0,"19":0,"20":0,"21":0,"22":0,"23":0,"24":0,"25":0,"26":0,"27":0,"28":0.00825,"29":0,"30":0,"31":0.03025,"32":0,"33":0,"34":0,"35":0,"36":0,"37":0,"38":0,"39":0,"40":0,"41":0,"42":0,"43":0,"44":0,"45":0,"46":0,"47":0.00825,"48":0,"49":0.055,"50":0.0165,"51":0,"52":0,"53":0,"54":0,"55":0,"56":0,"57":0,"58":0,"59":0,"60":0,"61":0,"62":0,"63":0,"64":0,"65":0,"66":0,"67":0.00825,"68":0,"69":0,"70":0,"71":0,"72":0.00825,"73":0.00825,"74":0,"75":0.7975,"76":1.51525,"77":0,"78":0,"79":0},"firefox":{"2":0,"3":0,"3.5":0,"3.6":0,"4":0,"5":0,"6":0,"7":0,"8":0,"9":0,"10":0,"11":0,"12":0,"13":0,"14":0,"15":0,"16":0,"17":0,"18":0,"19":0,"20":0,"21":0,"22":0,"23":0,"24":0,"25":0,"26":0,"27":0,"28":0,"29":0,"30":0,"31":0.022,"32":0,"33":0,"34":0,"35":0.00825,"36":0,"37":0,"38":0,"39":0,"40":0,"41":0,"42":0,"43":0,"44":0,"45":0,"46":0,"47":0,"48":0,"49":0,"50":0,"51":0.08525,"52":0.0165,"53":0,"54":0,"55":0.0165,"56":0,"57":0,"58":0,"59":0,"60":1.221,"61":0,"62":0,"63":0,"64":0,"65":0,"66":0,"67":0.0165,"68":2.12575,"69":0,"70":0,"71":0},"opera":{"9":0,"9.5-9.6":0,"10.0-10.1":0,"10.5":0,"10.6":0,"11":0,"11.1":0,"11.5":0,"11.6":0,"12":0,"12.1":0,"15":0,"16":0,"17":0,"18":0,"19":0,"20":0,"21":0,"22":0,"23":0,"24":0,"25":0,"26":0,"27":0,"28":0,"29":0,"30":0,"31":0,"32":0,"33":0,"34":0,"35":0,"36":0,"37":0,"38":0,"39":0,"40":0,"41":0,"42":0,"43":0,"44":0,"45":0,"46":0,"47":0,"48":0,"49":0,"50":0,"51":0,"52":0,"53":0,"54":0,"55":0,"56":0.00825,"57":0,"58":0,"60":0,"62":0.154},"safari":{"3.1":0,"3.2":0,"4":0,"5":0,"5.1":0,"6":0,"6.1":0,"7":0,"7.1":0,"8":0,"9":0,"9.1":0.0385,"10":0,"10.1":0.0385,"11":0,"11.1":0,"12":0,"12.1":0.38775,"13":0,"0":null},"ios_saf":{"3.2":0.0023116119671803,"4.0-4.1":0.0015410746447869,"4.2-4.3":0,"5.0-5.1":0.0061642985791475,"6.0-6.1":0.0023116119671803,"7.0-7.1":0.010016985191115,"8":0.00077053732239344,"8.1-8.4":0.011558059835902,"9.0-9.2":0.010787522513508,"9.3":0.11249844906944,"10.0-10.2":0.04931438863318,"10.3":0.12790919551731,"11.0-11.2":0.14871370322193,"11.3-11.4":0.2581300030018,"12.0-12.1":0.49468496097659,"12.2-12.3":6.384672253352,"13":0.079365344206524},"android":{"2.1":0,"2.2":0.0015756880733945,"2.3":0.0013130733944954,"3":0.00052522935779817,"4":0.011817660550459,"4.1":0.045169724770642,"4.2-4.3":0.12736811926606,"4.4":0,"4.4.3-4.4.4":0.098480504587156,"67":null},"edge":{"12":0.37125,"13":0,"14":0,"15":0,"16":0.00825,"17":0.04675,"18":0.2475,"76":null},"op_mob":{"10":null,"11":null,"11.1":null,"11.5":null,"12":null,"12.1":null,"0":null},"ie":{"5.5":0,"6":0,"7":0,"8":0,"9":0,"10":0,"11":0.03025},"samsung":{"4":0.1000737704918,"5.0-5.4":0,"6.2-6.4":0.066715846994536,"7.2-7.4":0,"8.2":0.15567030965392,"9.2":5.7820400728597},"ie_mob":{"10":0,"11":0},"bb":{"7":0,"10":0},"and_chr":{"0":77.024},"baidu":{"0":null},"and_ff":{"0":0},"and_uc":{"0":0},"kaios":{"2.5":0},"and_qq":{"1.2":0},"op_mini":{"0":0.027455326460481}},"total":98.44145532646}