{"id":"WS","name":"Samoa","month":"2014-10","access_date":"2014-11-01","data":{"chrome":{"4":null,"5":null,"6":null,"7":null,"8":null,"9":null,"10":null,"11":null,"12":4.708896,"13":null,"14":0.08688,"15":null,"16":null,"17":null,"18":null,"19":null,"20":0.017376,"21":0.026064,"22":null,"23":null,"24":null,"25":null,"26":null,"27":0.034752,"28":0.017376,"29":null,"30":null,"31":0.026064,"32":0.026064,"33":0.321456,"34":0.017376,"35":3.327504,"36":0.13032,"37":20.190912,"38":3.240624,"39":null,"40":null,"41":null},"firefox":{"2":null,"3":0.747168,"3.5":null,"3.6":0.147696,"4":3.397008,"5":0.095568,"6":0.495216,"7":null,"8":0.026064,"9":0.026064,"10":0.034752,"11":0.399648,"12":0.08688,"13":null,"14":0.052128,"15":0.026064,"16":0.451776,"17":0.008688,"18":1.624656,"19":0.834048,"20":0.04344,"21":0.026064,"22":0.017376,"23":0.026064,"24":0.08688,"25":1.893984,"26":0.060816,"27":0.008688,"28":0.13032,"29":0.39096,"30":0.356208,"31":0.26064,"32":20.338608,"33":0.78192,"34":0.382272,"35":null,"36":null},"opera":{"9":null,"9.5-9.6":null,"10.0-10.1":0,"10.5":null,"10.6":null,"11":null,"11.1":null,"11.5":null,"11.6":null,"12":null,"12.1":null,"15":null,"16":null,"17":null,"18":null,"19":null,"20":null,"21":null,"22":null,"23":null,"24":null,"25":0.017376,"26":null,"27":null},"safari":{"3.1":null,"3.2":null,"4":0,"5":0.034752,"5.1":0.30408,"6":0.078192,"6.1":0.104256,"7":0.112944,"7.1":0.095568,"8":null},"android":{"2.1":0,"2.2":0.00496861464005,"2.3":0.114278136721,"3":0.00372646098004,"4":0.252157192982,"4.1":0.741979786247,"4.2-4.3":1.11172752571,"4.4":1.41564112119,"4.4.3-4.4.4":0.462081161525,"37":0},"ios_saf":{"3.2":0,"4.0-4.1":0,"4.2-4.3":0,"5.0-5.1":0.00608878873239,"6.0-6.1":0.0273125665996,"7.0-7.1":0.377765849497,"8":0.332012951308,"8.1":0.121427843863},"op_mob":{"10":0,"11":0,"11.1":0,"11.5":0,"12":0.0110737272727,"12.1":0.0498317727273,"0":null},"ie":{"5.5":null,"6":0.582096,"7":0.104256,"8":3.318816,"9":2.745408,"10":1.859232,"11":11.85912},"bb":{"7":0.005904,"10":null},"and_ff":{"0":0.010496},"ie_mob":{"10":0.10644256},"and_uc":{"0":1.746272},"op_mini":{"5.0-8.0":3.8370465},"and_chr":{"0":1.556}},"total":98.93965856}