{"id":"WS","name":"Samoa","month":"2019-04","access_date":"2019-05-03","data":{"chrome":{"4":0,"5":0,"6":0,"7":0,"8":0,"9":0,"10":0,"11":0,"12":0,"13":0,"14":0,"15":0,"16":0,"17":0,"18":0,"19":0,"20":0,"21":0,"22":0,"23":0,"24":0.004795,"25":0.033565,"26":0,"27":0.004795,"28":0,"29":0,"30":0,"31":0,"32":0,"33":0,"34":0,"35":0,"36":0,"37":0.014385,"38":0.004795,"39":0,"40":0.004795,"41":0,"42":0,"43":0,"44":0,"45":0,"46":0,"47":0,"48":0,"49":0.26852,"50":0,"51":0,"52":0.004795,"53":0.01918,"54":0,"55":0,"56":0,"57":0,"58":0.02877,"59":0.004795,"60":0,"61":0.04795,"62":0.01918,"63":0,"64":0.004795,"65":0.091105,"66":0.004795,"67":0.00959,"68":0.20139,"69":0.110285,"70":0.004795,"71":0.07672,"72":1.27547,"73":8.961855,"74":0.004795,"75":0.00959,"76":null},"firefox":{"2":0,"3":0,"3.5":0,"3.6":0,"4":0,"5":0,"6":0,"7":0,"8":0,"9":0,"10":0,"11":0,"12":0,"13":0,"14":0,"15":0,"16":0,"17":0,"18":0,"19":0,"20":0,"21":0,"22":0.004795,"23":0,"24":0,"25":0,"26":0,"27":0,"28":0,"29":0.004795,"30":0.004795,"31":0.004795,"32":0,"33":0,"34":0,"35":0,"36":0,"37":0,"38":0,"39":0,"40":0,"41":0,"42":0,"43":0.04795,"44":0.004795,"45":0.004795,"46":0,"47":0.07672,"48":0.004795,"49":0,"50":0.00959,"51":0.00959,"52":0.014385,"53":0,"54":0,"55":0,"56":0,"57":0.014385,"58":0,"59":0,"60":0.01918,"61":0,"62":0,"63":0.01918,"64":0.004795,"65":0.35483,"66":2.747535,"67":0.081515,"68":0},"opera":{"9":0,"9.5-9.6":0,"10.0-10.1":0,"10.5":0,"10.6":0,"11":0,"11.1":0,"11.5":0,"11.6":0,"12":0,"12.1":0.014385,"15":0,"16":0,"17":0,"18":0,"19":0,"20":0,"21":0,"22":0,"23":0,"24":0,"25":0,"26":0,"27":0,"28":0,"29":0,"30":0,"31":0,"32":0,"33":0,"34":0,"35":0.02877,"36":0,"37":0.00959,"38":0,"39":0,"40":0,"41":0,"42":0,"43":0,"44":0,"45":0,"46":0,"47":0,"48":0,"49":0,"50":0.004795,"51":0,"52":0,"53":0,"54":0,"55":0,"56":0,"57":0,"58":0.810355},"safari":{"3.1":0,"3.2":0,"4":0,"5":0.043155,"5.1":0,"6":0,"6.1":0.004795,"7":0,"7.1":0,"8":0,"9":0,"9.1":0.004795,"10":0.004795,"10.1":0.00959,"11":0.014385,"11.1":0,"12":0.03836,"12.1":0.08631,"0":null},"ios_saf":{"3.2":0.0043847643350345,"4.0-4.1":0.0026308586010207,"4.2-4.3":0.0008769528670069,"5.0-5.1":0.008769528670069,"6.0-6.1":0.0043847643350345,"7.0-7.1":0.015785151606124,"8":0.067525370759532,"8.1-8.4":0.034201161813269,"9.0-9.2":0.020169915941159,"9.3":0.16749799759832,"10.0-10.2":0.092957003902732,"10.3":0.22186907535275,"11.0-11.2":0.27360929450615,"11.3-11.4":0.56212678775143,"12.0-12.1":3.3938075953167,"12.2":3.8927937766437},"android":{"2.1":0.037099470766129,"2.2":0.063599092741935,"2.3":0.037099470766129,"3":0.0052999243951613,"4":0.76318911290323,"4.1":0.38159455645161,"4.2-4.3":1.6535764112903,"4.4":0,"4.4.3-4.4.4":2.3160669606855,"67":null},"ie":{"5.5":0,"6":0,"7":0,"8":0.05754,"9":0,"10":0.03836,"11":0.311675},"edge":{"12":0.02877,"13":0.26852,"14":0.03836,"15":0.081515,"16":0.20139,"17":0.71925,"18":0.07672},"op_mob":{"10":null,"11":null,"11.1":null,"11.5":null,"12":null,"12.1":null,"0":null},"samsung":{"4":0.79769143548387,"5.0-5.4":0.10359629032258,"6.2-6.4":0.24863109677419,"7.2-7.4":1.2638747419355,"8.2":3.4186775806452,"9.2":0.59049885483871},"ie_mob":{"10":0,"11":0},"bb":{"7":0,"10":0},"kaios":{"2.5":0},"baidu":{"0":null},"and_ff":{"0":0.026025},"and_uc":{"0":2.47758},"and_qq":{"1.2":0.005205},"op_mini":{"0":3.0699930670103},"and_chr":{"0":50.348145}},"total":93.91573806701}