{"id":"WS","name":"Samoa","month":"2021-05","access_date":"2021-06-04","data":{"firefox":{"2":null,"3":null,"3.5":null,"3.6":null,"4":null,"5":null,"6":null,"7":null,"8":null,"9":null,"10":null,"11":null,"12":null,"13":null,"14":null,"15":null,"16":null,"17":null,"18":null,"19":null,"20":null,"21":null,"22":null,"23":null,"24":null,"25":null,"26":null,"27":null,"28":null,"29":0.00692,"30":0.00346,"31":null,"32":null,"33":null,"34":null,"35":null,"36":null,"37":0.01037,"38":null,"39":null,"40":null,"41":null,"42":null,"43":0.01383,"44":null,"45":null,"46":null,"47":0.01037,"48":null,"49":null,"50":null,"51":null,"52":null,"53":null,"54":null,"55":null,"56":null,"57":null,"58":0.00692,"59":null,"60":null,"61":null,"62":null,"63":null,"64":null,"65":null,"66":null,"67":0.00692,"68":null,"69":null,"70":0.00692,"71":0.00346,"72":null,"73":null,"74":null,"75":null,"76":null,"77":null,"78":0.00692,"79":null,"80":null,"81":0.01383,"82":null,"83":null,"84":0.01037,"85":null,"86":null,"87":0.01383,"88":1.76358,"89":0.04495,"90":null,"91":null},"chrome":{"4":null,"5":null,"6":null,"7":null,"8":null,"9":null,"10":null,"11":null,"12":null,"13":null,"14":null,"15":null,"16":null,"17":null,"18":null,"19":null,"20":null,"21":null,"22":null,"23":null,"24":null,"25":null,"26":null,"27":null,"28":null,"29":0.03112,"30":null,"31":null,"32":null,"33":null,"34":null,"35":null,"36":null,"37":null,"38":null,"39":null,"40":null,"41":null,"42":null,"43":null,"44":null,"45":null,"46":0.00346,"47":null,"48":null,"49":0.05187,"50":null,"51":null,"52":null,"53":null,"54":null,"55":null,"56":0.00692,"57":null,"58":0.02421,"59":0.00692,"60":null,"61":null,"62":null,"63":0.01729,"64":1.4904,"65":0.02421,"66":0.00692,"67":null,"68":0.00346,"69":0.01037,"70":0.01383,"71":null,"72":null,"73":0.00346,"74":0.03458,"75":0.00692,"76":null,"77":null,"78":0.02766,"79":0.07608,"80":0.02421,"81":0.04841,"83":0.00346,"84":0.00692,"85":0.49795,"86":0.01383,"87":0.02766,"88":0.0657,"89":0.31814,"90":14.76566,"91":0.63281,"92":0.02421,"93":null,"94":null},"opera":{"9":null,"9.5-9.6":null,"10.0-10.1":0,"10.5":null,"10.6":null,"11":null,"11.1":null,"11.5":null,"11.6":null,"12":null,"12.1":null,"15":null,"16":null,"17":null,"18":null,"19":null,"20":null,"21":null,"22":null,"23":null,"24":null,"25":null,"26":null,"27":null,"28":null,"29":null,"30":null,"31":null,"32":null,"33":null,"34":null,"35":null,"36":null,"37":null,"38":null,"39":null,"40":null,"41":null,"42":null,"43":null,"44":null,"45":null,"46":null,"47":null,"48":null,"49":null,"50":null,"51":null,"52":null,"53":null,"54":null,"55":null,"56":null,"57":null,"58":null,"60":null,"62":null,"63":null,"64":null,"65":null,"66":null,"67":null,"68":null,"69":null,"70":null,"71":null,"72":null,"73":null,"74":null,"75":0.06224,"76":0.12103},"ios_saf":{"3.2":0,"4.0-4.1":0,"4.2-4.3":0,"5.0-5.1":0,"6.0-6.1":0,"7.0-7.1":0,"8":0,"8.1-8.4":0,"9.0-9.2":0.00356,"9.3":0.03428,"10.0-10.2":0.02537,"10.3":0.01558,"11.0-11.2":0.04585,"11.3-11.4":0.03071,"12.0-12.1":0.04629,"12.2-12.4":0.27509,"13.0-13.1":0.06855,"13.2":0.12464,"13.3":0.11796,"13.4-13.7":1.0158,"14.0-14.4":1.80324,"14.5-14.6":0.31827},"safari":{"3.1":null,"3.2":null,"4":0,"5":null,"5.1":null,"6":null,"6.1":null,"7":null,"7.1":null,"8":null,"9":null,"9.1":null,"10":null,"10.1":0.00692,"11":0.00692,"11.1":0.00692,"12":0.00692,"12.1":0.01037,"13":0.02421,"13.1":0.0415,"14":0.2144,"14.1":0.06916,"0":null},"edge":{"12":0.04495,"13":0.04841,"14":0.01383,"15":0.06224,"16":0.0415,"17":0.04841,"18":0.29739,"79":null,"80":null,"81":null,"83":null,"84":0.01037,"85":0.03112,"86":0.02421,"87":0.01037,"88":0.01037,"89":0.16944,"90":2.41023,"91":0.11066},"samsung":{"4":0.24327,"5.0-5.4":0.02077,"6.2-6.4":0.04055,"7.2-7.4":0.76023,"8.2":0.10461,"9.2":0.16218,"10.1":0.59805,"11.1-11.2":0.41559,"12.0":0.13177,"13.0":0.63859,"14.0":2.3415},"android":{"2.1":0,"2.2":0,"2.3":0,"3":0,"4":0,"4.1":0.00178,"4.2-4.3":0.01606,"4.4":0,"4.4.3-4.4.4":0.02795,"0":0},"op_mob":{"10":null,"11":null,"11.1":null,"11.5":null,"12":null,"12.1":null,"0":null},"ie":{"5.5":null,"6":null,"7":null,"8":null,"9":null,"10":null,"11":0.22131},"bb":{"7":0,"10":0},"ie_mob":{"10":null,"11":null},"kaios":{"2.5":0.15701},"baidu":{"0":null},"and_ff":{"0":0.02617},"and_qq":{"10.4":0.01308},"and_uc":{"0":2.99624},"op_mini":{"0":1.06529},"and_chr":{"0":61.81617}},"total":99.81874}