{"id":"YE","name":"Yemen","month":"2015-04","access_date":"2015-05-02","data":{"chrome":{"4":0.019255,"5":0.061616,"6":0.046212,"7":0.003851,"8":0.057765,"9":0.011553,"10":0.030808,"11":0.161742,"12":0.046212,"13":0.057765,"14":0.103977,"15":0.100126,"16":0.03851,"17":0.088573,"18":0.069318,"19":0.023106,"20":0.023106,"21":0.015404,"22":0.184848,"23":0.084722,"24":0.150189,"25":0.119381,"26":0.138636,"27":0.26957,"28":0.184848,"29":0.146338,"30":0.173295,"31":0.246464,"32":0.242613,"33":0.485226,"34":0.250315,"35":0.273421,"36":0.512183,"37":0.504481,"38":0.42361,"39":1.132194,"40":1.263128,"41":8.379776,"42":3.115459,"43":0.069318,"44":0.011553,"45":0},"firefox":{"2":0.007702,"3":0.061616,"3.5":0.023106,"3.6":0.130934,"4":0.065467,"5":0.026957,"6":0.11553,"7":0.015404,"8":0.042361,"9":0.073169,"10":0.100126,"11":0.173295,"12":0.23106,"13":0.069318,"14":0.07702,"15":0.177146,"16":0.123232,"17":0.119381,"18":0.180997,"19":0.227209,"20":0.092424,"21":0.250315,"22":0.069318,"23":0.173295,"24":0.161742,"25":0.111679,"26":0.331186,"27":0.165593,"28":0.273421,"29":0.234911,"30":0.46212,"31":0.469822,"32":0.377398,"33":0.388951,"34":0.585352,"35":0.908836,"36":2.302898,"37":3.327264,"38":0.092424,"39":0.007702,"40":0},"opera":{"9":0,"9.5-9.6":0,"10.0-10.1":0.011553,"10.5":0,"10.6":0,"11":0.003851,"11.1":0.003851,"11.5":0.023106,"11.6":0.026957,"12":0.030808,"12.1":0.103977,"15":0.011553,"16":0.003851,"17":0,"18":0.015404,"19":0.011553,"20":0.007702,"21":0.003851,"22":0.007702,"23":0,"24":0.015404,"25":0.007702,"26":0.030808,"27":0.030808,"28":0.508332,"29":0.065467},"safari":{"3.1":0,"3.2":0,"4":0.007702,"5":0.023106,"5.1":0.019255,"6":0.003851,"6.1":0,"7":0.046212,"7.1":0.015404,"8":0.046212},"android":{"2.1":0,"2.2":0,"2.3":0.336118580289,"3":0,"4":0.642226573053,"4.1":2.42085406042,"4.2-4.3":4.42356060131,"4.4":6.61633419653,"4.4.3-4.4.4":2.9790509884,"40":null},"ios_saf":{"3.2":0,"4.0-4.1":0,"4.2-4.3":0,"5.0-5.1":0.0269090480161,"6.0-6.1":0.0683075834254,"7.0-7.1":1.0232338002,"8":0.17870367785,"8.1-8.3":5.57155289051},"op_mob":{"10":0,"11":0,"11.1":0,"11.5":0,"12":0.00538110586371,"12.1":0.0215244234548,"0":0.107622117274},"ie":{"5.5":0,"6":0.0754877359155,"7":0.0238382323944,"8":0.778715591549,"9":0.254274478873,"10":0.26619359507,"11":0.83036509507,"0":null},"ie_mob":{"10":0.0380841290323,"11":0.109491870968},"bb":{"7":0.01690975,"10":null},"and_uc":{"0":11.19118},"op_mini":{"5.0-8.0":16.8428613534},"and_chr":{"0":9.675264},"and_ff":{"0":0.485771}},"total":98.2439464789}