{"id":"YE","name":"Yemen","month":"2015-07","access_date":"2015-08-02","data":{"chrome":{"4":0.011556,"5":0.023112,"6":0.040446,"7":0.002889,"8":0.02889,"9":0,"10":0.040446,"11":0.098226,"12":0.043335,"13":0.026001,"14":0.060669,"15":0.043335,"16":0.008667,"17":0.05778,"18":0.066447,"19":0.023112,"20":0.023112,"21":0.005778,"22":0.11556,"23":0.049113,"24":0.080892,"25":0.05778,"26":0.112671,"27":0.17334,"28":0.098226,"29":0.054891,"30":0.095337,"31":0.170451,"32":0.17334,"33":0.254232,"34":0.17334,"35":0.132894,"36":0.228231,"37":0.416016,"38":0.184896,"39":0.667359,"40":0.716472,"41":0.473796,"42":0.413127,"43":6.116013,"44":1.661175,"45":0.020223,"46":0.002889,"47":0},"firefox":{"2":0.002889,"3":0.052002,"3.5":0.017334,"3.6":0.054891,"4":0.020223,"5":0.014445,"6":0.158895,"7":0.017334,"8":0.040446,"9":0.078003,"10":0.072225,"11":0.092448,"12":0.17334,"13":0.05778,"14":0.046224,"15":0.083781,"16":0.060669,"17":0.078003,"18":0.176229,"19":0.164673,"20":0.066447,"21":0.135783,"22":0.112671,"23":0.138672,"24":0.092448,"25":0.05778,"26":0.205119,"27":0.161784,"28":0.179118,"29":0.135783,"30":0.326457,"31":0.384237,"32":0.265788,"33":0.335124,"34":0.355347,"35":0.667359,"36":0.453573,"37":0.416016,"38":1.562949,"39":2.709882,"40":0.080892,"41":0.002889,"42":0},"opera":{"9":0,"9.5-9.6":0,"10.0-10.1":0.014445,"10.5":0,"10.6":0,"11":0.008667,"11.1":0,"11.5":0.002889,"11.6":0.014445,"12":0.020223,"12.1":0.072225,"15":0.002889,"16":0.002889,"17":0,"18":0.020223,"19":0.008667,"20":0.005778,"21":0.002889,"22":0.002889,"23":0,"24":0.017334,"25":0.008667,"26":0.020223,"27":0.017334,"28":0.026001,"29":0.11556,"30":0.421794,"31":0.034668,"32":0.002889},"safari":{"3.1":0,"3.2":0,"4":0.005778,"5":0.020223,"5.1":0.014445,"6":0.002889,"6.1":0,"7":0.014445,"7.1":0.014445,"8":0.031779,"9":0},"android":{"2.1":0,"2.2":0,"2.3":0.171804166595,"3":0,"4":0.539955952154,"4.1":1.84968381957,"4.2-4.3":3.63912461969,"4.4":6.49508998645,"4.4.3-4.4.4":2.78679745554,"40":null},"ios_saf":{"3.2":0,"4.0-4.1":0,"4.2-4.3":0,"5.0-5.1":0.0183093789044,"6.0-6.1":0.0753915601946,"7.0-7.1":0.525586876785,"8":0.0743145379061,"8.1-8.4":6.16810664621,"9":null},"op_mob":{"10":0,"11":0,"11.1":0,"11.5":0,"12":0.0521736005782,"12.1":0.156520801735,"0":1.61738161792},"ie":{"5.5":0,"6":0.0294960839161,"7":0.0176976503497,"8":0.533879118881,"9":0.117984335664,"10":0.221220629371,"11":0.731502881119},"bb":{"7":0.0248885,"10":null},"ie_mob":{"10":0.0387930446429,"11":0.146092955357},"and_uc":{"0":15.267317},"op_mini":{"5.0-8.0":22.2375479798},"and_chr":{"0":10.242115},"edge":{"0":0.002889},"and_ff":{"0":0.419549}},"total":98.7028231993}