{"id":"YT","name":"Mayotte","month":"2015-07","access_date":"2015-08-02","data":{"chrome":{"4":0,"5":0,"6":0,"7":0,"8":0,"9":0,"10":0.022872,"11":0.274464,"12":0,"13":0,"14":0,"15":0,"16":0,"17":0,"18":0.099112,"19":0,"20":0,"21":0,"22":0.015248,"23":0.007624,"24":0.060992,"25":0.007624,"26":0.03812,"27":0,"28":0.022872,"29":0.022872,"30":0.030496,"31":0.083864,"32":0.053368,"33":0.03812,"34":0.083864,"35":0.144856,"36":0.251592,"37":0.07624,"38":0.091488,"39":0.777648,"40":0.236344,"41":0.160104,"42":1.006368,"43":25.791992,"44":6.968336,"45":0.068616,"46":0,"47":0},"firefox":{"2":0.015248,"3":0.045744,"3.5":0.007624,"3.6":0.060992,"4":0.015248,"5":0,"6":0.007624,"7":0.007624,"8":0.007624,"9":0.022872,"10":0.007624,"11":0.030496,"12":0.03812,"13":0.007624,"14":0.007624,"15":0.060992,"16":0.053368,"17":0.091488,"18":0.007624,"19":0.015248,"20":0,"21":0.007624,"22":0,"23":0.007624,"24":0.091488,"25":0.022872,"26":0.091488,"27":0.007624,"28":0.030496,"29":0.07624,"30":0.137232,"31":0.129608,"32":0.022872,"33":0.060992,"34":0.11436,"35":0.11436,"36":0.11436,"37":0.64804,"38":4.170328,"39":11.66472,"40":0.11436,"41":0.022872,"42":0},"opera":{"9":0,"9.5-9.6":0,"10.0-10.1":0,"10.5":0,"10.6":0,"11":0,"11.1":0,"11.5":0.007624,"11.6":0,"12":0,"12.1":0.121984,"15":0,"16":0,"17":0,"18":0,"19":0,"20":0,"21":0,"22":0,"23":0,"24":0.007624,"25":0.015248,"26":0.015248,"27":0,"28":0.236344,"29":0.03812,"30":1.357072,"31":0.015248,"32":0},"safari":{"3.1":0,"3.2":0,"4":0.007624,"5":0.121984,"5.1":0.41932,"6":0.099112,"6.1":0.160104,"7":0.083864,"7.1":0.5718,"8":1.494304,"9":0.007624},"android":{"2.1":0,"2.2":0,"2.3":0.0899660942499,"3":0,"4":0.282750581928,"4.1":0.968596001729,"4.2-4.3":1.90564545093,"4.4":3.40118571898,"4.4.3-4.4.4":1.45932015218,"40":null},"ios_saf":{"3.2":0,"4.0-4.1":0,"4.2-4.3":0,"5.0-5.1":0.010471295558,"6.0-6.1":0.0431170993565,"7.0-7.1":0.300587778371,"8":0.0425011407942,"8.1-8.4":3.52759468592,"9":null},"op_mob":{"10":0,"11":0,"11.1":0,"11.5":0,"12":0.00494031703204,"12.1":0.0148209510961,"0":0.153149827993},"ie":{"5.5":0,"6":0.015248,"7":0.030496,"8":0.442192,"9":0.480312,"10":0.80052,"11":7.006456},"bb":{"7":0.039798,"10":null},"ie_mob":{"10":0.134604642857,"11":0.506915357143},"and_uc":{"0":0.387288},"op_mini":{"5.0-8.0":2.10567290388},"and_chr":{"0":13.479224},"edge":{"0":0.091488},"and_ff":{"0":0.220968}},"total":97.321542}