{"id":"YT","name":"Mayotte","month":"2020-10","access_date":"2020-11-03","data":{"firefox":{"2":0,"3":0,"3.5":0,"3.6":0,"4":0,"5":0,"6":0,"7":0,"8":0,"9":0,"10":0,"11":0,"12":0,"13":0,"14":0,"15":0,"16":0,"17":0,"18":0,"19":0,"20":0,"21":0,"22":0,"23":0,"24":0,"25":0,"26":0,"27":0,"28":0,"29":0,"30":0,"31":0,"32":0,"33":0,"34":0,"35":0,"36":0,"37":0,"38":0,"39":0,"40":0.00606,"41":0,"42":0.00606,"43":0,"44":0,"45":0,"46":0,"47":0,"48":0,"49":0,"50":0,"51":0,"52":0.01817,"53":0,"54":0,"55":0.01817,"56":0.02422,"57":0,"58":0,"59":0,"60":0.03028,"61":0,"62":0,"63":0,"64":0,"65":0,"66":0.01211,"67":0,"68":0.04845,"69":0.00606,"70":0.00606,"71":0,"72":0.02422,"73":0,"74":0,"75":0,"76":0.00606,"77":0.02422,"78":0.08478,"79":0.00606,"80":0.3028,"81":3.785,"82":0.27858,"83":0.00606,"84":0},"chrome":{"4":0,"5":0,"6":0,"7":0,"8":0,"9":0,"10":0,"11":0,"12":0,"13":0,"14":0,"15":0,"16":0,"17":0,"18":0,"19":0,"20":0,"21":0,"22":0,"23":0,"24":0,"25":0,"26":0,"27":0,"28":0,"29":0,"30":0,"31":0,"32":0,"33":0,"34":0,"35":0,"36":0,"37":0,"38":0,"39":0,"40":0,"41":0,"42":0,"43":0.00606,"44":0,"45":0,"46":0,"47":0,"48":0,"49":0.01817,"50":0,"51":0.00606,"52":0,"53":0.00606,"54":0,"55":0,"56":0.01211,"57":0,"58":0.03028,"59":0,"60":0,"61":0,"62":0,"63":0.00606,"64":0.00606,"65":0.02422,"66":0,"67":0.07873,"68":0,"69":0.00606,"70":0.00606,"71":0,"72":0,"73":0,"74":0.03028,"75":0,"76":0.04239,"77":0.02422,"78":0.01211,"79":0.19985,"80":0,"81":0.06662,"83":0.04845,"84":0.07873,"85":9.31413,"86":12.32396,"87":0.03028,"88":0,"89":0},"opera":{"9":0,"9.5-9.6":0,"10.0-10.1":0,"10.5":0,"10.6":0,"11":0,"11.1":0,"11.5":0,"11.6":0,"12":0,"12.1":0,"15":0,"16":0,"17":0,"18":0,"19":0,"20":0,"21":0,"22":0,"23":0,"24":0,"25":0,"26":0,"27":0,"28":0,"29":0,"30":0,"31":0,"32":0,"33":0,"34":0,"35":0,"36":0,"37":0,"38":0,"39":0,"40":0.00606,"41":0,"42":0,"43":0,"44":0,"45":0,"46":0,"47":0,"48":0,"49":0,"50":0,"51":0,"52":0,"53":0,"54":0,"55":0,"56":0,"57":0.00606,"58":0,"60":0,"62":0,"63":0.01817,"64":0,"65":0,"66":0,"67":0,"68":0,"69":0,"70":0.0545,"71":0.43603,"72":0},"ios_saf":{"3.2":0.01236,"4.0-4.1":0.0106,"4.2-4.3":0.00177,"5.0-5.1":0.00883,"6.0-6.1":0.0053,"7.0-7.1":0.01236,"8":0,"8.1-8.4":0.04062,"9.0-9.2":0.02296,"9.3":0.29318,"10.0-10.2":0.04945,"10.3":0.27198,"11.0-11.2":0.10243,"11.3-11.4":0.17485,"12.0-12.1":0.17838,"12.2-12.4":1.77848,"13.0-13.1":0.14659,"13.2":0.07241,"13.3":0.55103,"13.4-13.7":2.93529,"14":5.16059},"safari":{"3.1":0,"3.2":0,"4":0,"5":0,"5.1":0,"6":0,"6.1":0,"7":0,"7.1":0.00606,"8":0.00606,"9":0,"9.1":0,"10":0.00606,"10.1":0.00606,"11":0,"11.1":0.0545,"12":0.01211,"12.1":0.15746,"13":0.06056,"13.1":0.78728,"14":1.28993,"0":null},"edge":{"12":0.10295,"13":0.06056,"14":0.01817,"15":0.01211,"16":0.03028,"17":0.10295,"18":0.9629,"79":0,"80":0.01817,"81":0.00606,"83":0.01211,"84":0.02422,"85":0.88418,"86":2.31945},"android":{"2.1":0,"2.2":0,"2.3":0.00035,"3":0,"4":0.04324,"4.1":0.02179,"4.2-4.3":0.00969,"4.4":0,"4.4.3-4.4.4":0.07887,"81":null},"samsung":{"4":0.33984,"5.0-5.4":0,"6.2-6.4":0.0103,"7.2-7.4":0.07209,"8.2":0,"9.2":0.05149,"10.1":0.0103,"11.1-11.2":0.06179,"12.0":2.04935},"op_mob":{"10":null,"11":null,"11.1":null,"11.5":null,"12":null,"12.1":null,"0":null},"ie":{"5.5":0,"6":0,"7":0,"8":0,"9":0.01817,"10":0,"11":0.19985},"bb":{"7":0,"10":0},"ie_mob":{"10":0,"11":0},"kaios":{"2.5":0},"baidu":{"0":null},"and_ff":{"0":0.21692},"and_qq":{"10.4":0},"and_uc":{"0":0.00789},"op_mini":{"0":0.48168},"and_chr":{"0":47.94274}},"total":97.97719}