{"id":"YT","name":"Mayotte","month":"2018-10","access_date":"2018-11-06","data":{"chrome":{"4":0,"5":0,"6":0,"7":0,"8":0,"9":0,"10":0,"11":0,"12":0,"13":0,"14":0,"15":0,"16":0,"17":0,"18":0,"19":0,"20":0,"21":0,"22":0,"23":0,"24":0,"25":0,"26":0.045269,"27":0,"28":0,"29":0,"30":0,"31":0,"32":0,"33":0,"34":0.097005,"35":0,"36":0,"37":0,"38":0.025868,"39":0.006467,"40":0.006467,"41":0,"42":0,"43":0.019401,"44":0,"45":0,"46":0.019401,"47":0,"48":0,"49":0.316883,"50":0,"51":0,"52":0,"53":0.006467,"54":0,"55":0.006467,"56":0.006467,"57":0.006467,"58":0.219878,"59":0.006467,"60":0.025868,"61":0.012934,"62":0.051736,"63":0.045269,"64":0.025868,"65":0.12934,"66":0.012934,"67":0.737238,"68":0.310416,"69":18.644361,"70":4.100078,"71":0,"72":0,"73":0},"firefox":{"2":0,"3":0,"3.5":0,"3.6":0,"4":0,"5":0.006467,"6":0,"7":0,"8":0,"9":0,"10":0,"11":0,"12":0,"13":0,"14":0,"15":0,"16":0,"17":0.012934,"18":0,"19":0,"20":0,"21":0,"22":0,"23":0,"24":0.006467,"25":0,"26":0,"27":0,"28":0,"29":0,"30":0,"31":0,"32":0,"33":0,"34":0.006467,"35":0,"36":0,"37":0.006467,"38":0.012934,"39":0.006467,"40":0,"41":0.025868,"42":0,"43":0.006467,"44":0,"45":0.006467,"46":0.025868,"47":0.012934,"48":0.012934,"49":0.006467,"50":0.006467,"51":0,"52":0.090538,"53":0.012934,"54":0.006467,"55":0,"56":0.291015,"57":0.077604,"58":0.019401,"59":0.045269,"60":0.090538,"61":0.084071,"62":4.610971,"63":0.569096,"64":0,"65":0},"opera":{"9":0,"9.5-9.6":0,"10.0-10.1":0,"10.5":0,"10.6":0,"11":0,"11.1":0,"11.5":0,"11.6":0,"12":0,"12.1":0,"15":0,"16":0,"17":0,"18":0,"19":0,"20":0,"21":0,"22":0.012934,"23":0,"24":0,"25":0,"26":0,"27":0,"28":0,"29":0,"30":0,"31":0,"32":0,"33":0,"34":0,"35":0,"36":0,"37":0,"38":0,"39":0,"40":0.006467,"41":0,"42":0,"43":0,"44":0,"45":0,"46":0,"47":0,"48":0.006467,"49":0,"50":0,"51":0,"52":0,"53":0,"54":0.019401,"55":0.439756,"56":1.429207},"safari":{"3.1":0,"3.2":0,"4":0,"5":0,"5.1":0.025868,"6":0,"6.1":0,"7":0,"7.1":0,"8":0,"9":0.006467,"9.1":0.077604,"10":0.012934,"10.1":0.45269,"11":0.090538,"11.1":0.329817,"12":1.03472,"0":null},"ios_saf":{"3.2":0.001096881060377,"4.0-4.1":0,"4.2-4.3":0.0032906431811309,"5.0-5.1":0.012065691664147,"6.0-6.1":0.0043875242415079,"7.0-7.1":0.027422026509424,"8":0.13272260830561,"8.1-8.4":0.070200387864127,"9.0-9.2":0.032906431811309,"9.3":0.22815126055841,"10.0-10.2":0.39378030067534,"10.3":0.42120232718476,"11.0-11.2":0.87421420512045,"11.3-11.4":2.9319630743877,"12":5.7487536374357},"android":{"2.1":0,"2.2":0.0010039479905437,"2.3":0.022086855791962,"3":0.0010039479905437,"4":0.13352508274232,"4.1":0.038150023640662,"4.2-4.3":0.20179354609929,"4.4":0,"4.4.3-4.4.4":0.45177659574468,"67":null},"op_mob":{"10":null,"11":null,"11.1":null,"11.5":null,"12":null,"12.1":null,"0":null},"ie":{"5.5":0,"6":0,"7":0,"8":0.012934,"9":0.006467,"10":0.019401,"11":0.614365},"edge":{"12":0.025868,"13":0.012934,"14":0.103472,"15":0.200477,"16":0.32335,"17":1.752557,"18":null},"samsung":{"4":0.23258010769231,"5":0.14800552307692,"6.2":0.14800552307692,"7.2":null},"ie_mob":{"10":0,"11":0.038863},"bb":{"7":0,"10":0},"baidu":{"0":null},"and_ff":{"0":0.116589},"and_uc":{"0":0.151919},"and_qq":{"1.2":null},"op_mini":{"0":0.17727525601375},"and_chr":{"0":44.119576}},"total":94.82560040986}