{"id":"YT","name":"Mayotte","month":"2022-01","access_date":"2022-02-02","data":{"firefox":{"2":null,"3":null,"3.5":null,"3.6":null,"4":null,"5":null,"6":null,"7":null,"8":null,"9":null,"10":null,"11":null,"12":null,"13":null,"14":null,"15":null,"16":null,"17":null,"18":null,"19":null,"20":null,"21":null,"22":null,"23":null,"24":null,"25":null,"26":null,"27":null,"28":null,"29":null,"30":null,"31":null,"32":null,"33":null,"34":null,"35":null,"36":null,"37":null,"38":null,"39":null,"40":null,"41":null,"42":null,"43":null,"44":null,"45":null,"46":null,"47":null,"48":null,"49":null,"50":null,"51":null,"52":null,"53":null,"54":null,"55":null,"56":null,"57":null,"58":null,"59":null,"60":0.07613,"61":null,"62":null,"63":null,"64":null,"65":null,"66":null,"67":null,"68":0.02538,"69":null,"70":null,"71":null,"72":0.01015,"73":null,"74":null,"75":null,"76":null,"77":null,"78":1.7864,"79":null,"80":null,"81":null,"82":0.00508,"83":0.01015,"84":0.0406,"85":null,"86":0.00508,"87":0.01015,"88":0.03553,"89":0.05583,"90":null,"91":0.09643,"92":0.03045,"93":0.01523,"94":0.06598,"95":2.40048,"96":3.42563,"97":null,"98":null},"chrome":{"4":null,"5":null,"6":null,"7":null,"8":null,"9":null,"10":null,"11":null,"12":null,"13":null,"14":null,"15":null,"16":null,"17":null,"18":null,"19":null,"20":null,"21":null,"22":null,"23":null,"24":null,"25":null,"26":null,"27":null,"28":null,"29":null,"30":null,"31":null,"32":null,"33":null,"34":null,"35":null,"36":null,"37":null,"38":null,"39":null,"40":null,"41":null,"42":null,"43":null,"44":null,"45":null,"46":null,"47":0.01523,"48":null,"49":null,"50":null,"51":null,"52":null,"53":null,"54":null,"55":0.00508,"56":null,"57":null,"58":0.0203,"59":null,"60":null,"61":null,"62":0.0203,"63":0.01523,"64":null,"65":0.0203,"66":null,"67":0.04568,"68":null,"69":null,"70":null,"71":null,"72":null,"73":null,"74":null,"75":null,"76":null,"77":0.01523,"78":null,"79":0.21315,"80":0.01015,"81":0.03045,"83":0.01015,"84":null,"85":null,"86":0.03553,"87":0.19285,"88":0.03045,"89":0.01523,"90":0.04568,"91":0.15225,"92":0.0609,"93":3.7555,"94":0.2639,"95":0.0406,"96":7.7749,"97":16.7881,"98":null,"99":null,"100":null,"101":null},"opera":{"9":null,"9.5-9.6":null,"10.0-10.1":0,"10.5":null,"10.6":null,"11":null,"11.1":null,"11.5":null,"11.6":null,"12":null,"12.1":null,"15":null,"16":null,"17":null,"18":null,"19":null,"20":null,"21":null,"22":null,"23":null,"24":null,"25":null,"26":null,"27":null,"28":null,"29":null,"30":null,"31":null,"32":null,"33":null,"34":null,"35":null,"36":null,"37":null,"38":null,"39":null,"40":null,"41":null,"42":null,"43":null,"44":null,"45":null,"46":null,"47":null,"48":null,"49":null,"50":null,"51":null,"52":null,"53":null,"54":null,"55":null,"56":null,"57":null,"58":null,"60":null,"62":null,"63":null,"64":null,"65":null,"66":null,"67":null,"68":null,"69":null,"70":null,"71":null,"72":null,"73":null,"74":null,"75":null,"76":null,"77":null,"78":null,"79":null,"80":null,"81":null,"82":0.48213,"83":0.0203},"edge":{"12":null,"13":null,"14":null,"15":null,"16":0.01015,"17":0.1421,"18":0.02538,"79":null,"80":null,"81":null,"83":null,"84":0.01523,"85":0.00508,"86":0.00508,"87":null,"88":null,"89":null,"90":null,"91":0.03045,"92":0.04568,"93":0.00508,"94":0.07613,"95":0.11673,"96":1.83208,"97":4.31375},"safari":{"3.1":null,"3.2":null,"4":0,"5":null,"5.1":null,"6":null,"6.1":null,"7":null,"7.1":null,"8":null,"9":null,"9.1":null,"10":null,"10.1":null,"11":null,"11.1":0.04568,"12":0.01523,"12.1":0.23853,"13":null,"13.1":0.1015,"14":0.42123,"14.1":0.65975,"15":0.15225,"15.1":0.5684,"15.2-15.3":0.47198,"15.4":null,"0":null},"ios_saf":{"3.2":0,"4.0-4.1":0,"4.2-4.3":0,"5.0-5.1":0,"6.0-6.1":0,"7.0-7.1":0.01546,"8":0,"8.1-8.4":0,"9.0-9.2":0,"9.3":0,"10.0-10.2":0,"10.3":0.01546,"11.0-11.2":0.02091,"11.3-11.4":0.02728,"12.0-12.1":0.00182,"12.2-12.5":0.21551,"13.0-13.1":0.02728,"13.2":0,"13.3":0.06093,"13.4-13.7":0.12276,"14.0-14.4":0.73838,"14.5-14.8":3.49003,"15.0-15.1":3.0481,"15.2-15.3":1.30763,"15.4":0},"samsung":{"4":0.01042,"5.0-5.4":0.03021,"6.2-6.4":0.03126,"7.2-7.4":0.06251,"8.2":0.01018,"9.2":0.02084,"10.1":0.01018,"11.1-11.2":0.15628,"12.0":0.14251,"13.0":0.05209,"14.0":0.18754,"15.0":0.02084,"16.0":3.96953},"android":{"2.1":0,"2.2":0,"2.3":0,"3":0,"4":0,"4.1":0.00439,"4.2-4.3":0.00153,"4.4":0,"4.4.3-4.4.4":0.01871,"0":0},"ie":{"5.5":null,"6":null,"7":null,"8":null,"9":null,"10":null,"11":0.25883},"op_mob":{"10":null,"11":null,"11.1":null,"11.5":null,"12":null,"12.1":null,"0":null},"bb":{"7":0,"10":0},"ie_mob":{"10":null,"11":null},"and_qq":{"10.4":0},"and_uc":{"0":0.16745},"op_mini":{"0":0.1119},"and_chr":{"0":37.0167},"kaios":{"2.5":0},"baidu":{"0":null},"and_ff":{"0":0.19208}},"total":99.03925}