{"id":"YT","name":"Mayotte","month":"2015-11","access_date":"2015-12-02","data":{"chrome":{"4":0,"5":0.007784,"6":0,"7":0.007784,"8":0,"9":0,"10":0.007784,"11":0.241304,"12":0,"13":0,"14":0,"15":0,"16":0,"17":0,"18":0.023352,"19":0,"20":0,"21":0,"22":0.007784,"23":0.007784,"24":0.101192,"25":0.03892,"26":0.015568,"27":0,"28":0.007784,"29":0,"30":0.015568,"31":0.171248,"32":0.015568,"33":0.023352,"34":0.03892,"35":0.11676,"36":0.179032,"37":0.031136,"38":0.046704,"39":0.280224,"40":0.124544,"41":0.054488,"42":0.420336,"43":0.27244,"44":0.225736,"45":0.490392,"46":33.035296,"47":0.140112,"48":0.062272,"49":0.007784,"50":0},"firefox":{"2":0,"3":0.007784,"3.5":0,"3.6":0.07784,"4":0.015568,"5":0.007784,"6":0.007784,"7":0,"8":0,"9":0,"10":0.070056,"11":0,"12":0.007784,"13":0.046704,"14":0.007784,"15":0.015568,"16":0.07784,"17":0.007784,"18":0.007784,"19":0.007784,"20":0.023352,"21":0.015568,"22":0.023352,"23":0.015568,"24":0.054488,"25":0.085624,"26":0.124544,"27":0.007784,"28":0.007784,"29":0.085624,"30":0.225736,"31":0.031136,"32":0.070056,"33":0.023352,"34":0.108976,"35":0.046704,"36":0.031136,"37":0.101192,"38":0.27244,"39":0.15568,"40":0.435904,"41":4.250064,"42":12.072984,"43":0.140112,"44":0.023352,"45":0.007784},"opera":{"9":0,"9.5-9.6":0,"10.0-10.1":0,"10.5":0,"10.6":0,"11":0.007784,"11.1":0.007784,"11.5":0,"11.6":0,"12":0,"12.1":0.015568,"15":0.015568,"16":0,"17":0,"18":0.007784,"19":0,"20":0,"21":0,"22":0,"23":0,"24":0.007784,"25":0,"26":0.015568,"27":0,"28":0.015568,"29":0.007784,"30":0.007784,"31":0.015568,"32":0.147896,"33":1.354416,"34":0,"35":0},"safari":{"3.1":0,"3.2":0,"4":0.015568,"5":0.062272,"5.1":0.381416,"6":0.007784,"6.1":0.171248,"7":0.147896,"7.1":0.07784,"8":0.474824,"9":2.25736},"android":{"2.1":0,"2.2":0,"2.3":0.0492333790491,"3":0,"4":0.0595380397803,"4.1":0.637744003031,"4.2-4.3":1.3533454427,"4.4":2.58875976814,"4.4.3-4.4.4":1.3556353673,"46":null},"ios_saf":{"3.2":0,"4.0-4.1":0,"4.2-4.3":0,"5.0-5.1":0.0101867847638,"6.0-6.1":0.0084889873032,"7.0-7.1":0.222411467344,"8":0.0314092530218,"8.1-8.4":0.812820534281,"9.0-9.1":3.09338697329},"op_mob":{"10":0,"11":0,"11.1":0,"11.5":0,"12":0.000173287689623,"12.1":0.000346575379246,"0":0.00849109679152},"ie":{"5.5":0.015568,"6":0.124544,"7":0.031136,"8":0.319144,"9":0.23352,"10":0.459256,"11":5.612264},"bb":{"7":0.03601,"10":null},"ie_mob":{"10":0.195730608696,"11":0.863517391304},"edge":{"12":null,"13":null,"14":null},"and_uc":{"0":1.26312},"op_mini":{"5.0-8.0":1.02364504014},"and_chr":{"0":13.822576},"and_ff":{"0":0.042104}},"total":94.522266}