{"id":"YT","name":"Mayotte","month":"2019-06","access_date":"2019-07-05","data":{"chrome":{"4":0,"5":0,"6":0,"7":0,"8":0,"9":0,"10":0,"11":0,"12":0,"13":0,"14":0,"15":0,"16":0,"17":0,"18":0,"19":0,"20":0,"21":0,"22":0,"23":0,"24":0,"25":0.006751,"26":0.013502,"27":0,"28":0,"29":0,"30":0,"31":0,"32":0,"33":0,"34":0,"35":0,"36":0,"37":0,"38":0,"39":0,"40":0,"41":0.020253,"42":0,"43":0.013502,"44":0,"45":0,"46":0.020253,"47":0,"48":0,"49":0.047257,"50":0.013502,"51":0.006751,"52":0,"53":0,"54":0.020253,"55":0.006751,"56":0,"57":0,"58":0.121518,"59":0,"60":0.006751,"61":0.006751,"62":0,"63":0.040506,"64":0.094514,"65":0.074261,"66":0,"67":0,"68":0.06751,"69":0.027004,"70":0.087763,"71":0.155273,"72":0.027004,"73":0.114767,"74":16.013372,"75":8.053943,"76":0,"77":0.249787,"78":0},"firefox":{"2":0,"3":0,"3.5":0,"3.6":0,"4":0,"5":0,"6":0,"7":0,"8":0,"9":0,"10":0,"11":0,"12":0,"13":0,"14":0,"15":0,"16":0,"17":0,"18":0,"19":0,"20":0,"21":0,"22":0,"23":0,"24":0,"25":0,"26":0,"27":0,"28":0,"29":0,"30":0,"31":0,"32":0,"33":0,"34":0,"35":0,"36":0,"37":0,"38":0.087763,"39":0,"40":0.013502,"41":0,"42":0,"43":0.020253,"44":0,"45":0.027004,"46":0,"47":0.006751,"48":0.087763,"49":0,"50":0.006751,"51":0.006751,"52":0.081012,"53":0.006751,"54":0,"55":0,"56":0.087763,"57":0.081012,"58":0.006751,"59":0.013502,"60":0.087763,"61":0.027004,"62":0.074261,"63":0.006751,"64":0.013502,"65":0.013502,"66":0.162024,"67":6.27843,"68":0.013502,"69":0},"opera":{"9":0,"9.5-9.6":0,"10.0-10.1":0,"10.5":0,"10.6":0,"11":0,"11.1":0,"11.5":0,"11.6":0,"12":0,"12.1":0,"15":0,"16":0,"17":0,"18":0,"19":0,"20":0,"21":0,"22":0,"23":0,"24":0,"25":0,"26":0,"27":0,"28":0,"29":0,"30":0,"31":0,"32":0,"33":0,"34":0,"35":0,"36":0,"37":0,"38":0,"39":0,"40":0,"41":0,"42":0,"43":0,"44":0,"45":0,"46":0,"47":0,"48":0,"49":0,"50":0,"51":0,"52":0,"53":0,"54":0.013502,"55":0,"56":0,"57":0.020253,"58":0.081012},"safari":{"3.1":0,"3.2":0,"4":0,"5":0,"5.1":0,"6":0,"6.1":0,"7":0.006751,"7.1":0,"8":0,"9":0,"9.1":0.006751,"10":0.047257,"10.1":0.06751,"11":0.087763,"11.1":0.324048,"12":0.108016,"12.1":1.248935,"13":0,"0":null},"ios_saf":{"3.2":0.010604175556447,"4.0-4.1":0.012960659013435,"4.2-4.3":0.0011782417284941,"5.0-5.1":0.012960659013435,"6.0-6.1":0.0035347251854823,"7.0-7.1":0.016495384198917,"8":0.0011782417284941,"8.1-8.4":0.03181252666934,"9.0-9.2":0.018851867655905,"9.3":0.19558812693002,"10.0-10.2":0.08954637136555,"10.3":0.23682658742731,"11.0-11.2":0.26981735582515,"11.3-11.4":0.54081295337878,"12.0-12.1":1.292531176158,"12.2":9.0170839481652,"13":null},"android":{"2.1":0.010072639566396,"2.2":0.024342212285456,"2.3":0.0033575465221319,"3":0.010912026196929,"4":0.14689266034327,"4.1":0.06211461065944,"4.2-4.3":0.32736078590786,"4.4":0,"4.4.3-4.4.4":0.34414851851852,"67":null},"edge":{"12":0.006751,"13":0.013502,"14":0.074261,"15":0.054008,"16":0.162024,"17":3.861572,"18":0.303795,"76":null},"op_mob":{"10":null,"11":null,"11.1":null,"11.5":null,"12":null,"12.1":null,"0":null},"ie":{"5.5":0,"6":0,"7":0,"8":0,"9":0.013502,"10":0.047257,"11":0.783116},"samsung":{"4":0.11514456,"5.0-5.4":0,"6.2-6.4":0.020935374545455,"7.2-7.4":0.14654762181818,"8.2":0.020935374545455,"9.2":2.5750510690909},"ie_mob":{"10":0,"11":0.03249},"bb":{"7":0,"10":0},"baidu":{"0":null},"and_ff":{"0":0.081225},"and_uc":{"0":0.155952},"and_qq":{"1.2":0},"op_mini":{"0":0.14764527835052},"and_chr":{"0":40.480407},"kaios":{"2.5":0}},"total":96.308470278351}