{"id":"ZA","name":"South Africa","month":"2014-07","access_date":"2014-08-01","data":{"chrome":{"4":0.008086,"5":null,"6":null,"7":null,"8":null,"9":null,"10":null,"11":0.044473,"12":0.012129,"13":null,"14":null,"15":null,"16":0.004043,"17":null,"18":0.036387,"19":null,"20":0.012129,"21":0.032344,"22":0.020215,"23":0.012129,"24":0.012129,"25":0.020215,"26":0.088946,"27":0.064688,"28":0.048516,"29":0.08086,"30":0.032344,"31":0.12129,"32":0.125333,"33":0.380042,"34":0.28301,"35":8.587332,"36":4.734353,"37":0.052559,"38":0.020215,"39":null},"firefox":{"2":null,"3":0.020215,"3.5":0.008086,"3.6":0.048516,"4":0.012129,"5":0.008086,"6":0.008086,"7":0.008086,"8":0.012129,"9":0.008086,"10":0.020215,"11":0.048516,"12":0.048516,"13":0.020215,"14":0.028301,"15":0.020215,"16":0.04043,"17":0.020215,"18":0.020215,"19":0.028301,"20":0.032344,"21":0.036387,"22":0.028301,"23":0.032344,"24":0.072774,"25":0.044473,"26":0.052559,"27":0.044473,"28":0.092989,"29":0.185978,"30":4.483687,"31":0.501332,"32":0.028301,"33":0.008086,"34":null},"opera":{"9":null,"9.5-9.6":null,"10.0-10.1":0.020215,"10.5":null,"10.6":null,"11":null,"11.1":null,"11.5":null,"11.6":0.016172,"12":0.008086,"12.1":0.084903,"15":null,"16":0.004043,"17":0.004043,"18":0.008086,"19":0.004043,"20":0.012129,"21":0.012129,"22":0.141505,"23":0.048516,"24":null},"safari":{"3.1":null,"3.2":null,"4":0.028301,"5":0.076817,"5.1":0.234494,"6":0.153634,"6.1":0.24258,"7":0.756041,"8":0.004043},"android":{"2.1":0.0170870279163,"2.2":0.0398697318046,"2.3":0.768916256231,"3":0,"4":0.649307060818,"4.1":1.58339792024,"4.2-4.3":1.63465900399,"4.4":1.019525999,"4.4.3":null},"op_mob":{"10":0,"11":0,"11.1":0,"11.5":0,"12":0.0552718392344,"12.1":0.248723276555,"0":null},"ie":{"5.5":null,"6":0.0323892152842,"7":0.129556861137,"8":4.71667947577,"9":2.80976442591,"10":3.02029432526,"11":6.66003239282},"ios_saf":{"3.2":0.00305288811189,"4.0-4.1":0.00610577622378,"4.2-4.3":0.0183173286713,"5.0-5.1":0.0854808671329,"6.0-6.1":0.335817692308,"7.0-7.1":2.60716644755,"8":0},"bb":{"7":2.76553725,"10":null},"and_ff":{"0":0.089355},"ie_mob":{"10":1.23184803},"op_mini":{"5.0-7.0":21.3556568842},"and_chr":{"0":6.642055}},"total":81.2920009762}