{"id":"ZA","name":"South Africa","month":"2015-04","access_date":"2015-05-02","data":{"chrome":{"4":0,"5":0,"6":0,"7":0,"8":0,"9":0,"10":0.004003,"11":0.032024,"12":0.008006,"13":0.004003,"14":0,"15":0.004003,"16":0.004003,"17":0,"18":0.024018,"19":0.004003,"20":0.004003,"21":0.016012,"22":0.016012,"23":0.004003,"24":0.004003,"25":0.008006,"26":0.076057,"27":0.012009,"28":0.024018,"29":0.016012,"30":0.012009,"31":0.068051,"32":0.024018,"33":0.060045,"34":0.052039,"35":0.096072,"36":0.308231,"37":0.116087,"38":0.12009,"39":0.36027,"40":0.32024,"41":7.629718,"42":5.656239,"43":0.064048,"44":0.028021,"45":0},"firefox":{"2":0.004003,"3":0.012009,"3.5":0.008006,"3.6":0.020015,"4":0.008006,"5":0.004003,"6":0.004003,"7":0.004003,"8":0.004003,"9":0.004003,"10":0.012009,"11":0.028021,"12":0.036027,"13":0.008006,"14":0.016012,"15":0.008006,"16":0.024018,"17":0.008006,"18":0.012009,"19":0.048036,"20":0.016012,"21":0.020015,"22":0.012009,"23":0.008006,"24":0.016012,"25":0.012009,"26":0.032024,"27":0.060045,"28":0.020015,"29":0.032024,"30":0.048036,"31":0.092069,"32":0.052039,"33":0.068051,"34":0.088066,"35":0.172129,"36":1.036777,"37":3.166373,"38":0.156117,"39":0.012009,"40":0.008006},"opera":{"9":0,"9.5-9.6":0,"10.0-10.1":0,"10.5":0,"10.6":0,"11":0.004003,"11.1":0,"11.5":0.004003,"11.6":0.016012,"12":0.004003,"12.1":0.064048,"15":0.004003,"16":0.004003,"17":0.004003,"18":0.004003,"19":0.004003,"20":0.008006,"21":0.004003,"22":0.004003,"23":0,"24":0.004003,"25":0.004003,"26":0.012009,"27":0.024018,"28":0.380285,"29":0.024018},"safari":{"3.1":0,"3.2":0,"4":0.012009,"5":0.04003,"5.1":0.116087,"6":0.044033,"6.1":0.084063,"7":0.108081,"7.1":0.244183,"8":0.612459},"android":{"2.1":0,"2.2":0,"2.3":0.137512341833,"3":0,"4":0.262746796003,"4.1":0.990416271537,"4.2-4.3":1.80976064163,"4.4":2.70686496692,"4.4.3-4.4.4":1.21878498208,"40":null},"ios_saf":{"3.2":0,"4.0-4.1":0,"4.2-4.3":0,"5.0-5.1":0.0279325208438,"6.0-6.1":0.0709056298343,"7.0-7.1":1.06215201055,"8":0.185500587142,"8.1-8.3":5.78346425163},"op_mob":{"10":0,"11":0,"11.1":0,"11.5":0,"12":0.00632963866878,"12.1":0.0253185546751,"0":0.126592773376},"ie":{"5.5":0,"6":0.0400856358582,"7":0.0761627081306,"8":1.71967377832,"9":1.63549394302,"10":1.61945968867,"11":6.42973599166,"0":null},"ie_mob":{"10":0.552497806452,"11":1.58843119355},"bb":{"7":2.2218885,"10":null},"and_uc":{"0":1.727136},"op_mini":{"5.0-8.0":19.8117690333},"and_chr":{"0":14.390387},"and_ff":{"0":0.143928}},"total":88.7877312457}