{"id":"ZM","name":"Zambia","month":"2014-12","access_date":"2015-01-01","data":{"chrome":{"4":0.012815,"5":null,"6":0.002563,"7":null,"8":0.002563,"9":0.005126,"10":0.007689,"11":0.033319,"12":0.017941,"13":0.015378,"14":0.002563,"15":0.005126,"16":0.007689,"17":null,"18":0.005126,"19":0.005126,"20":null,"21":0.02563,"22":0.007689,"23":0.007689,"24":0.046134,"25":0.017941,"26":0.028193,"27":0.007689,"28":0.033319,"29":0.028193,"30":0.041008,"31":0.138402,"32":0.061512,"33":0.10252,"34":0.084579,"35":0.161469,"36":0.415206,"37":0.184536,"38":0.304997,"39":7.112325,"40":0.030756,"41":0.089705,"42":null},"firefox":{"2":0.002563,"3":0.017941,"3.5":0.007689,"3.6":0.066638,"4":0.066638,"5":0.028193,"6":0.012815,"7":0.015378,"8":0.030756,"9":0.035882,"10":0.058949,"11":0.048697,"12":0.069201,"13":0.046134,"14":0.094831,"15":0.043571,"16":0.043571,"17":0.02563,"18":0.041008,"19":0.035882,"20":0.056386,"21":0.05126,"22":0.023067,"23":0.035882,"24":0.038445,"25":0.035882,"26":0.046134,"27":0.038445,"28":0.041008,"29":0.135839,"30":0.246048,"31":0.287056,"32":0.289619,"33":2.206743,"34":3.319085,"35":0.376761,"36":0.010252,"37":0.017941},"opera":{"9":null,"9.5-9.6":null,"10.0-10.1":0.007689,"10.5":null,"10.6":0.005126,"11":0.012815,"11.1":0.005126,"11.5":0.007689,"11.6":0.02563,"12":0.015378,"12.1":0.151217,"15":0.010252,"16":0.005126,"17":0.005126,"18":0.005126,"19":0.002563,"20":0.020504,"21":0.002563,"22":0.020504,"23":0.015378,"24":0.015378,"25":0.041008,"26":0.407517,"27":0.005126,"28":null},"android":{"2.1":0,"2.2":0.00533930629428,"2.3":0.150167989527,"3":0,"4":0.309679765068,"4.1":0.949061693808,"4.2-4.3":1.51169109457,"4.4":2.53683790307,"4.4.3-4.4.4":1.03716024766,"37":0},"safari":{"3.1":null,"3.2":null,"4":0.005126,"5":0.02563,"5.1":0.184536,"6":0.058949,"6.1":0.058949,"7":0.115335,"7.1":0.10252,"8":0.192225},"ios_saf":{"3.2":0,"4.0-4.1":0,"4.2-4.3":0,"5.0-5.1":0.0106537058292,"6.0-6.1":0.0440593935989,"7.0-7.1":0.521851014347,"8":0.147887882613,"8.1":1.07530200361},"op_mob":{"10":0,"11":0,"11.1":0,"11.5":0,"12":0.060767089199,"12.1":0.303835445995,"0":null},"ie":{"5.5":0.00770991025641,"6":0.0359795811966,"7":0.0179897905983,"8":0.927759200855,"9":1.08709734615,"10":1.16933638889,"11":3.36152087179,"0":null},"bb":{"7":0.349539,"10":null},"ie_mob":{"10":1.14321564,"11":null},"op_mini":{"5.0-8.0":42.5543244648},"and_chr":{"0":4.994763},"and_ff":{"0":0.14874},"and_uc":{"0":6.685863}},"total":89.7785797297}