{"id":"ZM","name":"Zambia","month":"2016-08","access_date":"2016-09-04","data":{"chrome":{"4":null,"5":null,"6":0.00636,"7":null,"8":null,"9":null,"10":null,"11":0.0318,"12":0.00954,"13":0.00636,"14":null,"15":null,"16":null,"17":null,"18":0.00318,"19":null,"20":null,"21":0.01272,"22":0.00636,"23":null,"24":null,"25":0.00636,"26":0.01272,"27":0.01908,"28":0.02226,"29":0.01272,"30":0.01272,"31":0.01272,"32":0.00636,"33":0.0318,"34":0.00636,"35":0.01272,"36":0.0159,"37":0.00954,"38":0.01272,"39":0.0159,"40":0.0477,"41":0.00954,"42":0.02226,"43":0.1431,"44":0.02226,"45":0.0636,"46":0.03498,"47":0.1431,"48":0.06678,"49":0.44202,"50":0.10812,"51":2.09562,"52":7.81962,"53":0.03816,"54":0.03498,"55":null},"firefox":{"2":null,"3":0.00954,"3.5":null,"3.6":0.02226,"4":0.0477,"5":0.00954,"6":0.00318,"7":0.00318,"8":0.01272,"9":0.01908,"10":0.0159,"11":0.0318,"12":0.06996,"13":0.02544,"14":0.04134,"15":0.03498,"16":0.03816,"17":0.00954,"18":0.01272,"19":0.01272,"20":0.04134,"21":0.02226,"22":0.00954,"23":0.00636,"24":0.00954,"25":0.00954,"26":0.00954,"27":0.01272,"28":0.01908,"29":0.03498,"30":0.02862,"31":0.02544,"32":0.00954,"33":0.02544,"34":0.01908,"35":0.0318,"36":0.02226,"37":0.03498,"38":0.05088,"39":0.08268,"40":0.03816,"41":0.03816,"42":0.03498,"43":0.40386,"44":0.16854,"45":0.13674,"46":0.16536,"47":4.76682,"48":1.80624,"49":0.61692,"50":0.00636,"51":0.00636},"opera":{"9":0.00636,"9.5-9.6":null,"10.0-10.1":0.00636,"10.5":null,"10.6":null,"11":null,"11.1":null,"11.5":null,"11.6":0.01272,"12":0.00954,"12.1":0.0318,"15":0.00318,"16":null,"17":null,"18":null,"19":null,"20":0.00318,"21":null,"22":null,"23":null,"24":null,"25":0.00318,"26":null,"27":null,"28":0.00318,"29":0.00636,"30":0.00636,"31":null,"32":null,"33":0.00318,"34":0.01272,"35":0.0159,"36":0.03816,"37":0.13356,"38":0.10812,"39":0.47382,"40":null,"41":null},"safari":{"3.1":null,"3.2":null,"4":0,"5":0.00954,"5.1":0.01908,"6":0.00954,"6.1":0.01272,"7":0.02226,"7.1":0.03498,"8":0.0477,"9":0.05724,"9.1":0.31164,"10":0.00318,"0":null},"ios_saf":{"3.2":0,"4.0-4.1":0,"4.2-4.3":0,"5.0-5.1":0,"6.0-6.1":0,"7.0-7.1":0.0262632230127,"8":0,"8.1-8.4":0.0610699041138,"9.0-9.2":0.0846435199505,"9.3":1.36252335292},"android":{"2.1":0,"2.2":0,"2.3":0.0120980223372,"3":0,"4":0.0907351675293,"4.1":0.332695614274,"4.2-4.3":0.827202277309,"4.4":2.2940874857,"4.4.3-4.4.4":1.99466143285,"51":null},"op_mob":{"10":0,"11":0,"11.1":0,"11.5":0,"12":0,"12.1":0.0692881427586,"0":2.70223756759},"ie":{"5.5":null,"6":0.00637623277182,"7":0.00637623277182,"8":0.564296600306,"9":0.653563859112,"10":0.500534272588,"11":4.51118468606},"edge":{"12":0.45474,"13":1.0494,"14":0.04452},"bb":{"7":0.3069,"10":null},"ie_mob":{"10":0.606386956522,"11":2.18299304348},"and_ff":{"0":0.02728},"samsung":{"0":3.18494},"and_uc":{"0":3.12356},"op_mini":{"0":36.6276142897},"and_chr":{"0":12.05786}},"total":97.6635118836}