{"id":"ZM","name":"Zambia","month":"2015-09","access_date":"2015-10-02","data":{"firefox":{"2":0.001132,"3":0.00566,"3.5":0.002264,"3.6":0.020376,"4":0.009056,"5":0.007924,"6":0.00566,"7":0.003396,"8":0.007924,"9":0.00566,"10":0.012452,"11":0.00566,"12":0.021508,"13":0.015848,"14":0.018112,"15":0.012452,"16":0.029432,"17":0.007924,"18":0.018112,"19":0.01132,"20":0.012452,"21":0.021508,"22":0.010188,"23":0.01132,"24":0.007924,"25":0.004528,"26":0.007924,"27":0.012452,"28":0.00566,"29":0.024904,"30":0.024904,"31":0.015848,"32":0.012452,"33":0.021508,"34":0.024904,"35":0.044148,"36":0.027168,"37":0.049808,"38":0.104144,"39":0.189044,"40":1.588196,"41":0.276208,"42":0.021508,"43":0.002264,"44":0},"chrome":{"4":0.002264,"5":0,"6":0.001132,"7":0.001132,"8":0,"9":0.002264,"10":0.001132,"11":0.026036,"12":0.003396,"13":0.002264,"14":0.002264,"15":0.001132,"16":0.001132,"17":0,"18":0.007924,"19":0.001132,"20":0.001132,"21":0.004528,"22":0.00566,"23":0.002264,"24":0.001132,"25":0.00566,"26":0.024904,"27":0.001132,"28":0.00566,"29":0.006792,"30":0.002264,"31":0.04528,"32":0.010188,"33":0.013584,"34":0.00566,"35":0.021508,"36":0.021508,"37":0.010188,"38":0.00566,"39":0.027168,"40":0.024904,"41":0.020376,"42":0.097352,"43":0.104144,"44":0.544492,"45":2.39984,"46":0.013584,"47":0.018112,"48":0},"opera":{"9":0,"9.5-9.6":0,"10.0-10.1":0.001132,"10.5":0,"10.6":0.001132,"11":0.002264,"11.1":0.002264,"11.5":0.006792,"11.6":0.01132,"12":0.007924,"12.1":0.136972,"15":0.002264,"16":0.001132,"17":0.001132,"18":0.001132,"19":0,"20":0.003396,"21":0.001132,"22":0.004528,"23":0,"24":0.001132,"25":0.001132,"26":0.003396,"27":0.001132,"28":0.004528,"29":0.013584,"30":0.052072,"31":0.177724,"32":0.129048,"33":0,"34":0},"safari":{"3.1":0,"3.2":0,"4":0.003396,"5":0.01132,"5.1":0.040752,"6":0.003396,"6.1":0.010188,"7":0.014716,"7.1":0.030564,"8":0.148292,"9":0.001132},"android":{"2.1":0,"2.2":0,"2.3":0.0373011730895,"3":0,"4":0.113069180927,"4.1":0.393410809928,"4.2-4.3":0.833448086218,"4.4":1.47922464533,"4.4.3-4.4.4":0.712802104507,"44":null},"ios_saf":{"3.2":0,"4.0-4.1":0,"4.2-4.3":0,"5.0-5.1":0.00260770193861,"6.0-6.1":0.00237063812601,"7.0-7.1":0.075741888126,"8":0.0105493396607,"8.1-8.4":0.74236532916,"9":0.340305102989},"op_mob":{"10":0,"11":0,"11.1":0,"11.5":0,"12":0.15591628586,"12.1":0.311832571719,"0":5.45707000509},"ie":{"5.5":0,"6":0.0125832918979,"7":0.0102954206437,"8":0.314582297447,"9":0.197900863485,"10":0.316870168701,"11":1.19770060155},"bb":{"7":0.254955,"10":null},"ie_mob":{"10":0.273469945946,"11":1.17201405405},"and_uc":{"0":9.914424},"op_mini":{"5.0-8.0":60.6649931373},"and_chr":{"0":3.98832},"and_ff":{"0":0.08868},"edge":{"12":0.139236,"13":null}},"total":96.2867756437}