{"id":"ZM","name":"Zambia","month":"2019-08","access_date":"2019-09-04","data":{"chrome":{"4":0,"5":0,"6":0,"7":0,"8":0,"9":0,"10":0,"11":0.005366,"12":0,"13":0,"14":0,"15":0,"16":0,"17":0,"18":0,"19":0,"20":0,"21":0,"22":0,"23":0,"24":0,"25":0,"26":0.002683,"27":0,"28":0.002683,"29":0,"30":0.002683,"31":0,"32":0.002683,"33":0.002683,"34":0,"35":0,"36":0.008049,"37":0,"38":0,"39":0,"40":0.013415,"41":0,"42":0.002683,"43":0.005366,"44":0.002683,"45":0,"46":0.005366,"47":0,"48":0.002683,"49":0.010732,"50":0.010732,"51":0.008049,"52":0,"53":0,"54":0.002683,"55":0.008049,"56":0.002683,"57":0.002683,"58":0.018781,"59":0.005366,"60":0.002683,"61":0.002683,"62":0.002683,"63":0.08049,"64":0.005366,"65":0.032196,"66":0.002683,"67":0.008049,"68":0.010732,"69":0.02683,"70":0.018781,"71":0.013415,"72":0.010732,"73":0.021464,"74":0.05366,"75":0.587577,"76":1.486382,"77":0.010732,"78":0.002683,"79":0},"firefox":{"2":0,"3":0,"3.5":0,"3.6":0,"4":0.002683,"5":0,"6":0,"7":0.002683,"8":0.002683,"9":0,"10":0,"11":0,"12":0,"13":0,"14":0,"15":0,"16":0,"17":0,"18":0,"19":0,"20":0.002683,"21":0.002683,"22":0,"23":0,"24":0,"25":0,"26":0,"27":0,"28":0,"29":0,"30":0,"31":0.002683,"32":0,"33":0,"34":0.002683,"35":0,"36":0.002683,"37":0,"38":0.002683,"39":0,"40":0,"41":0.002683,"42":0.002683,"43":0.005366,"44":0.002683,"45":0.008049,"46":0.002683,"47":0.010732,"48":0.005366,"49":0.002683,"50":0,"51":0.002683,"52":0.021464,"53":0.002683,"54":0.005366,"55":0.002683,"56":0.010732,"57":0.005366,"58":0.002683,"59":0.002683,"60":0.021464,"61":0.002683,"62":0.002683,"63":0.002683,"64":0.008049,"65":0.013415,"66":0.016098,"67":0.02683,"68":0.635871,"69":0.040245,"70":0,"71":0},"opera":{"9":0,"9.5-9.6":0,"10.0-10.1":0,"10.5":0,"10.6":0,"11":0.002683,"11.1":0.002683,"11.5":0,"11.6":0.002683,"12":0.002683,"12.1":0.217323,"15":0.002683,"16":0.018781,"17":0.045611,"18":0.002683,"19":0.005366,"20":0.034879,"21":0.002683,"22":0.002683,"23":0.016098,"24":0.002683,"25":0,"26":0.005366,"27":0,"28":0.016098,"29":0.002683,"30":0.005366,"31":0,"32":0.002683,"33":0.010732,"34":0.008049,"35":0.008049,"36":0.008049,"37":0.002683,"38":0.013415,"39":0,"40":0.002683,"41":0,"42":0.018781,"43":0.002683,"44":0.010732,"45":0,"46":0,"47":0,"48":0,"49":0.002683,"50":0,"51":0.002683,"52":0.005366,"53":0.128784,"54":0.02683,"55":0,"56":0.002683,"57":0.002683,"58":0.008049,"60":0.018781,"62":0.646603},"safari":{"3.1":0,"3.2":0,"4":0,"5":0,"5.1":0.040245,"6":0,"6.1":0,"7":0,"7.1":0.002683,"8":0,"9":0,"9.1":0.002683,"10":0.005366,"10.1":0.021464,"11":0.018781,"11.1":0.018781,"12":0.029513,"12.1":0.163663,"13":0.002683,"0":null},"ios_saf":{"3.2":0.0010221495897539,"4.0-4.1":0.0006814330598359,"4.2-4.3":0,"5.0-5.1":0.0027257322393436,"6.0-6.1":0.0010221495897539,"7.0-7.1":0.0044293148889334,"8":0.00034071652991795,"8.1-8.4":0.0051107479487693,"9.0-9.2":0.0047700314188513,"9.3":0.049744613368021,"10.0-10.2":0.021805857914749,"10.3":0.05655894396638,"11.0-11.2":0.065758290274165,"11.3-11.4":0.11414003752251,"12.0-12.1":0.21874001220732,"12.2-12.3":2.8231771669001,"13":0.035093802581549},"android":{"2.1":0,"2.2":0.0094705871559633,"2.3":0.0078921559633028,"3":0.0031568623853211,"4":0.071029403669725,"4.1":0.27149016513761,"4.2-4.3":0.76553912844037,"4.4":0,"4.4.3-4.4.4":0.59191169724771,"67":null},"edge":{"12":0.048294,"13":0.045611,"14":0.037562,"15":0.056343,"16":0.040245,"17":0.206591,"18":0.131467,"76":null},"op_mob":{"10":null,"11":null,"11.1":null,"11.5":null,"12":null,"12.1":null,"0":null},"ie":{"5.5":0,"6":0,"7":0,"8":0.091880094339623,"9":0.0055684905660377,"10":0.027842452830189,"11":0.16983896226415},"samsung":{"4":1.2413571923077,"5.0-5.4":0.082073202797203,"6.2-6.4":0.041036601398601,"7.2-7.4":0.21544215734266,"8.2":0.092332353146853,"9.2":1.261875493007},"ie_mob":{"10":0.14947585714286,"11":0.97734214285714},"bb":{"7":0,"10":0.197559},"and_chr":{"0":35.499226},"baidu":{"0":null},"and_ff":{"0":0.182925},"and_uc":{"0":4.397517},"kaios":{"2.5":0.036585},"and_qq":{"1.2":0.065853},"op_mini":{"0":31.138046675258}},"total":86.598808675258}