{"id":"ZW","name":"Zimbabwe","month":"2018-04","access_date":"2018-05-06","data":{"chrome":{"4":0,"5":0,"6":0,"7":0,"8":0,"9":0,"10":0,"11":0.013348,"12":0,"13":0,"14":0,"15":0,"16":0,"17":0,"18":0.130143,"19":0,"20":0,"21":0,"22":0,"23":0,"24":0,"25":0,"26":0.003337,"27":0,"28":0,"29":0.003337,"30":0,"31":0.003337,"32":0.003337,"33":0.003337,"34":0.003337,"35":0,"36":0.010011,"37":0,"38":0,"39":0.003337,"40":0.023359,"41":0.003337,"42":0.003337,"43":0.030033,"44":0,"45":0.003337,"46":0.03337,"47":0.006674,"48":0.003337,"49":0.043381,"50":0.013348,"51":0.006674,"52":0.013348,"53":0.003337,"54":0.003337,"55":0.046718,"56":0.006674,"57":0.020022,"58":0.063403,"59":0.020022,"60":0.113458,"61":0.026696,"62":0.040044,"63":0.073414,"64":0.126806,"65":4.007737,"66":0.570627,"67":0.010011,"68":0,"69":0},"firefox":{"2":0,"3":0,"3.5":0,"3.6":0,"4":0.003337,"5":0.003337,"6":0,"7":0,"8":0,"9":0,"10":0.003337,"11":0.006674,"12":0.003337,"13":0,"14":0,"15":0.003337,"16":0,"17":0,"18":0,"19":0,"20":0.003337,"21":0,"22":0.003337,"23":0,"24":0,"25":0.003337,"26":0,"27":0.003337,"28":0,"29":0,"30":0.003337,"31":0.006674,"32":0.003337,"33":0.003337,"34":0.003337,"35":0,"36":0.006674,"37":0.003337,"38":0.003337,"39":0,"40":0.006674,"41":0.006674,"42":0.003337,"43":0.026696,"44":0.013348,"45":0.016685,"46":0.006674,"47":0.040044,"48":0.016685,"49":0.010011,"50":0.006674,"51":0.003337,"52":0.060066,"53":0.006674,"54":0.013348,"55":0.013348,"56":0.026696,"57":0.030033,"58":0.096773,"59":1.498313,"60":0.160176,"61":0},"opera":{"9":0,"9.5-9.6":0,"10.0-10.1":0,"10.5":0,"10.6":0,"11":0.003337,"11.1":0,"11.5":0,"11.6":0.003337,"12":0.003337,"12.1":0.210231,"15":0.003337,"16":0.003337,"17":0.003337,"18":0.006674,"19":0.003337,"20":0.03337,"21":0.013348,"22":0.003337,"23":0.003337,"24":0.003337,"25":0,"26":0,"27":0,"28":0.016685,"29":0.013348,"30":0.013348,"31":0.003337,"32":0.046718,"33":0.036707,"34":0.003337,"35":0.006674,"36":0.010011,"37":0.010011,"38":0.003337,"39":0,"40":0.003337,"41":0,"42":0.020022,"43":0.010011,"44":0.003337,"45":0.030033,"46":0.023359,"47":0.006674,"48":0.010011,"49":0.013348,"50":0.016685,"51":0.070077,"52":0.904327},"safari":{"3.1":0,"3.2":0,"4":0,"5":0.003337,"5.1":0.010011,"6":0,"6.1":0,"7":0,"7.1":0,"8":0.003337,"9":0.003337,"9.1":0.026696,"10":0.006674,"10.1":0.026696,"11":0.060066,"11.1":0.06674,"0":null},"ios_saf":{"3.2":0.000247107794029,"4.0-4.1":0,"4.2-4.3":0.000494215588059,"5.0-5.1":0.00568347926267,"6.0-6.1":0.00370661691044,"7.0-7.1":0.0138380364656,"8":0.00370661691044,"8.1-8.4":0.0224868092567,"9.0-9.2":0.0140851442597,"9.3":0.10180841114,"10.0-10.2":0.0916769915849,"10.3":0.204605253456,"11.0-11.2":1.10358340813,"11.3":0.900707909237},"android":{"2.1":0,"2.2":0,"2.3":0,"3":0,"4":0,"4.1":0.33952256193,"4.2-4.3":1.05015117992,"4.4":2.88199383963,"4.4.3-4.4.4":1.78446741851,"62":null},"op_mob":{"10":null,"11":null,"11.1":null,"11.5":null,"12":null,"12.1":null,"0":null},"ie":{"5.5":0,"6":0.003337,"7":0.003337,"8":0.056729,"9":0.023359,"10":0.053392,"11":0.463843},"edge":{"12":0.080088,"13":0.090099,"14":0.116795,"15":0.090099,"16":0.343711,"17":0,"18":null},"samsung":{"4":1.32857644928,"5":0.0836898550725,"6.2":0.732286231884},"bb":{"7":0.0319824,"10":0.1279296},"ie_mob":{"10":0.18009947234,"11":2.46511152766},"baidu":{"0":null},"and_ff":{"0":0.166575},"and_qq":{"1.2":null},"and_uc":{"0":10.154412},"op_mini":{"0":24.5195766856},"and_chr":{"0":25.436722}},"total":84.4781812218}