{"id":"ZW","name":"Zimbabwe","month":"2017-07","access_date":"2017-08-04","data":{"chrome":{"4":0,"5":0,"6":0,"7":0,"8":0.003814,"9":0,"10":0,"11":0.022884,"12":0.003814,"13":0,"14":0,"15":0.003814,"16":0.003814,"17":0,"18":0,"19":0.003814,"20":0.003814,"21":0,"22":0.003814,"23":0,"24":0,"25":0.007628,"26":0.030512,"27":0.011442,"28":0.003814,"29":0.01907,"30":0.007628,"31":0.022884,"32":0.034326,"33":0.022884,"34":0.007628,"35":0.007628,"36":0.087722,"37":0.003814,"38":0.007628,"39":0.007628,"40":0.034326,"41":0.045768,"42":0.007628,"43":0.263166,"44":0.011442,"45":0.026698,"46":0.011442,"47":0.05721,"48":0.068652,"49":0.236468,"50":0.03814,"51":0.041954,"52":0.015256,"53":0.03814,"54":0.022884,"55":0.350888,"56":0.087722,"57":0.137304,"58":0.774242,"59":12.940902,"60":0.213584,"61":0.041954,"62":0,"63":0},"firefox":{"2":0,"3":0.011442,"3.5":0.003814,"3.6":0.01907,"4":0.007628,"5":0.003814,"6":0.003814,"7":0,"8":0.003814,"9":0.003814,"10":0.007628,"11":0.007628,"12":0.03814,"13":0.007628,"14":0.007628,"15":0.007628,"16":0.003814,"17":0,"18":0.026698,"19":0.007628,"20":0.015256,"21":0.041954,"22":0.015256,"23":0.011442,"24":0.030512,"25":0.022884,"26":0.022884,"27":0.01907,"28":0.007628,"29":0.01907,"30":0.030512,"31":0.015256,"32":0.007628,"33":0.034326,"34":0.015256,"35":0.011442,"36":0.026698,"37":0.049582,"38":0.030512,"39":0.011442,"40":0.030512,"41":0.030512,"42":0.026698,"43":0.137304,"44":0.087722,"45":0.053396,"46":0.041954,"47":0.263166,"48":0.11442,"49":0.137304,"50":0.080094,"51":0.049582,"52":0.289864,"53":0.347074,"54":4.954386,"55":0.697962,"56":0.011442,"57":0},"opera":{"9":0,"9.5-9.6":0.003814,"10.0-10.1":0,"10.5":0,"10.6":0,"11":0.003814,"11.1":0,"11.5":0.015256,"11.6":0.015256,"12":0.026698,"12.1":0.110606,"15":0.003814,"16":0,"17":0.007628,"18":0.003814,"19":0,"20":0.011442,"21":0.003814,"22":0.003814,"23":0.011442,"24":0.003814,"25":0,"26":0.003814,"27":0.003814,"28":0.045768,"29":0.003814,"30":0.003814,"31":0.003814,"32":0.003814,"33":0.003814,"34":0.015256,"35":0.045768,"36":0.041954,"37":0.01907,"38":0.011442,"39":0.011442,"40":0.015256,"41":0.011442,"42":0.087722,"43":0.045768,"44":0.01907,"45":0.22884,"46":1.834534,"47":0.01907,"48":0},"safari":{"3.1":0,"3.2":0,"4":0.007628,"5":0.003814,"5.1":0.041954,"6":0,"6.1":0.003814,"7":0.007628,"7.1":0.007628,"8":0.030512,"9":0.072466,"9.1":0.072466,"10":0.160188,"10.1":0.392842,"11":0.003814,"0":null},"ios_saf":{"3.2":0,"4.0-4.1":0,"4.2-4.3":0,"5.0-5.1":0,"6.0-6.1":0,"7.0-7.1":0.011910170033,"8":0,"8.1-8.4":0.00912268342951,"9.0-9.2":0.00633519682605,"9.3":0.125183489283,"10.0-10.2":0.357051693116,"10.3":1.94946676731,"11":null},"android":{"2.1":0,"2.2":0,"2.3":0,"3":0,"4":0,"4.1":0.408768955903,"4.2-4.3":1.04321243954,"4.4":2.80602856188,"4.4.3-4.4.4":1.72875204267,"56":null},"op_mob":{"10":0,"11":0,"11.1":0,"11.5":0,"12":0,"12.1":0,"0":0.0937789183673},"ie":{"5.5":0,"6":0.0275119634146,"7":0.0235816829268,"8":0.495215341463,"9":0.141490097561,"10":0.28691047561,"11":2.24025987805},"edge":{"12":0.396656,"13":0.282236,"14":0.804754,"15":null,"16":null},"bb":{"7":0.0479415,"10":null},"samsung":{"4":2.22696,"5":null},"ie_mob":{"10":0.359001310345,"11":1.95456268966},"op_mini":{"0":27.4772230816},"and_chr":{"0":14.353034},"baidu":{"0":null},"and_ff":{"0":0.018558},"and_qq":{"1.2":null},"and_uc":{"0":9.074862}},"total":96.020468939}